// Generated by scripts/build_shaders.py from src/app/gpu/m2.hlsl: do not edit.
#pragma once

static const unsigned char k_vs_poly_spv[] = {
    0x03, 0x02, 0x23, 0x07, 0x00, 0x00, 0x01, 0x00, 0x00, 0x00, 0x0e, 0x00, 0x3f, 0x00, 0x00, 0x00,
    0x00, 0x00, 0x00, 0x00, 0x11, 0x00, 0x02, 0x00, 0x01, 0x00, 0x00, 0x00, 0x0e, 0x00, 0x03, 0x00,
    0x00, 0x00, 0x00, 0x00, 0x01, 0x00, 0x00, 0x00, 0x0f, 0x00, 0x10, 0x00, 0x00, 0x00, 0x00, 0x00,
    0x01, 0x00, 0x00, 0x00, 0x6d, 0x61, 0x69, 0x6e, 0x00, 0x00, 0x00, 0x00, 0x02, 0x00, 0x00, 0x00,
    0x03, 0x00, 0x00, 0x00, 0x04, 0x00, 0x00, 0x00, 0x05, 0x00, 0x00, 0x00, 0x06, 0x00, 0x00, 0x00,
    0x07, 0x00, 0x00, 0x00, 0x08, 0x00, 0x00, 0x00, 0x09, 0x00, 0x00, 0x00, 0x0a, 0x00, 0x00, 0x00,
    0x0b, 0x00, 0x00, 0x00, 0x0c, 0x00, 0x00, 0x00, 0x03, 0x00, 0x03, 0x00, 0x05, 0x00, 0x00, 0x00,
    0x58, 0x02, 0x00, 0x00, 0x05, 0x00, 0x06, 0x00, 0x0d, 0x00, 0x00, 0x00, 0x74, 0x79, 0x70, 0x65,
    0x2e, 0x53, 0x63, 0x72, 0x65, 0x65, 0x6e, 0x55, 0x42, 0x4f, 0x00, 0x00, 0x06, 0x00, 0x05, 0x00,
    0x0d, 0x00, 0x00, 0x00, 0x00, 0x00, 0x00, 0x00, 0x73, 0x63, 0x72, 0x65, 0x65, 0x6e, 0x00, 0x00,
    0x05, 0x00, 0x04, 0x00, 0x0e, 0x00, 0x00, 0x00, 0x53, 0x63, 0x72, 0x65, 0x65, 0x6e, 0x00, 0x00,
    0x06, 0x00, 0x05, 0x00, 0x0e, 0x00, 0x00, 0x00, 0x00, 0x00, 0x00, 0x00, 0x73, 0x69, 0x7a, 0x65,
    0x00, 0x00, 0x00, 0x00, 0x06, 0x00, 0x04, 0x00, 0x0e, 0x00, 0x00, 0x00, 0x01, 0x00, 0x00, 0x00,
    0x70, 0x61, 0x64, 0x00, 0x05, 0x00, 0x05, 0x00, 0x0f, 0x00, 0x00, 0x00, 0x53, 0x63, 0x72, 0x65,
    0x65, 0x6e, 0x55, 0x42, 0x4f, 0x00, 0x00, 0x00, 0x05, 0x00, 0x07, 0x00, 0x02, 0x00, 0x00, 0x00,
    0x69, 0x6e, 0x2e, 0x76, 0x61, 0x72, 0x2e, 0x54, 0x45, 0x58, 0x43, 0x4f, 0x4f, 0x52, 0x44, 0x30,
    0x00, 0x00, 0x00, 0x00, 0x05, 0x00, 0x07, 0x00, 0x03, 0x00, 0x00, 0x00, 0x69, 0x6e, 0x2e, 0x76,
    0x61, 0x72, 0x2e, 0x54, 0x45, 0x58, 0x43, 0x4f, 0x4f, 0x52, 0x44, 0x31, 0x00, 0x00, 0x00, 0x00,
    0x05, 0x00, 0x07, 0x00, 0x04, 0x00, 0x00, 0x00, 0x69, 0x6e, 0x2e, 0x76, 0x61, 0x72, 0x2e, 0x54,
    0x45, 0x58, 0x43, 0x4f, 0x4f, 0x52, 0x44, 0x32, 0x00, 0x00, 0x00, 0x00, 0x05, 0x00, 0x07, 0x00,
    0x05, 0x00, 0x00, 0x00, 0x69, 0x6e, 0x2e, 0x76, 0x61, 0x72, 0x2e, 0x54, 0x45, 0x58, 0x43, 0x4f,
    0x4f, 0x52, 0x44, 0x33, 0x00, 0x00, 0x00, 0x00, 0x05, 0x00, 0x07, 0x00, 0x06, 0x00, 0x00, 0x00,
    0x69, 0x6e, 0x2e, 0x76, 0x61, 0x72, 0x2e, 0x54, 0x45, 0x58, 0x43, 0x4f, 0x4f, 0x52, 0x44, 0x34,
    0x00, 0x00, 0x00, 0x00, 0x05, 0x00, 0x07, 0x00, 0x07, 0x00, 0x00, 0x00, 0x69, 0x6e, 0x2e, 0x76,
    0x61, 0x72, 0x2e, 0x54, 0x45, 0x58, 0x43, 0x4f, 0x4f, 0x52, 0x44, 0x35, 0x00, 0x00, 0x00, 0x00,
    0x05, 0x00, 0x07, 0x00, 0x09, 0x00, 0x00, 0x00, 0x6f, 0x75, 0x74, 0x2e, 0x76, 0x61, 0x72, 0x2e,
    0x54, 0x45, 0x58, 0x43, 0x4f, 0x4f, 0x52, 0x44, 0x30, 0x00, 0x00, 0x00, 0x05, 0x00, 0x07, 0x00,
    0x0a, 0x00, 0x00, 0x00, 0x6f, 0x75, 0x74, 0x2e, 0x76, 0x61, 0x72, 0x2e, 0x54, 0x45, 0x58, 0x43,
    0x4f, 0x4f, 0x52, 0x44, 0x31, 0x00, 0x00, 0x00, 0x05, 0x00, 0x07, 0x00, 0x0b, 0x00, 0x00, 0x00,
    0x6f, 0x75, 0x74, 0x2e, 0x76, 0x61, 0x72, 0x2e, 0x54, 0x45, 0x58, 0x43, 0x4f, 0x4f, 0x52, 0x44,
    0x32, 0x00, 0x00, 0x00, 0x05, 0x00, 0x07, 0x00, 0x0c, 0x00, 0x00, 0x00, 0x6f, 0x75, 0x74, 0x2e,
    0x76, 0x61, 0x72, 0x2e, 0x54, 0x45, 0x58, 0x43, 0x4f, 0x4f, 0x52, 0x44, 0x33, 0x00, 0x00, 0x00,
    0x05, 0x00, 0x04, 0x00, 0x01, 0x00, 0x00, 0x00, 0x76, 0x73, 0x5f, 0x70, 0x6f, 0x6c, 0x79, 0x00,
    0x47, 0x00, 0x04, 0x00, 0x08, 0x00, 0x00, 0x00, 0x0b, 0x00, 0x00, 0x00, 0x00, 0x00, 0x00, 0x00,
    0x47, 0x00, 0x03, 0x00, 0x09, 0x00, 0x00, 0x00, 0x0d, 0x00, 0x00, 0x00, 0x47, 0x00, 0x03, 0x00,
    0x0a, 0x00, 0x00, 0x00, 0x0e, 0x00, 0x00, 0x00, 0x47, 0x00, 0x03, 0x00, 0x0b, 0x00, 0x00, 0x00,
    0x0e, 0x00, 0x00, 0x00, 0x47, 0x00, 0x03, 0x00, 0x0c, 0x00, 0x00, 0x00, 0x0e, 0x00, 0x00, 0x00,
    0x47, 0x00, 0x04, 0x00, 0x02, 0x00, 0x00, 0x00, 0x1e, 0x00, 0x00, 0x00, 0x00, 0x00, 0x00, 0x00,
    0x47, 0x00, 0x04, 0x00, 0x03, 0x00, 0x00, 0x00, 0x1e, 0x00, 0x00, 0x00, 0x01, 0x00, 0x00, 0x00,
    0x47, 0x00, 0x04, 0x00, 0x04, 0x00, 0x00, 0x00, 0x1e, 0x00, 0x00, 0x00, 0x02, 0x00, 0x00, 0x00,
    0x47, 0x00, 0x04, 0x00, 0x05, 0x00, 0x00, 0x00, 0x1e, 0x00, 0x00, 0x00, 0x03, 0x00, 0x00, 0x00,
    0x47, 0x00, 0x04, 0x00, 0x06, 0x00, 0x00, 0x00, 0x1e, 0x00, 0x00, 0x00, 0x04, 0x00, 0x00, 0x00,
    0x47, 0x00, 0x04, 0x00, 0x07, 0x00, 0x00, 0x00, 0x1e, 0x00, 0x00, 0x00, 0x05, 0x00, 0x00, 0x00,
    0x47, 0x00, 0x04, 0x00, 0x09, 0x00, 0x00, 0x00, 0x1e, 0x00, 0x00, 0x00, 0x00, 0x00, 0x00, 0x00,
    0x47, 0x00, 0x04, 0x00, 0x0a, 0x00, 0x00, 0x00, 0x1e, 0x00, 0x00, 0x00, 0x01, 0x00, 0x00, 0x00,
    0x47, 0x00, 0x04, 0x00, 0x0b, 0x00, 0x00, 0x00, 0x1e, 0x00, 0x00, 0x00, 0x02, 0x00, 0x00, 0x00,
    0x47, 0x00, 0x04, 0x00, 0x0c, 0x00, 0x00, 0x00, 0x1e, 0x00, 0x00, 0x00, 0x03, 0x00, 0x00, 0x00,
    0x47, 0x00, 0x04, 0x00, 0x0f, 0x00, 0x00, 0x00, 0x22, 0x00, 0x00, 0x00, 0x01, 0x00, 0x00, 0x00,
    0x47, 0x00, 0x04, 0x00, 0x0f, 0x00, 0x00, 0x00, 0x21, 0x00, 0x00, 0x00, 0x00, 0x00, 0x00, 0x00,
    0x48, 0x00, 0x05, 0x00, 0x0e, 0x00, 0x00, 0x00, 0x00, 0x00, 0x00, 0x00, 0x23, 0x00, 0x00, 0x00,
    0x00, 0x00, 0x00, 0x00, 0x48, 0x00, 0x05, 0x00, 0x0e, 0x00, 0x00, 0x00, 0x01, 0x00, 0x00, 0x00,
    0x23, 0x00, 0x00, 0x00, 0x08, 0x00, 0x00, 0x00, 0x48, 0x00, 0x05, 0x00, 0x0d, 0x00, 0x00, 0x00,
    0x00, 0x00, 0x00, 0x00, 0x23, 0x00, 0x00, 0x00, 0x00, 0x00, 0x00, 0x00, 0x47, 0x00, 0x03, 0x00,
    0x0d, 0x00, 0x00, 0x00, 0x02, 0x00, 0x00, 0x00, 0x15, 0x00, 0x04, 0x00, 0x10, 0x00, 0x00, 0x00,
    0x20, 0x00, 0x00, 0x00, 0x00, 0x00, 0x00, 0x00, 0x15, 0x00, 0x04, 0x00, 0x11, 0x00, 0x00, 0x00,
    0x20, 0x00, 0x00, 0x00, 0x01, 0x00, 0x00, 0x00, 0x2b, 0x00, 0x04, 0x00, 0x11, 0x00, 0x00, 0x00,
    0x12, 0x00, 0x00, 0x00, 0x00, 0x00, 0x00, 0x00, 0x16, 0x00, 0x03, 0x00, 0x13, 0x00, 0x00, 0x00,
    0x20, 0x00, 0x00, 0x00, 0x2b, 0x00, 0x04, 0x00, 0x13, 0x00, 0x00, 0x00, 0x14, 0x00, 0x00, 0x00,
    0x00, 0x00, 0x00, 0x40, 0x2b, 0x00, 0x04, 0x00, 0x13, 0x00, 0x00, 0x00, 0x15, 0x00, 0x00, 0x00,
    0x00, 0x00, 0x80, 0x3f, 0x2b, 0x00, 0x04, 0x00, 0x11, 0x00, 0x00, 0x00, 0x16, 0x00, 0x00, 0x00,
    0x01, 0x00, 0x00, 0x00, 0x17, 0x00, 0x04, 0x00, 0x17, 0x00, 0x00, 0x00, 0x13, 0x00, 0x00, 0x00,
    0x02, 0x00, 0x00, 0x00, 0x1e, 0x00, 0x04, 0x00, 0x0e, 0x00, 0x00, 0x00, 0x17, 0x00, 0x00, 0x00,
    0x17, 0x00, 0x00, 0x00, 0x1e, 0x00, 0x03, 0x00, 0x0d, 0x00, 0x00, 0x00, 0x0e, 0x00, 0x00, 0x00,
    0x20, 0x00, 0x04, 0x00, 0x18, 0x00, 0x00, 0x00, 0x02, 0x00, 0x00, 0x00, 0x0d, 0x00, 0x00, 0x00,
    0x20, 0x00, 0x04, 0x00, 0x19, 0x00, 0x00, 0x00, 0x01, 0x00, 0x00, 0x00, 0x17, 0x00, 0x00, 0x00,
    0x20, 0x00, 0x04, 0x00, 0x1a, 0x00, 0x00, 0x00, 0x01, 0x00, 0x00, 0x00, 0x13, 0x00, 0x00, 0x00,
    0x17, 0x00, 0x04, 0x00, 0x1b, 0x00, 0x00, 0x00, 0x13, 0x00, 0x00, 0x00, 0x03, 0x00, 0x00, 0x00,
    0x20, 0x00, 0x04, 0x00, 0x1c, 0x00, 0x00, 0x00, 0x01, 0x00, 0x00, 0x00, 0x1b, 0x00, 0x00, 0x00,
    0x17, 0x00, 0x04, 0x00, 0x1d, 0x00, 0x00, 0x00, 0x13, 0x00, 0x00, 0x00, 0x04, 0x00, 0x00, 0x00,
    0x20, 0x00, 0x04, 0x00, 0x1e, 0x00, 0x00, 0x00, 0x01, 0x00, 0x00, 0x00, 0x1d, 0x00, 0x00, 0x00,
    0x17, 0x00, 0x04, 0x00, 0x1f, 0x00, 0x00, 0x00, 0x10, 0x00, 0x00, 0x00, 0x04, 0x00, 0x00, 0x00,
    0x20, 0x00, 0x04, 0x00, 0x20, 0x00, 0x00, 0x00, 0x01, 0x00, 0x00, 0x00, 0x1f, 0x00, 0x00, 0x00,
    0x17, 0x00, 0x04, 0x00, 0x21, 0x00, 0x00, 0x00, 0x10, 0x00, 0x00, 0x00, 0x02, 0x00, 0x00, 0x00,
    0x20, 0x00, 0x04, 0x00, 0x22, 0x00, 0x00, 0x00, 0x01, 0x00, 0x00, 0x00, 0x21, 0x00, 0x00, 0x00,
    0x20, 0x00, 0x04, 0x00, 0x23, 0x00, 0x00, 0x00, 0x03, 0x00, 0x00, 0x00, 0x1d, 0x00, 0x00, 0x00,
    0x20, 0x00, 0x04, 0x00, 0x24, 0x00, 0x00, 0x00, 0x03, 0x00, 0x00, 0x00, 0x1b, 0x00, 0x00, 0x00,
    0x20, 0x00, 0x04, 0x00, 0x25, 0x00, 0x00, 0x00, 0x03, 0x00, 0x00, 0x00, 0x1f, 0x00, 0x00, 0x00,
    0x20, 0x00, 0x04, 0x00, 0x26, 0x00, 0x00, 0x00, 0x03, 0x00, 0x00, 0x00, 0x21, 0x00, 0x00, 0x00,
    0x13, 0x00, 0x02, 0x00, 0x27, 0x00, 0x00, 0x00, 0x21, 0x00, 0x03, 0x00, 0x28, 0x00, 0x00, 0x00,
    0x27, 0x00, 0x00, 0x00, 0x20, 0x00, 0x04, 0x00, 0x29, 0x00, 0x00, 0x00, 0x02, 0x00, 0x00, 0x00,
    0x13, 0x00, 0x00, 0x00, 0x3b, 0x00, 0x04, 0x00, 0x18, 0x00, 0x00, 0x00, 0x0f, 0x00, 0x00, 0x00,
    0x02, 0x00, 0x00, 0x00, 0x3b, 0x00, 0x04, 0x00, 0x19, 0x00, 0x00, 0x00, 0x02, 0x00, 0x00, 0x00,
    0x01, 0x00, 0x00, 0x00, 0x3b, 0x00, 0x04, 0x00, 0x1a, 0x00, 0x00, 0x00, 0x03, 0x00, 0x00, 0x00,
    0x01, 0x00, 0x00, 0x00, 0x3b, 0x00, 0x04, 0x00, 0x1c, 0x00, 0x00, 0x00, 0x04, 0x00, 0x00, 0x00,
    0x01, 0x00, 0x00, 0x00, 0x3b, 0x00, 0x04, 0x00, 0x1e, 0x00, 0x00, 0x00, 0x05, 0x00, 0x00, 0x00,
    0x01, 0x00, 0x00, 0x00, 0x3b, 0x00, 0x04, 0x00, 0x20, 0x00, 0x00, 0x00, 0x06, 0x00, 0x00, 0x00,
    0x01, 0x00, 0x00, 0x00, 0x3b, 0x00, 0x04, 0x00, 0x22, 0x00, 0x00, 0x00, 0x07, 0x00, 0x00, 0x00,
    0x01, 0x00, 0x00, 0x00, 0x3b, 0x00, 0x04, 0x00, 0x23, 0x00, 0x00, 0x00, 0x08, 0x00, 0x00, 0x00,
    0x03, 0x00, 0x00, 0x00, 0x3b, 0x00, 0x04, 0x00, 0x24, 0x00, 0x00, 0x00, 0x09, 0x00, 0x00, 0x00,
    0x03, 0x00, 0x00, 0x00, 0x3b, 0x00, 0x04, 0x00, 0x23, 0x00, 0x00, 0x00, 0x0a, 0x00, 0x00, 0x00,
    0x03, 0x00, 0x00, 0x00, 0x3b, 0x00, 0x04, 0x00, 0x25, 0x00, 0x00, 0x00, 0x0b, 0x00, 0x00, 0x00,
    0x03, 0x00, 0x00, 0x00, 0x3b, 0x00, 0x04, 0x00, 0x26, 0x00, 0x00, 0x00, 0x0c, 0x00, 0x00, 0x00,
    0x03, 0x00, 0x00, 0x00, 0x36, 0x00, 0x05, 0x00, 0x27, 0x00, 0x00, 0x00, 0x01, 0x00, 0x00, 0x00,
    0x00, 0x00, 0x00, 0x00, 0x28, 0x00, 0x00, 0x00, 0xf8, 0x00, 0x02, 0x00, 0x2a, 0x00, 0x00, 0x00,
    0x3d, 0x00, 0x04, 0x00, 0x13, 0x00, 0x00, 0x00, 0x2b, 0x00, 0x00, 0x00, 0x03, 0x00, 0x00, 0x00,
    0x3d, 0x00, 0x04, 0x00, 0x1b, 0x00, 0x00, 0x00, 0x2c, 0x00, 0x00, 0x00, 0x04, 0x00, 0x00, 0x00,
    0x3d, 0x00, 0x04, 0x00, 0x1d, 0x00, 0x00, 0x00, 0x2d, 0x00, 0x00, 0x00, 0x05, 0x00, 0x00, 0x00,
    0x3d, 0x00, 0x04, 0x00, 0x1f, 0x00, 0x00, 0x00, 0x2e, 0x00, 0x00, 0x00, 0x06, 0x00, 0x00, 0x00,
    0x3d, 0x00, 0x04, 0x00, 0x21, 0x00, 0x00, 0x00, 0x2f, 0x00, 0x00, 0x00, 0x07, 0x00, 0x00, 0x00,
    0x41, 0x00, 0x05, 0x00, 0x1a, 0x00, 0x00, 0x00, 0x30, 0x00, 0x00, 0x00, 0x02, 0x00, 0x00, 0x00,
    0x12, 0x00, 0x00, 0x00, 0x3d, 0x00, 0x04, 0x00, 0x13, 0x00, 0x00, 0x00, 0x31, 0x00, 0x00, 0x00,
    0x30, 0x00, 0x00, 0x00, 0x41, 0x00, 0x07, 0x00, 0x29, 0x00, 0x00, 0x00, 0x32, 0x00, 0x00, 0x00,
    0x0f, 0x00, 0x00, 0x00, 0x12, 0x00, 0x00, 0x00, 0x12, 0x00, 0x00, 0x00, 0x12, 0x00, 0x00, 0x00,
    0x3d, 0x00, 0x04, 0x00, 0x13, 0x00, 0x00, 0x00, 0x33, 0x00, 0x00, 0x00, 0x32, 0x00, 0x00, 0x00,
    0x88, 0x00, 0x05, 0x00, 0x13, 0x00, 0x00, 0x00, 0x34, 0x00, 0x00, 0x00, 0x31, 0x00, 0x00, 0x00,
    0x33, 0x00, 0x00, 0x00, 0x85, 0x00, 0x05, 0x00, 0x13, 0x00, 0x00, 0x00, 0x35, 0x00, 0x00, 0x00,
    0x34, 0x00, 0x00, 0x00, 0x14, 0x00, 0x00, 0x00, 0x83, 0x00, 0x05, 0x00, 0x13, 0x00, 0x00, 0x00,
    0x36, 0x00, 0x00, 0x00, 0x35, 0x00, 0x00, 0x00, 0x15, 0x00, 0x00, 0x00, 0x41, 0x00, 0x05, 0x00,
    0x1a, 0x00, 0x00, 0x00, 0x37, 0x00, 0x00, 0x00, 0x02, 0x00, 0x00, 0x00, 0x16, 0x00, 0x00, 0x00,
    0x3d, 0x00, 0x04, 0x00, 0x13, 0x00, 0x00, 0x00, 0x38, 0x00, 0x00, 0x00, 0x37, 0x00, 0x00, 0x00,
    0x41, 0x00, 0x07, 0x00, 0x29, 0x00, 0x00, 0x00, 0x39, 0x00, 0x00, 0x00, 0x0f, 0x00, 0x00, 0x00,
    0x12, 0x00, 0x00, 0x00, 0x12, 0x00, 0x00, 0x00, 0x16, 0x00, 0x00, 0x00, 0x3d, 0x00, 0x04, 0x00,
    0x13, 0x00, 0x00, 0x00, 0x3a, 0x00, 0x00, 0x00, 0x39, 0x00, 0x00, 0x00, 0x88, 0x00, 0x05, 0x00,
    0x13, 0x00, 0x00, 0x00, 0x3b, 0x00, 0x00, 0x00, 0x38, 0x00, 0x00, 0x00, 0x3a, 0x00, 0x00, 0x00,
    0x85, 0x00, 0x05, 0x00, 0x13, 0x00, 0x00, 0x00, 0x3c, 0x00, 0x00, 0x00, 0x3b, 0x00, 0x00, 0x00,
    0x14, 0x00, 0x00, 0x00, 0x83, 0x00, 0x05, 0x00, 0x13, 0x00, 0x00, 0x00, 0x3d, 0x00, 0x00, 0x00,
    0x15, 0x00, 0x00, 0x00, 0x3c, 0x00, 0x00, 0x00, 0x50, 0x00, 0x07, 0x00, 0x1d, 0x00, 0x00, 0x00,
    0x3e, 0x00, 0x00, 0x00, 0x36, 0x00, 0x00, 0x00, 0x3d, 0x00, 0x00, 0x00, 0x2b, 0x00, 0x00, 0x00,
    0x15, 0x00, 0x00, 0x00, 0x3e, 0x00, 0x03, 0x00, 0x08, 0x00, 0x00, 0x00, 0x3e, 0x00, 0x00, 0x00,
    0x3e, 0x00, 0x03, 0x00, 0x09, 0x00, 0x00, 0x00, 0x2c, 0x00, 0x00, 0x00, 0x3e, 0x00, 0x03, 0x00,
    0x0a, 0x00, 0x00, 0x00, 0x2d, 0x00, 0x00, 0x00, 0x3e, 0x00, 0x03, 0x00, 0x0b, 0x00, 0x00, 0x00,
    0x2e, 0x00, 0x00, 0x00, 0x3e, 0x00, 0x03, 0x00, 0x0c, 0x00, 0x00, 0x00, 0x2f, 0x00, 0x00, 0x00,
    0xfd, 0x00, 0x01, 0x00, 0x38, 0x00, 0x01, 0x00
};

static const unsigned char k_vs_poly_dxil[] = {
    0x44, 0x58, 0x42, 0x43, 0x8e, 0xb9, 0x14, 0xbc, 0x0a, 0xfd, 0x9a, 0x8a, 0xe5, 0xd7, 0x79, 0x74,
    0x7b, 0x71, 0xb3, 0x51, 0x01, 0x00, 0x00, 0x00, 0xd0, 0x13, 0x00, 0x00, 0x07, 0x00, 0x00, 0x00,
    0x3c, 0x00, 0x00, 0x00, 0x4c, 0x00, 0x00, 0x00, 0x28, 0x01, 0x00, 0x00, 0xf0, 0x01, 0x00, 0x00,
    0xe8, 0x03, 0x00, 0x00, 0x1c, 0x0b, 0x00, 0x00, 0x38, 0x0b, 0x00, 0x00, 0x53, 0x46, 0x49, 0x30,
    0x08, 0x00, 0x00, 0x00, 0x00, 0x00, 0x00, 0x00, 0x00, 0x00, 0x00, 0x00, 0x49, 0x53, 0x47, 0x31,
    0xd4, 0x00, 0x00, 0x00, 0x06, 0x00, 0x00, 0x00, 0x08, 0x00, 0x00, 0x00, 0x00, 0x00, 0x00, 0x00,
    0xc8, 0x00, 0x00, 0x00, 0x00, 0x00, 0x00, 0x00, 0x00, 0x00, 0x00, 0x00, 0x03, 0x00, 0x00, 0x00,
    0x00, 0x00, 0x00, 0x00, 0x03, 0x03, 0x00, 0x00, 0x00, 0x00, 0x00, 0x00, 0x00, 0x00, 0x00, 0x00,
    0xc8, 0x00, 0x00, 0x00, 0x01, 0x00, 0x00, 0x00, 0x00, 0x00, 0x00, 0x00, 0x03, 0x00, 0x00, 0x00,
    0x01, 0x00, 0x00, 0x00, 0x01, 0x01, 0x00, 0x00, 0x00, 0x00, 0x00, 0x00, 0x00, 0x00, 0x00, 0x00,
    0xc8, 0x00, 0x00, 0x00, 0x02, 0x00, 0x00, 0x00, 0x00, 0x00, 0x00, 0x00, 0x03, 0x00, 0x00, 0x00,
    0x02, 0x00, 0x00, 0x00, 0x07, 0x07, 0x00, 0x00, 0x00, 0x00, 0x00, 0x00, 0x00, 0x00, 0x00, 0x00,
    0xc8, 0x00, 0x00, 0x00, 0x03, 0x00, 0x00, 0x00, 0x00, 0x00, 0x00, 0x00, 0x03, 0x00, 0x00, 0x00,
    0x03, 0x00, 0x00, 0x00, 0x0f, 0x0f, 0x00, 0x00, 0x00, 0x00, 0x00, 0x00, 0x00, 0x00, 0x00, 0x00,
    0xc8, 0x00, 0x00, 0x00, 0x04, 0x00, 0x00, 0x00, 0x00, 0x00, 0x00, 0x00, 0x01, 0x00, 0x00, 0x00,
    0x04, 0x00, 0x00, 0x00, 0x0f, 0x0f, 0x00, 0x00, 0x00, 0x00, 0x00, 0x00, 0x00, 0x00, 0x00, 0x00,
    0xc8, 0x00, 0x00, 0x00, 0x05, 0x00, 0x00, 0x00, 0x00, 0x00, 0x00, 0x00, 0x01, 0x00, 0x00, 0x00,
    0x05, 0x00, 0x00, 0x00, 0x03, 0x03, 0x00, 0x00, 0x00, 0x00, 0x00, 0x00, 0x54, 0x45, 0x58, 0x43,
    0x4f, 0x4f, 0x52, 0x44, 0x00, 0x00, 0x00, 0x00, 0x4f, 0x53, 0x47, 0x31, 0xc0, 0x00, 0x00, 0x00,
    0x05, 0x00, 0x00, 0x00, 0x08, 0x00, 0x00, 0x00, 0x00, 0x00, 0x00, 0x00, 0xa8, 0x00, 0x00, 0x00,
    0x00, 0x00, 0x00, 0x00, 0x01, 0x00, 0x00, 0x00, 0x03, 0x00, 0x00, 0x00, 0x00, 0x00, 0x00, 0x00,
    0x0f, 0x00, 0x00, 0x00, 0x00, 0x00, 0x00, 0x00, 0x00, 0x00, 0x00, 0x00, 0xb4, 0x00, 0x00, 0x00,
    0x00, 0x00, 0x00, 0x00, 0x00, 0x00, 0x00, 0x00, 0x03, 0x00, 0x00, 0x00, 0x01, 0x00, 0x00, 0x00,
    0x07, 0x08, 0x00, 0x00, 0x00, 0x00, 0x00, 0x00, 0x00, 0x00, 0x00, 0x00, 0xb4, 0x00, 0x00, 0x00,
    0x01, 0x00, 0x00, 0x00, 0x00, 0x00, 0x00, 0x00, 0x03, 0x00, 0x00, 0x00, 0x02, 0x00, 0x00, 0x00,
    0x0f, 0x00, 0x00, 0x00, 0x00, 0x00, 0x00, 0x00, 0x00, 0x00, 0x00, 0x00, 0xb4, 0x00, 0x00, 0x00,
    0x02, 0x00, 0x00, 0x00, 0x00, 0x00, 0x00, 0x00, 0x01, 0x00, 0x00, 0x00, 0x03, 0x00, 0x00, 0x00,
    0x0f, 0x00, 0x00, 0x00, 0x00, 0x00, 0x00, 0x00, 0x00, 0x00, 0x00, 0x00, 0xb4, 0x00, 0x00, 0x00,
    0x03, 0x00, 0x00, 0x00, 0x00, 0x00, 0x00, 0x00, 0x01, 0x00, 0x00, 0x00, 0x04, 0x00, 0x00, 0x00,
    0x03, 0x0c, 0x00, 0x00, 0x00, 0x00, 0x00, 0x00, 0x53, 0x56, 0x5f, 0x50, 0x6f, 0x73, 0x69, 0x74,
    0x69, 0x6f, 0x6e, 0x00, 0x54, 0x45, 0x58, 0x43, 0x4f, 0x4f, 0x52, 0x44, 0x00, 0x00, 0x00, 0x00,
    0x50, 0x53, 0x56, 0x30, 0xf0, 0x01, 0x00, 0x00, 0x34, 0x00, 0x00, 0x00, 0x01, 0x00, 0x00, 0x00,
    0x00, 0x00, 0x00, 0x00, 0x00, 0x00, 0x00, 0x00, 0x00, 0x00, 0x00, 0x00, 0x00, 0x00, 0x00, 0x00,
    0xff, 0xff, 0xff, 0xff, 0x01, 0x00, 0x00, 0x00, 0x06, 0x05, 0x00, 0x06, 0x05, 0x00, 0x00, 0x00,
    0x00, 0x00, 0x00, 0x00, 0x00, 0x00, 0x00, 0x00, 0x00, 0x00, 0x00, 0x00, 0x5b, 0x00, 0x00, 0x00,
    0x01, 0x00, 0x00, 0x00, 0x18, 0x00, 0x00, 0x00, 0x02, 0x00, 0x00, 0x00, 0x01, 0x00, 0x00, 0x00,
    0x00, 0x00, 0x00, 0x00, 0x00, 0x00, 0x00, 0x00, 0x0d, 0x00, 0x00, 0x00, 0x00, 0x00, 0x00, 0x00,
    0x64, 0x00, 0x00, 0x00, 0x00, 0x54, 0x45, 0x58, 0x43, 0x4f, 0x4f, 0x52, 0x44, 0x00, 0x54, 0x45,
    0x58, 0x43, 0x4f, 0x4f, 0x52, 0x44, 0x00, 0x54, 0x45, 0x58, 0x43, 0x4f, 0x4f, 0x52, 0x44, 0x00,
    0x54, 0x45, 0x58, 0x43, 0x4f, 0x4f, 0x52, 0x44, 0x00, 0x54, 0x45, 0x58, 0x43, 0x4f, 0x4f, 0x52,
    0x44, 0x00, 0x54, 0x45, 0x58, 0x43, 0x4f, 0x4f, 0x52, 0x44, 0x00, 0x54, 0x45, 0x58, 0x43, 0x4f,
    0x4f, 0x52, 0x44, 0x00, 0x54, 0x45, 0x58, 0x43, 0x4f, 0x4f, 0x52, 0x44, 0x00, 0x54, 0x45, 0x58,
    0x43, 0x4f, 0x4f, 0x52, 0x44, 0x00, 0x54, 0x45, 0x58, 0x43, 0x4f, 0x4f, 0x52, 0x44, 0x00, 0x76,
    0x73, 0x5f, 0x70, 0x6f, 0x6c, 0x79, 0x00, 0x00, 0x06, 0x00, 0x00, 0x00, 0x00, 0x00, 0x00, 0x00,
    0x01, 0x00, 0x00, 0x00, 0x02, 0x00, 0x00, 0x00, 0x03, 0x00, 0x00, 0x00, 0x04, 0x00, 0x00, 0x00,
    0x05, 0x00, 0x00, 0x00, 0x10, 0x00, 0x00, 0x00, 0x01, 0x00, 0x00, 0x00, 0x00, 0x00, 0x00, 0x00,
    0x01, 0x00, 0x42, 0x00, 0x03, 0x00, 0x00, 0x00, 0x0a, 0x00, 0x00, 0x00, 0x01, 0x00, 0x00, 0x00,
    0x01, 0x01, 0x41, 0x00, 0x03, 0x00, 0x00, 0x00, 0x13, 0x00, 0x00, 0x00, 0x02, 0x00, 0x00, 0x00,
    0x01, 0x02, 0x43, 0x00, 0x03, 0x00, 0x00, 0x00, 0x1c, 0x00, 0x00, 0x00, 0x03, 0x00, 0x00, 0x00,
    0x01, 0x03, 0x44, 0x00, 0x03, 0x00, 0x00, 0x00, 0x25, 0x00, 0x00, 0x00, 0x04, 0x00, 0x00, 0x00,
    0x01, 0x04, 0x44, 0x00, 0x01, 0x00, 0x00, 0x00, 0x2e, 0x00, 0x00, 0x00, 0x05, 0x00, 0x00, 0x00,
    0x01, 0x05, 0x42, 0x00, 0x01, 0x00, 0x00, 0x00, 0x00, 0x00, 0x00, 0x00, 0x00, 0x00, 0x00, 0x00,
    0x01, 0x00, 0x44, 0x03, 0x03, 0x04, 0x00, 0x00, 0x37, 0x00, 0x00, 0x00, 0x00, 0x00, 0x00, 0x00,
    0x01, 0x01, 0x43, 0x00, 0x03, 0x04, 0x00, 0x00, 0x40, 0x00, 0x00, 0x00, 0x01, 0x00, 0x00, 0x00,
    0x01, 0x02, 0x44, 0x00, 0x03, 0x01, 0x00, 0x00, 0x49, 0x00, 0x00, 0x00, 0x02, 0x00, 0x00, 0x00,
    0x01, 0x03, 0x44, 0x00, 0x01, 0x01, 0x00, 0x00, 0x52, 0x00, 0x00, 0x00, 0x03, 0x00, 0x00, 0x00,
    0x01, 0x04, 0x42, 0x00, 0x01, 0x01, 0x00, 0x00, 0x01, 0x00, 0x00, 0x00, 0x02, 0x00, 0x00, 0x00,
    0x00, 0x00, 0x00, 0x00, 0x00, 0x00, 0x00, 0x00, 0x04, 0x00, 0x00, 0x00, 0x00, 0x00, 0x00, 0x00,
    0x00, 0x00, 0x00, 0x00, 0x00, 0x00, 0x00, 0x00, 0x10, 0x00, 0x00, 0x00, 0x20, 0x00, 0x00, 0x00,
    0x40, 0x00, 0x00, 0x00, 0x00, 0x00, 0x00, 0x00, 0x00, 0x01, 0x00, 0x00, 0x00, 0x02, 0x00, 0x00,
    0x00, 0x04, 0x00, 0x00, 0x00, 0x08, 0x00, 0x00, 0x00, 0x10, 0x00, 0x00, 0x00, 0x20, 0x00, 0x00,
    0x00, 0x40, 0x00, 0x00, 0x00, 0x80, 0x00, 0x00, 0x00, 0x00, 0x01, 0x00, 0x00, 0x00, 0x02, 0x00,
    0x00, 0x00, 0x00, 0x00, 0x00, 0x00, 0x00, 0x00, 0x53, 0x54, 0x41, 0x54, 0x2c, 0x07, 0x00, 0x00,
    0x60, 0x00, 0x01, 0x00, 0xcb, 0x01, 0x00, 0x00, 0x44, 0x58, 0x49, 0x4c, 0x00, 0x01, 0x00, 0x00,
    0x10, 0x00, 0x00, 0x00, 0x14, 0x07, 0x00, 0x00, 0x42, 0x43, 0xc0, 0xde, 0x21, 0x0c, 0x00, 0x00,
    0xc2, 0x01, 0x00, 0x00, 0x0b, 0x82, 0x20, 0x00, 0x02, 0x00, 0x00, 0x00, 0x13, 0x00, 0x00, 0x00,
    0x07, 0x81, 0x23, 0x91, 0x41, 0xc8, 0x04, 0x49, 0x06, 0x10, 0x32, 0x39, 0x92, 0x01, 0x84, 0x0c,
    0x25, 0x05, 0x08, 0x19, 0x1e, 0x04, 0x8b, 0x62, 0x80, 0x14, 0x45, 0x02, 0x42, 0x92, 0x0b, 0x42,
    0xa4, 0x10, 0x32, 0x14, 0x38, 0x08, 0x18, 0x4b, 0x0a, 0x32, 0x52, 0x88, 0x48, 0x90, 0x14, 0x20,
    0x43, 0x46, 0x88, 0xa5, 0x00, 0x19, 0x32, 0x42, 0xe4, 0x48, 0x0e, 0x90, 0x91, 0x22, 0xc4, 0x50,
    0x41, 0x51, 0x81, 0x8c, 0xe1, 0x83, 0xe5, 0x8a, 0x04, 0x29, 0x46, 0x06, 0x51, 0x18, 0x00, 0x00,
    0x08, 0x00, 0x00, 0x00, 0x1b, 0x8c, 0xe0, 0xff, 0xff, 0xff, 0xff, 0x07, 0x40, 0x02, 0xa8, 0x0d,
    0x84, 0xf0, 0xff, 0xff, 0xff, 0xff, 0x03, 0x20, 0x6d, 0x30, 0x86, 0xff, 0xff, 0xff, 0xff, 0x1f,
    0x00, 0x09, 0xa8, 0x00, 0x49, 0x18, 0x00, 0x00, 0x03, 0x00, 0x00, 0x00, 0x13, 0x82, 0x60, 0x42,
    0x20, 0x4c, 0x08, 0x06, 0x00, 0x00, 0x00, 0x00, 0x89, 0x20, 0x00, 0x00, 0x26, 0x00, 0x00, 0x00,
    0x32, 0x22, 0x48, 0x09, 0x20, 0x64, 0x85, 0x04, 0x93, 0x22, 0xa4, 0x84, 0x04, 0x93, 0x22, 0xe3,
    0x84, 0xa1, 0x90, 0x14, 0x12, 0x4c, 0x8a, 0x8c, 0x0b, 0x84, 0xa4, 0x4c, 0x10, 0x70, 0x23, 0x00,
    0x25, 0x00, 0x14, 0x66, 0x00, 0xe6, 0x08, 0xc0, 0x60, 0x8e, 0x00, 0x29, 0xc6, 0x20, 0x84, 0x14,
    0x42, 0xa6, 0x18, 0x84, 0x10, 0x52, 0x08, 0xa1, 0x62, 0x00, 0x42, 0x48, 0x19, 0xa4, 0x8a, 0x01,
    0x08, 0x21, 0x85, 0x10, 0x3b, 0x6a, 0xb8, 0xfc, 0x09, 0x7b, 0x08, 0xc9, 0xe7, 0x36, 0xaa, 0x58,
    0x89, 0xc9, 0x2f, 0x6e, 0x1b, 0x11, 0x63, 0x8c, 0x41, 0xe5, 0x9e, 0xe1, 0xf2, 0x27, 0xec, 0x21,
    0x24, 0x3f, 0x04, 0x9a, 0x61, 0x21, 0x50, 0xf0, 0x0a, 0xe1, 0x08, 0x24, 0x14, 0xe7, 0x08, 0x82,
    0x62, 0x40, 0x52, 0x08, 0x99, 0x44, 0x07, 0x02, 0x86, 0x11, 0x84, 0xe1, 0x1a, 0x69, 0x8a, 0x28,
    0x61, 0xf2, 0x59, 0x21, 0x22, 0x88, 0x06, 0x09, 0xf7, 0x5e, 0xc2, 0x0a, 0x11, 0x41, 0x34, 0xee,
    0x86, 0xa2, 0x00, 0x53, 0x4e, 0x0c, 0x02, 0x00, 0x13, 0x14, 0x72, 0xc0, 0x87, 0x74, 0x60, 0x87,
    0x36, 0x68, 0x87, 0x79, 0x68, 0x03, 0x72, 0xc0, 0x87, 0x0d, 0xaf, 0x50, 0x0e, 0x6d, 0xd0, 0x0e,
    0x7a, 0x50, 0x0e, 0x6d, 0x00, 0x0f, 0x7a, 0x30, 0x07, 0x72, 0xa0, 0x07, 0x73, 0x20, 0x07, 0x6d,
    0x90, 0x0e, 0x71, 0xa0, 0x07, 0x73, 0x20, 0x07, 0x6d, 0x90, 0x0e, 0x78, 0xa0, 0x07, 0x73, 0x20,
    0x07, 0x6d, 0x90, 0x0e, 0x71, 0x60, 0x07, 0x7a, 0x30, 0x07, 0x72, 0xd0, 0x06, 0xe9, 0x30, 0x07,
    0x72, 0xa0, 0x07, 0x73, 0x20, 0x07, 0x6d, 0x90, 0x0e, 0x76, 0x40, 0x07, 0x7a, 0x60, 0x07, 0x74,
    0xd0, 0x06, 0xe6, 0x10, 0x07, 0x76, 0xa0, 0x07, 0x73, 0x20, 0x07, 0x6d, 0x60, 0x0e, 0x73, 0x20,
    0x07, 0x7a, 0x30, 0x07, 0x72, 0xd0, 0x06, 0xe6, 0x60, 0x07, 0x74, 0xa0, 0x07, 0x76, 0x40, 0x07,
    0x6d, 0xe0, 0x0e, 0x78, 0xa0, 0x07, 0x71, 0x60, 0x07, 0x7a, 0x30, 0x07, 0x72, 0xa0, 0x07, 0x76,
    0x40, 0x07, 0x43, 0x9e, 0x00, 0x08, 0x00, 0x00, 0x00, 0x00, 0x00, 0x00, 0x00, 0x00, 0x00, 0x86,
    0x3c, 0x06, 0x10, 0x00, 0x01, 0x00, 0x00, 0x00, 0x00, 0x00, 0x00, 0x00, 0x0c, 0x79, 0x10, 0x20,
    0x00, 0x02, 0x00, 0x00, 0x00, 0x00, 0x00, 0x00, 0x00, 0x18, 0xf2, 0x28, 0x40, 0x00, 0x08, 0x00,
    0x00, 0x00, 0x00, 0x00, 0x00, 0x00, 0x30, 0xe4, 0x61, 0x80, 0x00, 0x10, 0x00, 0x00, 0x00, 0x00,
    0x00, 0x00, 0x00, 0x60, 0xc8, 0x13, 0x01, 0x01, 0x30, 0x00, 0x00, 0x00, 0x00, 0x00, 0x00, 0x00,
    0xc0, 0x90, 0x87, 0x02, 0x02, 0x60, 0x00, 0x00, 0x00, 0x00, 0x00, 0x00, 0x00, 0x80, 0x2c, 0x10,
    0x19, 0x00, 0x00, 0x00, 0x32, 0x1e, 0x98, 0x18, 0x19, 0x11, 0x4c, 0x90, 0x8c, 0x09, 0x26, 0x47,
    0xc6, 0x04, 0x43, 0x22, 0x25, 0x30, 0x02, 0x50, 0x0c, 0x05, 0x52, 0x06, 0xe5, 0x50, 0x12, 0xa5,
    0x51, 0x04, 0x05, 0x51, 0x1e, 0x85, 0x50, 0x0a, 0x85, 0x55, 0x22, 0x54, 0x4a, 0x62, 0x04, 0xa0,
    0x08, 0x4a, 0xa0, 0x0c, 0x0a, 0xa1, 0x14, 0x08, 0xcf, 0x00, 0x50, 0x9e, 0x01, 0x20, 0x3d, 0x03,
    0x40, 0x7b, 0x2c, 0xcc, 0x92, 0x02, 0x01, 0x00, 0x08, 0x00, 0x00, 0x20, 0x30, 0x00, 0x05, 0x00,
    0x44, 0x40, 0x08, 0x04, 0x03, 0x10, 0x14, 0x40, 0x90, 0x00, 0x41, 0x04, 0x04, 0x21, 0x10, 0x04,
    0x03, 0x10, 0x04, 0x05, 0x10, 0x04, 0x09, 0x00, 0x79, 0x18, 0x00, 0x00, 0xb1, 0x00, 0x00, 0x00,
    0x1a, 0x03, 0x4c, 0x90, 0x46, 0x02, 0x13, 0xc4, 0x8e, 0x0c, 0x6f, 0xec, 0xed, 0x4d, 0x0c, 0x24,
    0xc6, 0x25, 0xc7, 0x45, 0xc6, 0x06, 0x26, 0xc7, 0xa5, 0x06, 0x04, 0x05, 0x26, 0x46, 0xcc, 0x46,
    0x26, 0x8c, 0x8c, 0xe6, 0x26, 0x65, 0x43, 0x10, 0x4c, 0x10, 0x88, 0x63, 0x82, 0x40, 0x20, 0x1b,
    0x84, 0x81, 0xd8, 0x20, 0x10, 0x04, 0x05, 0xbb, 0xb9, 0x09, 0x02, 0x91, 0x6c, 0x18, 0x0e, 0x84,
    0x98, 0x20, 0x68, 0x1f, 0x93, 0xa9, 0x31, 0xb9, 0xb2, 0x32, 0xb7, 0x2a, 0xa1, 0xa7, 0x09, 0x02,
    0xa1, 0x6c, 0x40, 0x08, 0x65, 0x19, 0x88, 0x81, 0x01, 0x36, 0x04, 0xcd, 0x06, 0x02, 0x00, 0x1c,
    0x60, 0x82, 0x80, 0x75, 0x24, 0xe6, 0xd2, 0xf4, 0xca, 0x26, 0x08, 0xc4, 0x32, 0x41, 0x20, 0x98,
    0x09, 0x02, 0xd1, 0x4c, 0x10, 0x08, 0x67, 0x82, 0x40, 0x3c, 0x1b, 0x10, 0x24, 0x92, 0x88, 0x89,
    0xaa, 0x2c, 0x0e, 0x70, 0x61, 0x64, 0x13, 0x04, 0x02, 0xda, 0x80, 0x20, 0x98, 0x94, 0x4d, 0x54,
    0x65, 0x6d, 0x18, 0x98, 0x4b, 0x9b, 0x20, 0x64, 0x1e, 0x8d, 0xb9, 0x31, 0xb9, 0xb2, 0x32, 0xb7,
    0x0d, 0x04, 0xd2, 0x49, 0xc4, 0x06, 0x81, 0xf1, 0x36, 0x14, 0x04, 0xb4, 0x71, 0xdf, 0x04, 0x41,
    0x00, 0x36, 0x00, 0x1b, 0x06, 0x42, 0x0c, 0xc4, 0x60, 0x43, 0x30, 0x06, 0x1b, 0x86, 0x21, 0x0c,
    0xc8, 0x60, 0x82, 0xb0, 0x81, 0xc1, 0x86, 0xc0, 0x0c, 0x78, 0xd8, 0xcd, 0x7d, 0xc1, 0xbd, 0xb1,
    0xe5, 0x11, 0xa1, 0x2a, 0xc2, 0x1a, 0x7a, 0x7a, 0x92, 0x22, 0x9a, 0x20, 0x14, 0xd6, 0x04, 0xa1,
    0xb8, 0x36, 0x04, 0xc4, 0x04, 0xa1, 0xc0, 0x36, 0x08, 0x92, 0xb4, 0x61, 0x21, 0xd2, 0x40, 0x0d,
    0xd6, 0x80, 0x0d, 0xd6, 0x60, 0x68, 0x03, 0x62, 0x0d, 0xdc, 0x60, 0x43, 0x30, 0x4c, 0x10, 0x8a,
    0x6c, 0x83, 0x20, 0x0d, 0x1b, 0x96, 0x21, 0x0d, 0xd4, 0x60, 0x0d, 0xe0, 0x60, 0x0d, 0x86, 0x38,
    0x18, 0xd6, 0x40, 0x0e, 0x36, 0x04, 0xd6, 0x04, 0xa1, 0xd0, 0x36, 0x08, 0xd2, 0xb4, 0x61, 0xb1,
    0xd2, 0x40, 0x0d, 0xd6, 0x80, 0x0e, 0xd6, 0x60, 0xa8, 0x03, 0x6b, 0x0d, 0xec, 0x60, 0x43, 0x20,
    0x4d, 0x10, 0x8a, 0x6d, 0x82, 0x40, 0x44, 0x1b, 0x04, 0x49, 0x0f, 0x36, 0x2c, 0x52, 0x1a, 0xa8,
    0xc1, 0x1a, 0xe0, 0xc1, 0x1a, 0x0c, 0x79, 0x20, 0xad, 0xc1, 0x1e, 0x4c, 0x10, 0x08, 0x69, 0x82,
    0x50, 0x70, 0x1b, 0x82, 0x3e, 0xd8, 0xb0, 0xf4, 0x41, 0x1a, 0xf8, 0xc1, 0x1a, 0xfc, 0xc1, 0x1a,
    0x0c, 0x79, 0xd0, 0x07, 0x6b, 0xb0, 0x07, 0x13, 0x04, 0x62, 0xda, 0x10, 0x84, 0xc2, 0x86, 0x25,
    0x14, 0xd2, 0xc0, 0x0f, 0xd6, 0x40, 0x14, 0xd6, 0x60, 0x68, 0x83, 0x50, 0x58, 0x03, 0x37, 0xd8,
    0x60, 0xbc, 0xc1, 0x1c, 0xdc, 0x01, 0x1f, 0x80, 0xc2, 0x28, 0x70, 0x99, 0xb2, 0xfa, 0x82, 0x7a,
    0x9b, 0x4b, 0xa3, 0x4b, 0x7b, 0x73, 0xdb, 0xb0, 0x10, 0xa5, 0xa0, 0x06, 0x75, 0xc0, 0x06, 0x79,
    0x30, 0xe4, 0x01, 0xb1, 0x06, 0x7b, 0xb0, 0x61, 0x19, 0xd2, 0x40, 0x0d, 0xd6, 0x80, 0x0d, 0xf2,
    0x60, 0xa8, 0x83, 0x61, 0x0d, 0xec, 0x60, 0xc3, 0x62, 0xa5, 0x81, 0x1a, 0xac, 0x01, 0x1c, 0xc4,
    0xc1, 0x90, 0x07, 0xd6, 0x1a, 0xec, 0xc1, 0x86, 0x45, 0x4a, 0x03, 0x3f, 0x58, 0x03, 0x3a, 0x88,
    0x83, 0x21, 0x0f, 0xa4, 0x35, 0xd8, 0x83, 0x0d, 0x4b, 0x1f, 0xa4, 0x81, 0x1f, 0xac, 0x01, 0x1e,
    0xc4, 0xc1, 0xd0, 0x06, 0x7d, 0xb0, 0x06, 0x6e, 0xb0, 0xa1, 0x30, 0x85, 0x53, 0x40, 0x85, 0x54,
    0x50, 0x85, 0x0d, 0x03, 0x29, 0xac, 0x02, 0xb0, 0xa1, 0x08, 0x03, 0x34, 0x60, 0x85, 0x07, 0xa0,
    0x61, 0xc6, 0xf6, 0x16, 0x46, 0x37, 0xc7, 0x22, 0xcd, 0x6d, 0x8e, 0x6e, 0x6e, 0x82, 0x40, 0x50,
    0x34, 0xe6, 0xd2, 0xce, 0xbe, 0xd8, 0xc8, 0x68, 0xcc, 0xa5, 0x9d, 0x7d, 0xcd, 0xd1, 0x4d, 0x10,
    0x88, 0x6a, 0x03, 0xe2, 0x0a, 0xc8, 0x2b, 0xc0, 0x42, 0x2c, 0x30, 0xb2, 0x30, 0x0b, 0x55, 0xd8,
    0xd8, 0xec, 0xda, 0x5c, 0xd2, 0xc8, 0xca, 0xdc, 0xe8, 0xa6, 0x04, 0x41, 0x15, 0x32, 0x3c, 0x17,
    0xbb, 0x32, 0xb9, 0xb9, 0xb4, 0x37, 0xb7, 0x29, 0x01, 0xd1, 0x84, 0x0c, 0xcf, 0xc5, 0x2e, 0x8c,
    0xcd, 0xae, 0x4c, 0x6e, 0x4a, 0x50, 0xd4, 0x21, 0xc3, 0x73, 0x99, 0x43, 0x0b, 0x23, 0x2b, 0x93,
    0x6b, 0x7a, 0x23, 0x2b, 0x63, 0x9b, 0x12, 0x20, 0x65, 0xc8, 0xf0, 0x5c, 0xe4, 0xca, 0xe6, 0xde,
    0xea, 0xe4, 0xc6, 0xca, 0xe6, 0xa6, 0x04, 0x4e, 0x25, 0x32, 0x3c, 0x17, 0xba, 0x3c, 0xb8, 0xb2,
    0x20, 0x37, 0xb7, 0x37, 0xba, 0x30, 0xba, 0xb4, 0x37, 0xb7, 0xb9, 0x29, 0xc2, 0x47, 0x06, 0x75,
    0xc8, 0xf0, 0x5c, 0xec, 0xd2, 0xca, 0xee, 0x92, 0xc8, 0xa6, 0xe8, 0xc2, 0xe8, 0xca, 0xa6, 0x04,
    0x66, 0x50, 0x87, 0x0c, 0xcf, 0xa5, 0xcc, 0x8d, 0x4e, 0x2e, 0x0f, 0xea, 0x2d, 0xcd, 0x8d, 0x6e,
    0x6e, 0x4a, 0xc0, 0x0a, 0x5d, 0xc8, 0xf0, 0x5c, 0xc6, 0xde, 0xea, 0xdc, 0xe8, 0xca, 0xe4, 0xe6,
    0xa6, 0x04, 0xb3, 0x00, 0x79, 0x18, 0x00, 0x00, 0x4c, 0x00, 0x00, 0x00, 0x33, 0x08, 0x80, 0x1c,
    0xc4, 0xe1, 0x1c, 0x66, 0x14, 0x01, 0x3d, 0x88, 0x43, 0x38, 0x84, 0xc3, 0x8c, 0x42, 0x80, 0x07,
    0x79, 0x78, 0x07, 0x73, 0x98, 0x71, 0x0c, 0xe6, 0x00, 0x0f, 0xed, 0x10, 0x0e, 0xf4, 0x80, 0x0e,
    0x33, 0x0c, 0x42, 0x1e, 0xc2, 0xc1, 0x1d, 0xce, 0xa1, 0x1c, 0x66, 0x30, 0x05, 0x3d, 0x88, 0x43,
    0x38, 0x84, 0x83, 0x1b, 0xcc, 0x03, 0x3d, 0xc8, 0x43, 0x3d, 0x8c, 0x03, 0x3d, 0xcc, 0x78, 0x8c,
    0x74, 0x70, 0x07, 0x7b, 0x08, 0x07, 0x79, 0x48, 0x87, 0x70, 0x70, 0x07, 0x7a, 0x70, 0x03, 0x76,
    0x78, 0x87, 0x70, 0x20, 0x87, 0x19, 0xcc, 0x11, 0x0e, 0xec, 0x90, 0x0e, 0xe1, 0x30, 0x0f, 0x6e,
    0x30, 0x0f, 0xe3, 0xf0, 0x0e, 0xf0, 0x50, 0x0e, 0x33, 0x10, 0xc4, 0x1d, 0xde, 0x21, 0x1c, 0xd8,
    0x21, 0x1d, 0xc2, 0x61, 0x1e, 0x66, 0x30, 0x89, 0x3b, 0xbc, 0x83, 0x3b, 0xd0, 0x43, 0x39, 0xb4,
    0x03, 0x3c, 0xbc, 0x83, 0x3c, 0x84, 0x03, 0x3b, 0xcc, 0xf0, 0x14, 0x76, 0x60, 0x07, 0x7b, 0x68,
    0x07, 0x37, 0x68, 0x87, 0x72, 0x68, 0x07, 0x37, 0x80, 0x87, 0x70, 0x90, 0x87, 0x70, 0x60, 0x07,
    0x76, 0x28, 0x07, 0x76, 0xf8, 0x05, 0x76, 0x78, 0x87, 0x77, 0x80, 0x87, 0x5f, 0x08, 0x87, 0x71,
    0x18, 0x87, 0x72, 0x98, 0x87, 0x79, 0x98, 0x81, 0x2c, 0xee, 0xf0, 0x0e, 0xee, 0xe0, 0x0e, 0xf5,
    0xc0, 0x0e, 0xec, 0x30, 0x03, 0x62, 0xc8, 0xa1, 0x1c, 0xe4, 0xa1, 0x1c, 0xcc, 0xa1, 0x1c, 0xe4,
    0xa1, 0x1c, 0xdc, 0x61, 0x1c, 0xca, 0x21, 0x1c, 0xc4, 0x81, 0x1d, 0xca, 0x61, 0x06, 0xd6, 0x90,
    0x43, 0x39, 0xc8, 0x43, 0x39, 0x98, 0x43, 0x39, 0xc8, 0x43, 0x39, 0xb8, 0xc3, 0x38, 0x94, 0x43,
    0x38, 0x88, 0x03, 0x3b, 0x94, 0xc3, 0x2f, 0xbc, 0x83, 0x3c, 0xfc, 0x82, 0x3b, 0xd4, 0x03, 0x3b,
    0xb0, 0xc3, 0x8c, 0xc8, 0x21, 0x07, 0x7c, 0x70, 0x03, 0x72, 0x10, 0x87, 0x73, 0x70, 0x03, 0x7b,
    0x08, 0x07, 0x79, 0x60, 0x87, 0x70, 0xc8, 0x87, 0x77, 0xa8, 0x07, 0x7a, 0x98, 0x81, 0x3c, 0xe4,
    0x80, 0x0f, 0x6e, 0x40, 0x0f, 0xe5, 0xd0, 0x0e, 0xf0, 0x00, 0x00, 0x00, 0x71, 0x20, 0x00, 0x00,
    0x1d, 0x00, 0x00, 0x00, 0x56, 0xb0, 0x0d, 0x97, 0xef, 0x3c, 0xbe, 0x10, 0x50, 0x45, 0x41, 0x44,
    0xa5, 0x03, 0x0c, 0x25, 0x61, 0x00, 0x02, 0xe6, 0x17, 0xb7, 0x6d, 0x06, 0xd2, 0x70, 0xf9, 0xce,
    0xe3, 0x0b, 0x11, 0x01, 0x4c, 0x44, 0x08, 0x34, 0xc3, 0x42, 0x58, 0xc0, 0x34, 0x5c, 0xbe, 0xf3,
    0xf8, 0x8b, 0x03, 0x0c, 0x62, 0xf3, 0x50, 0x93, 0x5f, 0xdc, 0xb6, 0x09, 0x4c, 0xc3, 0xe5, 0x3b,
    0x8f, 0xbf, 0x38, 0xc0, 0x20, 0x36, 0x0f, 0x35, 0xf9, 0xc8, 0x6d, 0xdb, 0x40, 0x35, 0x5c, 0xbe,
    0xf3, 0xf8, 0xd2, 0xe4, 0x44, 0x04, 0x4a, 0x4d, 0x0f, 0x35, 0xf9, 0xc5, 0x6d, 0x1b, 0x41, 0x35,
    0x5c, 0xbe, 0xf3, 0xf8, 0xd2, 0xe4, 0x44, 0x04, 0x4a, 0x4d, 0x0f, 0x35, 0xf9, 0xc8, 0x6d, 0x1b,
    0xc0, 0x51, 0x49, 0xff, 0xe3, 0x2c, 0x18, 0x00, 0x00, 0x00, 0x00, 0x00, 0x48, 0x41, 0x53, 0x48,
    0x14, 0x00, 0x00, 0x00, 0x00, 0x00, 0x00, 0x00, 0x9c, 0x60, 0x7b, 0xef, 0xfa, 0xc4, 0xa1, 0xcd,
    0x52, 0x77, 0xea, 0xad, 0xe5, 0xdd, 0xbe, 0x7e, 0x44, 0x58, 0x49, 0x4c, 0x90, 0x08, 0x00, 0x00,
    0x60, 0x00, 0x01, 0x00, 0x24, 0x02, 0x00, 0x00, 0x44, 0x58, 0x49, 0x4c, 0x00, 0x01, 0x00, 0x00,
    0x10, 0x00, 0x00, 0x00, 0x78, 0x08, 0x00, 0x00, 0x42, 0x43, 0xc0, 0xde, 0x21, 0x0c, 0x00, 0x00,
    0x1b, 0x02, 0x00, 0x00, 0x0b, 0x82, 0x20, 0x00, 0x02, 0x00, 0x00, 0x00, 0x13, 0x00, 0x00, 0x00,
    0x07, 0x81, 0x23, 0x91, 0x41, 0xc8, 0x04, 0x49, 0x06, 0x10, 0x32, 0x39, 0x92, 0x01, 0x84, 0x0c,
    0x25, 0x05, 0x08, 0x19, 0x1e, 0x04, 0x8b, 0x62, 0x80, 0x14, 0x45, 0x02, 0x42, 0x92, 0x0b, 0x42,
    0xa4, 0x10, 0x32, 0x14, 0x38, 0x08, 0x18, 0x4b, 0x0a, 0x32, 0x52, 0x88, 0x48, 0x90, 0x14, 0x20,
    0x43, 0x46, 0x88, 0xa5, 0x00, 0x19, 0x32, 0x42, 0xe4, 0x48, 0x0e, 0x90, 0x91, 0x22, 0xc4, 0x50,
    0x41, 0x51, 0x81, 0x8c, 0xe1, 0x83, 0xe5, 0x8a, 0x04, 0x29, 0x46, 0x06, 0x51, 0x18, 0x00, 0x00,
    0x08, 0x00, 0x00, 0x00, 0x1b, 0x8c, 0xe0, 0xff, 0xff, 0xff, 0xff, 0x07, 0x40, 0x02, 0xa8, 0x0d,
    0x84, 0xf0, 0xff, 0xff, 0xff, 0xff, 0x03, 0x20, 0x6d, 0x30, 0x86, 0xff, 0xff, 0xff, 0xff, 0x1f,
    0x00, 0x09, 0xa8, 0x00, 0x49, 0x18, 0x00, 0x00, 0x03, 0x00, 0x00, 0x00, 0x13, 0x82, 0x60, 0x42,
    0x20, 0x4c, 0x08, 0x06, 0x00, 0x00, 0x00, 0x00, 0x89, 0x20, 0x00, 0x00, 0x26, 0x00, 0x00, 0x00,
    0x32, 0x22, 0x48, 0x09, 0x20, 0x64, 0x85, 0x04, 0x93, 0x22, 0xa4, 0x84, 0x04, 0x93, 0x22, 0xe3,
    0x84, 0xa1, 0x90, 0x14, 0x12, 0x4c, 0x8a, 0x8c, 0x0b, 0x84, 0xa4, 0x4c, 0x10, 0x70, 0x23, 0x00,
    0x25, 0x00, 0x14, 0x66, 0x00, 0xe6, 0x08, 0xc0, 0x60, 0x8e, 0x00, 0x29, 0xc6, 0x20, 0x84, 0x14,
    0x42, 0xa6, 0x18, 0x84, 0x10, 0x52, 0x08, 0xa1, 0x62, 0x00, 0x42, 0x48, 0x19, 0xa4, 0x8a, 0x01,
    0x08, 0x21, 0x85, 0x10, 0x3b, 0x6a, 0xb8, 0xfc, 0x09, 0x7b, 0x08, 0xc9, 0xe7, 0x36, 0xaa, 0x58,
    0x89, 0xc9, 0x2f, 0x6e, 0x1b, 0x11, 0x63, 0x8c, 0x41, 0xe5, 0x9e, 0xe1, 0xf2, 0x27, 0xec, 0x21,
    0x24, 0x3f, 0x04, 0x9a, 0x61, 0x21, 0x50, 0xf0, 0x0a, 0xe1, 0x08, 0x24, 0x14, 0xe7, 0x08, 0x82,
    0x62, 0x40, 0x52, 0x08, 0x99, 0x44, 0x07, 0x02, 0x86, 0x11, 0x84, 0xe1, 0x1a, 0x69, 0x8a, 0x28,
    0x61, 0xf2, 0x59, 0x21, 0x22, 0x88, 0x06, 0x09, 0xf7, 0x5e, 0xc2, 0x0a, 0x11, 0x41, 0x34, 0xee,
    0x86, 0xa2, 0x00, 0x53, 0x4e, 0x0c, 0x02, 0x00, 0x13, 0x14, 0x72, 0xc0, 0x87, 0x74, 0x60, 0x87,
    0x36, 0x68, 0x87, 0x79, 0x68, 0x03, 0x72, 0xc0, 0x87, 0x0d, 0xaf, 0x50, 0x0e, 0x6d, 0xd0, 0x0e,
    0x7a, 0x50, 0x0e, 0x6d, 0x00, 0x0f, 0x7a, 0x30, 0x07, 0x72, 0xa0, 0x07, 0x73, 0x20, 0x07, 0x6d,
    0x90, 0x0e, 0x71, 0xa0, 0x07, 0x73, 0x20, 0x07, 0x6d, 0x90, 0x0e, 0x78, 0xa0, 0x07, 0x73, 0x20,
    0x07, 0x6d, 0x90, 0x0e, 0x71, 0x60, 0x07, 0x7a, 0x30, 0x07, 0x72, 0xd0, 0x06, 0xe9, 0x30, 0x07,
    0x72, 0xa0, 0x07, 0x73, 0x20, 0x07, 0x6d, 0x90, 0x0e, 0x76, 0x40, 0x07, 0x7a, 0x60, 0x07, 0x74,
    0xd0, 0x06, 0xe6, 0x10, 0x07, 0x76, 0xa0, 0x07, 0x73, 0x20, 0x07, 0x6d, 0x60, 0x0e, 0x73, 0x20,
    0x07, 0x7a, 0x30, 0x07, 0x72, 0xd0, 0x06, 0xe6, 0x60, 0x07, 0x74, 0xa0, 0x07, 0x76, 0x40, 0x07,
    0x6d, 0xe0, 0x0e, 0x78, 0xa0, 0x07, 0x71, 0x60, 0x07, 0x7a, 0x30, 0x07, 0x72, 0xa0, 0x07, 0x76,
    0x40, 0x07, 0x43, 0x9e, 0x00, 0x00, 0x00, 0x00, 0x00, 0x00, 0x00, 0x00, 0x00, 0x00, 0x00, 0x86,
    0x3c, 0x06, 0x10, 0x00, 0x01, 0x00, 0x00, 0x00, 0x00, 0x00, 0x00, 0x00, 0x0c, 0x79, 0x10, 0x20,
    0x00, 0x02, 0x00, 0x00, 0x00, 0x00, 0x00, 0x00, 0x00, 0x18, 0xf2, 0x28, 0x40, 0x00, 0x08, 0x00,
    0x00, 0x00, 0x00, 0x00, 0x00, 0x00, 0x30, 0xe4, 0x61, 0x80, 0x00, 0x10, 0x00, 0x00, 0x00, 0x00,
    0x00, 0x00, 0x00, 0x60, 0xc8, 0x13, 0x01, 0x01, 0x30, 0x00, 0x00, 0x00, 0x00, 0x00, 0x00, 0x00,
    0xc0, 0x90, 0x87, 0x02, 0x02, 0x60, 0x00, 0x00, 0x00, 0x00, 0x00, 0x00, 0x00, 0x80, 0x2c, 0x10,
    0x16, 0x00, 0x00, 0x00, 0x32, 0x1e, 0x98, 0x14, 0x19, 0x11, 0x4c, 0x90, 0x8c, 0x09, 0x26, 0x47,
    0xc6, 0x04, 0x43, 0x22, 0x25, 0x30, 0x02, 0x50, 0x12, 0xc5, 0x50, 0x20, 0x65, 0x50, 0x04, 0xe5,
    0x50, 0x1e, 0x85, 0x50, 0x0a, 0x54, 0x4a, 0x62, 0x04, 0xa0, 0x08, 0x4a, 0xa0, 0x0c, 0x0a, 0xa1,
    0x14, 0x48, 0xcf, 0x00, 0xd0, 0x1e, 0x0b, 0xb3, 0xa4, 0x40, 0x00, 0x00, 0x02, 0x00, 0x00, 0x08,
    0x0c, 0x40, 0x01, 0x00, 0x11, 0x10, 0x02, 0xc1, 0x00, 0x04, 0x05, 0x10, 0x24, 0x40, 0x10, 0x01,
    0x41, 0x08, 0x04, 0xc1, 0x00, 0x04, 0x41, 0x01, 0x04, 0x41, 0x02, 0x00, 0x79, 0x18, 0x00, 0x00,
    0x7b, 0x00, 0x00, 0x00, 0x1a, 0x03, 0x4c, 0x90, 0x46, 0x02, 0x13, 0xc4, 0x8e, 0x0c, 0x6f, 0xec,
    0xed, 0x4d, 0x0c, 0x24, 0xc6, 0x25, 0xc7, 0x45, 0xc6, 0x06, 0x26, 0xc7, 0xa5, 0x06, 0x04, 0x05,
    0x26, 0x46, 0xcc, 0x46, 0x26, 0x8c, 0x8c, 0xe6, 0x26, 0x65, 0x43, 0x10, 0x4c, 0x10, 0x88, 0x63,
    0x82, 0x40, 0x20, 0x1b, 0x84, 0x81, 0x98, 0x20, 0x10, 0xc9, 0x06, 0x61, 0x30, 0x28, 0xd8, 0xcd,
    0x4d, 0x10, 0x08, 0x65, 0xc3, 0x80, 0x24, 0xc4, 0x04, 0x41, 0xcb, 0x08, 0x4c, 0x10, 0x88, 0x65,
    0x03, 0x42, 0x2c, 0xcc, 0x40, 0x0c, 0x0d, 0xb0, 0x21, 0x70, 0x36, 0x10, 0x00, 0xf0, 0x00, 0x13,
    0x84, 0x4d, 0xdb, 0x10, 0x44, 0x13, 0x04, 0x01, 0xe0, 0x61, 0x37, 0xf7, 0x05, 0xf7, 0xc6, 0x96,
    0x47, 0x84, 0xaa, 0x08, 0x6b, 0xe8, 0xe9, 0x49, 0x8a, 0x68, 0x82, 0x50, 0x48, 0x13, 0x84, 0x62,
    0xda, 0x10, 0x10, 0x13, 0x84, 0x82, 0x9a, 0x20, 0x10, 0xcc, 0x06, 0x41, 0xd3, 0x36, 0x2c, 0x44,
    0x65, 0x5d, 0xd8, 0x35, 0x64, 0xc4, 0xb5, 0x6d, 0x08, 0x86, 0x09, 0x42, 0x51, 0x6d, 0x10, 0xb4,
    0x61, 0xc3, 0x32, 0x54, 0xd6, 0xd5, 0x5d, 0x83, 0x37, 0x5c, 0xdf, 0x04, 0x81, 0x68, 0x36, 0x04,
    0x61, 0x30, 0x41, 0x28, 0xac, 0x09, 0x02, 0xe1, 0x6c, 0x10, 0x34, 0x32, 0xd8, 0xb0, 0x84, 0x41,
    0x65, 0x5d, 0x62, 0x70, 0x0d, 0x63, 0x10, 0x06, 0x57, 0x19, 0x6c, 0x08, 0xb4, 0x09, 0x42, 0x71,
    0x4d, 0x10, 0x88, 0x67, 0x83, 0xa0, 0xa5, 0xc1, 0x86, 0x45, 0xab, 0xac, 0xeb, 0x0c, 0xae, 0x01,
    0x0d, 0xb4, 0x4b, 0x0d, 0x26, 0x08, 0x04, 0x34, 0x41, 0x28, 0xb0, 0x0d, 0x01, 0x1b, 0x6c, 0x58,
    0xd8, 0xa0, 0x6a, 0x83, 0xcb, 0x0d, 0xae, 0x01, 0x0d, 0xd8, 0xe0, 0x52, 0x83, 0x09, 0x02, 0x11,
    0x6d, 0x08, 0xe0, 0x60, 0xc3, 0x02, 0x07, 0x55, 0x1b, 0x5c, 0x71, 0x70, 0x0d, 0x19, 0x1c, 0x5c,
    0xdb, 0x06, 0x83, 0x03, 0x03, 0x33, 0x58, 0x83, 0x37, 0x90, 0x03, 0x2e, 0x53, 0x56, 0x5f, 0x50,
    0x6f, 0x73, 0x69, 0x74, 0x69, 0x6f, 0x6e, 0x1b, 0x16, 0x82, 0x0e, 0xac, 0x31, 0xc0, 0xd0, 0x60,
    0x40, 0x03, 0xe2, 0x52, 0x83, 0x0d, 0xcb, 0x50, 0x59, 0x17, 0x86, 0x06, 0xc3, 0x18, 0x0c, 0x57,
    0x19, 0x6c, 0x58, 0xc2, 0xa0, 0xb2, 0xae, 0xce, 0x1b, 0xd0, 0x20, 0x0c, 0x2e, 0x35, 0xd8, 0xb0,
    0x68, 0x55, 0x1b, 0x5c, 0x62, 0xe0, 0x0d, 0x68, 0xa0, 0x5d, 0x6a, 0xb0, 0x61, 0x61, 0x83, 0xaa,
    0x0d, 0xae, 0x33, 0xf0, 0x86, 0x8c, 0x0d, 0xae, 0x6d, 0x43, 0x51, 0x07, 0x76, 0x70, 0x07, 0x78,
    0x90, 0x07, 0x1b, 0x86, 0x39, 0xd0, 0x03, 0x60, 0x43, 0x31, 0x51, 0x7b, 0x00, 0x01, 0x55, 0xd8,
    0xd8, 0xec, 0xda, 0x5c, 0xd2, 0xc8, 0xca, 0xdc, 0xe8, 0xa6, 0x04, 0x41, 0x15, 0x32, 0x3c, 0x17,
    0xbb, 0x32, 0xb9, 0xb9, 0xb4, 0x37, 0xb7, 0x29, 0x01, 0xd1, 0x84, 0x0c, 0xcf, 0xc5, 0x2e, 0x8c,
    0xcd, 0xae, 0x4c, 0x6e, 0x4a, 0x60, 0xd4, 0x21, 0xc3, 0x73, 0x99, 0x43, 0x0b, 0x23, 0x2b, 0x93,
    0x6b, 0x7a, 0x23, 0x2b, 0x63, 0x9b, 0x12, 0x24, 0x65, 0xc8, 0xf0, 0x5c, 0xe4, 0xca, 0xe6, 0xde,
    0xea, 0xe4, 0xc6, 0xca, 0xe6, 0xa6, 0x04, 0x4f, 0x1d, 0x32, 0x3c, 0x17, 0xbb, 0xb4, 0xb2, 0xbb,
    0x24, 0xb2, 0x29, 0xba, 0x30, 0xba, 0xb2, 0x29, 0x41, 0x54, 0x87, 0x0c, 0xcf, 0xa5, 0xcc, 0x8d,
    0x4e, 0x2e, 0x0f, 0xea, 0x2d, 0xcd, 0x8d, 0x6e, 0x6e, 0x4a, 0xb0, 0x07, 0x00, 0x00, 0x00, 0x00,
    0x79, 0x18, 0x00, 0x00, 0x4c, 0x00, 0x00, 0x00, 0x33, 0x08, 0x80, 0x1c, 0xc4, 0xe1, 0x1c, 0x66,
    0x14, 0x01, 0x3d, 0x88, 0x43, 0x38, 0x84, 0xc3, 0x8c, 0x42, 0x80, 0x07, 0x79, 0x78, 0x07, 0x73,
    0x98, 0x71, 0x0c, 0xe6, 0x00, 0x0f, 0xed, 0x10, 0x0e, 0xf4, 0x80, 0x0e, 0x33, 0x0c, 0x42, 0x1e,
    0xc2, 0xc1, 0x1d, 0xce, 0xa1, 0x1c, 0x66, 0x30, 0x05, 0x3d, 0x88, 0x43, 0x38, 0x84, 0x83, 0x1b,
    0xcc, 0x03, 0x3d, 0xc8, 0x43, 0x3d, 0x8c, 0x03, 0x3d, 0xcc, 0x78, 0x8c, 0x74, 0x70, 0x07, 0x7b,
    0x08, 0x07, 0x79, 0x48, 0x87, 0x70, 0x70, 0x07, 0x7a, 0x70, 0x03, 0x76, 0x78, 0x87, 0x70, 0x20,
    0x87, 0x19, 0xcc, 0x11, 0x0e, 0xec, 0x90, 0x0e, 0xe1, 0x30, 0x0f, 0x6e, 0x30, 0x0f, 0xe3, 0xf0,
    0x0e, 0xf0, 0x50, 0x0e, 0x33, 0x10, 0xc4, 0x1d, 0xde, 0x21, 0x1c, 0xd8, 0x21, 0x1d, 0xc2, 0x61,
    0x1e, 0x66, 0x30, 0x89, 0x3b, 0xbc, 0x83, 0x3b, 0xd0, 0x43, 0x39, 0xb4, 0x03, 0x3c, 0xbc, 0x83,
    0x3c, 0x84, 0x03, 0x3b, 0xcc, 0xf0, 0x14, 0x76, 0x60, 0x07, 0x7b, 0x68, 0x07, 0x37, 0x68, 0x87,
    0x72, 0x68, 0x07, 0x37, 0x80, 0x87, 0x70, 0x90, 0x87, 0x70, 0x60, 0x07, 0x76, 0x28, 0x07, 0x76,
    0xf8, 0x05, 0x76, 0x78, 0x87, 0x77, 0x80, 0x87, 0x5f, 0x08, 0x87, 0x71, 0x18, 0x87, 0x72, 0x98,
    0x87, 0x79, 0x98, 0x81, 0x2c, 0xee, 0xf0, 0x0e, 0xee, 0xe0, 0x0e, 0xf5, 0xc0, 0x0e, 0xec, 0x30,
    0x03, 0x62, 0xc8, 0xa1, 0x1c, 0xe4, 0xa1, 0x1c, 0xcc, 0xa1, 0x1c, 0xe4, 0xa1, 0x1c, 0xdc, 0x61,
    0x1c, 0xca, 0x21, 0x1c, 0xc4, 0x81, 0x1d, 0xca, 0x61, 0x06, 0xd6, 0x90, 0x43, 0x39, 0xc8, 0x43,
    0x39, 0x98, 0x43, 0x39, 0xc8, 0x43, 0x39, 0xb8, 0xc3, 0x38, 0x94, 0x43, 0x38, 0x88, 0x03, 0x3b,
    0x94, 0xc3, 0x2f, 0xbc, 0x83, 0x3c, 0xfc, 0x82, 0x3b, 0xd4, 0x03, 0x3b, 0xb0, 0xc3, 0x8c, 0xc8,
    0x21, 0x07, 0x7c, 0x70, 0x03, 0x72, 0x10, 0x87, 0x73, 0x70, 0x03, 0x7b, 0x08, 0x07, 0x79, 0x60,
    0x87, 0x70, 0xc8, 0x87, 0x77, 0xa8, 0x07, 0x7a, 0x98, 0x81, 0x3c, 0xe4, 0x80, 0x0f, 0x6e, 0x40,
    0x0f, 0xe5, 0xd0, 0x0e, 0xf0, 0x00, 0x00, 0x00, 0x71, 0x20, 0x00, 0x00, 0x1d, 0x00, 0x00, 0x00,
    0x56, 0xb0, 0x0d, 0x97, 0xef, 0x3c, 0xbe, 0x10, 0x50, 0x45, 0x41, 0x44, 0xa5, 0x03, 0x0c, 0x25,
    0x61, 0x00, 0x02, 0xe6, 0x17, 0xb7, 0x6d, 0x06, 0xd2, 0x70, 0xf9, 0xce, 0xe3, 0x0b, 0x11, 0x01,
    0x4c, 0x44, 0x08, 0x34, 0xc3, 0x42, 0x58, 0xc0, 0x34, 0x5c, 0xbe, 0xf3, 0xf8, 0x8b, 0x03, 0x0c,
    0x62, 0xf3, 0x50, 0x93, 0x5f, 0xdc, 0xb6, 0x09, 0x4c, 0xc3, 0xe5, 0x3b, 0x8f, 0xbf, 0x38, 0xc0,
    0x20, 0x36, 0x0f, 0x35, 0xf9, 0xc8, 0x6d, 0xdb, 0x40, 0x35, 0x5c, 0xbe, 0xf3, 0xf8, 0xd2, 0xe4,
    0x44, 0x04, 0x4a, 0x4d, 0x0f, 0x35, 0xf9, 0xc5, 0x6d, 0x1b, 0x41, 0x35, 0x5c, 0xbe, 0xf3, 0xf8,
    0xd2, 0xe4, 0x44, 0x04, 0x4a, 0x4d, 0x0f, 0x35, 0xf9, 0xc8, 0x6d, 0x1b, 0xc0, 0x51, 0x49, 0xff,
    0xe3, 0x2c, 0x18, 0x00, 0x61, 0x20, 0x00, 0x00, 0x90, 0x00, 0x00, 0x00, 0x13, 0x04, 0x41, 0x2c,
    0x10, 0x00, 0x00, 0x00, 0x08, 0x00, 0x00, 0x00, 0x34, 0x47, 0x00, 0x88, 0x94, 0x5d, 0xc9, 0xcd,
    0x00, 0xd0, 0x18, 0x23, 0x00, 0x41, 0x10, 0xc4, 0x7f, 0x61, 0x8c, 0x00, 0x04, 0x41, 0x10, 0xff,
    0xc6, 0x08, 0x40, 0x10, 0x04, 0x41, 0x30, 0x00, 0x23, 0x06, 0x09, 0x00, 0x82, 0x60, 0x40, 0x71,
    0x85, 0xa3, 0x69, 0xc7, 0x88, 0x41, 0x02, 0x80, 0x20, 0x18, 0x20, 0x61, 0x30, 0x49, 0x1b, 0x54,
    0x8c, 0x18, 0x24, 0x00, 0x08, 0x82, 0x01, 0x22, 0x06, 0xd4, 0xc4, 0x3d, 0xc6, 0x88, 0x41, 0x02,
    0x80, 0x20, 0x18, 0x20, 0x63, 0x50, 0x55, 0x9d, 0x74, 0x8c, 0x18, 0x24, 0x00, 0x08, 0x82, 0x01,
    0x42, 0x06, 0x96, 0xe5, 0x45, 0xc8, 0x88, 0x41, 0x02, 0x80, 0x20, 0x18, 0x20, 0x65, 0x70, 0x5d,
    0xdf, 0x94, 0x8c, 0x18, 0x24, 0x00, 0x08, 0x82, 0x01, 0x62, 0x06, 0x18, 0x06, 0x06, 0x92, 0x32,
    0x62, 0x90, 0x00, 0x20, 0x08, 0x06, 0x06, 0x1a, 0x64, 0x5d, 0x18, 0x58, 0xcb, 0x88, 0x41, 0x02,
    0x80, 0x20, 0x18, 0x18, 0x69, 0xa0, 0x79, 0x62, 0x50, 0x31, 0x23, 0x06, 0x09, 0x00, 0x82, 0x60,
    0x60, 0xa8, 0xc1, 0xf6, 0x8d, 0xc1, 0xd5, 0x8c, 0x18, 0x24, 0x00, 0x08, 0x82, 0x81, 0xb1, 0x06,
    0x1c, 0x18, 0x90, 0x81, 0xe5, 0x8c, 0x18, 0x24, 0x00, 0x08, 0x82, 0x81, 0xc1, 0x06, 0x1d, 0x18,
    0x94, 0x81, 0xf6, 0x8c, 0x18, 0x24, 0x00, 0x08, 0x82, 0x81, 0xd1, 0x06, 0x5e, 0x18, 0x98, 0x41,
    0x06, 0x8d, 0x18, 0x24, 0x00, 0x08, 0x82, 0x81, 0xe1, 0x06, 0x9f, 0x18, 0x9c, 0xc1, 0x16, 0x8d,
    0x18, 0x24, 0x00, 0x08, 0x82, 0x81, 0xf1, 0x06, 0x60, 0x90, 0x06, 0x68, 0xd0, 0x49, 0x23, 0x06,
    0x09, 0x00, 0x82, 0x60, 0x60, 0xc0, 0x41, 0x18, 0xa4, 0x41, 0x1a, 0x78, 0xd3, 0x88, 0x41, 0x02,
    0x80, 0x20, 0x18, 0x18, 0x71, 0x20, 0x06, 0x6a, 0xa0, 0x06, 0x1d, 0x35, 0x62, 0x70, 0x00, 0x20,
    0x08, 0x06, 0x91, 0x1b, 0x5c, 0xd1, 0x1a, 0x8c, 0x26, 0x04, 0x80, 0x11, 0x01, 0x7d, 0x2c, 0xa8,
    0xe4, 0x63, 0x01, 0x06, 0x9f, 0xd1, 0x84, 0x22, 0xb0, 0x23, 0xa0, 0x8f, 0x05, 0x99, 0x7c, 0x6c,
    0x0b, 0xe2, 0x33, 0x62, 0x90, 0x00, 0x20, 0x08, 0x06, 0x4a, 0x1e, 0xac, 0x01, 0x1d, 0xd0, 0x41,
    0x1a, 0x14, 0x23, 0x06, 0x09, 0x00, 0x82, 0x60, 0xa0, 0xe4, 0xc1, 0x1a, 0xd0, 0x01, 0x1d, 0x9c,
    0x41, 0x30, 0x62, 0x90, 0x00, 0x20, 0x08, 0x06, 0x4a, 0x1e, 0xac, 0x01, 0x1d, 0xd0, 0x01, 0x1a,
    0x30, 0x23, 0x06, 0x09, 0x00, 0x82, 0x60, 0xa0, 0xe4, 0xc1, 0x1a, 0xd0, 0x01, 0x1d, 0x98, 0x01,
    0x37, 0x62, 0x90, 0x00, 0x20, 0x08, 0x06, 0x4a, 0x1e, 0xac, 0x41, 0x1d, 0xd0, 0x41, 0x1a, 0x3c,
    0x23, 0x06, 0x09, 0x00, 0x82, 0x60, 0xa0, 0xe4, 0xc1, 0x1a, 0xd4, 0x01, 0x1d, 0x9c, 0x81, 0x33,
    0x62, 0x90, 0x00, 0x20, 0x08, 0x06, 0x4a, 0x1e, 0xac, 0x41, 0x1d, 0xd0, 0x01, 0x1a, 0x34, 0x23,
    0x06, 0x09, 0x00, 0x82, 0x60, 0xa0, 0xe4, 0xc1, 0x1a, 0xbc, 0x01, 0x1d, 0xa4, 0xc1, 0x34, 0x62,
    0x90, 0x00, 0x20, 0x08, 0x06, 0x4a, 0x1e, 0xac, 0xc1, 0x1b, 0xd0, 0xc1, 0x19, 0x48, 0x23, 0x06,
    0x09, 0x00, 0x82, 0x60, 0xa0, 0xe4, 0xc1, 0x1a, 0xbc, 0x01, 0x1d, 0xa0, 0x41, 0x34, 0x62, 0x90,
    0x00, 0x20, 0x08, 0x06, 0x4a, 0x1e, 0xac, 0xc1, 0x1b, 0xd0, 0x81, 0x19, 0x40, 0x23, 0x06, 0x09,
    0x00, 0x82, 0x60, 0xc0, 0xe0, 0xc1, 0x1a, 0xc0, 0x01, 0x1d, 0xa4, 0xc1, 0x35, 0x62, 0x90, 0x00,
    0x20, 0x08, 0x06, 0x0c, 0x1e, 0xac, 0x01, 0x1c, 0xd0, 0xc1, 0x19, 0x58, 0x23, 0x06, 0x09, 0x00,
    0x82, 0x60, 0xc0, 0xe0, 0xc1, 0x1a, 0xc0, 0x01, 0x1d, 0xa0, 0x41, 0x35, 0x62, 0x90, 0x00, 0x20,
    0x08, 0x06, 0x0c, 0x1e, 0xac, 0x01, 0x1c, 0xd0, 0x81, 0x19, 0x50, 0x23, 0x06, 0x09, 0x00, 0x82,
    0x60, 0xc0, 0xe0, 0xc1, 0x1a, 0xb0, 0x01, 0x1d, 0xa4, 0x41, 0x36, 0x62, 0x90, 0x00, 0x20, 0x08,
    0x06, 0x0c, 0x1e, 0xac, 0x01, 0x1b, 0xd0, 0xc1, 0x19, 0x60, 0x08, 0x00, 0x00, 0x00, 0x00, 0x00
};

static const char k_vs_poly_msl[] =
    "#include <metal_stdlib>\n"
    "#include <simd/simd.h>\n"
    "\n"
    "using namespace metal;\n"
    "\n"
    "struct Screen\n"
    "{\n"
    "    float2 size;\n"
    "    float2 pad;\n"
    "};\n"
    "\n"
    "struct type_ScreenUBO\n"
    "{\n"
    "    Screen screen;\n"
    "};\n"
    "\n"
    "struct main0_out\n"
    "{\n"
    "    float3 out_var_TEXCOORD0 [[user(locn0)]];\n"
    "    float4 out_var_TEXCOORD1 [[user(locn1)]];\n"
    "    uint4 out_var_TEXCOORD2 [[user(locn2)]];\n"
    "    uint2 out_var_TEXCOORD3 [[user(locn3)]];\n"
    "    float4 gl_Position [[position]];\n"
    "};\n"
    "\n"
    "struct main0_in\n"
    "{\n"
    "    float2 in_var_TEXCOORD0 [[attribute(0)]];\n"
    "    float in_var_TEXCOORD1 [[attribute(1)]];\n"
    "    float3 in_var_TEXCOORD2 [[attribute(2)]];\n"
    "    float4 in_var_TEXCOORD3 [[attribute(3)]];\n"
    "    uint4 in_var_TEXCOORD4 [[attribute(4)]];\n"
    "    uint2 in_var_TEXCOORD5 [[attribute(5)]];\n"
    "};\n"
    "\n"
    "vertex main0_out main0(main0_in in [[stage_in]], constant type_ScreenUBO& ScreenUBO [[buffer(0)]])\n"
    "{\n"
    "    main0_out out = {};\n"
    "    out.gl_Position = float4(((in.in_var_TEXCOORD0.x / ScreenUBO.screen.size.x) * 2.0) - 1.0, 1.0 - ((in.in_var_TEXCOORD0.y / ScreenUBO.screen.size.y) * 2.0), in.in_var_TEXCOORD1, 1.0);\n"
    "    out.out_var_TEXCOORD0 = in.in_var_TEXCOORD2;\n"
    "    out.out_var_TEXCOORD1 = in.in_var_TEXCOORD3;\n"
    "    out.out_var_TEXCOORD2 = in.in_var_TEXCOORD4;\n"
    "    out.out_var_TEXCOORD3 = in.in_var_TEXCOORD5;\n"
    "    return out;\n"
    "}\n"
    "\n"
    "";

static const unsigned char k_ps_poly_spv[] = {
    0x03, 0x02, 0x23, 0x07, 0x00, 0x00, 0x01, 0x00, 0x00, 0x00, 0x0e, 0x00, 0x8c, 0x05, 0x00, 0x00,
    0x00, 0x00, 0x00, 0x00, 0x11, 0x00, 0x02, 0x00, 0x01, 0x00, 0x00, 0x00, 0x0b, 0x00, 0x06, 0x00,
    0x01, 0x00, 0x00, 0x00, 0x47, 0x4c, 0x53, 0x4c, 0x2e, 0x73, 0x74, 0x64, 0x2e, 0x34, 0x35, 0x30,
    0x00, 0x00, 0x00, 0x00, 0x0e, 0x00, 0x03, 0x00, 0x00, 0x00, 0x00, 0x00, 0x01, 0x00, 0x00, 0x00,
    0x0f, 0x00, 0x0b, 0x00, 0x04, 0x00, 0x00, 0x00, 0x02, 0x00, 0x00, 0x00, 0x6d, 0x61, 0x69, 0x6e,
    0x00, 0x00, 0x00, 0x00, 0x03, 0x00, 0x00, 0x00, 0x04, 0x00, 0x00, 0x00, 0x05, 0x00, 0x00, 0x00,
    0x06, 0x00, 0x00, 0x00, 0x07, 0x00, 0x00, 0x00, 0x08, 0x00, 0x00, 0x00, 0x10, 0x00, 0x03, 0x00,
    0x02, 0x00, 0x00, 0x00, 0x07, 0x00, 0x00, 0x00, 0x03, 0x00, 0x03, 0x00, 0x05, 0x00, 0x00, 0x00,
    0x58, 0x02, 0x00, 0x00, 0x05, 0x00, 0x09, 0x00, 0x09, 0x00, 0x00, 0x00, 0x74, 0x79, 0x70, 0x65,
    0x2e, 0x53, 0x74, 0x72, 0x75, 0x63, 0x74, 0x75, 0x72, 0x65, 0x64, 0x42, 0x75, 0x66, 0x66, 0x65,
    0x72, 0x2e, 0x75, 0x69, 0x6e, 0x74, 0x00, 0x00, 0x05, 0x00, 0x04, 0x00, 0x0a, 0x00, 0x00, 0x00,
    0x74, 0x65, 0x78, 0x72, 0x61, 0x6d, 0x00, 0x00, 0x05, 0x00, 0x04, 0x00, 0x0b, 0x00, 0x00, 0x00,
    0x6c, 0x75, 0x6d, 0x61, 0x72, 0x61, 0x6d, 0x00, 0x05, 0x00, 0x04, 0x00, 0x0c, 0x00, 0x00, 0x00,
    0x78, 0x6c, 0x61, 0x74, 0x00, 0x00, 0x00, 0x00, 0x05, 0x00, 0x05, 0x00, 0x0d, 0x00, 0x00, 0x00,
    0x6c, 0x6f, 0x67, 0x32, 0x5f, 0x74, 0x61, 0x62, 0x6c, 0x65, 0x00, 0x00, 0x05, 0x00, 0x07, 0x00,
    0x04, 0x00, 0x00, 0x00, 0x69, 0x6e, 0x2e, 0x76, 0x61, 0x72, 0x2e, 0x54, 0x45, 0x58, 0x43, 0x4f,
    0x4f, 0x52, 0x44, 0x30, 0x00, 0x00, 0x00, 0x00, 0x05, 0x00, 0x07, 0x00, 0x05, 0x00, 0x00, 0x00,
    0x69, 0x6e, 0x2e, 0x76, 0x61, 0x72, 0x2e, 0x54, 0x45, 0x58, 0x43, 0x4f, 0x4f, 0x52, 0x44, 0x31,
    0x00, 0x00, 0x00, 0x00, 0x05, 0x00, 0x07, 0x00, 0x06, 0x00, 0x00, 0x00, 0x69, 0x6e, 0x2e, 0x76,
    0x61, 0x72, 0x2e, 0x54, 0x45, 0x58, 0x43, 0x4f, 0x4f, 0x52, 0x44, 0x32, 0x00, 0x00, 0x00, 0x00,
    0x05, 0x00, 0x07, 0x00, 0x07, 0x00, 0x00, 0x00, 0x69, 0x6e, 0x2e, 0x76, 0x61, 0x72, 0x2e, 0x54,
    0x45, 0x58, 0x43, 0x4f, 0x4f, 0x52, 0x44, 0x33, 0x00, 0x00, 0x00, 0x00, 0x05, 0x00, 0x07, 0x00,
    0x08, 0x00, 0x00, 0x00, 0x6f, 0x75, 0x74, 0x2e, 0x76, 0x61, 0x72, 0x2e, 0x53, 0x56, 0x5f, 0x54,
    0x61, 0x72, 0x67, 0x65, 0x74, 0x00, 0x00, 0x00, 0x05, 0x00, 0x04, 0x00, 0x02, 0x00, 0x00, 0x00,
    0x70, 0x73, 0x5f, 0x70, 0x6f, 0x6c, 0x79, 0x00, 0x47, 0x00, 0x04, 0x00, 0x03, 0x00, 0x00, 0x00,
    0x0b, 0x00, 0x00, 0x00, 0x0f, 0x00, 0x00, 0x00, 0x47, 0x00, 0x03, 0x00, 0x04, 0x00, 0x00, 0x00,
    0x0d, 0x00, 0x00, 0x00, 0x47, 0x00, 0x03, 0x00, 0x05, 0x00, 0x00, 0x00, 0x0e, 0x00, 0x00, 0x00,
    0x47, 0x00, 0x03, 0x00, 0x06, 0x00, 0x00, 0x00, 0x0e, 0x00, 0x00, 0x00, 0x47, 0x00, 0x03, 0x00,
    0x07, 0x00, 0x00, 0x00, 0x0e, 0x00, 0x00, 0x00, 0x47, 0x00, 0x04, 0x00, 0x04, 0x00, 0x00, 0x00,
    0x1e, 0x00, 0x00, 0x00, 0x00, 0x00, 0x00, 0x00, 0x47, 0x00, 0x04, 0x00, 0x05, 0x00, 0x00, 0x00,
    0x1e, 0x00, 0x00, 0x00, 0x01, 0x00, 0x00, 0x00, 0x47, 0x00, 0x04, 0x00, 0x06, 0x00, 0x00, 0x00,
    0x1e, 0x00, 0x00, 0x00, 0x02, 0x00, 0x00, 0x00, 0x47, 0x00, 0x04, 0x00, 0x07, 0x00, 0x00, 0x00,
    0x1e, 0x00, 0x00, 0x00, 0x03, 0x00, 0x00, 0x00, 0x47, 0x00, 0x04, 0x00, 0x08, 0x00, 0x00, 0x00,
    0x1e, 0x00, 0x00, 0x00, 0x00, 0x00, 0x00, 0x00, 0x47, 0x00, 0x04, 0x00, 0x0a, 0x00, 0x00, 0x00,
    0x22, 0x00, 0x00, 0x00, 0x02, 0x00, 0x00, 0x00, 0x47, 0x00, 0x04, 0x00, 0x0a, 0x00, 0x00, 0x00,
    0x21, 0x00, 0x00, 0x00, 0x00, 0x00, 0x00, 0x00, 0x47, 0x00, 0x04, 0x00, 0x0b, 0x00, 0x00, 0x00,
    0x22, 0x00, 0x00, 0x00, 0x02, 0x00, 0x00, 0x00, 0x47, 0x00, 0x04, 0x00, 0x0b, 0x00, 0x00, 0x00,
    0x21, 0x00, 0x00, 0x00, 0x01, 0x00, 0x00, 0x00, 0x47, 0x00, 0x04, 0x00, 0x0c, 0x00, 0x00, 0x00,
    0x22, 0x00, 0x00, 0x00, 0x02, 0x00, 0x00, 0x00, 0x47, 0x00, 0x04, 0x00, 0x0c, 0x00, 0x00, 0x00,
    0x21, 0x00, 0x00, 0x00, 0x02, 0x00, 0x00, 0x00, 0x47, 0x00, 0x04, 0x00, 0x0e, 0x00, 0x00, 0x00,
    0x06, 0x00, 0x00, 0x00, 0x04, 0x00, 0x00, 0x00, 0x48, 0x00, 0x05, 0x00, 0x09, 0x00, 0x00, 0x00,
    0x00, 0x00, 0x00, 0x00, 0x23, 0x00, 0x00, 0x00, 0x00, 0x00, 0x00, 0x00, 0x48, 0x00, 0x04, 0x00,
    0x09, 0x00, 0x00, 0x00, 0x00, 0x00, 0x00, 0x00, 0x18, 0x00, 0x00, 0x00, 0x47, 0x00, 0x03, 0x00,
    0x09, 0x00, 0x00, 0x00, 0x03, 0x00, 0x00, 0x00, 0x15, 0x00, 0x04, 0x00, 0x0f, 0x00, 0x00, 0x00,
    0x20, 0x00, 0x00, 0x00, 0x00, 0x00, 0x00, 0x00, 0x2b, 0x00, 0x04, 0x00, 0x0f, 0x00, 0x00, 0x00,
    0x10, 0x00, 0x00, 0x00, 0x10, 0x00, 0x00, 0x00, 0x15, 0x00, 0x04, 0x00, 0x11, 0x00, 0x00, 0x00,
    0x20, 0x00, 0x00, 0x00, 0x01, 0x00, 0x00, 0x00, 0x2b, 0x00, 0x04, 0x00, 0x0f, 0x00, 0x00, 0x00,
    0x12, 0x00, 0x00, 0x00, 0x00, 0x00, 0x00, 0x00, 0x2b, 0x00, 0x04, 0x00, 0x0f, 0x00, 0x00, 0x00,
    0x13, 0x00, 0x00, 0x00, 0x02, 0x00, 0x00, 0x00, 0x2b, 0x00, 0x04, 0x00, 0x0f, 0x00, 0x00, 0x00,
    0x14, 0x00, 0x00, 0x00, 0x05, 0x00, 0x00, 0x00, 0x2b, 0x00, 0x04, 0x00, 0x0f, 0x00, 0x00, 0x00,
    0x15, 0x00, 0x00, 0x00, 0x08, 0x00, 0x00, 0x00, 0x2b, 0x00, 0x04, 0x00, 0x0f, 0x00, 0x00, 0x00,
    0x16, 0x00, 0x00, 0x00, 0x0b, 0x00, 0x00, 0x00, 0x2b, 0x00, 0x04, 0x00, 0x0f, 0x00, 0x00, 0x00,
    0x17, 0x00, 0x00, 0x00, 0x0e, 0x00, 0x00, 0x00, 0x2b, 0x00, 0x04, 0x00, 0x0f, 0x00, 0x00, 0x00,
    0x18, 0x00, 0x00, 0x00, 0x13, 0x00, 0x00, 0x00, 0x2b, 0x00, 0x04, 0x00, 0x0f, 0x00, 0x00, 0x00,
    0x19, 0x00, 0x00, 0x00, 0x16, 0x00, 0x00, 0x00, 0x2b, 0x00, 0x04, 0x00, 0x0f, 0x00, 0x00, 0x00,
    0x1a, 0x00, 0x00, 0x00, 0x19, 0x00, 0x00, 0x00, 0x2b, 0x00, 0x04, 0x00, 0x0f, 0x00, 0x00, 0x00,
    0x1b, 0x00, 0x00, 0x00, 0x1b, 0x00, 0x00, 0x00, 0x2b, 0x00, 0x04, 0x00, 0x0f, 0x00, 0x00, 0x00,
    0x1c, 0x00, 0x00, 0x00, 0x1e, 0x00, 0x00, 0x00, 0x2b, 0x00, 0x04, 0x00, 0x0f, 0x00, 0x00, 0x00,
    0x1d, 0x00, 0x00, 0x00, 0x21, 0x00, 0x00, 0x00, 0x2b, 0x00, 0x04, 0x00, 0x0f, 0x00, 0x00, 0x00,
    0x1e, 0x00, 0x00, 0x00, 0x23, 0x00, 0x00, 0x00, 0x2b, 0x00, 0x04, 0x00, 0x0f, 0x00, 0x00, 0x00,
    0x1f, 0x00, 0x00, 0x00, 0x26, 0x00, 0x00, 0x00, 0x2b, 0x00, 0x04, 0x00, 0x0f, 0x00, 0x00, 0x00,
    0x20, 0x00, 0x00, 0x00, 0x28, 0x00, 0x00, 0x00, 0x2b, 0x00, 0x04, 0x00, 0x0f, 0x00, 0x00, 0x00,
    0x21, 0x00, 0x00, 0x00, 0x2b, 0x00, 0x00, 0x00, 0x2b, 0x00, 0x04, 0x00, 0x0f, 0x00, 0x00, 0x00,
    0x22, 0x00, 0x00, 0x00, 0x2e, 0x00, 0x00, 0x00, 0x2b, 0x00, 0x04, 0x00, 0x0f, 0x00, 0x00, 0x00,
    0x23, 0x00, 0x00, 0x00, 0x30, 0x00, 0x00, 0x00, 0x2b, 0x00, 0x04, 0x00, 0x0f, 0x00, 0x00, 0x00,
    0x24, 0x00, 0x00, 0x00, 0x33, 0x00, 0x00, 0x00, 0x2b, 0x00, 0x04, 0x00, 0x0f, 0x00, 0x00, 0x00,
    0x25, 0x00, 0x00, 0x00, 0x35, 0x00, 0x00, 0x00, 0x2b, 0x00, 0x04, 0x00, 0x0f, 0x00, 0x00, 0x00,
    0x26, 0x00, 0x00, 0x00, 0x38, 0x00, 0x00, 0x00, 0x2b, 0x00, 0x04, 0x00, 0x0f, 0x00, 0x00, 0x00,
    0x27, 0x00, 0x00, 0x00, 0x3a, 0x00, 0x00, 0x00, 0x2b, 0x00, 0x04, 0x00, 0x0f, 0x00, 0x00, 0x00,
    0x28, 0x00, 0x00, 0x00, 0x3d, 0x00, 0x00, 0x00, 0x2b, 0x00, 0x04, 0x00, 0x0f, 0x00, 0x00, 0x00,
    0x29, 0x00, 0x00, 0x00, 0x3f, 0x00, 0x00, 0x00, 0x2b, 0x00, 0x04, 0x00, 0x0f, 0x00, 0x00, 0x00,
    0x2a, 0x00, 0x00, 0x00, 0x41, 0x00, 0x00, 0x00, 0x2b, 0x00, 0x04, 0x00, 0x0f, 0x00, 0x00, 0x00,
    0x2b, 0x00, 0x00, 0x00, 0x44, 0x00, 0x00, 0x00, 0x2b, 0x00, 0x04, 0x00, 0x0f, 0x00, 0x00, 0x00,
    0x2c, 0x00, 0x00, 0x00, 0x46, 0x00, 0x00, 0x00, 0x2b, 0x00, 0x04, 0x00, 0x0f, 0x00, 0x00, 0x00,
    0x2d, 0x00, 0x00, 0x00, 0x49, 0x00, 0x00, 0x00, 0x2b, 0x00, 0x04, 0x00, 0x0f, 0x00, 0x00, 0x00,
    0x2e, 0x00, 0x00, 0x00, 0x4b, 0x00, 0x00, 0x00, 0x2b, 0x00, 0x04, 0x00, 0x0f, 0x00, 0x00, 0x00,
    0x2f, 0x00, 0x00, 0x00, 0x4d, 0x00, 0x00, 0x00, 0x2b, 0x00, 0x04, 0x00, 0x0f, 0x00, 0x00, 0x00,
    0x30, 0x00, 0x00, 0x00, 0x50, 0x00, 0x00, 0x00, 0x2b, 0x00, 0x04, 0x00, 0x0f, 0x00, 0x00, 0x00,
    0x31, 0x00, 0x00, 0x00, 0x52, 0x00, 0x00, 0x00, 0x2b, 0x00, 0x04, 0x00, 0x0f, 0x00, 0x00, 0x00,
    0x32, 0x00, 0x00, 0x00, 0x54, 0x00, 0x00, 0x00, 0x2b, 0x00, 0x04, 0x00, 0x0f, 0x00, 0x00, 0x00,
    0x33, 0x00, 0x00, 0x00, 0x57, 0x00, 0x00, 0x00, 0x2b, 0x00, 0x04, 0x00, 0x0f, 0x00, 0x00, 0x00,
    0x34, 0x00, 0x00, 0x00, 0x59, 0x00, 0x00, 0x00, 0x2b, 0x00, 0x04, 0x00, 0x0f, 0x00, 0x00, 0x00,
    0x35, 0x00, 0x00, 0x00, 0x5b, 0x00, 0x00, 0x00, 0x2b, 0x00, 0x04, 0x00, 0x0f, 0x00, 0x00, 0x00,
    0x36, 0x00, 0x00, 0x00, 0x5d, 0x00, 0x00, 0x00, 0x2b, 0x00, 0x04, 0x00, 0x0f, 0x00, 0x00, 0x00,
    0x37, 0x00, 0x00, 0x00, 0x60, 0x00, 0x00, 0x00, 0x2b, 0x00, 0x04, 0x00, 0x0f, 0x00, 0x00, 0x00,
    0x38, 0x00, 0x00, 0x00, 0x62, 0x00, 0x00, 0x00, 0x2b, 0x00, 0x04, 0x00, 0x0f, 0x00, 0x00, 0x00,
    0x39, 0x00, 0x00, 0x00, 0x64, 0x00, 0x00, 0x00, 0x2b, 0x00, 0x04, 0x00, 0x0f, 0x00, 0x00, 0x00,
    0x3a, 0x00, 0x00, 0x00, 0x66, 0x00, 0x00, 0x00, 0x2b, 0x00, 0x04, 0x00, 0x0f, 0x00, 0x00, 0x00,
    0x3b, 0x00, 0x00, 0x00, 0x68, 0x00, 0x00, 0x00, 0x2b, 0x00, 0x04, 0x00, 0x0f, 0x00, 0x00, 0x00,
    0x3c, 0x00, 0x00, 0x00, 0x6a, 0x00, 0x00, 0x00, 0x2b, 0x00, 0x04, 0x00, 0x0f, 0x00, 0x00, 0x00,
    0x3d, 0x00, 0x00, 0x00, 0x6d, 0x00, 0x00, 0x00, 0x2b, 0x00, 0x04, 0x00, 0x0f, 0x00, 0x00, 0x00,
    0x3e, 0x00, 0x00, 0x00, 0x6f, 0x00, 0x00, 0x00, 0x2b, 0x00, 0x04, 0x00, 0x0f, 0x00, 0x00, 0x00,
    0x3f, 0x00, 0x00, 0x00, 0x71, 0x00, 0x00, 0x00, 0x2b, 0x00, 0x04, 0x00, 0x0f, 0x00, 0x00, 0x00,
    0x40, 0x00, 0x00, 0x00, 0x73, 0x00, 0x00, 0x00, 0x2b, 0x00, 0x04, 0x00, 0x0f, 0x00, 0x00, 0x00,
    0x41, 0x00, 0x00, 0x00, 0x75, 0x00, 0x00, 0x00, 0x2b, 0x00, 0x04, 0x00, 0x0f, 0x00, 0x00, 0x00,
    0x42, 0x00, 0x00, 0x00, 0x77, 0x00, 0x00, 0x00, 0x2b, 0x00, 0x04, 0x00, 0x0f, 0x00, 0x00, 0x00,
    0x43, 0x00, 0x00, 0x00, 0x79, 0x00, 0x00, 0x00, 0x2b, 0x00, 0x04, 0x00, 0x0f, 0x00, 0x00, 0x00,
    0x44, 0x00, 0x00, 0x00, 0x7b, 0x00, 0x00, 0x00, 0x2b, 0x00, 0x04, 0x00, 0x0f, 0x00, 0x00, 0x00,
    0x45, 0x00, 0x00, 0x00, 0x7d, 0x00, 0x00, 0x00, 0x2b, 0x00, 0x04, 0x00, 0x0f, 0x00, 0x00, 0x00,
    0x46, 0x00, 0x00, 0x00, 0x7f, 0x00, 0x00, 0x00, 0x2b, 0x00, 0x04, 0x00, 0x0f, 0x00, 0x00, 0x00,
    0x47, 0x00, 0x00, 0x00, 0x81, 0x00, 0x00, 0x00, 0x2b, 0x00, 0x04, 0x00, 0x0f, 0x00, 0x00, 0x00,
    0x48, 0x00, 0x00, 0x00, 0x84, 0x00, 0x00, 0x00, 0x2b, 0x00, 0x04, 0x00, 0x0f, 0x00, 0x00, 0x00,
    0x49, 0x00, 0x00, 0x00, 0x86, 0x00, 0x00, 0x00, 0x2b, 0x00, 0x04, 0x00, 0x0f, 0x00, 0x00, 0x00,
    0x4a, 0x00, 0x00, 0x00, 0x88, 0x00, 0x00, 0x00, 0x2b, 0x00, 0x04, 0x00, 0x0f, 0x00, 0x00, 0x00,
    0x4b, 0x00, 0x00, 0x00, 0x8a, 0x00, 0x00, 0x00, 0x2b, 0x00, 0x04, 0x00, 0x0f, 0x00, 0x00, 0x00,
    0x4c, 0x00, 0x00, 0x00, 0x8c, 0x00, 0x00, 0x00, 0x2b, 0x00, 0x04, 0x00, 0x0f, 0x00, 0x00, 0x00,
    0x4d, 0x00, 0x00, 0x00, 0x8d, 0x00, 0x00, 0x00, 0x2b, 0x00, 0x04, 0x00, 0x0f, 0x00, 0x00, 0x00,
    0x4e, 0x00, 0x00, 0x00, 0x8f, 0x00, 0x00, 0x00, 0x2b, 0x00, 0x04, 0x00, 0x0f, 0x00, 0x00, 0x00,
    0x4f, 0x00, 0x00, 0x00, 0x91, 0x00, 0x00, 0x00, 0x2b, 0x00, 0x04, 0x00, 0x0f, 0x00, 0x00, 0x00,
    0x50, 0x00, 0x00, 0x00, 0x93, 0x00, 0x00, 0x00, 0x2b, 0x00, 0x04, 0x00, 0x0f, 0x00, 0x00, 0x00,
    0x51, 0x00, 0x00, 0x00, 0x95, 0x00, 0x00, 0x00, 0x2b, 0x00, 0x04, 0x00, 0x0f, 0x00, 0x00, 0x00,
    0x52, 0x00, 0x00, 0x00, 0x97, 0x00, 0x00, 0x00, 0x2b, 0x00, 0x04, 0x00, 0x0f, 0x00, 0x00, 0x00,
    0x53, 0x00, 0x00, 0x00, 0x99, 0x00, 0x00, 0x00, 0x2b, 0x00, 0x04, 0x00, 0x0f, 0x00, 0x00, 0x00,
    0x54, 0x00, 0x00, 0x00, 0x9b, 0x00, 0x00, 0x00, 0x2b, 0x00, 0x04, 0x00, 0x0f, 0x00, 0x00, 0x00,
    0x55, 0x00, 0x00, 0x00, 0x9d, 0x00, 0x00, 0x00, 0x2b, 0x00, 0x04, 0x00, 0x0f, 0x00, 0x00, 0x00,
    0x56, 0x00, 0x00, 0x00, 0x9f, 0x00, 0x00, 0x00, 0x2b, 0x00, 0x04, 0x00, 0x0f, 0x00, 0x00, 0x00,
    0x57, 0x00, 0x00, 0x00, 0xa1, 0x00, 0x00, 0x00, 0x2b, 0x00, 0x04, 0x00, 0x0f, 0x00, 0x00, 0x00,
    0x58, 0x00, 0x00, 0x00, 0xa2, 0x00, 0x00, 0x00, 0x2b, 0x00, 0x04, 0x00, 0x0f, 0x00, 0x00, 0x00,
    0x59, 0x00, 0x00, 0x00, 0xa4, 0x00, 0x00, 0x00, 0x2b, 0x00, 0x04, 0x00, 0x0f, 0x00, 0x00, 0x00,
    0x5a, 0x00, 0x00, 0x00, 0xa6, 0x00, 0x00, 0x00, 0x2b, 0x00, 0x04, 0x00, 0x0f, 0x00, 0x00, 0x00,
    0x5b, 0x00, 0x00, 0x00, 0xa8, 0x00, 0x00, 0x00, 0x2b, 0x00, 0x04, 0x00, 0x0f, 0x00, 0x00, 0x00,
    0x5c, 0x00, 0x00, 0x00, 0xaa, 0x00, 0x00, 0x00, 0x2b, 0x00, 0x04, 0x00, 0x0f, 0x00, 0x00, 0x00,
    0x5d, 0x00, 0x00, 0x00, 0xac, 0x00, 0x00, 0x00, 0x2b, 0x00, 0x04, 0x00, 0x0f, 0x00, 0x00, 0x00,
    0x5e, 0x00, 0x00, 0x00, 0xad, 0x00, 0x00, 0x00, 0x2b, 0x00, 0x04, 0x00, 0x0f, 0x00, 0x00, 0x00,
    0x5f, 0x00, 0x00, 0x00, 0xaf, 0x00, 0x00, 0x00, 0x2b, 0x00, 0x04, 0x00, 0x0f, 0x00, 0x00, 0x00,
    0x60, 0x00, 0x00, 0x00, 0xb1, 0x00, 0x00, 0x00, 0x2b, 0x00, 0x04, 0x00, 0x0f, 0x00, 0x00, 0x00,
    0x61, 0x00, 0x00, 0x00, 0xb3, 0x00, 0x00, 0x00, 0x2b, 0x00, 0x04, 0x00, 0x0f, 0x00, 0x00, 0x00,
    0x62, 0x00, 0x00, 0x00, 0xb5, 0x00, 0x00, 0x00, 0x2b, 0x00, 0x04, 0x00, 0x0f, 0x00, 0x00, 0x00,
    0x63, 0x00, 0x00, 0x00, 0xb6, 0x00, 0x00, 0x00, 0x2b, 0x00, 0x04, 0x00, 0x0f, 0x00, 0x00, 0x00,
    0x64, 0x00, 0x00, 0x00, 0xb8, 0x00, 0x00, 0x00, 0x2b, 0x00, 0x04, 0x00, 0x0f, 0x00, 0x00, 0x00,
    0x65, 0x00, 0x00, 0x00, 0xba, 0x00, 0x00, 0x00, 0x2b, 0x00, 0x04, 0x00, 0x0f, 0x00, 0x00, 0x00,
    0x66, 0x00, 0x00, 0x00, 0xbc, 0x00, 0x00, 0x00, 0x2b, 0x00, 0x04, 0x00, 0x0f, 0x00, 0x00, 0x00,
    0x67, 0x00, 0x00, 0x00, 0xbd, 0x00, 0x00, 0x00, 0x2b, 0x00, 0x04, 0x00, 0x0f, 0x00, 0x00, 0x00,
    0x68, 0x00, 0x00, 0x00, 0xbf, 0x00, 0x00, 0x00, 0x2b, 0x00, 0x04, 0x00, 0x0f, 0x00, 0x00, 0x00,
    0x69, 0x00, 0x00, 0x00, 0xc1, 0x00, 0x00, 0x00, 0x2b, 0x00, 0x04, 0x00, 0x0f, 0x00, 0x00, 0x00,
    0x6a, 0x00, 0x00, 0x00, 0xc2, 0x00, 0x00, 0x00, 0x2b, 0x00, 0x04, 0x00, 0x0f, 0x00, 0x00, 0x00,
    0x6b, 0x00, 0x00, 0x00, 0xc4, 0x00, 0x00, 0x00, 0x2b, 0x00, 0x04, 0x00, 0x0f, 0x00, 0x00, 0x00,
    0x6c, 0x00, 0x00, 0x00, 0xc6, 0x00, 0x00, 0x00, 0x2b, 0x00, 0x04, 0x00, 0x0f, 0x00, 0x00, 0x00,
    0x6d, 0x00, 0x00, 0x00, 0xc8, 0x00, 0x00, 0x00, 0x2b, 0x00, 0x04, 0x00, 0x0f, 0x00, 0x00, 0x00,
    0x6e, 0x00, 0x00, 0x00, 0xc9, 0x00, 0x00, 0x00, 0x2b, 0x00, 0x04, 0x00, 0x0f, 0x00, 0x00, 0x00,
    0x6f, 0x00, 0x00, 0x00, 0xcb, 0x00, 0x00, 0x00, 0x2b, 0x00, 0x04, 0x00, 0x0f, 0x00, 0x00, 0x00,
    0x70, 0x00, 0x00, 0x00, 0xcd, 0x00, 0x00, 0x00, 0x2b, 0x00, 0x04, 0x00, 0x0f, 0x00, 0x00, 0x00,
    0x71, 0x00, 0x00, 0x00, 0xce, 0x00, 0x00, 0x00, 0x2b, 0x00, 0x04, 0x00, 0x0f, 0x00, 0x00, 0x00,
    0x72, 0x00, 0x00, 0x00, 0xd0, 0x00, 0x00, 0x00, 0x2b, 0x00, 0x04, 0x00, 0x0f, 0x00, 0x00, 0x00,
    0x73, 0x00, 0x00, 0x00, 0xd1, 0x00, 0x00, 0x00, 0x2b, 0x00, 0x04, 0x00, 0x0f, 0x00, 0x00, 0x00,
    0x74, 0x00, 0x00, 0x00, 0xd3, 0x00, 0x00, 0x00, 0x2b, 0x00, 0x04, 0x00, 0x0f, 0x00, 0x00, 0x00,
    0x75, 0x00, 0x00, 0x00, 0xd5, 0x00, 0x00, 0x00, 0x2b, 0x00, 0x04, 0x00, 0x0f, 0x00, 0x00, 0x00,
    0x76, 0x00, 0x00, 0x00, 0xd6, 0x00, 0x00, 0x00, 0x2b, 0x00, 0x04, 0x00, 0x0f, 0x00, 0x00, 0x00,
    0x77, 0x00, 0x00, 0x00, 0xd8, 0x00, 0x00, 0x00, 0x2b, 0x00, 0x04, 0x00, 0x0f, 0x00, 0x00, 0x00,
    0x78, 0x00, 0x00, 0x00, 0xda, 0x00, 0x00, 0x00, 0x2b, 0x00, 0x04, 0x00, 0x0f, 0x00, 0x00, 0x00,
    0x79, 0x00, 0x00, 0x00, 0xdb, 0x00, 0x00, 0x00, 0x2b, 0x00, 0x04, 0x00, 0x0f, 0x00, 0x00, 0x00,
    0x7a, 0x00, 0x00, 0x00, 0xdd, 0x00, 0x00, 0x00, 0x2b, 0x00, 0x04, 0x00, 0x0f, 0x00, 0x00, 0x00,
    0x7b, 0x00, 0x00, 0x00, 0xde, 0x00, 0x00, 0x00, 0x2b, 0x00, 0x04, 0x00, 0x0f, 0x00, 0x00, 0x00,
    0x7c, 0x00, 0x00, 0x00, 0xe0, 0x00, 0x00, 0x00, 0x2b, 0x00, 0x04, 0x00, 0x0f, 0x00, 0x00, 0x00,
    0x7d, 0x00, 0x00, 0x00, 0xe1, 0x00, 0x00, 0x00, 0x2b, 0x00, 0x04, 0x00, 0x0f, 0x00, 0x00, 0x00,
    0x7e, 0x00, 0x00, 0x00, 0xe3, 0x00, 0x00, 0x00, 0x2b, 0x00, 0x04, 0x00, 0x0f, 0x00, 0x00, 0x00,
    0x7f, 0x00, 0x00, 0x00, 0xe5, 0x00, 0x00, 0x00, 0x2b, 0x00, 0x04, 0x00, 0x0f, 0x00, 0x00, 0x00,
    0x80, 0x00, 0x00, 0x00, 0xe6, 0x00, 0x00, 0x00, 0x2b, 0x00, 0x04, 0x00, 0x0f, 0x00, 0x00, 0x00,
    0x81, 0x00, 0x00, 0x00, 0xe8, 0x00, 0x00, 0x00, 0x2b, 0x00, 0x04, 0x00, 0x0f, 0x00, 0x00, 0x00,
    0x82, 0x00, 0x00, 0x00, 0xe9, 0x00, 0x00, 0x00, 0x2b, 0x00, 0x04, 0x00, 0x0f, 0x00, 0x00, 0x00,
    0x83, 0x00, 0x00, 0x00, 0xeb, 0x00, 0x00, 0x00, 0x2b, 0x00, 0x04, 0x00, 0x0f, 0x00, 0x00, 0x00,
    0x84, 0x00, 0x00, 0x00, 0xec, 0x00, 0x00, 0x00, 0x2b, 0x00, 0x04, 0x00, 0x0f, 0x00, 0x00, 0x00,
    0x85, 0x00, 0x00, 0x00, 0xee, 0x00, 0x00, 0x00, 0x2b, 0x00, 0x04, 0x00, 0x0f, 0x00, 0x00, 0x00,
    0x86, 0x00, 0x00, 0x00, 0xef, 0x00, 0x00, 0x00, 0x2b, 0x00, 0x04, 0x00, 0x0f, 0x00, 0x00, 0x00,
    0x87, 0x00, 0x00, 0x00, 0xf1, 0x00, 0x00, 0x00, 0x2b, 0x00, 0x04, 0x00, 0x0f, 0x00, 0x00, 0x00,
    0x88, 0x00, 0x00, 0x00, 0xf2, 0x00, 0x00, 0x00, 0x2b, 0x00, 0x04, 0x00, 0x0f, 0x00, 0x00, 0x00,
    0x89, 0x00, 0x00, 0x00, 0xf4, 0x00, 0x00, 0x00, 0x2b, 0x00, 0x04, 0x00, 0x0f, 0x00, 0x00, 0x00,
    0x8a, 0x00, 0x00, 0x00, 0xf5, 0x00, 0x00, 0x00, 0x2b, 0x00, 0x04, 0x00, 0x0f, 0x00, 0x00, 0x00,
    0x8b, 0x00, 0x00, 0x00, 0xf7, 0x00, 0x00, 0x00, 0x2b, 0x00, 0x04, 0x00, 0x0f, 0x00, 0x00, 0x00,
    0x8c, 0x00, 0x00, 0x00, 0xf8, 0x00, 0x00, 0x00, 0x2b, 0x00, 0x04, 0x00, 0x0f, 0x00, 0x00, 0x00,
    0x8d, 0x00, 0x00, 0x00, 0xfa, 0x00, 0x00, 0x00, 0x2b, 0x00, 0x04, 0x00, 0x0f, 0x00, 0x00, 0x00,
    0x8e, 0x00, 0x00, 0x00, 0xfb, 0x00, 0x00, 0x00, 0x2b, 0x00, 0x04, 0x00, 0x0f, 0x00, 0x00, 0x00,
    0x8f, 0x00, 0x00, 0x00, 0xfd, 0x00, 0x00, 0x00, 0x2b, 0x00, 0x04, 0x00, 0x0f, 0x00, 0x00, 0x00,
    0x90, 0x00, 0x00, 0x00, 0xfe, 0x00, 0x00, 0x00, 0x2b, 0x00, 0x04, 0x00, 0x11, 0x00, 0x00, 0x00,
    0x91, 0x00, 0x00, 0x00, 0x03, 0x00, 0x00, 0x00, 0x2b, 0x00, 0x04, 0x00, 0x11, 0x00, 0x00, 0x00,
    0x92, 0x00, 0x00, 0x00, 0x00, 0x00, 0x00, 0x00, 0x2b, 0x00, 0x04, 0x00, 0x0f, 0x00, 0x00, 0x00,
    0x93, 0x00, 0x00, 0x00, 0x1f, 0x00, 0x00, 0x00, 0x2b, 0x00, 0x04, 0x00, 0x0f, 0x00, 0x00, 0x00,
    0x94, 0x00, 0x00, 0x00, 0x01, 0x00, 0x00, 0x00, 0x2b, 0x00, 0x04, 0x00, 0x11, 0x00, 0x00, 0x00,
    0x95, 0x00, 0x00, 0x00, 0x01, 0x00, 0x00, 0x00, 0x2b, 0x00, 0x04, 0x00, 0x0f, 0x00, 0x00, 0x00,
    0x96, 0x00, 0x00, 0x00, 0x03, 0x00, 0x00, 0x00, 0x2b, 0x00, 0x04, 0x00, 0x11, 0x00, 0x00, 0x00,
    0x97, 0x00, 0x00, 0x00, 0x02, 0x00, 0x00, 0x00, 0x2b, 0x00, 0x04, 0x00, 0x0f, 0x00, 0x00, 0x00,
    0x98, 0x00, 0x00, 0x00, 0x0c, 0x00, 0x00, 0x00, 0x16, 0x00, 0x03, 0x00, 0x99, 0x00, 0x00, 0x00,
    0x20, 0x00, 0x00, 0x00, 0x2b, 0x00, 0x04, 0x00, 0x99, 0x00, 0x00, 0x00, 0x9a, 0x00, 0x00, 0x00,
    0x00, 0x00, 0x80, 0x3f, 0x2b, 0x00, 0x04, 0x00, 0x11, 0x00, 0x00, 0x00, 0x9b, 0x00, 0x00, 0x00,
    0x07, 0x00, 0x00, 0x00, 0x2b, 0x00, 0x04, 0x00, 0x11, 0x00, 0x00, 0x00, 0x9c, 0x00, 0x00, 0x00,
    0x1f, 0x00, 0x00, 0x00, 0x2b, 0x00, 0x04, 0x00, 0x99, 0x00, 0x00, 0x00, 0x9d, 0x00, 0x00, 0x00,
    0x00, 0x00, 0x80, 0x43, 0x14, 0x00, 0x02, 0x00, 0x9e, 0x00, 0x00, 0x00, 0x2a, 0x00, 0x03, 0x00,
    0x9e, 0x00, 0x00, 0x00, 0x9f, 0x00, 0x00, 0x00, 0x2b, 0x00, 0x04, 0x00, 0x11, 0x00, 0x00, 0x00,
    0xa0, 0x00, 0x00, 0x00, 0x7f, 0x00, 0x00, 0x00, 0x2b, 0x00, 0x04, 0x00, 0x0f, 0x00, 0x00, 0x00,
    0xa1, 0x00, 0x00, 0x00, 0x07, 0x00, 0x00, 0x00, 0x2b, 0x00, 0x04, 0x00, 0x11, 0x00, 0x00, 0x00,
    0xa2, 0x00, 0x00, 0x00, 0xff, 0xff, 0xff, 0xff, 0x2b, 0x00, 0x04, 0x00, 0x0f, 0x00, 0x00, 0x00,
    0xa3, 0x00, 0x00, 0x00, 0x00, 0x00, 0x40, 0x00, 0x2b, 0x00, 0x04, 0x00, 0x0f, 0x00, 0x00, 0x00,
    0xa4, 0x00, 0x00, 0x00, 0xff, 0x00, 0x00, 0x00, 0x2b, 0x00, 0x04, 0x00, 0x0f, 0x00, 0x00, 0x00,
    0xa5, 0x00, 0x00, 0x00, 0xff, 0xff, 0x00, 0x00, 0x2b, 0x00, 0x04, 0x00, 0x0f, 0x00, 0x00, 0x00,
    0xa6, 0x00, 0x00, 0x00, 0x00, 0x01, 0x00, 0x00, 0x2b, 0x00, 0x04, 0x00, 0x0f, 0x00, 0x00, 0x00,
    0xa7, 0x00, 0x00, 0x00, 0x00, 0x20, 0x00, 0x00, 0x2b, 0x00, 0x04, 0x00, 0x0f, 0x00, 0x00, 0x00,
    0xa8, 0x00, 0x00, 0x00, 0x00, 0x40, 0x00, 0x00, 0x2b, 0x00, 0x04, 0x00, 0x0f, 0x00, 0x00, 0x00,
    0xa9, 0x00, 0x00, 0x00, 0x0a, 0x00, 0x00, 0x00, 0x2b, 0x00, 0x04, 0x00, 0x99, 0x00, 0x00, 0x00,
    0xaa, 0x00, 0x00, 0x00, 0x00, 0x00, 0x00, 0x00, 0x2b, 0x00, 0x04, 0x00, 0x11, 0x00, 0x00, 0x00,
    0xab, 0x00, 0x00, 0x00, 0x08, 0x00, 0x00, 0x00, 0x2b, 0x00, 0x04, 0x00, 0x99, 0x00, 0x00, 0x00,
    0xac, 0x00, 0x00, 0x00, 0x00, 0x00, 0x00, 0xcf, 0x2b, 0x00, 0x04, 0x00, 0x99, 0x00, 0x00, 0x00,
    0xad, 0x00, 0x00, 0x00, 0x00, 0x00, 0x00, 0x4f, 0x2b, 0x00, 0x04, 0x00, 0x11, 0x00, 0x00, 0x00,
    0xae, 0x00, 0x00, 0x00, 0x00, 0x00, 0x00, 0x80, 0x2b, 0x00, 0x04, 0x00, 0x0f, 0x00, 0x00, 0x00,
    0xaf, 0x00, 0x00, 0x00, 0x80, 0x00, 0x00, 0x00, 0x2b, 0x00, 0x04, 0x00, 0x0f, 0x00, 0x00, 0x00,
    0xb0, 0x00, 0x00, 0x00, 0x20, 0x00, 0x00, 0x00, 0x2b, 0x00, 0x04, 0x00, 0x0f, 0x00, 0x00, 0x00,
    0xb1, 0x00, 0x00, 0x00, 0x11, 0x00, 0x00, 0x00, 0x2b, 0x00, 0x04, 0x00, 0x0f, 0x00, 0x00, 0x00,
    0xb2, 0x00, 0x00, 0x00, 0x14, 0x00, 0x00, 0x00, 0x2b, 0x00, 0x04, 0x00, 0x0f, 0x00, 0x00, 0x00,
    0xb3, 0x00, 0x00, 0x00, 0x00, 0x08, 0x00, 0x00, 0x2b, 0x00, 0x04, 0x00, 0x0f, 0x00, 0x00, 0x00,
    0xb4, 0x00, 0x00, 0x00, 0xff, 0x07, 0x00, 0x00, 0x2b, 0x00, 0x04, 0x00, 0x0f, 0x00, 0x00, 0x00,
    0xb5, 0x00, 0x00, 0x00, 0x00, 0x04, 0x00, 0x00, 0x2b, 0x00, 0x04, 0x00, 0x0f, 0x00, 0x00, 0x00,
    0xb6, 0x00, 0x00, 0x00, 0xff, 0x03, 0x00, 0x00, 0x2b, 0x00, 0x04, 0x00, 0x0f, 0x00, 0x00, 0x00,
    0xb7, 0x00, 0x00, 0x00, 0x06, 0x00, 0x00, 0x00, 0x2b, 0x00, 0x04, 0x00, 0x11, 0x00, 0x00, 0x00,
    0xb8, 0x00, 0x00, 0x00, 0x80, 0x00, 0x00, 0x00, 0x2b, 0x00, 0x04, 0x00, 0x0f, 0x00, 0x00, 0x00,
    0xb9, 0x00, 0x00, 0x00, 0x04, 0x00, 0x00, 0x00, 0x2b, 0x00, 0x04, 0x00, 0x0f, 0x00, 0x00, 0x00,
    0xba, 0x00, 0x00, 0x00, 0xf0, 0x00, 0x00, 0x00, 0x2b, 0x00, 0x04, 0x00, 0x0f, 0x00, 0x00, 0x00,
    0xbb, 0x00, 0x00, 0x00, 0x00, 0x00, 0x80, 0x00, 0x2b, 0x00, 0x04, 0x00, 0x0f, 0x00, 0x00, 0x00,
    0xbc, 0x00, 0x00, 0x00, 0xff, 0x00, 0xff, 0x00, 0x2b, 0x00, 0x04, 0x00, 0x11, 0x00, 0x00, 0x00,
    0xbd, 0x00, 0x00, 0x00, 0x00, 0x04, 0x00, 0x00, 0x2b, 0x00, 0x04, 0x00, 0x11, 0x00, 0x00, 0x00,
    0xbe, 0x00, 0x00, 0x00, 0x00, 0x02, 0x00, 0x00, 0x2b, 0x00, 0x04, 0x00, 0x0f, 0x00, 0x00, 0x00,
    0xbf, 0x00, 0x00, 0x00, 0x00, 0x00, 0x08, 0x00, 0x2b, 0x00, 0x04, 0x00, 0x0f, 0x00, 0x00, 0x00,
    0xc0, 0x00, 0x00, 0x00, 0xff, 0xff, 0x07, 0x00, 0x2b, 0x00, 0x04, 0x00, 0x0f, 0x00, 0x00, 0x00,
    0xc1, 0x00, 0x00, 0x00, 0x0f, 0x00, 0x00, 0x00, 0x17, 0x00, 0x04, 0x00, 0xc2, 0x00, 0x00, 0x00,
    0x99, 0x00, 0x00, 0x00, 0x02, 0x00, 0x00, 0x00, 0x1d, 0x00, 0x03, 0x00, 0x0e, 0x00, 0x00, 0x00,
    0x0f, 0x00, 0x00, 0x00, 0x1e, 0x00, 0x03, 0x00, 0x09, 0x00, 0x00, 0x00, 0x0e, 0x00, 0x00, 0x00,
    0x20, 0x00, 0x04, 0x00, 0xc3, 0x00, 0x00, 0x00, 0x02, 0x00, 0x00, 0x00, 0x09, 0x00, 0x00, 0x00,
    0x1c, 0x00, 0x04, 0x00, 0xc4, 0x00, 0x00, 0x00, 0x0f, 0x00, 0x00, 0x00, 0xaf, 0x00, 0x00, 0x00,
    0x17, 0x00, 0x04, 0x00, 0xc5, 0x00, 0x00, 0x00, 0x99, 0x00, 0x00, 0x00, 0x04, 0x00, 0x00, 0x00,
    0x20, 0x00, 0x04, 0x00, 0xc6, 0x00, 0x00, 0x00, 0x01, 0x00, 0x00, 0x00, 0xc5, 0x00, 0x00, 0x00,
    0x17, 0x00, 0x04, 0x00, 0xc7, 0x00, 0x00, 0x00, 0x99, 0x00, 0x00, 0x00, 0x03, 0x00, 0x00, 0x00,
    0x20, 0x00, 0x04, 0x00, 0xc8, 0x00, 0x00, 0x00, 0x01, 0x00, 0x00, 0x00, 0xc7, 0x00, 0x00, 0x00,
    0x17, 0x00, 0x04, 0x00, 0xc9, 0x00, 0x00, 0x00, 0x0f, 0x00, 0x00, 0x00, 0x04, 0x00, 0x00, 0x00,
    0x20, 0x00, 0x04, 0x00, 0xca, 0x00, 0x00, 0x00, 0x01, 0x00, 0x00, 0x00, 0xc9, 0x00, 0x00, 0x00,
    0x17, 0x00, 0x04, 0x00, 0xcb, 0x00, 0x00, 0x00, 0x0f, 0x00, 0x00, 0x00, 0x02, 0x00, 0x00, 0x00,
    0x20, 0x00, 0x04, 0x00, 0xcc, 0x00, 0x00, 0x00, 0x01, 0x00, 0x00, 0x00, 0xcb, 0x00, 0x00, 0x00,
    0x20, 0x00, 0x04, 0x00, 0xcd, 0x00, 0x00, 0x00, 0x03, 0x00, 0x00, 0x00, 0xc5, 0x00, 0x00, 0x00,
    0x13, 0x00, 0x02, 0x00, 0xce, 0x00, 0x00, 0x00, 0x21, 0x00, 0x03, 0x00, 0xcf, 0x00, 0x00, 0x00,
    0xce, 0x00, 0x00, 0x00, 0x20, 0x00, 0x04, 0x00, 0xd0, 0x00, 0x00, 0x00, 0x07, 0x00, 0x00, 0x00,
    0x0f, 0x00, 0x00, 0x00, 0x20, 0x00, 0x04, 0x00, 0xd1, 0x00, 0x00, 0x00, 0x02, 0x00, 0x00, 0x00,
    0x0f, 0x00, 0x00, 0x00, 0x3b, 0x00, 0x04, 0x00, 0xc3, 0x00, 0x00, 0x00, 0x0a, 0x00, 0x00, 0x00,
    0x02, 0x00, 0x00, 0x00, 0x3b, 0x00, 0x04, 0x00, 0xc3, 0x00, 0x00, 0x00, 0x0b, 0x00, 0x00, 0x00,
    0x02, 0x00, 0x00, 0x00, 0x3b, 0x00, 0x04, 0x00, 0xc3, 0x00, 0x00, 0x00, 0x0c, 0x00, 0x00, 0x00,
    0x02, 0x00, 0x00, 0x00, 0x3b, 0x00, 0x04, 0x00, 0xc6, 0x00, 0x00, 0x00, 0x03, 0x00, 0x00, 0x00,
    0x01, 0x00, 0x00, 0x00, 0x3b, 0x00, 0x04, 0x00, 0xc8, 0x00, 0x00, 0x00, 0x04, 0x00, 0x00, 0x00,
    0x01, 0x00, 0x00, 0x00, 0x3b, 0x00, 0x04, 0x00, 0xc6, 0x00, 0x00, 0x00, 0x05, 0x00, 0x00, 0x00,
    0x01, 0x00, 0x00, 0x00, 0x3b, 0x00, 0x04, 0x00, 0xca, 0x00, 0x00, 0x00, 0x06, 0x00, 0x00, 0x00,
    0x01, 0x00, 0x00, 0x00, 0x3b, 0x00, 0x04, 0x00, 0xcc, 0x00, 0x00, 0x00, 0x07, 0x00, 0x00, 0x00,
    0x01, 0x00, 0x00, 0x00, 0x3b, 0x00, 0x04, 0x00, 0xcd, 0x00, 0x00, 0x00, 0x08, 0x00, 0x00, 0x00,
    0x03, 0x00, 0x00, 0x00, 0x20, 0x00, 0x04, 0x00, 0xd2, 0x00, 0x00, 0x00, 0x07, 0x00, 0x00, 0x00,
    0xc4, 0x00, 0x00, 0x00, 0x2c, 0x00, 0x83, 0x00, 0xc4, 0x00, 0x00, 0x00, 0xd3, 0x00, 0x00, 0x00,
    0x12, 0x00, 0x00, 0x00, 0x13, 0x00, 0x00, 0x00, 0x14, 0x00, 0x00, 0x00, 0x15, 0x00, 0x00, 0x00,
    0x16, 0x00, 0x00, 0x00, 0x17, 0x00, 0x00, 0x00, 0x10, 0x00, 0x00, 0x00, 0x18, 0x00, 0x00, 0x00,
    0x19, 0x00, 0x00, 0x00, 0x1a, 0x00, 0x00, 0x00, 0x1b, 0x00, 0x00, 0x00, 0x1c, 0x00, 0x00, 0x00,
    0x1d, 0x00, 0x00, 0x00, 0x1e, 0x00, 0x00, 0x00, 0x1f, 0x00, 0x00, 0x00, 0x20, 0x00, 0x00, 0x00,
    0x21, 0x00, 0x00, 0x00, 0x22, 0x00, 0x00, 0x00, 0x23, 0x00, 0x00, 0x00, 0x24, 0x00, 0x00, 0x00,
    0x25, 0x00, 0x00, 0x00, 0x26, 0x00, 0x00, 0x00, 0x27, 0x00, 0x00, 0x00, 0x28, 0x00, 0x00, 0x00,
    0x29, 0x00, 0x00, 0x00, 0x2a, 0x00, 0x00, 0x00, 0x2b, 0x00, 0x00, 0x00, 0x2c, 0x00, 0x00, 0x00,
    0x2d, 0x00, 0x00, 0x00, 0x2e, 0x00, 0x00, 0x00, 0x2f, 0x00, 0x00, 0x00, 0x30, 0x00, 0x00, 0x00,
    0x31, 0x00, 0x00, 0x00, 0x32, 0x00, 0x00, 0x00, 0x33, 0x00, 0x00, 0x00, 0x34, 0x00, 0x00, 0x00,
    0x35, 0x00, 0x00, 0x00, 0x36, 0x00, 0x00, 0x00, 0x37, 0x00, 0x00, 0x00, 0x38, 0x00, 0x00, 0x00,
    0x39, 0x00, 0x00, 0x00, 0x3a, 0x00, 0x00, 0x00, 0x3b, 0x00, 0x00, 0x00, 0x3c, 0x00, 0x00, 0x00,
    0x3d, 0x00, 0x00, 0x00, 0x3e, 0x00, 0x00, 0x00, 0x3f, 0x00, 0x00, 0x00, 0x40, 0x00, 0x00, 0x00,
    0x41, 0x00, 0x00, 0x00, 0x42, 0x00, 0x00, 0x00, 0x43, 0x00, 0x00, 0x00, 0x44, 0x00, 0x00, 0x00,
    0x45, 0x00, 0x00, 0x00, 0x46, 0x00, 0x00, 0x00, 0x47, 0x00, 0x00, 0x00, 0x48, 0x00, 0x00, 0x00,
    0x49, 0x00, 0x00, 0x00, 0x4a, 0x00, 0x00, 0x00, 0x4b, 0x00, 0x00, 0x00, 0x4c, 0x00, 0x00, 0x00,
    0x4d, 0x00, 0x00, 0x00, 0x4e, 0x00, 0x00, 0x00, 0x4f, 0x00, 0x00, 0x00, 0x50, 0x00, 0x00, 0x00,
    0x51, 0x00, 0x00, 0x00, 0x52, 0x00, 0x00, 0x00, 0x53, 0x00, 0x00, 0x00, 0x54, 0x00, 0x00, 0x00,
    0x55, 0x00, 0x00, 0x00, 0x56, 0x00, 0x00, 0x00, 0x57, 0x00, 0x00, 0x00, 0x58, 0x00, 0x00, 0x00,
    0x59, 0x00, 0x00, 0x00, 0x5a, 0x00, 0x00, 0x00, 0x5b, 0x00, 0x00, 0x00, 0x5c, 0x00, 0x00, 0x00,
    0x5d, 0x00, 0x00, 0x00, 0x5e, 0x00, 0x00, 0x00, 0x5f, 0x00, 0x00, 0x00, 0x60, 0x00, 0x00, 0x00,
    0x61, 0x00, 0x00, 0x00, 0x62, 0x00, 0x00, 0x00, 0x63, 0x00, 0x00, 0x00, 0x64, 0x00, 0x00, 0x00,
    0x65, 0x00, 0x00, 0x00, 0x66, 0x00, 0x00, 0x00, 0x67, 0x00, 0x00, 0x00, 0x68, 0x00, 0x00, 0x00,
    0x69, 0x00, 0x00, 0x00, 0x6a, 0x00, 0x00, 0x00, 0x6b, 0x00, 0x00, 0x00, 0x6c, 0x00, 0x00, 0x00,
    0x6d, 0x00, 0x00, 0x00, 0x6e, 0x00, 0x00, 0x00, 0x6f, 0x00, 0x00, 0x00, 0x70, 0x00, 0x00, 0x00,
    0x71, 0x00, 0x00, 0x00, 0x72, 0x00, 0x00, 0x00, 0x73, 0x00, 0x00, 0x00, 0x74, 0x00, 0x00, 0x00,
    0x75, 0x00, 0x00, 0x00, 0x76, 0x00, 0x00, 0x00, 0x77, 0x00, 0x00, 0x00, 0x78, 0x00, 0x00, 0x00,
    0x79, 0x00, 0x00, 0x00, 0x7a, 0x00, 0x00, 0x00, 0x7b, 0x00, 0x00, 0x00, 0x7c, 0x00, 0x00, 0x00,
    0x7d, 0x00, 0x00, 0x00, 0x7e, 0x00, 0x00, 0x00, 0x7f, 0x00, 0x00, 0x00, 0x80, 0x00, 0x00, 0x00,
    0x81, 0x00, 0x00, 0x00, 0x82, 0x00, 0x00, 0x00, 0x83, 0x00, 0x00, 0x00, 0x84, 0x00, 0x00, 0x00,
    0x85, 0x00, 0x00, 0x00, 0x86, 0x00, 0x00, 0x00, 0x87, 0x00, 0x00, 0x00, 0x88, 0x00, 0x00, 0x00,
    0x89, 0x00, 0x00, 0x00, 0x8a, 0x00, 0x00, 0x00, 0x8b, 0x00, 0x00, 0x00, 0x8c, 0x00, 0x00, 0x00,
    0x8d, 0x00, 0x00, 0x00, 0x8e, 0x00, 0x00, 0x00, 0x8f, 0x00, 0x00, 0x00, 0x90, 0x00, 0x00, 0x00,
    0x2b, 0x00, 0x04, 0x00, 0x11, 0x00, 0x00, 0x00, 0xd4, 0x00, 0x00, 0x00, 0x00, 0x80, 0x00, 0x00,
    0x2b, 0x00, 0x04, 0x00, 0x99, 0x00, 0x00, 0x00, 0xd5, 0x00, 0x00, 0x00, 0x81, 0x80, 0x80, 0x3b,
    0x20, 0x00, 0x04, 0x00, 0xd6, 0x00, 0x00, 0x00, 0x01, 0x00, 0x00, 0x00, 0x0f, 0x00, 0x00, 0x00,
    0x20, 0x00, 0x04, 0x00, 0xd7, 0x00, 0x00, 0x00, 0x01, 0x00, 0x00, 0x00, 0x99, 0x00, 0x00, 0x00,
    0x36, 0x00, 0x05, 0x00, 0xce, 0x00, 0x00, 0x00, 0x02, 0x00, 0x00, 0x00, 0x00, 0x00, 0x00, 0x00,
    0xcf, 0x00, 0x00, 0x00, 0xf8, 0x00, 0x02, 0x00, 0xd8, 0x00, 0x00, 0x00, 0x3b, 0x00, 0x04, 0x00,
    0xd2, 0x00, 0x00, 0x00, 0x0d, 0x00, 0x00, 0x00, 0x07, 0x00, 0x00, 0x00, 0x3e, 0x00, 0x03, 0x00,
    0x0d, 0x00, 0x00, 0x00, 0xd3, 0x00, 0x00, 0x00, 0x3d, 0x00, 0x04, 0x00, 0xc5, 0x00, 0x00, 0x00,
    0xd9, 0x00, 0x00, 0x00, 0x03, 0x00, 0x00, 0x00, 0x3d, 0x00, 0x04, 0x00, 0xc5, 0x00, 0x00, 0x00,
    0xda, 0x00, 0x00, 0x00, 0x05, 0x00, 0x00, 0x00, 0xf7, 0x00, 0x03, 0x00, 0xdb, 0x00, 0x00, 0x00,
    0x00, 0x00, 0x00, 0x00, 0xfb, 0x00, 0x03, 0x00, 0x12, 0x00, 0x00, 0x00, 0xdc, 0x00, 0x00, 0x00,
    0xf8, 0x00, 0x02, 0x00, 0xdc, 0x00, 0x00, 0x00, 0x41, 0x00, 0x05, 0x00, 0xd6, 0x00, 0x00, 0x00,
    0xdd, 0x00, 0x00, 0x00, 0x06, 0x00, 0x00, 0x00, 0x92, 0x00, 0x00, 0x00, 0x3d, 0x00, 0x04, 0x00,
    0x0f, 0x00, 0x00, 0x00, 0xde, 0x00, 0x00, 0x00, 0xdd, 0x00, 0x00, 0x00, 0xc2, 0x00, 0x05, 0x00,
    0x0f, 0x00, 0x00, 0x00, 0xdf, 0x00, 0x00, 0x00, 0xde, 0x00, 0x00, 0x00, 0x13, 0x00, 0x00, 0x00,
    0xc7, 0x00, 0x05, 0x00, 0x0f, 0x00, 0x00, 0x00, 0xe0, 0x00, 0x00, 0x00, 0xdf, 0x00, 0x00, 0x00,
    0x94, 0x00, 0x00, 0x00, 0xab, 0x00, 0x05, 0x00, 0x9e, 0x00, 0x00, 0x00, 0xe1, 0x00, 0x00, 0x00,
    0xe0, 0x00, 0x00, 0x00, 0x12, 0x00, 0x00, 0x00, 0xf7, 0x00, 0x03, 0x00, 0xe2, 0x00, 0x00, 0x00,
    0x00, 0x00, 0x00, 0x00, 0xfa, 0x00, 0x04, 0x00, 0xe1, 0x00, 0x00, 0x00, 0xe3, 0x00, 0x00, 0x00,
    0xe2, 0x00, 0x00, 0x00, 0xf8, 0x00, 0x02, 0x00, 0xe3, 0x00, 0x00, 0x00, 0x4f, 0x00, 0x07, 0x00,
    0xc2, 0x00, 0x00, 0x00, 0xe4, 0x00, 0x00, 0x00, 0xd9, 0x00, 0x00, 0x00, 0xd9, 0x00, 0x00, 0x00,
    0x00, 0x00, 0x00, 0x00, 0x01, 0x00, 0x00, 0x00, 0x6d, 0x00, 0x04, 0x00, 0xcb, 0x00, 0x00, 0x00,
    0xe5, 0x00, 0x00, 0x00, 0xe4, 0x00, 0x00, 0x00, 0x51, 0x00, 0x05, 0x00, 0x0f, 0x00, 0x00, 0x00,
    0xe6, 0x00, 0x00, 0x00, 0xe5, 0x00, 0x00, 0x00, 0x00, 0x00, 0x00, 0x00, 0x51, 0x00, 0x05, 0x00,
    0x0f, 0x00, 0x00, 0x00, 0xe7, 0x00, 0x00, 0x00, 0xe5, 0x00, 0x00, 0x00, 0x01, 0x00, 0x00, 0x00,
    0xc6, 0x00, 0x05, 0x00, 0x0f, 0x00, 0x00, 0x00, 0xe8, 0x00, 0x00, 0x00, 0xe6, 0x00, 0x00, 0x00,
    0xe7, 0x00, 0x00, 0x00, 0xc7, 0x00, 0x05, 0x00, 0x0f, 0x00, 0x00, 0x00, 0xe9, 0x00, 0x00, 0x00,
    0xe8, 0x00, 0x00, 0x00, 0x94, 0x00, 0x00, 0x00, 0xaa, 0x00, 0x05, 0x00, 0x9e, 0x00, 0x00, 0x00,
    0xea, 0x00, 0x00, 0x00, 0xe9, 0x00, 0x00, 0x00, 0x12, 0x00, 0x00, 0x00, 0xf7, 0x00, 0x03, 0x00,
    0xeb, 0x00, 0x00, 0x00, 0x00, 0x00, 0x00, 0x00, 0xfa, 0x00, 0x04, 0x00, 0xea, 0x00, 0x00, 0x00,
    0xec, 0x00, 0x00, 0x00, 0xeb, 0x00, 0x00, 0x00, 0xf8, 0x00, 0x02, 0x00, 0xec, 0x00, 0x00, 0x00,
    0xfc, 0x00, 0x01, 0x00, 0xf8, 0x00, 0x02, 0x00, 0xeb, 0x00, 0x00, 0x00, 0xf9, 0x00, 0x02, 0x00,
    0xe2, 0x00, 0x00, 0x00, 0xf8, 0x00, 0x02, 0x00, 0xe2, 0x00, 0x00, 0x00, 0xc7, 0x00, 0x05, 0x00,
    0x0f, 0x00, 0x00, 0x00, 0xed, 0x00, 0x00, 0x00, 0xde, 0x00, 0x00, 0x00, 0x96, 0x00, 0x00, 0x00,
    0xb0, 0x00, 0x05, 0x00, 0x9e, 0x00, 0x00, 0x00, 0xee, 0x00, 0x00, 0x00, 0xed, 0x00, 0x00, 0x00,
    0x13, 0x00, 0x00, 0x00, 0xf7, 0x00, 0x03, 0x00, 0xef, 0x00, 0x00, 0x00, 0x00, 0x00, 0x00, 0x00,
    0xfa, 0x00, 0x04, 0x00, 0xee, 0x00, 0x00, 0x00, 0xf0, 0x00, 0x00, 0x00, 0xef, 0x00, 0x00, 0x00,
    0xf8, 0x00, 0x02, 0x00, 0xf0, 0x00, 0x00, 0x00, 0xf9, 0x00, 0x02, 0x00, 0xdb, 0x00, 0x00, 0x00,
    0xf8, 0x00, 0x02, 0x00, 0xef, 0x00, 0x00, 0x00, 0xaa, 0x00, 0x05, 0x00, 0x9e, 0x00, 0x00, 0x00,
    0xf1, 0x00, 0x00, 0x00, 0xed, 0x00, 0x00, 0x00, 0x96, 0x00, 0x00, 0x00, 0xc2, 0x00, 0x05, 0x00,
    0x0f, 0x00, 0x00, 0x00, 0xf2, 0x00, 0x00, 0x00, 0xde, 0x00, 0x00, 0x00, 0x98, 0x00, 0x00, 0x00,
    0xc7, 0x00, 0x05, 0x00, 0x0f, 0x00, 0x00, 0x00, 0xf3, 0x00, 0x00, 0x00, 0xf2, 0x00, 0x00, 0x00,
    0x93, 0x00, 0x00, 0x00, 0x7c, 0x00, 0x04, 0x00, 0x11, 0x00, 0x00, 0x00, 0xf4, 0x00, 0x00, 0x00,
    0xf3, 0x00, 0x00, 0x00, 0x41, 0x00, 0x05, 0x00, 0xd7, 0x00, 0x00, 0x00, 0xf5, 0x00, 0x00, 0x00,
    0x04, 0x00, 0x00, 0x00, 0x92, 0x00, 0x00, 0x00, 0x3d, 0x00, 0x04, 0x00, 0x99, 0x00, 0x00, 0x00,
    0xf6, 0x00, 0x00, 0x00, 0xf5, 0x00, 0x00, 0x00, 0x88, 0x00, 0x05, 0x00, 0x99, 0x00, 0x00, 0x00,
    0xf7, 0x00, 0x00, 0x00, 0x9a, 0x00, 0x00, 0x00, 0xf6, 0x00, 0x00, 0x00, 0x41, 0x00, 0x05, 0x00,
    0xd6, 0x00, 0x00, 0x00, 0xf8, 0x00, 0x00, 0x00, 0x07, 0x00, 0x00, 0x00, 0x92, 0x00, 0x00, 0x00,
    0x3d, 0x00, 0x04, 0x00, 0x0f, 0x00, 0x00, 0x00, 0xf9, 0x00, 0x00, 0x00, 0xf8, 0x00, 0x00, 0x00,
    0x7c, 0x00, 0x04, 0x00, 0x11, 0x00, 0x00, 0x00, 0xfa, 0x00, 0x00, 0x00, 0xf9, 0x00, 0x00, 0x00,
    0xf7, 0x00, 0x03, 0x00, 0xfb, 0x00, 0x00, 0x00, 0x00, 0x00, 0x00, 0x00, 0xfb, 0x00, 0x03, 0x00,
    0x12, 0x00, 0x00, 0x00, 0xfc, 0x00, 0x00, 0x00, 0xf8, 0x00, 0x02, 0x00, 0xfc, 0x00, 0x00, 0x00,
    0xb8, 0x00, 0x05, 0x00, 0x9e, 0x00, 0x00, 0x00, 0xfd, 0x00, 0x00, 0x00, 0xf7, 0x00, 0x00, 0x00,
    0xaa, 0x00, 0x00, 0x00, 0xf7, 0x00, 0x03, 0x00, 0xfe, 0x00, 0x00, 0x00, 0x00, 0x00, 0x00, 0x00,
    0xfa, 0x00, 0x04, 0x00, 0xfd, 0x00, 0x00, 0x00, 0xff, 0x00, 0x00, 0x00, 0xfe, 0x00, 0x00, 0x00,
    0xf8, 0x00, 0x02, 0x00, 0xff, 0x00, 0x00, 0x00, 0xf9, 0x00, 0x02, 0x00, 0xfb, 0x00, 0x00, 0x00,
    0xf8, 0x00, 0x02, 0x00, 0xfe, 0x00, 0x00, 0x00, 0x7c, 0x00, 0x04, 0x00, 0x0f, 0x00, 0x00, 0x00,
    0x00, 0x01, 0x00, 0x00, 0xf7, 0x00, 0x00, 0x00, 0xc2, 0x00, 0x05, 0x00, 0x0f, 0x00, 0x00, 0x00,
    0x01, 0x01, 0x00, 0x00, 0x00, 0x01, 0x00, 0x00, 0x10, 0x00, 0x00, 0x00, 0xc2, 0x00, 0x05, 0x00,
    0x0f, 0x00, 0x00, 0x00, 0x02, 0x01, 0x00, 0x00, 0x01, 0x01, 0x00, 0x00, 0xa1, 0x00, 0x00, 0x00,
    0x7c, 0x00, 0x04, 0x00, 0x11, 0x00, 0x00, 0x00, 0x03, 0x01, 0x00, 0x00, 0x02, 0x01, 0x00, 0x00,
    0x82, 0x00, 0x05, 0x00, 0x11, 0x00, 0x00, 0x00, 0x04, 0x01, 0x00, 0x00, 0x03, 0x01, 0x00, 0x00,
    0xa0, 0x00, 0x00, 0x00, 0xc4, 0x00, 0x05, 0x00, 0x11, 0x00, 0x00, 0x00, 0x05, 0x01, 0x00, 0x00,
    0x04, 0x01, 0x00, 0x00, 0xab, 0x00, 0x00, 0x00, 0xc7, 0x00, 0x05, 0x00, 0x0f, 0x00, 0x00, 0x00,
    0x06, 0x01, 0x00, 0x00, 0x01, 0x01, 0x00, 0x00, 0x46, 0x00, 0x00, 0x00, 0x41, 0x00, 0x05, 0x00,
    0xd0, 0x00, 0x00, 0x00, 0x07, 0x01, 0x00, 0x00, 0x0d, 0x00, 0x00, 0x00, 0x06, 0x01, 0x00, 0x00,
    0x3d, 0x00, 0x04, 0x00, 0x0f, 0x00, 0x00, 0x00, 0x08, 0x01, 0x00, 0x00, 0x07, 0x01, 0x00, 0x00,
    0x7c, 0x00, 0x04, 0x00, 0x11, 0x00, 0x00, 0x00, 0x09, 0x01, 0x00, 0x00, 0x08, 0x01, 0x00, 0x00,
    0xc5, 0x00, 0x05, 0x00, 0x11, 0x00, 0x00, 0x00, 0x0a, 0x01, 0x00, 0x00, 0x05, 0x01, 0x00, 0x00,
    0x09, 0x01, 0x00, 0x00, 0xf9, 0x00, 0x02, 0x00, 0xfb, 0x00, 0x00, 0x00, 0xf8, 0x00, 0x02, 0x00,
    0xfb, 0x00, 0x00, 0x00, 0xf5, 0x00, 0x07, 0x00, 0x11, 0x00, 0x00, 0x00, 0x0b, 0x01, 0x00, 0x00,
    0x92, 0x00, 0x00, 0x00, 0xff, 0x00, 0x00, 0x00, 0x0a, 0x01, 0x00, 0x00, 0xfe, 0x00, 0x00, 0x00,
    0x82, 0x00, 0x05, 0x00, 0x11, 0x00, 0x00, 0x00, 0x0c, 0x01, 0x00, 0x00, 0x0b, 0x01, 0x00, 0x00,
    0xfa, 0x00, 0x00, 0x00, 0xc3, 0x00, 0x05, 0x00, 0x11, 0x00, 0x00, 0x00, 0x0d, 0x01, 0x00, 0x00,
    0x0c, 0x01, 0x00, 0x00, 0x9b, 0x00, 0x00, 0x00, 0x0c, 0x00, 0x08, 0x00, 0x11, 0x00, 0x00, 0x00,
    0x0e, 0x01, 0x00, 0x00, 0x01, 0x00, 0x00, 0x00, 0x2d, 0x00, 0x00, 0x00, 0x0d, 0x01, 0x00, 0x00,
    0x92, 0x00, 0x00, 0x00, 0xf4, 0x00, 0x00, 0x00, 0x41, 0x00, 0x05, 0x00, 0xd7, 0x00, 0x00, 0x00,
    0x0f, 0x01, 0x00, 0x00, 0x04, 0x00, 0x00, 0x00, 0x95, 0x00, 0x00, 0x00, 0x3d, 0x00, 0x04, 0x00,
    0x99, 0x00, 0x00, 0x00, 0x10, 0x01, 0x00, 0x00, 0x0f, 0x01, 0x00, 0x00, 0x85, 0x00, 0x05, 0x00,
    0x99, 0x00, 0x00, 0x00, 0x11, 0x01, 0x00, 0x00, 0x10, 0x01, 0x00, 0x00, 0xf7, 0x00, 0x00, 0x00,
    0x85, 0x00, 0x05, 0x00, 0x99, 0x00, 0x00, 0x00, 0x12, 0x01, 0x00, 0x00, 0x11, 0x01, 0x00, 0x00,
    0x9d, 0x00, 0x00, 0x00, 0xf7, 0x00, 0x03, 0x00, 0x13, 0x01, 0x00, 0x00, 0x00, 0x00, 0x00, 0x00,
    0xfb, 0x00, 0x03, 0x00, 0x12, 0x00, 0x00, 0x00, 0x14, 0x01, 0x00, 0x00, 0xf8, 0x00, 0x02, 0x00,
    0x14, 0x01, 0x00, 0x00, 0xbe, 0x00, 0x05, 0x00, 0x9e, 0x00, 0x00, 0x00, 0x15, 0x01, 0x00, 0x00,
    0x12, 0x01, 0x00, 0x00, 0xac, 0x00, 0x00, 0x00, 0xf7, 0x00, 0x03, 0x00, 0x16, 0x01, 0x00, 0x00,
    0x00, 0x00, 0x00, 0x00, 0xfa, 0x00, 0x04, 0x00, 0x15, 0x01, 0x00, 0x00, 0x17, 0x01, 0x00, 0x00,
    0x16, 0x01, 0x00, 0x00, 0xf8, 0x00, 0x02, 0x00, 0x17, 0x01, 0x00, 0x00, 0xb8, 0x00, 0x05, 0x00,
    0x9e, 0x00, 0x00, 0x00, 0x18, 0x01, 0x00, 0x00, 0x12, 0x01, 0x00, 0x00, 0xad, 0x00, 0x00, 0x00,
    0xf9, 0x00, 0x02, 0x00, 0x16, 0x01, 0x00, 0x00, 0xf8, 0x00, 0x02, 0x00, 0x16, 0x01, 0x00, 0x00,
    0xf5, 0x00, 0x07, 0x00, 0x9e, 0x00, 0x00, 0x00, 0x19, 0x01, 0x00, 0x00, 0x9f, 0x00, 0x00, 0x00,
    0x14, 0x01, 0x00, 0x00, 0x18, 0x01, 0x00, 0x00, 0x17, 0x01, 0x00, 0x00, 0xa8, 0x00, 0x04, 0x00,
    0x9e, 0x00, 0x00, 0x00, 0x1a, 0x01, 0x00, 0x00, 0x19, 0x01, 0x00, 0x00, 0xf7, 0x00, 0x03, 0x00,
    0x1b, 0x01, 0x00, 0x00, 0x00, 0x00, 0x00, 0x00, 0xfa, 0x00, 0x04, 0x00, 0x1a, 0x01, 0x00, 0x00,
    0x1c, 0x01, 0x00, 0x00, 0x1b, 0x01, 0x00, 0x00, 0xf8, 0x00, 0x02, 0x00, 0x1c, 0x01, 0x00, 0x00,
    0xf9, 0x00, 0x02, 0x00, 0x13, 0x01, 0x00, 0x00, 0xf8, 0x00, 0x02, 0x00, 0x1b, 0x01, 0x00, 0x00,
    0x6e, 0x00, 0x04, 0x00, 0x11, 0x00, 0x00, 0x00, 0x1d, 0x01, 0x00, 0x00, 0x12, 0x01, 0x00, 0x00,
    0xf9, 0x00, 0x02, 0x00, 0x13, 0x01, 0x00, 0x00, 0xf8, 0x00, 0x02, 0x00, 0x13, 0x01, 0x00, 0x00,
    0xf5, 0x00, 0x07, 0x00, 0x11, 0x00, 0x00, 0x00, 0x1e, 0x01, 0x00, 0x00, 0xae, 0x00, 0x00, 0x00,
    0x1c, 0x01, 0x00, 0x00, 0x1d, 0x01, 0x00, 0x00, 0x1b, 0x01, 0x00, 0x00, 0x41, 0x00, 0x05, 0x00,
    0xd7, 0x00, 0x00, 0x00, 0x1f, 0x01, 0x00, 0x00, 0x04, 0x00, 0x00, 0x00, 0x97, 0x00, 0x00, 0x00,
    0x3d, 0x00, 0x04, 0x00, 0x99, 0x00, 0x00, 0x00, 0x20, 0x01, 0x00, 0x00, 0x1f, 0x01, 0x00, 0x00,
    0x85, 0x00, 0x05, 0x00, 0x99, 0x00, 0x00, 0x00, 0x21, 0x01, 0x00, 0x00, 0x20, 0x01, 0x00, 0x00,
    0xf7, 0x00, 0x00, 0x00, 0x85, 0x00, 0x05, 0x00, 0x99, 0x00, 0x00, 0x00, 0x22, 0x01, 0x00, 0x00,
    0x21, 0x01, 0x00, 0x00, 0x9d, 0x00, 0x00, 0x00, 0xf7, 0x00, 0x03, 0x00, 0x23, 0x01, 0x00, 0x00,
    0x00, 0x00, 0x00, 0x00, 0xfb, 0x00, 0x03, 0x00, 0x12, 0x00, 0x00, 0x00, 0x24, 0x01, 0x00, 0x00,
    0xf8, 0x00, 0x02, 0x00, 0x24, 0x01, 0x00, 0x00, 0xbe, 0x00, 0x05, 0x00, 0x9e, 0x00, 0x00, 0x00,
    0x25, 0x01, 0x00, 0x00, 0x22, 0x01, 0x00, 0x00, 0xac, 0x00, 0x00, 0x00, 0xf7, 0x00, 0x03, 0x00,
    0x26, 0x01, 0x00, 0x00, 0x00, 0x00, 0x00, 0x00, 0xfa, 0x00, 0x04, 0x00, 0x25, 0x01, 0x00, 0x00,
    0x27, 0x01, 0x00, 0x00, 0x26, 0x01, 0x00, 0x00, 0xf8, 0x00, 0x02, 0x00, 0x27, 0x01, 0x00, 0x00,
    0xb8, 0x00, 0x05, 0x00, 0x9e, 0x00, 0x00, 0x00, 0x28, 0x01, 0x00, 0x00, 0x22, 0x01, 0x00, 0x00,
    0xad, 0x00, 0x00, 0x00, 0xf9, 0x00, 0x02, 0x00, 0x26, 0x01, 0x00, 0x00, 0xf8, 0x00, 0x02, 0x00,
    0x26, 0x01, 0x00, 0x00, 0xf5, 0x00, 0x07, 0x00, 0x9e, 0x00, 0x00, 0x00, 0x29, 0x01, 0x00, 0x00,
    0x9f, 0x00, 0x00, 0x00, 0x24, 0x01, 0x00, 0x00, 0x28, 0x01, 0x00, 0x00, 0x27, 0x01, 0x00, 0x00,
    0xa8, 0x00, 0x04, 0x00, 0x9e, 0x00, 0x00, 0x00, 0x2a, 0x01, 0x00, 0x00, 0x29, 0x01, 0x00, 0x00,
    0xf7, 0x00, 0x03, 0x00, 0x2b, 0x01, 0x00, 0x00, 0x00, 0x00, 0x00, 0x00, 0xfa, 0x00, 0x04, 0x00,
    0x2a, 0x01, 0x00, 0x00, 0x2c, 0x01, 0x00, 0x00, 0x2b, 0x01, 0x00, 0x00, 0xf8, 0x00, 0x02, 0x00,
    0x2c, 0x01, 0x00, 0x00, 0xf9, 0x00, 0x02, 0x00, 0x23, 0x01, 0x00, 0x00, 0xf8, 0x00, 0x02, 0x00,
    0x2b, 0x01, 0x00, 0x00, 0x6e, 0x00, 0x04, 0x00, 0x11, 0x00, 0x00, 0x00, 0x2d, 0x01, 0x00, 0x00,
    0x22, 0x01, 0x00, 0x00, 0xf9, 0x00, 0x02, 0x00, 0x23, 0x01, 0x00, 0x00, 0xf8, 0x00, 0x02, 0x00,
    0x23, 0x01, 0x00, 0x00, 0xf5, 0x00, 0x07, 0x00, 0x11, 0x00, 0x00, 0x00, 0x2e, 0x01, 0x00, 0x00,
    0xae, 0x00, 0x00, 0x00, 0x2c, 0x01, 0x00, 0x00, 0x2d, 0x01, 0x00, 0x00, 0x2b, 0x01, 0x00, 0x00,
    0xc2, 0x00, 0x05, 0x00, 0x0f, 0x00, 0x00, 0x00, 0x2f, 0x01, 0x00, 0x00, 0xde, 0x00, 0x00, 0x00,
    0xa9, 0x00, 0x00, 0x00, 0xc7, 0x00, 0x05, 0x00, 0x0f, 0x00, 0x00, 0x00, 0x30, 0x01, 0x00, 0x00,
    0x2f, 0x01, 0x00, 0x00, 0x94, 0x00, 0x00, 0x00, 0xab, 0x00, 0x05, 0x00, 0x9e, 0x00, 0x00, 0x00,
    0x31, 0x01, 0x00, 0x00, 0x30, 0x01, 0x00, 0x00, 0x12, 0x00, 0x00, 0x00, 0xaa, 0x00, 0x05, 0x00,
    0x9e, 0x00, 0x00, 0x00, 0x32, 0x01, 0x00, 0x00, 0x0e, 0x01, 0x00, 0x00, 0xa2, 0x00, 0x00, 0x00,
    0xf7, 0x00, 0x03, 0x00, 0x33, 0x01, 0x00, 0x00, 0x00, 0x00, 0x00, 0x00, 0xfa, 0x00, 0x04, 0x00,
    0x32, 0x01, 0x00, 0x00, 0x34, 0x01, 0x00, 0x00, 0x35, 0x01, 0x00, 0x00, 0xf8, 0x00, 0x02, 0x00,
    0x35, 0x01, 0x00, 0x00, 0x41, 0x00, 0x05, 0x00, 0xd6, 0x00, 0x00, 0x00, 0x36, 0x01, 0x00, 0x00,
    0x06, 0x00, 0x00, 0x00, 0x95, 0x00, 0x00, 0x00, 0x3d, 0x00, 0x04, 0x00, 0x0f, 0x00, 0x00, 0x00,
    0x37, 0x01, 0x00, 0x00, 0x36, 0x01, 0x00, 0x00, 0xc7, 0x00, 0x05, 0x00, 0x0f, 0x00, 0x00, 0x00,
    0x38, 0x01, 0x00, 0x00, 0x37, 0x01, 0x00, 0x00, 0xa5, 0x00, 0x00, 0x00, 0xc2, 0x00, 0x05, 0x00,
    0x0f, 0x00, 0x00, 0x00, 0x39, 0x01, 0x00, 0x00, 0x37, 0x01, 0x00, 0x00, 0x10, 0x00, 0x00, 0x00,
    0xc2, 0x00, 0x05, 0x00, 0x0f, 0x00, 0x00, 0x00, 0x3a, 0x01, 0x00, 0x00, 0xde, 0x00, 0x00, 0x00,
    0xb1, 0x00, 0x00, 0x00, 0xc7, 0x00, 0x05, 0x00, 0x0f, 0x00, 0x00, 0x00, 0x3b, 0x01, 0x00, 0x00,
    0x3a, 0x01, 0x00, 0x00, 0xa1, 0x00, 0x00, 0x00, 0xc4, 0x00, 0x05, 0x00, 0x0f, 0x00, 0x00, 0x00,
    0x3c, 0x01, 0x00, 0x00, 0xb0, 0x00, 0x00, 0x00, 0x3b, 0x01, 0x00, 0x00, 0x7c, 0x00, 0x04, 0x00,
    0x0f, 0x00, 0x00, 0x00, 0x3d, 0x01, 0x00, 0x00, 0x0e, 0x01, 0x00, 0x00, 0xc7, 0x00, 0x05, 0x00,
    0x0f, 0x00, 0x00, 0x00, 0x3e, 0x01, 0x00, 0x00, 0x3d, 0x01, 0x00, 0x00, 0x93, 0x00, 0x00, 0x00,
    0xc2, 0x00, 0x05, 0x00, 0x0f, 0x00, 0x00, 0x00, 0x3f, 0x01, 0x00, 0x00, 0x3c, 0x01, 0x00, 0x00,
    0x3e, 0x01, 0x00, 0x00, 0xc2, 0x00, 0x05, 0x00, 0x0f, 0x00, 0x00, 0x00, 0x40, 0x01, 0x00, 0x00,
    0xde, 0x00, 0x00, 0x00, 0xb2, 0x00, 0x00, 0x00, 0xc7, 0x00, 0x05, 0x00, 0x0f, 0x00, 0x00, 0x00,
    0x41, 0x01, 0x00, 0x00, 0x40, 0x01, 0x00, 0x00, 0xa1, 0x00, 0x00, 0x00, 0xc4, 0x00, 0x05, 0x00,
    0x0f, 0x00, 0x00, 0x00, 0x42, 0x01, 0x00, 0x00, 0xb0, 0x00, 0x00, 0x00, 0x41, 0x01, 0x00, 0x00,
    0xc2, 0x00, 0x05, 0x00, 0x0f, 0x00, 0x00, 0x00, 0x43, 0x01, 0x00, 0x00, 0x42, 0x01, 0x00, 0x00,
    0x3e, 0x01, 0x00, 0x00, 0x82, 0x00, 0x05, 0x00, 0x0f, 0x00, 0x00, 0x00, 0x44, 0x01, 0x00, 0x00,
    0x38, 0x01, 0x00, 0x00, 0xb3, 0x00, 0x00, 0x00, 0xc2, 0x00, 0x05, 0x00, 0x0f, 0x00, 0x00, 0x00,
    0x45, 0x01, 0x00, 0x00, 0x44, 0x01, 0x00, 0x00, 0x3e, 0x01, 0x00, 0x00, 0xc7, 0x00, 0x05, 0x00,
    0x0f, 0x00, 0x00, 0x00, 0x46, 0x01, 0x00, 0x00, 0x45, 0x01, 0x00, 0x00, 0xb4, 0x00, 0x00, 0x00,
    0x82, 0x00, 0x05, 0x00, 0x0f, 0x00, 0x00, 0x00, 0x47, 0x01, 0x00, 0x00, 0x39, 0x01, 0x00, 0x00,
    0xb5, 0x00, 0x00, 0x00, 0xc2, 0x00, 0x05, 0x00, 0x0f, 0x00, 0x00, 0x00, 0x48, 0x01, 0x00, 0x00,
    0x47, 0x01, 0x00, 0x00, 0x3e, 0x01, 0x00, 0x00, 0xc7, 0x00, 0x05, 0x00, 0x0f, 0x00, 0x00, 0x00,
    0x49, 0x01, 0x00, 0x00, 0x48, 0x01, 0x00, 0x00, 0xb6, 0x00, 0x00, 0x00, 0xc7, 0x00, 0x05, 0x00,
    0x11, 0x00, 0x00, 0x00, 0x4a, 0x01, 0x00, 0x00, 0x0e, 0x01, 0x00, 0x00, 0x95, 0x00, 0x00, 0x00,
    0xab, 0x00, 0x05, 0x00, 0x9e, 0x00, 0x00, 0x00, 0x4b, 0x01, 0x00, 0x00, 0x4a, 0x01, 0x00, 0x00,
    0x92, 0x00, 0x00, 0x00, 0xa5, 0x00, 0x05, 0x00, 0x9e, 0x00, 0x00, 0x00, 0x4c, 0x01, 0x00, 0x00,
    0x4b, 0x01, 0x00, 0x00, 0x31, 0x01, 0x00, 0x00, 0xa9, 0x00, 0x06, 0x00, 0x0f, 0x00, 0x00, 0x00,
    0x4d, 0x01, 0x00, 0x00, 0x4c, 0x01, 0x00, 0x00, 0x94, 0x00, 0x00, 0x00, 0x12, 0x00, 0x00, 0x00,
    0xc7, 0x00, 0x05, 0x00, 0x11, 0x00, 0x00, 0x00, 0x4e, 0x01, 0x00, 0x00, 0x0e, 0x01, 0x00, 0x00,
    0x9c, 0x00, 0x00, 0x00, 0xc3, 0x00, 0x05, 0x00, 0x11, 0x00, 0x00, 0x00, 0x4f, 0x01, 0x00, 0x00,
    0x1e, 0x01, 0x00, 0x00, 0x4e, 0x01, 0x00, 0x00, 0xc3, 0x00, 0x05, 0x00, 0x11, 0x00, 0x00, 0x00,
    0x50, 0x01, 0x00, 0x00, 0x2e, 0x01, 0x00, 0x00, 0x4e, 0x01, 0x00, 0x00, 0xf9, 0x00, 0x02, 0x00,
    0x33, 0x01, 0x00, 0x00, 0xf8, 0x00, 0x02, 0x00, 0x34, 0x01, 0x00, 0x00, 0x41, 0x00, 0x05, 0x00,
    0xd6, 0x00, 0x00, 0x00, 0x51, 0x01, 0x00, 0x00, 0x06, 0x00, 0x00, 0x00, 0x97, 0x00, 0x00, 0x00,
    0x3d, 0x00, 0x04, 0x00, 0x0f, 0x00, 0x00, 0x00, 0x52, 0x01, 0x00, 0x00, 0x51, 0x01, 0x00, 0x00,
    0xc7, 0x00, 0x05, 0x00, 0x0f, 0x00, 0x00, 0x00, 0x53, 0x01, 0x00, 0x00, 0x52, 0x01, 0x00, 0x00,
    0xa5, 0x00, 0x00, 0x00, 0xc2, 0x00, 0x05, 0x00, 0x0f, 0x00, 0x00, 0x00, 0x54, 0x01, 0x00, 0x00,
    0x52, 0x01, 0x00, 0x00, 0x10, 0x00, 0x00, 0x00, 0xa9, 0x00, 0x06, 0x00, 0x0f, 0x00, 0x00, 0x00,
    0x55, 0x01, 0x00, 0x00, 0x31, 0x01, 0x00, 0x00, 0x12, 0x00, 0x00, 0x00, 0x94, 0x00, 0x00, 0x00,
    0xc2, 0x00, 0x05, 0x00, 0x0f, 0x00, 0x00, 0x00, 0x56, 0x01, 0x00, 0x00, 0xde, 0x00, 0x00, 0x00,
    0x15, 0x00, 0x00, 0x00, 0xc7, 0x00, 0x05, 0x00, 0x0f, 0x00, 0x00, 0x00, 0x57, 0x01, 0x00, 0x00,
    0x56, 0x01, 0x00, 0x00, 0x96, 0x00, 0x00, 0x00, 0xc4, 0x00, 0x05, 0x00, 0x0f, 0x00, 0x00, 0x00,
    0x58, 0x01, 0x00, 0x00, 0x94, 0x00, 0x00, 0x00, 0x57, 0x01, 0x00, 0x00, 0x7c, 0x00, 0x04, 0x00,
    0x11, 0x00, 0x00, 0x00, 0x59, 0x01, 0x00, 0x00, 0x58, 0x01, 0x00, 0x00, 0xc7, 0x00, 0x05, 0x00,
    0x11, 0x00, 0x00, 0x00, 0x5a, 0x01, 0x00, 0x00, 0x59, 0x01, 0x00, 0x00, 0x9c, 0x00, 0x00, 0x00,
    0xc4, 0x00, 0x05, 0x00, 0x11, 0x00, 0x00, 0x00, 0x5b, 0x01, 0x00, 0x00, 0x1e, 0x01, 0x00, 0x00,
    0x5a, 0x01, 0x00, 0x00, 0xc4, 0x00, 0x05, 0x00, 0x11, 0x00, 0x00, 0x00, 0x5c, 0x01, 0x00, 0x00,
    0x2e, 0x01, 0x00, 0x00, 0x5a, 0x01, 0x00, 0x00, 0xf9, 0x00, 0x02, 0x00, 0x33, 0x01, 0x00, 0x00,
    0xf8, 0x00, 0x02, 0x00, 0x33, 0x01, 0x00, 0x00, 0xf5, 0x00, 0x07, 0x00, 0x0f, 0x00, 0x00, 0x00,
    0x5d, 0x01, 0x00, 0x00, 0x55, 0x01, 0x00, 0x00, 0x34, 0x01, 0x00, 0x00, 0x4d, 0x01, 0x00, 0x00,
    0x35, 0x01, 0x00, 0x00, 0xf5, 0x00, 0x07, 0x00, 0x0f, 0x00, 0x00, 0x00, 0x5e, 0x01, 0x00, 0x00,
    0x54, 0x01, 0x00, 0x00, 0x34, 0x01, 0x00, 0x00, 0x49, 0x01, 0x00, 0x00, 0x35, 0x01, 0x00, 0x00,
    0xf5, 0x00, 0x07, 0x00, 0x0f, 0x00, 0x00, 0x00, 0x5f, 0x01, 0x00, 0x00, 0x53, 0x01, 0x00, 0x00,
    0x34, 0x01, 0x00, 0x00, 0x46, 0x01, 0x00, 0x00, 0x35, 0x01, 0x00, 0x00, 0xf5, 0x00, 0x07, 0x00,
    0x0f, 0x00, 0x00, 0x00, 0x60, 0x01, 0x00, 0x00, 0xaf, 0x00, 0x00, 0x00, 0x34, 0x01, 0x00, 0x00,
    0x43, 0x01, 0x00, 0x00, 0x35, 0x01, 0x00, 0x00, 0xf5, 0x00, 0x07, 0x00, 0x11, 0x00, 0x00, 0x00,
    0x61, 0x01, 0x00, 0x00, 0x5c, 0x01, 0x00, 0x00, 0x34, 0x01, 0x00, 0x00, 0x50, 0x01, 0x00, 0x00,
    0x35, 0x01, 0x00, 0x00, 0xf5, 0x00, 0x07, 0x00, 0x0f, 0x00, 0x00, 0x00, 0x62, 0x01, 0x00, 0x00,
    0xaf, 0x00, 0x00, 0x00, 0x34, 0x01, 0x00, 0x00, 0x3f, 0x01, 0x00, 0x00, 0x35, 0x01, 0x00, 0x00,
    0xf5, 0x00, 0x07, 0x00, 0x11, 0x00, 0x00, 0x00, 0x63, 0x01, 0x00, 0x00, 0x5b, 0x01, 0x00, 0x00,
    0x34, 0x01, 0x00, 0x00, 0x4f, 0x01, 0x00, 0x00, 0x35, 0x01, 0x00, 0x00, 0xc2, 0x00, 0x05, 0x00,
    0x0f, 0x00, 0x00, 0x00, 0x64, 0x01, 0x00, 0x00, 0xde, 0x00, 0x00, 0x00, 0x14, 0x00, 0x00, 0x00,
    0xc7, 0x00, 0x05, 0x00, 0x0f, 0x00, 0x00, 0x00, 0x65, 0x01, 0x00, 0x00, 0x64, 0x01, 0x00, 0x00,
    0x94, 0x00, 0x00, 0x00, 0xab, 0x00, 0x05, 0x00, 0x9e, 0x00, 0x00, 0x00, 0x66, 0x01, 0x00, 0x00,
    0x65, 0x01, 0x00, 0x00, 0x12, 0x00, 0x00, 0x00, 0xf7, 0x00, 0x03, 0x00, 0x67, 0x01, 0x00, 0x00,
    0x00, 0x00, 0x00, 0x00, 0xfa, 0x00, 0x04, 0x00, 0x66, 0x01, 0x00, 0x00, 0x68, 0x01, 0x00, 0x00,
    0x67, 0x01, 0x00, 0x00, 0xf8, 0x00, 0x02, 0x00, 0x68, 0x01, 0x00, 0x00, 0xc4, 0x00, 0x05, 0x00,
    0x0f, 0x00, 0x00, 0x00, 0x69, 0x01, 0x00, 0x00, 0x62, 0x01, 0x00, 0x00, 0x15, 0x00, 0x00, 0x00,
    0x7c, 0x00, 0x04, 0x00, 0x11, 0x00, 0x00, 0x00, 0x6a, 0x01, 0x00, 0x00, 0x69, 0x01, 0x00, 0x00,
    0xc7, 0x00, 0x05, 0x00, 0x11, 0x00, 0x00, 0x00, 0x6b, 0x01, 0x00, 0x00, 0x63, 0x01, 0x00, 0x00,
    0x6a, 0x01, 0x00, 0x00, 0xab, 0x00, 0x05, 0x00, 0x9e, 0x00, 0x00, 0x00, 0x6c, 0x01, 0x00, 0x00,
    0x6b, 0x01, 0x00, 0x00, 0x92, 0x00, 0x00, 0x00, 0xf9, 0x00, 0x02, 0x00, 0x67, 0x01, 0x00, 0x00,
    0xf8, 0x00, 0x02, 0x00, 0x67, 0x01, 0x00, 0x00, 0xf5, 0x00, 0x07, 0x00, 0x9e, 0x00, 0x00, 0x00,
    0x6d, 0x01, 0x00, 0x00, 0x9f, 0x00, 0x00, 0x00, 0x33, 0x01, 0x00, 0x00, 0x6c, 0x01, 0x00, 0x00,
    0x68, 0x01, 0x00, 0x00, 0xf7, 0x00, 0x03, 0x00, 0x6e, 0x01, 0x00, 0x00, 0x00, 0x00, 0x00, 0x00,
    0xfa, 0x00, 0x04, 0x00, 0x6d, 0x01, 0x00, 0x00, 0x6f, 0x01, 0x00, 0x00, 0x6e, 0x01, 0x00, 0x00,
    0xf8, 0x00, 0x02, 0x00, 0x6f, 0x01, 0x00, 0x00, 0xc8, 0x00, 0x04, 0x00, 0x11, 0x00, 0x00, 0x00,
    0x70, 0x01, 0x00, 0x00, 0x63, 0x01, 0x00, 0x00, 0xf9, 0x00, 0x02, 0x00, 0x6e, 0x01, 0x00, 0x00,
    0xf8, 0x00, 0x02, 0x00, 0x6e, 0x01, 0x00, 0x00, 0xf5, 0x00, 0x07, 0x00, 0x11, 0x00, 0x00, 0x00,
    0x71, 0x01, 0x00, 0x00, 0x63, 0x01, 0x00, 0x00, 0x67, 0x01, 0x00, 0x00, 0x70, 0x01, 0x00, 0x00,
    0x6f, 0x01, 0x00, 0x00, 0xc2, 0x00, 0x05, 0x00, 0x0f, 0x00, 0x00, 0x00, 0x72, 0x01, 0x00, 0x00,
    0xde, 0x00, 0x00, 0x00, 0xb7, 0x00, 0x00, 0x00, 0xc7, 0x00, 0x05, 0x00, 0x0f, 0x00, 0x00, 0x00,
    0x73, 0x01, 0x00, 0x00, 0x72, 0x01, 0x00, 0x00, 0x94, 0x00, 0x00, 0x00, 0xab, 0x00, 0x05, 0x00,
    0x9e, 0x00, 0x00, 0x00, 0x74, 0x01, 0x00, 0x00, 0x73, 0x01, 0x00, 0x00, 0x12, 0x00, 0x00, 0x00,
    0xf7, 0x00, 0x03, 0x00, 0x75, 0x01, 0x00, 0x00, 0x00, 0x00, 0x00, 0x00, 0xfa, 0x00, 0x04, 0x00,
    0x74, 0x01, 0x00, 0x00, 0x76, 0x01, 0x00, 0x00, 0x75, 0x01, 0x00, 0x00, 0xf8, 0x00, 0x02, 0x00,
    0x76, 0x01, 0x00, 0x00, 0xc4, 0x00, 0x05, 0x00, 0x0f, 0x00, 0x00, 0x00, 0x77, 0x01, 0x00, 0x00,
    0x60, 0x01, 0x00, 0x00, 0x15, 0x00, 0x00, 0x00, 0x7c, 0x00, 0x04, 0x00, 0x11, 0x00, 0x00, 0x00,
    0x78, 0x01, 0x00, 0x00, 0x77, 0x01, 0x00, 0x00, 0xc7, 0x00, 0x05, 0x00, 0x11, 0x00, 0x00, 0x00,
    0x79, 0x01, 0x00, 0x00, 0x61, 0x01, 0x00, 0x00, 0x78, 0x01, 0x00, 0x00, 0xab, 0x00, 0x05, 0x00,
    0x9e, 0x00, 0x00, 0x00, 0x7a, 0x01, 0x00, 0x00, 0x79, 0x01, 0x00, 0x00, 0x92, 0x00, 0x00, 0x00,
    0xf9, 0x00, 0x02, 0x00, 0x75, 0x01, 0x00, 0x00, 0xf8, 0x00, 0x02, 0x00, 0x75, 0x01, 0x00, 0x00,
    0xf5, 0x00, 0x07, 0x00, 0x9e, 0x00, 0x00, 0x00, 0x7b, 0x01, 0x00, 0x00, 0x9f, 0x00, 0x00, 0x00,
    0x6e, 0x01, 0x00, 0x00, 0x7a, 0x01, 0x00, 0x00, 0x76, 0x01, 0x00, 0x00, 0xf7, 0x00, 0x03, 0x00,
    0x7c, 0x01, 0x00, 0x00, 0x00, 0x00, 0x00, 0x00, 0xfa, 0x00, 0x04, 0x00, 0x7b, 0x01, 0x00, 0x00,
    0x7d, 0x01, 0x00, 0x00, 0x7c, 0x01, 0x00, 0x00, 0xf8, 0x00, 0x02, 0x00, 0x7d, 0x01, 0x00, 0x00,
    0xc8, 0x00, 0x04, 0x00, 0x11, 0x00, 0x00, 0x00, 0x7e, 0x01, 0x00, 0x00, 0x61, 0x01, 0x00, 0x00,
    0xf9, 0x00, 0x02, 0x00, 0x7c, 0x01, 0x00, 0x00, 0xf8, 0x00, 0x02, 0x00, 0x7c, 0x01, 0x00, 0x00,
    0xf5, 0x00, 0x07, 0x00, 0x11, 0x00, 0x00, 0x00, 0x7f, 0x01, 0x00, 0x00, 0x61, 0x01, 0x00, 0x00,
    0x75, 0x01, 0x00, 0x00, 0x7e, 0x01, 0x00, 0x00, 0x7d, 0x01, 0x00, 0x00, 0x82, 0x00, 0x05, 0x00,
    0x11, 0x00, 0x00, 0x00, 0x80, 0x01, 0x00, 0x00, 0x71, 0x01, 0x00, 0x00, 0xb8, 0x00, 0x00, 0x00,
    0x82, 0x00, 0x05, 0x00, 0x11, 0x00, 0x00, 0x00, 0x81, 0x01, 0x00, 0x00, 0x7f, 0x01, 0x00, 0x00,
    0xb8, 0x00, 0x00, 0x00, 0x7c, 0x00, 0x04, 0x00, 0x0f, 0x00, 0x00, 0x00, 0x82, 0x01, 0x00, 0x00,
    0x80, 0x01, 0x00, 0x00, 0xc7, 0x00, 0x05, 0x00, 0x0f, 0x00, 0x00, 0x00, 0x83, 0x01, 0x00, 0x00,
    0x82, 0x01, 0x00, 0x00, 0xa4, 0x00, 0x00, 0x00, 0x7c, 0x00, 0x04, 0x00, 0x0f, 0x00, 0x00, 0x00,
    0x84, 0x01, 0x00, 0x00, 0x81, 0x01, 0x00, 0x00, 0xc7, 0x00, 0x05, 0x00, 0x0f, 0x00, 0x00, 0x00,
    0x85, 0x01, 0x00, 0x00, 0x84, 0x01, 0x00, 0x00, 0xa4, 0x00, 0x00, 0x00, 0xc3, 0x00, 0x05, 0x00,
    0x11, 0x00, 0x00, 0x00, 0x86, 0x01, 0x00, 0x00, 0x80, 0x01, 0x00, 0x00, 0xab, 0x00, 0x00, 0x00,
    0x7c, 0x00, 0x04, 0x00, 0x0f, 0x00, 0x00, 0x00, 0x87, 0x01, 0x00, 0x00, 0x86, 0x01, 0x00, 0x00,
    0x82, 0x00, 0x05, 0x00, 0x0f, 0x00, 0x00, 0x00, 0x88, 0x01, 0x00, 0x00, 0x62, 0x01, 0x00, 0x00,
    0x94, 0x00, 0x00, 0x00, 0xc7, 0x00, 0x05, 0x00, 0x0f, 0x00, 0x00, 0x00, 0x89, 0x01, 0x00, 0x00,
    0x87, 0x01, 0x00, 0x00, 0x88, 0x01, 0x00, 0x00, 0x7c, 0x00, 0x04, 0x00, 0x11, 0x00, 0x00, 0x00,
    0x8a, 0x01, 0x00, 0x00, 0x89, 0x01, 0x00, 0x00, 0x80, 0x00, 0x05, 0x00, 0x11, 0x00, 0x00, 0x00,
    0x8b, 0x01, 0x00, 0x00, 0x8a, 0x01, 0x00, 0x00, 0x95, 0x00, 0x00, 0x00, 0x7c, 0x00, 0x04, 0x00,
    0x0f, 0x00, 0x00, 0x00, 0x8c, 0x01, 0x00, 0x00, 0x8b, 0x01, 0x00, 0x00, 0xc7, 0x00, 0x05, 0x00,
    0x0f, 0x00, 0x00, 0x00, 0x8d, 0x01, 0x00, 0x00, 0x8c, 0x01, 0x00, 0x00, 0x88, 0x01, 0x00, 0x00,
    0x7c, 0x00, 0x04, 0x00, 0x11, 0x00, 0x00, 0x00, 0x8e, 0x01, 0x00, 0x00, 0x8d, 0x01, 0x00, 0x00,
    0xc3, 0x00, 0x05, 0x00, 0x11, 0x00, 0x00, 0x00, 0x8f, 0x01, 0x00, 0x00, 0x81, 0x01, 0x00, 0x00,
    0xab, 0x00, 0x00, 0x00, 0x7c, 0x00, 0x04, 0x00, 0x0f, 0x00, 0x00, 0x00, 0x90, 0x01, 0x00, 0x00,
    0x8f, 0x01, 0x00, 0x00, 0x82, 0x00, 0x05, 0x00, 0x0f, 0x00, 0x00, 0x00, 0x91, 0x01, 0x00, 0x00,
    0x60, 0x01, 0x00, 0x00, 0x94, 0x00, 0x00, 0x00, 0xc7, 0x00, 0x05, 0x00, 0x0f, 0x00, 0x00, 0x00,
    0x92, 0x01, 0x00, 0x00, 0x90, 0x01, 0x00, 0x00, 0x91, 0x01, 0x00, 0x00, 0x7c, 0x00, 0x04, 0x00,
    0x11, 0x00, 0x00, 0x00, 0x93, 0x01, 0x00, 0x00, 0x92, 0x01, 0x00, 0x00, 0x80, 0x00, 0x05, 0x00,
    0x11, 0x00, 0x00, 0x00, 0x94, 0x01, 0x00, 0x00, 0x93, 0x01, 0x00, 0x00, 0x95, 0x00, 0x00, 0x00,
    0x7c, 0x00, 0x04, 0x00, 0x0f, 0x00, 0x00, 0x00, 0x95, 0x01, 0x00, 0x00, 0x94, 0x01, 0x00, 0x00,
    0xc7, 0x00, 0x05, 0x00, 0x0f, 0x00, 0x00, 0x00, 0x96, 0x01, 0x00, 0x00, 0x95, 0x01, 0x00, 0x00,
    0x91, 0x01, 0x00, 0x00, 0x7c, 0x00, 0x04, 0x00, 0x11, 0x00, 0x00, 0x00, 0x97, 0x01, 0x00, 0x00,
    0x96, 0x01, 0x00, 0x00, 0xc2, 0x00, 0x05, 0x00, 0x0f, 0x00, 0x00, 0x00, 0x98, 0x01, 0x00, 0x00,
    0xde, 0x00, 0x00, 0x00, 0x96, 0x00, 0x00, 0x00, 0xc7, 0x00, 0x05, 0x00, 0x0f, 0x00, 0x00, 0x00,
    0x99, 0x01, 0x00, 0x00, 0x98, 0x01, 0x00, 0x00, 0x94, 0x00, 0x00, 0x00, 0xaa, 0x00, 0x05, 0x00,
    0x9e, 0x00, 0x00, 0x00, 0x9a, 0x01, 0x00, 0x00, 0x99, 0x01, 0x00, 0x00, 0x12, 0x00, 0x00, 0x00,
    0xf7, 0x00, 0x03, 0x00, 0x9b, 0x01, 0x00, 0x00, 0x00, 0x00, 0x00, 0x00, 0xfa, 0x00, 0x04, 0x00,
    0x9a, 0x01, 0x00, 0x00, 0x9c, 0x01, 0x00, 0x00, 0x9b, 0x01, 0x00, 0x00, 0xf8, 0x00, 0x02, 0x00,
    0x9c, 0x01, 0x00, 0x00, 0xaa, 0x00, 0x05, 0x00, 0x9e, 0x00, 0x00, 0x00, 0x9d, 0x01, 0x00, 0x00,
    0x8e, 0x01, 0x00, 0x00, 0x92, 0x00, 0x00, 0x00, 0xf9, 0x00, 0x02, 0x00, 0x9b, 0x01, 0x00, 0x00,
    0xf8, 0x00, 0x02, 0x00, 0x9b, 0x01, 0x00, 0x00, 0xf5, 0x00, 0x07, 0x00, 0x9e, 0x00, 0x00, 0x00,
    0x9e, 0x01, 0x00, 0x00, 0x9f, 0x00, 0x00, 0x00, 0x7c, 0x01, 0x00, 0x00, 0x9d, 0x01, 0x00, 0x00,
    0x9c, 0x01, 0x00, 0x00, 0xf7, 0x00, 0x03, 0x00, 0x9f, 0x01, 0x00, 0x00, 0x00, 0x00, 0x00, 0x00,
    0xfa, 0x00, 0x04, 0x00, 0x9e, 0x01, 0x00, 0x00, 0xa0, 0x01, 0x00, 0x00, 0x9f, 0x01, 0x00, 0x00,
    0xf8, 0x00, 0x02, 0x00, 0xa0, 0x01, 0x00, 0x00, 0xae, 0x00, 0x05, 0x00, 0x9e, 0x00, 0x00, 0x00,
    0xa1, 0x01, 0x00, 0x00, 0x83, 0x01, 0x00, 0x00, 0xaf, 0x00, 0x00, 0x00, 0xf7, 0x00, 0x03, 0x00,
    0xa2, 0x01, 0x00, 0x00, 0x00, 0x00, 0x00, 0x00, 0xfa, 0x00, 0x04, 0x00, 0xa1, 0x01, 0x00, 0x00,
    0xa3, 0x01, 0x00, 0x00, 0xa4, 0x01, 0x00, 0x00, 0xf8, 0x00, 0x02, 0x00, 0xa4, 0x01, 0x00, 0x00,
    0x82, 0x00, 0x05, 0x00, 0x11, 0x00, 0x00, 0x00, 0xa5, 0x01, 0x00, 0x00, 0x8a, 0x01, 0x00, 0x00,
    0x95, 0x00, 0x00, 0x00, 0xf9, 0x00, 0x02, 0x00, 0xa2, 0x01, 0x00, 0x00, 0xf8, 0x00, 0x02, 0x00,
    0xa3, 0x01, 0x00, 0x00, 0x80, 0x00, 0x05, 0x00, 0x11, 0x00, 0x00, 0x00, 0xa6, 0x01, 0x00, 0x00,
    0x8e, 0x01, 0x00, 0x00, 0x95, 0x00, 0x00, 0x00, 0xf9, 0x00, 0x02, 0x00, 0xa2, 0x01, 0x00, 0x00,
    0xf8, 0x00, 0x02, 0x00, 0xa2, 0x01, 0x00, 0x00, 0xf5, 0x00, 0x07, 0x00, 0x11, 0x00, 0x00, 0x00,
    0xa7, 0x01, 0x00, 0x00, 0xa6, 0x01, 0x00, 0x00, 0xa3, 0x01, 0x00, 0x00, 0x8a, 0x01, 0x00, 0x00,
    0xa4, 0x01, 0x00, 0x00, 0xf5, 0x00, 0x07, 0x00, 0x11, 0x00, 0x00, 0x00, 0xa8, 0x01, 0x00, 0x00,
    0x8e, 0x01, 0x00, 0x00, 0xa3, 0x01, 0x00, 0x00, 0xa5, 0x01, 0x00, 0x00, 0xa4, 0x01, 0x00, 0x00,
    0xa9, 0x00, 0x06, 0x00, 0x0f, 0x00, 0x00, 0x00, 0xa9, 0x01, 0x00, 0x00, 0xa1, 0x01, 0x00, 0x00,
    0x12, 0x00, 0x00, 0x00, 0xa6, 0x00, 0x00, 0x00, 0xf9, 0x00, 0x02, 0x00, 0x9f, 0x01, 0x00, 0x00,
    0xf8, 0x00, 0x02, 0x00, 0x9f, 0x01, 0x00, 0x00, 0xf5, 0x00, 0x07, 0x00, 0x0f, 0x00, 0x00, 0x00,
    0xaa, 0x01, 0x00, 0x00, 0x83, 0x01, 0x00, 0x00, 0x9b, 0x01, 0x00, 0x00, 0xa9, 0x01, 0x00, 0x00,
    0xa2, 0x01, 0x00, 0x00, 0xf5, 0x00, 0x07, 0x00, 0x11, 0x00, 0x00, 0x00, 0xab, 0x01, 0x00, 0x00,
    0x8e, 0x01, 0x00, 0x00, 0x9b, 0x01, 0x00, 0x00, 0xa7, 0x01, 0x00, 0x00, 0xa2, 0x01, 0x00, 0x00,
    0xf5, 0x00, 0x07, 0x00, 0x11, 0x00, 0x00, 0x00, 0xac, 0x01, 0x00, 0x00, 0x8a, 0x01, 0x00, 0x00,
    0x9b, 0x01, 0x00, 0x00, 0xa8, 0x01, 0x00, 0x00, 0xa2, 0x01, 0x00, 0x00, 0xc2, 0x00, 0x05, 0x00,
    0x0f, 0x00, 0x00, 0x00, 0xad, 0x01, 0x00, 0x00, 0xde, 0x00, 0x00, 0x00, 0xb9, 0x00, 0x00, 0x00,
    0xc7, 0x00, 0x05, 0x00, 0x0f, 0x00, 0x00, 0x00, 0xae, 0x01, 0x00, 0x00, 0xad, 0x01, 0x00, 0x00,
    0x94, 0x00, 0x00, 0x00, 0xaa, 0x00, 0x05, 0x00, 0x9e, 0x00, 0x00, 0x00, 0xaf, 0x01, 0x00, 0x00,
    0xae, 0x01, 0x00, 0x00, 0x12, 0x00, 0x00, 0x00, 0xf7, 0x00, 0x03, 0x00, 0xb0, 0x01, 0x00, 0x00,
    0x00, 0x00, 0x00, 0x00, 0xfa, 0x00, 0x04, 0x00, 0xaf, 0x01, 0x00, 0x00, 0xb1, 0x01, 0x00, 0x00,
    0xb0, 0x01, 0x00, 0x00, 0xf8, 0x00, 0x02, 0x00, 0xb1, 0x01, 0x00, 0x00, 0xaa, 0x00, 0x05, 0x00,
    0x9e, 0x00, 0x00, 0x00, 0xb2, 0x01, 0x00, 0x00, 0x97, 0x01, 0x00, 0x00, 0x92, 0x00, 0x00, 0x00,
    0xf9, 0x00, 0x02, 0x00, 0xb0, 0x01, 0x00, 0x00, 0xf8, 0x00, 0x02, 0x00, 0xb0, 0x01, 0x00, 0x00,
    0xf5, 0x00, 0x07, 0x00, 0x9e, 0x00, 0x00, 0x00, 0xb3, 0x01, 0x00, 0x00, 0x9f, 0x00, 0x00, 0x00,
    0x9f, 0x01, 0x00, 0x00, 0xb2, 0x01, 0x00, 0x00, 0xb1, 0x01, 0x00, 0x00, 0xf7, 0x00, 0x03, 0x00,
    0xb4, 0x01, 0x00, 0x00, 0x00, 0x00, 0x00, 0x00, 0xfa, 0x00, 0x04, 0x00, 0xb3, 0x01, 0x00, 0x00,
    0xb5, 0x01, 0x00, 0x00, 0xb4, 0x01, 0x00, 0x00, 0xf8, 0x00, 0x02, 0x00, 0xb5, 0x01, 0x00, 0x00,
    0xae, 0x00, 0x05, 0x00, 0x9e, 0x00, 0x00, 0x00, 0xb6, 0x01, 0x00, 0x00, 0x85, 0x01, 0x00, 0x00,
    0xaf, 0x00, 0x00, 0x00, 0xf7, 0x00, 0x03, 0x00, 0xb7, 0x01, 0x00, 0x00, 0x00, 0x00, 0x00, 0x00,
    0xfa, 0x00, 0x04, 0x00, 0xb6, 0x01, 0x00, 0x00, 0xb8, 0x01, 0x00, 0x00, 0xb9, 0x01, 0x00, 0x00,
    0xf8, 0x00, 0x02, 0x00, 0xb9, 0x01, 0x00, 0x00, 0x82, 0x00, 0x05, 0x00, 0x11, 0x00, 0x00, 0x00,
    0xba, 0x01, 0x00, 0x00, 0x93, 0x01, 0x00, 0x00, 0x95, 0x00, 0x00, 0x00, 0xf9, 0x00, 0x02, 0x00,
    0xb7, 0x01, 0x00, 0x00, 0xf8, 0x00, 0x02, 0x00, 0xb8, 0x01, 0x00, 0x00, 0x80, 0x00, 0x05, 0x00,
    0x11, 0x00, 0x00, 0x00, 0xbb, 0x01, 0x00, 0x00, 0x97, 0x01, 0x00, 0x00, 0x95, 0x00, 0x00, 0x00,
    0xf9, 0x00, 0x02, 0x00, 0xb7, 0x01, 0x00, 0x00, 0xf8, 0x00, 0x02, 0x00, 0xb7, 0x01, 0x00, 0x00,
    0xf5, 0x00, 0x07, 0x00, 0x11, 0x00, 0x00, 0x00, 0xbc, 0x01, 0x00, 0x00, 0xbb, 0x01, 0x00, 0x00,
    0xb8, 0x01, 0x00, 0x00, 0x93, 0x01, 0x00, 0x00, 0xb9, 0x01, 0x00, 0x00, 0xf5, 0x00, 0x07, 0x00,
    0x11, 0x00, 0x00, 0x00, 0xbd, 0x01, 0x00, 0x00, 0x92, 0x00, 0x00, 0x00, 0xb8, 0x01, 0x00, 0x00,
    0xba, 0x01, 0x00, 0x00, 0xb9, 0x01, 0x00, 0x00, 0xa9, 0x00, 0x06, 0x00, 0x0f, 0x00, 0x00, 0x00,
    0xbe, 0x01, 0x00, 0x00, 0xb6, 0x01, 0x00, 0x00, 0x12, 0x00, 0x00, 0x00, 0xa6, 0x00, 0x00, 0x00,
    0xf9, 0x00, 0x02, 0x00, 0xb4, 0x01, 0x00, 0x00, 0xf8, 0x00, 0x02, 0x00, 0xb4, 0x01, 0x00, 0x00,
    0xf5, 0x00, 0x07, 0x00, 0x0f, 0x00, 0x00, 0x00, 0xbf, 0x01, 0x00, 0x00, 0x85, 0x01, 0x00, 0x00,
    0xb0, 0x01, 0x00, 0x00, 0xbe, 0x01, 0x00, 0x00, 0xb7, 0x01, 0x00, 0x00, 0xf5, 0x00, 0x07, 0x00,
    0x11, 0x00, 0x00, 0x00, 0xc0, 0x01, 0x00, 0x00, 0x97, 0x01, 0x00, 0x00, 0xb0, 0x01, 0x00, 0x00,
    0xbc, 0x01, 0x00, 0x00, 0xb7, 0x01, 0x00, 0x00, 0xf5, 0x00, 0x07, 0x00, 0x11, 0x00, 0x00, 0x00,
    0xc1, 0x01, 0x00, 0x00, 0x93, 0x01, 0x00, 0x00, 0xb0, 0x01, 0x00, 0x00, 0xbd, 0x01, 0x00, 0x00,
    0xb7, 0x01, 0x00, 0x00, 0x7c, 0x00, 0x04, 0x00, 0x11, 0x00, 0x00, 0x00, 0xc2, 0x01, 0x00, 0x00,
    0x5f, 0x01, 0x00, 0x00, 0x80, 0x00, 0x05, 0x00, 0x11, 0x00, 0x00, 0x00, 0xc3, 0x01, 0x00, 0x00,
    0xc2, 0x01, 0x00, 0x00, 0xac, 0x01, 0x00, 0x00, 0x7c, 0x00, 0x04, 0x00, 0x11, 0x00, 0x00, 0x00,
    0xc4, 0x01, 0x00, 0x00, 0x5e, 0x01, 0x00, 0x00, 0x80, 0x00, 0x05, 0x00, 0x11, 0x00, 0x00, 0x00,
    0xc5, 0x01, 0x00, 0x00, 0xc4, 0x01, 0x00, 0x00, 0xc1, 0x01, 0x00, 0x00, 0xaf, 0x00, 0x05, 0x00,
    0x9e, 0x00, 0x00, 0x00, 0xc6, 0x01, 0x00, 0x00, 0xc3, 0x01, 0x00, 0x00, 0xbd, 0x00, 0x00, 0x00,
    0xf7, 0x00, 0x03, 0x00, 0xc7, 0x01, 0x00, 0x00, 0x00, 0x00, 0x00, 0x00, 0xfa, 0x00, 0x04, 0x00,
    0xc6, 0x01, 0x00, 0x00, 0xc8, 0x01, 0x00, 0x00, 0xc7, 0x01, 0x00, 0x00, 0xf8, 0x00, 0x02, 0x00,
    0xc8, 0x01, 0x00, 0x00, 0x82, 0x00, 0x05, 0x00, 0x11, 0x00, 0x00, 0x00, 0xc9, 0x01, 0x00, 0x00,
    0xc3, 0x01, 0x00, 0x00, 0xbd, 0x00, 0x00, 0x00, 0xc6, 0x00, 0x05, 0x00, 0x11, 0x00, 0x00, 0x00,
    0xca, 0x01, 0x00, 0x00, 0xc5, 0x01, 0x00, 0x00, 0xbd, 0x00, 0x00, 0x00, 0xf9, 0x00, 0x02, 0x00,
    0xc7, 0x01, 0x00, 0x00, 0xf8, 0x00, 0x02, 0x00, 0xc7, 0x01, 0x00, 0x00, 0xf5, 0x00, 0x07, 0x00,
    0x11, 0x00, 0x00, 0x00, 0xcb, 0x01, 0x00, 0x00, 0xc3, 0x01, 0x00, 0x00, 0xb4, 0x01, 0x00, 0x00,
    0xc9, 0x01, 0x00, 0x00, 0xc8, 0x01, 0x00, 0x00, 0xf5, 0x00, 0x07, 0x00, 0x11, 0x00, 0x00, 0x00,
    0xcc, 0x01, 0x00, 0x00, 0xc5, 0x01, 0x00, 0x00, 0xb4, 0x01, 0x00, 0x00, 0xca, 0x01, 0x00, 0x00,
    0xc8, 0x01, 0x00, 0x00, 0x87, 0x00, 0x05, 0x00, 0x11, 0x00, 0x00, 0x00, 0xcd, 0x01, 0x00, 0x00,
    0xcc, 0x01, 0x00, 0x00, 0x97, 0x00, 0x00, 0x00, 0x84, 0x00, 0x05, 0x00, 0x11, 0x00, 0x00, 0x00,
    0xce, 0x01, 0x00, 0x00, 0xcd, 0x01, 0x00, 0x00, 0xbe, 0x00, 0x00, 0x00, 0x87, 0x00, 0x05, 0x00,
    0x11, 0x00, 0x00, 0x00, 0xcf, 0x01, 0x00, 0x00, 0xcb, 0x01, 0x00, 0x00, 0x97, 0x00, 0x00, 0x00,
    0x80, 0x00, 0x05, 0x00, 0x11, 0x00, 0x00, 0x00, 0xd0, 0x01, 0x00, 0x00, 0xce, 0x01, 0x00, 0x00,
    0xcf, 0x01, 0x00, 0x00, 0x7c, 0x00, 0x04, 0x00, 0x0f, 0x00, 0x00, 0x00, 0xd1, 0x01, 0x00, 0x00,
    0xd0, 0x01, 0x00, 0x00, 0x84, 0x00, 0x05, 0x00, 0x0f, 0x00, 0x00, 0x00, 0xd2, 0x01, 0x00, 0x00,
    0x5d, 0x01, 0x00, 0x00, 0xbf, 0x00, 0x00, 0x00, 0xc2, 0x00, 0x05, 0x00, 0x0f, 0x00, 0x00, 0x00,
    0xd3, 0x01, 0x00, 0x00, 0xd1, 0x01, 0x00, 0x00, 0x94, 0x00, 0x00, 0x00, 0xc7, 0x00, 0x05, 0x00,
    0x0f, 0x00, 0x00, 0x00, 0xd4, 0x01, 0x00, 0x00, 0xd3, 0x01, 0x00, 0x00, 0xc0, 0x00, 0x00, 0x00,
    0x80, 0x00, 0x05, 0x00, 0x0f, 0x00, 0x00, 0x00, 0xd5, 0x01, 0x00, 0x00, 0xd2, 0x01, 0x00, 0x00,
    0xd4, 0x01, 0x00, 0x00, 0x41, 0x00, 0x06, 0x00, 0xd1, 0x00, 0x00, 0x00, 0xd6, 0x01, 0x00, 0x00,
    0x0a, 0x00, 0x00, 0x00, 0x92, 0x00, 0x00, 0x00, 0xd5, 0x01, 0x00, 0x00, 0x3d, 0x00, 0x04, 0x00,
    0x0f, 0x00, 0x00, 0x00, 0xd7, 0x01, 0x00, 0x00, 0xd6, 0x01, 0x00, 0x00, 0xc7, 0x00, 0x05, 0x00,
    0x0f, 0x00, 0x00, 0x00, 0xd8, 0x01, 0x00, 0x00, 0xd1, 0x01, 0x00, 0x00, 0x94, 0x00, 0x00, 0x00,
    0xab, 0x00, 0x05, 0x00, 0x9e, 0x00, 0x00, 0x00, 0xd9, 0x01, 0x00, 0x00, 0xd8, 0x01, 0x00, 0x00,
    0x12, 0x00, 0x00, 0x00, 0xf7, 0x00, 0x03, 0x00, 0xda, 0x01, 0x00, 0x00, 0x00, 0x00, 0x00, 0x00,
    0xfa, 0x00, 0x04, 0x00, 0xd9, 0x01, 0x00, 0x00, 0xdb, 0x01, 0x00, 0x00, 0xda, 0x01, 0x00, 0x00,
    0xf8, 0x00, 0x02, 0x00, 0xdb, 0x01, 0x00, 0x00, 0xc2, 0x00, 0x05, 0x00, 0x0f, 0x00, 0x00, 0x00,
    0xdc, 0x01, 0x00, 0x00, 0xd7, 0x01, 0x00, 0x00, 0x10, 0x00, 0x00, 0x00, 0xf9, 0x00, 0x02, 0x00,
    0xda, 0x01, 0x00, 0x00, 0xf8, 0x00, 0x02, 0x00, 0xda, 0x01, 0x00, 0x00, 0xf5, 0x00, 0x07, 0x00,
    0x0f, 0x00, 0x00, 0x00, 0xdd, 0x01, 0x00, 0x00, 0xd7, 0x01, 0x00, 0x00, 0xc7, 0x01, 0x00, 0x00,
    0xdc, 0x01, 0x00, 0x00, 0xdb, 0x01, 0x00, 0x00, 0xc7, 0x00, 0x05, 0x00, 0x11, 0x00, 0x00, 0x00,
    0xde, 0x01, 0x00, 0x00, 0xc1, 0x01, 0x00, 0x00, 0x95, 0x00, 0x00, 0x00, 0xaa, 0x00, 0x05, 0x00,
    0x9e, 0x00, 0x00, 0x00, 0xdf, 0x01, 0x00, 0x00, 0xde, 0x01, 0x00, 0x00, 0x92, 0x00, 0x00, 0x00,
    0xf7, 0x00, 0x03, 0x00, 0xe0, 0x01, 0x00, 0x00, 0x00, 0x00, 0x00, 0x00, 0xfa, 0x00, 0x04, 0x00,
    0xdf, 0x01, 0x00, 0x00, 0xe1, 0x01, 0x00, 0x00, 0xe0, 0x01, 0x00, 0x00, 0xf8, 0x00, 0x02, 0x00,
    0xe1, 0x01, 0x00, 0x00, 0xc2, 0x00, 0x05, 0x00, 0x0f, 0x00, 0x00, 0x00, 0xe2, 0x01, 0x00, 0x00,
    0xdd, 0x01, 0x00, 0x00, 0x15, 0x00, 0x00, 0x00, 0xf9, 0x00, 0x02, 0x00, 0xe0, 0x01, 0x00, 0x00,
    0xf8, 0x00, 0x02, 0x00, 0xe0, 0x01, 0x00, 0x00, 0xf5, 0x00, 0x07, 0x00, 0x0f, 0x00, 0x00, 0x00,
    0xe3, 0x01, 0x00, 0x00, 0xdd, 0x01, 0x00, 0x00, 0xda, 0x01, 0x00, 0x00, 0xe2, 0x01, 0x00, 0x00,
    0xe1, 0x01, 0x00, 0x00, 0xc7, 0x00, 0x05, 0x00, 0x11, 0x00, 0x00, 0x00, 0xe4, 0x01, 0x00, 0x00,
    0xac, 0x01, 0x00, 0x00, 0x95, 0x00, 0x00, 0x00, 0xaa, 0x00, 0x05, 0x00, 0x9e, 0x00, 0x00, 0x00,
    0xe5, 0x01, 0x00, 0x00, 0xe4, 0x01, 0x00, 0x00, 0x92, 0x00, 0x00, 0x00, 0xf7, 0x00, 0x03, 0x00,
    0xe6, 0x01, 0x00, 0x00, 0x00, 0x00, 0x00, 0x00, 0xfa, 0x00, 0x04, 0x00, 0xe5, 0x01, 0x00, 0x00,
    0xe7, 0x01, 0x00, 0x00, 0xe6, 0x01, 0x00, 0x00, 0xf8, 0x00, 0x02, 0x00, 0xe7, 0x01, 0x00, 0x00,
    0xc2, 0x00, 0x05, 0x00, 0x0f, 0x00, 0x00, 0x00, 0xe8, 0x01, 0x00, 0x00, 0xe3, 0x01, 0x00, 0x00,
    0xb9, 0x00, 0x00, 0x00, 0xf9, 0x00, 0x02, 0x00, 0xe6, 0x01, 0x00, 0x00, 0xf8, 0x00, 0x02, 0x00,
    0xe6, 0x01, 0x00, 0x00, 0xf5, 0x00, 0x07, 0x00, 0x0f, 0x00, 0x00, 0x00, 0xe9, 0x01, 0x00, 0x00,
    0xe3, 0x01, 0x00, 0x00, 0xe0, 0x01, 0x00, 0x00, 0xe8, 0x01, 0x00, 0x00, 0xe7, 0x01, 0x00, 0x00,
    0xc7, 0x00, 0x05, 0x00, 0x0f, 0x00, 0x00, 0x00, 0xea, 0x01, 0x00, 0x00, 0xe9, 0x01, 0x00, 0x00,
    0xc1, 0x00, 0x00, 0x00, 0xc4, 0x00, 0x05, 0x00, 0x0f, 0x00, 0x00, 0x00, 0xeb, 0x01, 0x00, 0x00,
    0xea, 0x01, 0x00, 0x00, 0xb9, 0x00, 0x00, 0x00, 0x80, 0x00, 0x05, 0x00, 0x11, 0x00, 0x00, 0x00,
    0xec, 0x01, 0x00, 0x00, 0xc2, 0x01, 0x00, 0x00, 0xab, 0x01, 0x00, 0x00, 0xaf, 0x00, 0x05, 0x00,
    0x9e, 0x00, 0x00, 0x00, 0xed, 0x01, 0x00, 0x00, 0xec, 0x01, 0x00, 0x00, 0xbd, 0x00, 0x00, 0x00,
    0xf7, 0x00, 0x03, 0x00, 0xee, 0x01, 0x00, 0x00, 0x00, 0x00, 0x00, 0x00, 0xfa, 0x00, 0x04, 0x00,
    0xed, 0x01, 0x00, 0x00, 0xef, 0x01, 0x00, 0x00, 0xee, 0x01, 0x00, 0x00, 0xf8, 0x00, 0x02, 0x00,
    0xef, 0x01, 0x00, 0x00, 0x82, 0x00, 0x05, 0x00, 0x11, 0x00, 0x00, 0x00, 0xf0, 0x01, 0x00, 0x00,
    0xec, 0x01, 0x00, 0x00, 0xbd, 0x00, 0x00, 0x00, 0xc6, 0x00, 0x05, 0x00, 0x11, 0x00, 0x00, 0x00,
    0xf1, 0x01, 0x00, 0x00, 0xc5, 0x01, 0x00, 0x00, 0xbd, 0x00, 0x00, 0x00, 0xf9, 0x00, 0x02, 0x00,
    0xee, 0x01, 0x00, 0x00, 0xf8, 0x00, 0x02, 0x00, 0xee, 0x01, 0x00, 0x00, 0xf5, 0x00, 0x07, 0x00,
    0x11, 0x00, 0x00, 0x00, 0xf2, 0x01, 0x00, 0x00, 0xec, 0x01, 0x00, 0x00, 0xe6, 0x01, 0x00, 0x00,
    0xf0, 0x01, 0x00, 0x00, 0xef, 0x01, 0x00, 0x00, 0xf5, 0x00, 0x07, 0x00, 0x11, 0x00, 0x00, 0x00,
    0xf3, 0x01, 0x00, 0x00, 0xc5, 0x01, 0x00, 0x00, 0xe6, 0x01, 0x00, 0x00, 0xf1, 0x01, 0x00, 0x00,
    0xef, 0x01, 0x00, 0x00, 0x87, 0x00, 0x05, 0x00, 0x11, 0x00, 0x00, 0x00, 0xf4, 0x01, 0x00, 0x00,
    0xf3, 0x01, 0x00, 0x00, 0x97, 0x00, 0x00, 0x00, 0x84, 0x00, 0x05, 0x00, 0x11, 0x00, 0x00, 0x00,
    0xf5, 0x01, 0x00, 0x00, 0xf4, 0x01, 0x00, 0x00, 0xbe, 0x00, 0x00, 0x00, 0x87, 0x00, 0x05, 0x00,
    0x11, 0x00, 0x00, 0x00, 0xf6, 0x01, 0x00, 0x00, 0xf2, 0x01, 0x00, 0x00, 0x97, 0x00, 0x00, 0x00,
    0x80, 0x00, 0x05, 0x00, 0x11, 0x00, 0x00, 0x00, 0xf7, 0x01, 0x00, 0x00, 0xf5, 0x01, 0x00, 0x00,
    0xf6, 0x01, 0x00, 0x00, 0x7c, 0x00, 0x04, 0x00, 0x0f, 0x00, 0x00, 0x00, 0xf8, 0x01, 0x00, 0x00,
    0xf7, 0x01, 0x00, 0x00, 0xc2, 0x00, 0x05, 0x00, 0x0f, 0x00, 0x00, 0x00, 0xf9, 0x01, 0x00, 0x00,
    0xf8, 0x01, 0x00, 0x00, 0x94, 0x00, 0x00, 0x00, 0xc7, 0x00, 0x05, 0x00, 0x0f, 0x00, 0x00, 0x00,
    0xfa, 0x01, 0x00, 0x00, 0xf9, 0x01, 0x00, 0x00, 0xc0, 0x00, 0x00, 0x00, 0x80, 0x00, 0x05, 0x00,
    0x0f, 0x00, 0x00, 0x00, 0xfb, 0x01, 0x00, 0x00, 0xd2, 0x01, 0x00, 0x00, 0xfa, 0x01, 0x00, 0x00,
    0x41, 0x00, 0x06, 0x00, 0xd1, 0x00, 0x00, 0x00, 0xfc, 0x01, 0x00, 0x00, 0x0a, 0x00, 0x00, 0x00,
    0x92, 0x00, 0x00, 0x00, 0xfb, 0x01, 0x00, 0x00, 0x3d, 0x00, 0x04, 0x00, 0x0f, 0x00, 0x00, 0x00,
    0xfd, 0x01, 0x00, 0x00, 0xfc, 0x01, 0x00, 0x00, 0xc7, 0x00, 0x05, 0x00, 0x0f, 0x00, 0x00, 0x00,
    0xfe, 0x01, 0x00, 0x00, 0xf8, 0x01, 0x00, 0x00, 0x94, 0x00, 0x00, 0x00, 0xab, 0x00, 0x05, 0x00,
    0x9e, 0x00, 0x00, 0x00, 0xff, 0x01, 0x00, 0x00, 0xfe, 0x01, 0x00, 0x00, 0x12, 0x00, 0x00, 0x00,
    0xf7, 0x00, 0x03, 0x00, 0x00, 0x02, 0x00, 0x00, 0x00, 0x00, 0x00, 0x00, 0xfa, 0x00, 0x04, 0x00,
    0xff, 0x01, 0x00, 0x00, 0x01, 0x02, 0x00, 0x00, 0x00, 0x02, 0x00, 0x00, 0xf8, 0x00, 0x02, 0x00,
    0x01, 0x02, 0x00, 0x00, 0xc2, 0x00, 0x05, 0x00, 0x0f, 0x00, 0x00, 0x00, 0x02, 0x02, 0x00, 0x00,
    0xfd, 0x01, 0x00, 0x00, 0x10, 0x00, 0x00, 0x00, 0xf9, 0x00, 0x02, 0x00, 0x00, 0x02, 0x00, 0x00,
    0xf8, 0x00, 0x02, 0x00, 0x00, 0x02, 0x00, 0x00, 0xf5, 0x00, 0x07, 0x00, 0x0f, 0x00, 0x00, 0x00,
    0x03, 0x02, 0x00, 0x00, 0xfd, 0x01, 0x00, 0x00, 0xee, 0x01, 0x00, 0x00, 0x02, 0x02, 0x00, 0x00,
    0x01, 0x02, 0x00, 0x00, 0xf7, 0x00, 0x03, 0x00, 0x04, 0x02, 0x00, 0x00, 0x00, 0x00, 0x00, 0x00,
    0xfa, 0x00, 0x04, 0x00, 0xdf, 0x01, 0x00, 0x00, 0x05, 0x02, 0x00, 0x00, 0x04, 0x02, 0x00, 0x00,
    0xf8, 0x00, 0x02, 0x00, 0x05, 0x02, 0x00, 0x00, 0xc2, 0x00, 0x05, 0x00, 0x0f, 0x00, 0x00, 0x00,
    0x06, 0x02, 0x00, 0x00, 0x03, 0x02, 0x00, 0x00, 0x15, 0x00, 0x00, 0x00, 0xf9, 0x00, 0x02, 0x00,
    0x04, 0x02, 0x00, 0x00, 0xf8, 0x00, 0x02, 0x00, 0x04, 0x02, 0x00, 0x00, 0xf5, 0x00, 0x07, 0x00,
    0x0f, 0x00, 0x00, 0x00, 0x07, 0x02, 0x00, 0x00, 0x03, 0x02, 0x00, 0x00, 0x00, 0x02, 0x00, 0x00,
    0x06, 0x02, 0x00, 0x00, 0x05, 0x02, 0x00, 0x00, 0xc7, 0x00, 0x05, 0x00, 0x11, 0x00, 0x00, 0x00,
    0x08, 0x02, 0x00, 0x00, 0xab, 0x01, 0x00, 0x00, 0x95, 0x00, 0x00, 0x00, 0xaa, 0x00, 0x05, 0x00,
    0x9e, 0x00, 0x00, 0x00, 0x09, 0x02, 0x00, 0x00, 0x08, 0x02, 0x00, 0x00, 0x92, 0x00, 0x00, 0x00,
    0xf7, 0x00, 0x03, 0x00, 0x0a, 0x02, 0x00, 0x00, 0x00, 0x00, 0x00, 0x00, 0xfa, 0x00, 0x04, 0x00,
    0x09, 0x02, 0x00, 0x00, 0x0b, 0x02, 0x00, 0x00, 0x0a, 0x02, 0x00, 0x00, 0xf8, 0x00, 0x02, 0x00,
    0x0b, 0x02, 0x00, 0x00, 0xc2, 0x00, 0x05, 0x00, 0x0f, 0x00, 0x00, 0x00, 0x0c, 0x02, 0x00, 0x00,
    0x07, 0x02, 0x00, 0x00, 0xb9, 0x00, 0x00, 0x00, 0xf9, 0x00, 0x02, 0x00, 0x0a, 0x02, 0x00, 0x00,
    0xf8, 0x00, 0x02, 0x00, 0x0a, 0x02, 0x00, 0x00, 0xf5, 0x00, 0x07, 0x00, 0x0f, 0x00, 0x00, 0x00,
    0x0d, 0x02, 0x00, 0x00, 0x07, 0x02, 0x00, 0x00, 0x04, 0x02, 0x00, 0x00, 0x0c, 0x02, 0x00, 0x00,
    0x0b, 0x02, 0x00, 0x00, 0xc7, 0x00, 0x05, 0x00, 0x0f, 0x00, 0x00, 0x00, 0x0e, 0x02, 0x00, 0x00,
    0x0d, 0x02, 0x00, 0x00, 0xc1, 0x00, 0x00, 0x00, 0xc4, 0x00, 0x05, 0x00, 0x0f, 0x00, 0x00, 0x00,
    0x0f, 0x02, 0x00, 0x00, 0x0e, 0x02, 0x00, 0x00, 0xb9, 0x00, 0x00, 0x00, 0x80, 0x00, 0x05, 0x00,
    0x11, 0x00, 0x00, 0x00, 0x10, 0x02, 0x00, 0x00, 0xc4, 0x01, 0x00, 0x00, 0xc0, 0x01, 0x00, 0x00,
    0xf7, 0x00, 0x03, 0x00, 0x11, 0x02, 0x00, 0x00, 0x00, 0x00, 0x00, 0x00, 0xfa, 0x00, 0x04, 0x00,
    0xc6, 0x01, 0x00, 0x00, 0x12, 0x02, 0x00, 0x00, 0x11, 0x02, 0x00, 0x00, 0xf8, 0x00, 0x02, 0x00,
    0x12, 0x02, 0x00, 0x00, 0x82, 0x00, 0x05, 0x00, 0x11, 0x00, 0x00, 0x00, 0x13, 0x02, 0x00, 0x00,
    0xc3, 0x01, 0x00, 0x00, 0xbd, 0x00, 0x00, 0x00, 0xc6, 0x00, 0x05, 0x00, 0x11, 0x00, 0x00, 0x00,
    0x14, 0x02, 0x00, 0x00, 0x10, 0x02, 0x00, 0x00, 0xbd, 0x00, 0x00, 0x00, 0xf9, 0x00, 0x02, 0x00,
    0x11, 0x02, 0x00, 0x00, 0xf8, 0x00, 0x02, 0x00, 0x11, 0x02, 0x00, 0x00, 0xf5, 0x00, 0x07, 0x00,
    0x11, 0x00, 0x00, 0x00, 0x15, 0x02, 0x00, 0x00, 0xc3, 0x01, 0x00, 0x00, 0x0a, 0x02, 0x00, 0x00,
    0x13, 0x02, 0x00, 0x00, 0x12, 0x02, 0x00, 0x00, 0xf5, 0x00, 0x07, 0x00, 0x11, 0x00, 0x00, 0x00,
    0x16, 0x02, 0x00, 0x00, 0x10, 0x02, 0x00, 0x00, 0x0a, 0x02, 0x00, 0x00, 0x14, 0x02, 0x00, 0x00,
    0x12, 0x02, 0x00, 0x00, 0x87, 0x00, 0x05, 0x00, 0x11, 0x00, 0x00, 0x00, 0x17, 0x02, 0x00, 0x00,
    0x16, 0x02, 0x00, 0x00, 0x97, 0x00, 0x00, 0x00, 0x84, 0x00, 0x05, 0x00, 0x11, 0x00, 0x00, 0x00,
    0x18, 0x02, 0x00, 0x00, 0x17, 0x02, 0x00, 0x00, 0xbe, 0x00, 0x00, 0x00, 0x87, 0x00, 0x05, 0x00,
    0x11, 0x00, 0x00, 0x00, 0x19, 0x02, 0x00, 0x00, 0x15, 0x02, 0x00, 0x00, 0x97, 0x00, 0x00, 0x00,
    0x80, 0x00, 0x05, 0x00, 0x11, 0x00, 0x00, 0x00, 0x1a, 0x02, 0x00, 0x00, 0x18, 0x02, 0x00, 0x00,
    0x19, 0x02, 0x00, 0x00, 0x7c, 0x00, 0x04, 0x00, 0x0f, 0x00, 0x00, 0x00, 0x1b, 0x02, 0x00, 0x00,
    0x1a, 0x02, 0x00, 0x00, 0xc2, 0x00, 0x05, 0x00, 0x0f, 0x00, 0x00, 0x00, 0x1c, 0x02, 0x00, 0x00,
    0x1b, 0x02, 0x00, 0x00, 0x94, 0x00, 0x00, 0x00, 0xc7, 0x00, 0x05, 0x00, 0x0f, 0x00, 0x00, 0x00,
    0x1d, 0x02, 0x00, 0x00, 0x1c, 0x02, 0x00, 0x00, 0xc0, 0x00, 0x00, 0x00, 0x80, 0x00, 0x05, 0x00,
    0x0f, 0x00, 0x00, 0x00, 0x1e, 0x02, 0x00, 0x00, 0xd2, 0x01, 0x00, 0x00, 0x1d, 0x02, 0x00, 0x00,
    0x41, 0x00, 0x06, 0x00, 0xd1, 0x00, 0x00, 0x00, 0x1f, 0x02, 0x00, 0x00, 0x0a, 0x00, 0x00, 0x00,
    0x92, 0x00, 0x00, 0x00, 0x1e, 0x02, 0x00, 0x00, 0x3d, 0x00, 0x04, 0x00, 0x0f, 0x00, 0x00, 0x00,
    0x20, 0x02, 0x00, 0x00, 0x1f, 0x02, 0x00, 0x00, 0xc7, 0x00, 0x05, 0x00, 0x0f, 0x00, 0x00, 0x00,
    0x21, 0x02, 0x00, 0x00, 0x1b, 0x02, 0x00, 0x00, 0x94, 0x00, 0x00, 0x00, 0xab, 0x00, 0x05, 0x00,
    0x9e, 0x00, 0x00, 0x00, 0x22, 0x02, 0x00, 0x00, 0x21, 0x02, 0x00, 0x00, 0x12, 0x00, 0x00, 0x00,
    0xf7, 0x00, 0x03, 0x00, 0x23, 0x02, 0x00, 0x00, 0x00, 0x00, 0x00, 0x00, 0xfa, 0x00, 0x04, 0x00,
    0x22, 0x02, 0x00, 0x00, 0x24, 0x02, 0x00, 0x00, 0x23, 0x02, 0x00, 0x00, 0xf8, 0x00, 0x02, 0x00,
    0x24, 0x02, 0x00, 0x00, 0xc2, 0x00, 0x05, 0x00, 0x0f, 0x00, 0x00, 0x00, 0x25, 0x02, 0x00, 0x00,
    0x20, 0x02, 0x00, 0x00, 0x10, 0x00, 0x00, 0x00, 0xf9, 0x00, 0x02, 0x00, 0x23, 0x02, 0x00, 0x00,
    0xf8, 0x00, 0x02, 0x00, 0x23, 0x02, 0x00, 0x00, 0xf5, 0x00, 0x07, 0x00, 0x0f, 0x00, 0x00, 0x00,
    0x26, 0x02, 0x00, 0x00, 0x20, 0x02, 0x00, 0x00, 0x11, 0x02, 0x00, 0x00, 0x25, 0x02, 0x00, 0x00,
    0x24, 0x02, 0x00, 0x00, 0xc7, 0x00, 0x05, 0x00, 0x11, 0x00, 0x00, 0x00, 0x27, 0x02, 0x00, 0x00,
    0xc0, 0x01, 0x00, 0x00, 0x95, 0x00, 0x00, 0x00, 0xaa, 0x00, 0x05, 0x00, 0x9e, 0x00, 0x00, 0x00,
    0x28, 0x02, 0x00, 0x00, 0x27, 0x02, 0x00, 0x00, 0x92, 0x00, 0x00, 0x00, 0xf7, 0x00, 0x03, 0x00,
    0x29, 0x02, 0x00, 0x00, 0x00, 0x00, 0x00, 0x00, 0xfa, 0x00, 0x04, 0x00, 0x28, 0x02, 0x00, 0x00,
    0x2a, 0x02, 0x00, 0x00, 0x29, 0x02, 0x00, 0x00, 0xf8, 0x00, 0x02, 0x00, 0x2a, 0x02, 0x00, 0x00,
    0xc2, 0x00, 0x05, 0x00, 0x0f, 0x00, 0x00, 0x00, 0x2b, 0x02, 0x00, 0x00, 0x26, 0x02, 0x00, 0x00,
    0x15, 0x00, 0x00, 0x00, 0xf9, 0x00, 0x02, 0x00, 0x29, 0x02, 0x00, 0x00, 0xf8, 0x00, 0x02, 0x00,
    0x29, 0x02, 0x00, 0x00, 0xf5, 0x00, 0x07, 0x00, 0x0f, 0x00, 0x00, 0x00, 0x2c, 0x02, 0x00, 0x00,
    0x26, 0x02, 0x00, 0x00, 0x23, 0x02, 0x00, 0x00, 0x2b, 0x02, 0x00, 0x00, 0x2a, 0x02, 0x00, 0x00,
    0xf7, 0x00, 0x03, 0x00, 0x2d, 0x02, 0x00, 0x00, 0x00, 0x00, 0x00, 0x00, 0xfa, 0x00, 0x04, 0x00,
    0xe5, 0x01, 0x00, 0x00, 0x2e, 0x02, 0x00, 0x00, 0x2d, 0x02, 0x00, 0x00, 0xf8, 0x00, 0x02, 0x00,
    0x2e, 0x02, 0x00, 0x00, 0xc2, 0x00, 0x05, 0x00, 0x0f, 0x00, 0x00, 0x00, 0x2f, 0x02, 0x00, 0x00,
    0x2c, 0x02, 0x00, 0x00, 0xb9, 0x00, 0x00, 0x00, 0xf9, 0x00, 0x02, 0x00, 0x2d, 0x02, 0x00, 0x00,
    0xf8, 0x00, 0x02, 0x00, 0x2d, 0x02, 0x00, 0x00, 0xf5, 0x00, 0x07, 0x00, 0x0f, 0x00, 0x00, 0x00,
    0x30, 0x02, 0x00, 0x00, 0x2c, 0x02, 0x00, 0x00, 0x29, 0x02, 0x00, 0x00, 0x2f, 0x02, 0x00, 0x00,
    0x2e, 0x02, 0x00, 0x00, 0xc7, 0x00, 0x05, 0x00, 0x0f, 0x00, 0x00, 0x00, 0x31, 0x02, 0x00, 0x00,
    0x30, 0x02, 0x00, 0x00, 0xc1, 0x00, 0x00, 0x00, 0xc4, 0x00, 0x05, 0x00, 0x0f, 0x00, 0x00, 0x00,
    0x32, 0x02, 0x00, 0x00, 0x31, 0x02, 0x00, 0x00, 0xb9, 0x00, 0x00, 0x00, 0xf7, 0x00, 0x03, 0x00,
    0x33, 0x02, 0x00, 0x00, 0x00, 0x00, 0x00, 0x00, 0xfa, 0x00, 0x04, 0x00, 0xed, 0x01, 0x00, 0x00,
    0x34, 0x02, 0x00, 0x00, 0x33, 0x02, 0x00, 0x00, 0xf8, 0x00, 0x02, 0x00, 0x34, 0x02, 0x00, 0x00,
    0x82, 0x00, 0x05, 0x00, 0x11, 0x00, 0x00, 0x00, 0x35, 0x02, 0x00, 0x00, 0xec, 0x01, 0x00, 0x00,
    0xbd, 0x00, 0x00, 0x00, 0xc6, 0x00, 0x05, 0x00, 0x11, 0x00, 0x00, 0x00, 0x36, 0x02, 0x00, 0x00,
    0x10, 0x02, 0x00, 0x00, 0xbd, 0x00, 0x00, 0x00, 0xf9, 0x00, 0x02, 0x00, 0x33, 0x02, 0x00, 0x00,
    0xf8, 0x00, 0x02, 0x00, 0x33, 0x02, 0x00, 0x00, 0xf5, 0x00, 0x07, 0x00, 0x11, 0x00, 0x00, 0x00,
    0x37, 0x02, 0x00, 0x00, 0xec, 0x01, 0x00, 0x00, 0x2d, 0x02, 0x00, 0x00, 0x35, 0x02, 0x00, 0x00,
    0x34, 0x02, 0x00, 0x00, 0xf5, 0x00, 0x07, 0x00, 0x11, 0x00, 0x00, 0x00, 0x38, 0x02, 0x00, 0x00,
    0x10, 0x02, 0x00, 0x00, 0x2d, 0x02, 0x00, 0x00, 0x36, 0x02, 0x00, 0x00, 0x34, 0x02, 0x00, 0x00,
    0x87, 0x00, 0x05, 0x00, 0x11, 0x00, 0x00, 0x00, 0x39, 0x02, 0x00, 0x00, 0x38, 0x02, 0x00, 0x00,
    0x97, 0x00, 0x00, 0x00, 0x84, 0x00, 0x05, 0x00, 0x11, 0x00, 0x00, 0x00, 0x3a, 0x02, 0x00, 0x00,
    0x39, 0x02, 0x00, 0x00, 0xbe, 0x00, 0x00, 0x00, 0x87, 0x00, 0x05, 0x00, 0x11, 0x00, 0x00, 0x00,
    0x3b, 0x02, 0x00, 0x00, 0x37, 0x02, 0x00, 0x00, 0x97, 0x00, 0x00, 0x00, 0x80, 0x00, 0x05, 0x00,
    0x11, 0x00, 0x00, 0x00, 0x3c, 0x02, 0x00, 0x00, 0x3a, 0x02, 0x00, 0x00, 0x3b, 0x02, 0x00, 0x00,
    0x7c, 0x00, 0x04, 0x00, 0x0f, 0x00, 0x00, 0x00, 0x3d, 0x02, 0x00, 0x00, 0x3c, 0x02, 0x00, 0x00,
    0xc2, 0x00, 0x05, 0x00, 0x0f, 0x00, 0x00, 0x00, 0x3e, 0x02, 0x00, 0x00, 0x3d, 0x02, 0x00, 0x00,
    0x94, 0x00, 0x00, 0x00, 0xc7, 0x00, 0x05, 0x00, 0x0f, 0x00, 0x00, 0x00, 0x3f, 0x02, 0x00, 0x00,
    0x3e, 0x02, 0x00, 0x00, 0xc0, 0x00, 0x00, 0x00, 0x80, 0x00, 0x05, 0x00, 0x0f, 0x00, 0x00, 0x00,
    0x40, 0x02, 0x00, 0x00, 0xd2, 0x01, 0x00, 0x00, 0x3f, 0x02, 0x00, 0x00, 0x41, 0x00, 0x06, 0x00,
    0xd1, 0x00, 0x00, 0x00, 0x41, 0x02, 0x00, 0x00, 0x0a, 0x00, 0x00, 0x00, 0x92, 0x00, 0x00, 0x00,
    0x40, 0x02, 0x00, 0x00, 0x3d, 0x00, 0x04, 0x00, 0x0f, 0x00, 0x00, 0x00, 0x42, 0x02, 0x00, 0x00,
    0x41, 0x02, 0x00, 0x00, 0xc7, 0x00, 0x05, 0x00, 0x0f, 0x00, 0x00, 0x00, 0x43, 0x02, 0x00, 0x00,
    0x3d, 0x02, 0x00, 0x00, 0x94, 0x00, 0x00, 0x00, 0xab, 0x00, 0x05, 0x00, 0x9e, 0x00, 0x00, 0x00,
    0x44, 0x02, 0x00, 0x00, 0x43, 0x02, 0x00, 0x00, 0x12, 0x00, 0x00, 0x00, 0xf7, 0x00, 0x03, 0x00,
    0x45, 0x02, 0x00, 0x00, 0x00, 0x00, 0x00, 0x00, 0xfa, 0x00, 0x04, 0x00, 0x44, 0x02, 0x00, 0x00,
    0x46, 0x02, 0x00, 0x00, 0x45, 0x02, 0x00, 0x00, 0xf8, 0x00, 0x02, 0x00, 0x46, 0x02, 0x00, 0x00,
    0xc2, 0x00, 0x05, 0x00, 0x0f, 0x00, 0x00, 0x00, 0x47, 0x02, 0x00, 0x00, 0x42, 0x02, 0x00, 0x00,
    0x10, 0x00, 0x00, 0x00, 0xf9, 0x00, 0x02, 0x00, 0x45, 0x02, 0x00, 0x00, 0xf8, 0x00, 0x02, 0x00,
    0x45, 0x02, 0x00, 0x00, 0xf5, 0x00, 0x07, 0x00, 0x0f, 0x00, 0x00, 0x00, 0x48, 0x02, 0x00, 0x00,
    0x42, 0x02, 0x00, 0x00, 0x33, 0x02, 0x00, 0x00, 0x47, 0x02, 0x00, 0x00, 0x46, 0x02, 0x00, 0x00,
    0xf7, 0x00, 0x03, 0x00, 0x49, 0x02, 0x00, 0x00, 0x00, 0x00, 0x00, 0x00, 0xfa, 0x00, 0x04, 0x00,
    0x28, 0x02, 0x00, 0x00, 0x4a, 0x02, 0x00, 0x00, 0x49, 0x02, 0x00, 0x00, 0xf8, 0x00, 0x02, 0x00,
    0x4a, 0x02, 0x00, 0x00, 0xc2, 0x00, 0x05, 0x00, 0x0f, 0x00, 0x00, 0x00, 0x4b, 0x02, 0x00, 0x00,
    0x48, 0x02, 0x00, 0x00, 0x15, 0x00, 0x00, 0x00, 0xf9, 0x00, 0x02, 0x00, 0x49, 0x02, 0x00, 0x00,
    0xf8, 0x00, 0x02, 0x00, 0x49, 0x02, 0x00, 0x00, 0xf5, 0x00, 0x07, 0x00, 0x0f, 0x00, 0x00, 0x00,
    0x4c, 0x02, 0x00, 0x00, 0x48, 0x02, 0x00, 0x00, 0x45, 0x02, 0x00, 0x00, 0x4b, 0x02, 0x00, 0x00,
    0x4a, 0x02, 0x00, 0x00, 0xf7, 0x00, 0x03, 0x00, 0x4d, 0x02, 0x00, 0x00, 0x00, 0x00, 0x00, 0x00,
    0xfa, 0x00, 0x04, 0x00, 0x09, 0x02, 0x00, 0x00, 0x4e, 0x02, 0x00, 0x00, 0x4d, 0x02, 0x00, 0x00,
    0xf8, 0x00, 0x02, 0x00, 0x4e, 0x02, 0x00, 0x00, 0xc2, 0x00, 0x05, 0x00, 0x0f, 0x00, 0x00, 0x00,
    0x4f, 0x02, 0x00, 0x00, 0x4c, 0x02, 0x00, 0x00, 0xb9, 0x00, 0x00, 0x00, 0xf9, 0x00, 0x02, 0x00,
    0x4d, 0x02, 0x00, 0x00, 0xf8, 0x00, 0x02, 0x00, 0x4d, 0x02, 0x00, 0x00, 0xf5, 0x00, 0x07, 0x00,
    0x0f, 0x00, 0x00, 0x00, 0x50, 0x02, 0x00, 0x00, 0x4c, 0x02, 0x00, 0x00, 0x49, 0x02, 0x00, 0x00,
    0x4f, 0x02, 0x00, 0x00, 0x4e, 0x02, 0x00, 0x00, 0xc7, 0x00, 0x05, 0x00, 0x0f, 0x00, 0x00, 0x00,
    0x51, 0x02, 0x00, 0x00, 0x50, 0x02, 0x00, 0x00, 0xc1, 0x00, 0x00, 0x00, 0xc4, 0x00, 0x05, 0x00,
    0x0f, 0x00, 0x00, 0x00, 0x52, 0x02, 0x00, 0x00, 0x51, 0x02, 0x00, 0x00, 0xb9, 0x00, 0x00, 0x00,
    0xf7, 0x00, 0x03, 0x00, 0x53, 0x02, 0x00, 0x00, 0x00, 0x00, 0x00, 0x00, 0xfa, 0x00, 0x04, 0x00,
    0xf1, 0x00, 0x00, 0x00, 0x54, 0x02, 0x00, 0x00, 0x53, 0x02, 0x00, 0x00, 0xf8, 0x00, 0x02, 0x00,
    0x54, 0x02, 0x00, 0x00, 0xab, 0x00, 0x05, 0x00, 0x9e, 0x00, 0x00, 0x00, 0x55, 0x02, 0x00, 0x00,
    0xeb, 0x01, 0x00, 0x00, 0xba, 0x00, 0x00, 0x00, 0xf7, 0x00, 0x03, 0x00, 0x56, 0x02, 0x00, 0x00,
    0x00, 0x00, 0x00, 0x00, 0xfa, 0x00, 0x04, 0x00, 0x55, 0x02, 0x00, 0x00, 0x57, 0x02, 0x00, 0x00,
    0x56, 0x02, 0x00, 0x00, 0xf8, 0x00, 0x02, 0x00, 0x57, 0x02, 0x00, 0x00, 0xc5, 0x00, 0x05, 0x00,
    0x0f, 0x00, 0x00, 0x00, 0x58, 0x02, 0x00, 0x00, 0xeb, 0x01, 0x00, 0x00, 0xbb, 0x00, 0x00, 0x00,
    0xf9, 0x00, 0x02, 0x00, 0x56, 0x02, 0x00, 0x00, 0xf8, 0x00, 0x02, 0x00, 0x56, 0x02, 0x00, 0x00,
    0xf5, 0x00, 0x07, 0x00, 0x0f, 0x00, 0x00, 0x00, 0x59, 0x02, 0x00, 0x00, 0xeb, 0x01, 0x00, 0x00,
    0x54, 0x02, 0x00, 0x00, 0x58, 0x02, 0x00, 0x00, 0x57, 0x02, 0x00, 0x00, 0xab, 0x00, 0x05, 0x00,
    0x9e, 0x00, 0x00, 0x00, 0x5a, 0x02, 0x00, 0x00, 0x0f, 0x02, 0x00, 0x00, 0xba, 0x00, 0x00, 0x00,
    0xf7, 0x00, 0x03, 0x00, 0x5b, 0x02, 0x00, 0x00, 0x00, 0x00, 0x00, 0x00, 0xfa, 0x00, 0x04, 0x00,
    0x5a, 0x02, 0x00, 0x00, 0x5c, 0x02, 0x00, 0x00, 0x5b, 0x02, 0x00, 0x00, 0xf8, 0x00, 0x02, 0x00,
    0x5c, 0x02, 0x00, 0x00, 0xc5, 0x00, 0x05, 0x00, 0x0f, 0x00, 0x00, 0x00, 0x5d, 0x02, 0x00, 0x00,
    0x0f, 0x02, 0x00, 0x00, 0xbb, 0x00, 0x00, 0x00, 0xf9, 0x00, 0x02, 0x00, 0x5b, 0x02, 0x00, 0x00,
    0xf8, 0x00, 0x02, 0x00, 0x5b, 0x02, 0x00, 0x00, 0xf5, 0x00, 0x07, 0x00, 0x0f, 0x00, 0x00, 0x00,
    0x5e, 0x02, 0x00, 0x00, 0x0f, 0x02, 0x00, 0x00, 0x56, 0x02, 0x00, 0x00, 0x5d, 0x02, 0x00, 0x00,
    0x5c, 0x02, 0x00, 0x00, 0xab, 0x00, 0x05, 0x00, 0x9e, 0x00, 0x00, 0x00, 0x5f, 0x02, 0x00, 0x00,
    0x32, 0x02, 0x00, 0x00, 0xba, 0x00, 0x00, 0x00, 0xf7, 0x00, 0x03, 0x00, 0x60, 0x02, 0x00, 0x00,
    0x00, 0x00, 0x00, 0x00, 0xfa, 0x00, 0x04, 0x00, 0x5f, 0x02, 0x00, 0x00, 0x61, 0x02, 0x00, 0x00,
    0x60, 0x02, 0x00, 0x00, 0xf8, 0x00, 0x02, 0x00, 0x61, 0x02, 0x00, 0x00, 0xc5, 0x00, 0x05, 0x00,
    0x0f, 0x00, 0x00, 0x00, 0x62, 0x02, 0x00, 0x00, 0x32, 0x02, 0x00, 0x00, 0xbb, 0x00, 0x00, 0x00,
    0xf9, 0x00, 0x02, 0x00, 0x60, 0x02, 0x00, 0x00, 0xf8, 0x00, 0x02, 0x00, 0x60, 0x02, 0x00, 0x00,
    0xf5, 0x00, 0x07, 0x00, 0x0f, 0x00, 0x00, 0x00, 0x63, 0x02, 0x00, 0x00, 0x32, 0x02, 0x00, 0x00,
    0x5b, 0x02, 0x00, 0x00, 0x62, 0x02, 0x00, 0x00, 0x61, 0x02, 0x00, 0x00, 0xab, 0x00, 0x05, 0x00,
    0x9e, 0x00, 0x00, 0x00, 0x64, 0x02, 0x00, 0x00, 0x52, 0x02, 0x00, 0x00, 0xba, 0x00, 0x00, 0x00,
    0xf7, 0x00, 0x03, 0x00, 0x65, 0x02, 0x00, 0x00, 0x00, 0x00, 0x00, 0x00, 0xfa, 0x00, 0x04, 0x00,
    0x64, 0x02, 0x00, 0x00, 0x66, 0x02, 0x00, 0x00, 0x65, 0x02, 0x00, 0x00, 0xf8, 0x00, 0x02, 0x00,
    0x66, 0x02, 0x00, 0x00, 0xc5, 0x00, 0x05, 0x00, 0x0f, 0x00, 0x00, 0x00, 0x67, 0x02, 0x00, 0x00,
    0x52, 0x02, 0x00, 0x00, 0xbb, 0x00, 0x00, 0x00, 0xf9, 0x00, 0x02, 0x00, 0x65, 0x02, 0x00, 0x00,
    0xf8, 0x00, 0x02, 0x00, 0x65, 0x02, 0x00, 0x00, 0xf5, 0x00, 0x07, 0x00, 0x0f, 0x00, 0x00, 0x00,
    0x68, 0x02, 0x00, 0x00, 0x52, 0x02, 0x00, 0x00, 0x60, 0x02, 0x00, 0x00, 0x67, 0x02, 0x00, 0x00,
    0x66, 0x02, 0x00, 0x00, 0xaa, 0x00, 0x05, 0x00, 0x9e, 0x00, 0x00, 0x00, 0x69, 0x02, 0x00, 0x00,
    0x59, 0x02, 0x00, 0x00, 0xba, 0x00, 0x00, 0x00, 0xf7, 0x00, 0x03, 0x00, 0x6a, 0x02, 0x00, 0x00,
    0x00, 0x00, 0x00, 0x00, 0xfa, 0x00, 0x04, 0x00, 0x69, 0x02, 0x00, 0x00, 0x6b, 0x02, 0x00, 0x00,
    0x6a, 0x02, 0x00, 0x00, 0xf8, 0x00, 0x02, 0x00, 0x6b, 0x02, 0x00, 0x00, 0xc7, 0x00, 0x05, 0x00,
    0x0f, 0x00, 0x00, 0x00, 0x6c, 0x02, 0x00, 0x00, 0x5e, 0x02, 0x00, 0x00, 0xa4, 0x00, 0x00, 0x00,
    0xf9, 0x00, 0x02, 0x00, 0x6a, 0x02, 0x00, 0x00, 0xf8, 0x00, 0x02, 0x00, 0x6a, 0x02, 0x00, 0x00,
    0xf5, 0x00, 0x07, 0x00, 0x0f, 0x00, 0x00, 0x00, 0x6d, 0x02, 0x00, 0x00, 0x59, 0x02, 0x00, 0x00,
    0x65, 0x02, 0x00, 0x00, 0x6c, 0x02, 0x00, 0x00, 0x6b, 0x02, 0x00, 0x00, 0xaa, 0x00, 0x05, 0x00,
    0x9e, 0x00, 0x00, 0x00, 0x6e, 0x02, 0x00, 0x00, 0x5e, 0x02, 0x00, 0x00, 0xba, 0x00, 0x00, 0x00,
    0xf7, 0x00, 0x03, 0x00, 0x6f, 0x02, 0x00, 0x00, 0x00, 0x00, 0x00, 0x00, 0xfa, 0x00, 0x04, 0x00,
    0x6e, 0x02, 0x00, 0x00, 0x70, 0x02, 0x00, 0x00, 0x6f, 0x02, 0x00, 0x00, 0xf8, 0x00, 0x02, 0x00,
    0x70, 0x02, 0x00, 0x00, 0xc7, 0x00, 0x05, 0x00, 0x0f, 0x00, 0x00, 0x00, 0x71, 0x02, 0x00, 0x00,
    0x6d, 0x02, 0x00, 0x00, 0xa4, 0x00, 0x00, 0x00, 0xf9, 0x00, 0x02, 0x00, 0x6f, 0x02, 0x00, 0x00,
    0xf8, 0x00, 0x02, 0x00, 0x6f, 0x02, 0x00, 0x00, 0xf5, 0x00, 0x07, 0x00, 0x0f, 0x00, 0x00, 0x00,
    0x72, 0x02, 0x00, 0x00, 0x5e, 0x02, 0x00, 0x00, 0x6a, 0x02, 0x00, 0x00, 0x71, 0x02, 0x00, 0x00,
    0x70, 0x02, 0x00, 0x00, 0xaa, 0x00, 0x05, 0x00, 0x9e, 0x00, 0x00, 0x00, 0x73, 0x02, 0x00, 0x00,
    0x63, 0x02, 0x00, 0x00, 0xba, 0x00, 0x00, 0x00, 0xf7, 0x00, 0x03, 0x00, 0x74, 0x02, 0x00, 0x00,
    0x00, 0x00, 0x00, 0x00, 0xfa, 0x00, 0x04, 0x00, 0x73, 0x02, 0x00, 0x00, 0x75, 0x02, 0x00, 0x00,
    0x74, 0x02, 0x00, 0x00, 0xf8, 0x00, 0x02, 0x00, 0x75, 0x02, 0x00, 0x00, 0xc7, 0x00, 0x05, 0x00,
    0x0f, 0x00, 0x00, 0x00, 0x76, 0x02, 0x00, 0x00, 0x68, 0x02, 0x00, 0x00, 0xa4, 0x00, 0x00, 0x00,
    0xf9, 0x00, 0x02, 0x00, 0x74, 0x02, 0x00, 0x00, 0xf8, 0x00, 0x02, 0x00, 0x74, 0x02, 0x00, 0x00,
    0xf5, 0x00, 0x07, 0x00, 0x0f, 0x00, 0x00, 0x00, 0x77, 0x02, 0x00, 0x00, 0x63, 0x02, 0x00, 0x00,
    0x6f, 0x02, 0x00, 0x00, 0x76, 0x02, 0x00, 0x00, 0x75, 0x02, 0x00, 0x00, 0xaa, 0x00, 0x05, 0x00,
    0x9e, 0x00, 0x00, 0x00, 0x78, 0x02, 0x00, 0x00, 0x68, 0x02, 0x00, 0x00, 0xba, 0x00, 0x00, 0x00,
    0xf7, 0x00, 0x03, 0x00, 0x79, 0x02, 0x00, 0x00, 0x00, 0x00, 0x00, 0x00, 0xfa, 0x00, 0x04, 0x00,
    0x78, 0x02, 0x00, 0x00, 0x7a, 0x02, 0x00, 0x00, 0x79, 0x02, 0x00, 0x00, 0xf8, 0x00, 0x02, 0x00,
    0x7a, 0x02, 0x00, 0x00, 0xc7, 0x00, 0x05, 0x00, 0x0f, 0x00, 0x00, 0x00, 0x7b, 0x02, 0x00, 0x00,
    0x77, 0x02, 0x00, 0x00, 0xa4, 0x00, 0x00, 0x00, 0xf9, 0x00, 0x02, 0x00, 0x79, 0x02, 0x00, 0x00,
    0xf8, 0x00, 0x02, 0x00, 0x79, 0x02, 0x00, 0x00, 0xf5, 0x00, 0x07, 0x00, 0x0f, 0x00, 0x00, 0x00,
    0x7c, 0x02, 0x00, 0x00, 0x68, 0x02, 0x00, 0x00, 0x74, 0x02, 0x00, 0x00, 0x7b, 0x02, 0x00, 0x00,
    0x7a, 0x02, 0x00, 0x00, 0xf9, 0x00, 0x02, 0x00, 0x53, 0x02, 0x00, 0x00, 0xf8, 0x00, 0x02, 0x00,
    0x53, 0x02, 0x00, 0x00, 0xf5, 0x00, 0x07, 0x00, 0x0f, 0x00, 0x00, 0x00, 0x7d, 0x02, 0x00, 0x00,
    0x52, 0x02, 0x00, 0x00, 0x4d, 0x02, 0x00, 0x00, 0x7c, 0x02, 0x00, 0x00, 0x79, 0x02, 0x00, 0x00,
    0xf5, 0x00, 0x07, 0x00, 0x0f, 0x00, 0x00, 0x00, 0x7e, 0x02, 0x00, 0x00, 0x32, 0x02, 0x00, 0x00,
    0x4d, 0x02, 0x00, 0x00, 0x77, 0x02, 0x00, 0x00, 0x79, 0x02, 0x00, 0x00, 0xf5, 0x00, 0x07, 0x00,
    0x0f, 0x00, 0x00, 0x00, 0x7f, 0x02, 0x00, 0x00, 0x0f, 0x02, 0x00, 0x00, 0x4d, 0x02, 0x00, 0x00,
    0x72, 0x02, 0x00, 0x00, 0x79, 0x02, 0x00, 0x00, 0xf5, 0x00, 0x07, 0x00, 0x0f, 0x00, 0x00, 0x00,
    0x80, 0x02, 0x00, 0x00, 0xeb, 0x01, 0x00, 0x00, 0x4d, 0x02, 0x00, 0x00, 0x6d, 0x02, 0x00, 0x00,
    0x79, 0x02, 0x00, 0x00, 0x82, 0x00, 0x05, 0x00, 0x0f, 0x00, 0x00, 0x00, 0x81, 0x02, 0x00, 0x00,
    0x7f, 0x02, 0x00, 0x00, 0x80, 0x02, 0x00, 0x00, 0x84, 0x00, 0x05, 0x00, 0x0f, 0x00, 0x00, 0x00,
    0x82, 0x02, 0x00, 0x00, 0x81, 0x02, 0x00, 0x00, 0xaa, 0x01, 0x00, 0x00, 0xc2, 0x00, 0x05, 0x00,
    0x0f, 0x00, 0x00, 0x00, 0x83, 0x02, 0x00, 0x00, 0x82, 0x02, 0x00, 0x00, 0x15, 0x00, 0x00, 0x00,
    0x80, 0x00, 0x05, 0x00, 0x0f, 0x00, 0x00, 0x00, 0x84, 0x02, 0x00, 0x00, 0x80, 0x02, 0x00, 0x00,
    0x83, 0x02, 0x00, 0x00, 0xc7, 0x00, 0x05, 0x00, 0x0f, 0x00, 0x00, 0x00, 0x85, 0x02, 0x00, 0x00,
    0x84, 0x02, 0x00, 0x00, 0xbc, 0x00, 0x00, 0x00, 0x82, 0x00, 0x05, 0x00, 0x0f, 0x00, 0x00, 0x00,
    0x86, 0x02, 0x00, 0x00, 0x7d, 0x02, 0x00, 0x00, 0x7e, 0x02, 0x00, 0x00, 0x84, 0x00, 0x05, 0x00,
    0x0f, 0x00, 0x00, 0x00, 0x87, 0x02, 0x00, 0x00, 0x86, 0x02, 0x00, 0x00, 0xaa, 0x01, 0x00, 0x00,
    0xc2, 0x00, 0x05, 0x00, 0x0f, 0x00, 0x00, 0x00, 0x88, 0x02, 0x00, 0x00, 0x87, 0x02, 0x00, 0x00,
    0x15, 0x00, 0x00, 0x00, 0x80, 0x00, 0x05, 0x00, 0x0f, 0x00, 0x00, 0x00, 0x89, 0x02, 0x00, 0x00,
    0x7e, 0x02, 0x00, 0x00, 0x88, 0x02, 0x00, 0x00, 0xc7, 0x00, 0x05, 0x00, 0x0f, 0x00, 0x00, 0x00,
    0x8a, 0x02, 0x00, 0x00, 0x89, 0x02, 0x00, 0x00, 0xbc, 0x00, 0x00, 0x00, 0xf7, 0x00, 0x03, 0x00,
    0x8b, 0x02, 0x00, 0x00, 0x00, 0x00, 0x00, 0x00, 0xfa, 0x00, 0x04, 0x00, 0xf1, 0x00, 0x00, 0x00,
    0x8c, 0x02, 0x00, 0x00, 0x8b, 0x02, 0x00, 0x00, 0xf8, 0x00, 0x02, 0x00, 0x8c, 0x02, 0x00, 0x00,
    0xaa, 0x00, 0x05, 0x00, 0x9e, 0x00, 0x00, 0x00, 0x8d, 0x02, 0x00, 0x00, 0x85, 0x02, 0x00, 0x00,
    0xba, 0x00, 0x00, 0x00, 0xf7, 0x00, 0x03, 0x00, 0x8e, 0x02, 0x00, 0x00, 0x00, 0x00, 0x00, 0x00,
    0xfa, 0x00, 0x04, 0x00, 0x8d, 0x02, 0x00, 0x00, 0x8f, 0x02, 0x00, 0x00, 0x8e, 0x02, 0x00, 0x00,
    0xf8, 0x00, 0x02, 0x00, 0x8f, 0x02, 0x00, 0x00, 0xc7, 0x00, 0x05, 0x00, 0x0f, 0x00, 0x00, 0x00,
    0x90, 0x02, 0x00, 0x00, 0x89, 0x02, 0x00, 0x00, 0xa4, 0x00, 0x00, 0x00, 0xf9, 0x00, 0x02, 0x00,
    0x8e, 0x02, 0x00, 0x00, 0xf8, 0x00, 0x02, 0x00, 0x8e, 0x02, 0x00, 0x00, 0xf5, 0x00, 0x07, 0x00,
    0x0f, 0x00, 0x00, 0x00, 0x91, 0x02, 0x00, 0x00, 0x85, 0x02, 0x00, 0x00, 0x8c, 0x02, 0x00, 0x00,
    0x90, 0x02, 0x00, 0x00, 0x8f, 0x02, 0x00, 0x00, 0xaa, 0x00, 0x05, 0x00, 0x9e, 0x00, 0x00, 0x00,
    0x92, 0x02, 0x00, 0x00, 0x8a, 0x02, 0x00, 0x00, 0xba, 0x00, 0x00, 0x00, 0xf7, 0x00, 0x03, 0x00,
    0x93, 0x02, 0x00, 0x00, 0x00, 0x00, 0x00, 0x00, 0xfa, 0x00, 0x04, 0x00, 0x92, 0x02, 0x00, 0x00,
    0x94, 0x02, 0x00, 0x00, 0x93, 0x02, 0x00, 0x00, 0xf8, 0x00, 0x02, 0x00, 0x94, 0x02, 0x00, 0x00,
    0xc7, 0x00, 0x05, 0x00, 0x0f, 0x00, 0x00, 0x00, 0x95, 0x02, 0x00, 0x00, 0x91, 0x02, 0x00, 0x00,
    0xa4, 0x00, 0x00, 0x00, 0xf9, 0x00, 0x02, 0x00, 0x93, 0x02, 0x00, 0x00, 0xf8, 0x00, 0x02, 0x00,
    0x93, 0x02, 0x00, 0x00, 0xf5, 0x00, 0x07, 0x00, 0x0f, 0x00, 0x00, 0x00, 0x96, 0x02, 0x00, 0x00,
    0x8a, 0x02, 0x00, 0x00, 0x8e, 0x02, 0x00, 0x00, 0x95, 0x02, 0x00, 0x00, 0x94, 0x02, 0x00, 0x00,
    0xf9, 0x00, 0x02, 0x00, 0x8b, 0x02, 0x00, 0x00, 0xf8, 0x00, 0x02, 0x00, 0x8b, 0x02, 0x00, 0x00,
    0xf5, 0x00, 0x07, 0x00, 0x0f, 0x00, 0x00, 0x00, 0x97, 0x02, 0x00, 0x00, 0x8a, 0x02, 0x00, 0x00,
    0x53, 0x02, 0x00, 0x00, 0x96, 0x02, 0x00, 0x00, 0x93, 0x02, 0x00, 0x00, 0xf5, 0x00, 0x07, 0x00,
    0x0f, 0x00, 0x00, 0x00, 0x98, 0x02, 0x00, 0x00, 0x85, 0x02, 0x00, 0x00, 0x53, 0x02, 0x00, 0x00,
    0x91, 0x02, 0x00, 0x00, 0x93, 0x02, 0x00, 0x00, 0x82, 0x00, 0x05, 0x00, 0x0f, 0x00, 0x00, 0x00,
    0x99, 0x02, 0x00, 0x00, 0x97, 0x02, 0x00, 0x00, 0x98, 0x02, 0x00, 0x00, 0x84, 0x00, 0x05, 0x00,
    0x0f, 0x00, 0x00, 0x00, 0x9a, 0x02, 0x00, 0x00, 0x99, 0x02, 0x00, 0x00, 0xbf, 0x01, 0x00, 0x00,
    0xc2, 0x00, 0x05, 0x00, 0x0f, 0x00, 0x00, 0x00, 0x9b, 0x02, 0x00, 0x00, 0x9a, 0x02, 0x00, 0x00,
    0x15, 0x00, 0x00, 0x00, 0x80, 0x00, 0x05, 0x00, 0x0f, 0x00, 0x00, 0x00, 0x9c, 0x02, 0x00, 0x00,
    0x98, 0x02, 0x00, 0x00, 0x9b, 0x02, 0x00, 0x00, 0xc7, 0x00, 0x05, 0x00, 0x0f, 0x00, 0x00, 0x00,
    0x9d, 0x02, 0x00, 0x00, 0x9c, 0x02, 0x00, 0x00, 0xbc, 0x00, 0x00, 0x00, 0xad, 0x00, 0x05, 0x00,
    0x9e, 0x00, 0x00, 0x00, 0x9e, 0x02, 0x00, 0x00, 0x0c, 0x01, 0x00, 0x00, 0x92, 0x00, 0x00, 0x00,
    0xf7, 0x00, 0x03, 0x00, 0x9f, 0x02, 0x00, 0x00, 0x00, 0x00, 0x00, 0x00, 0xfa, 0x00, 0x04, 0x00,
    0x9e, 0x02, 0x00, 0x00, 0xa0, 0x02, 0x00, 0x00, 0x9f, 0x02, 0x00, 0x00, 0xf8, 0x00, 0x02, 0x00,
    0xa0, 0x02, 0x00, 0x00, 0xb1, 0x00, 0x05, 0x00, 0x9e, 0x00, 0x00, 0x00, 0xa1, 0x02, 0x00, 0x00,
    0x0e, 0x01, 0x00, 0x00, 0xf4, 0x00, 0x00, 0x00, 0xf9, 0x00, 0x02, 0x00, 0x9f, 0x02, 0x00, 0x00,
    0xf8, 0x00, 0x02, 0x00, 0x9f, 0x02, 0x00, 0x00, 0xf5, 0x00, 0x07, 0x00, 0x9e, 0x00, 0x00, 0x00,
    0xa2, 0x02, 0x00, 0x00, 0x9f, 0x00, 0x00, 0x00, 0x8b, 0x02, 0x00, 0x00, 0xa1, 0x02, 0x00, 0x00,
    0xa0, 0x02, 0x00, 0x00, 0xf7, 0x00, 0x03, 0x00, 0xa3, 0x02, 0x00, 0x00, 0x00, 0x00, 0x00, 0x00,
    0xfa, 0x00, 0x04, 0x00, 0xa2, 0x02, 0x00, 0x00, 0xa4, 0x02, 0x00, 0x00, 0xa5, 0x02, 0x00, 0x00,
    0xf8, 0x00, 0x02, 0x00, 0xa5, 0x02, 0x00, 0x00, 0xc2, 0x00, 0x05, 0x00, 0x0f, 0x00, 0x00, 0x00,
    0xa6, 0x02, 0x00, 0x00, 0xde, 0x00, 0x00, 0x00, 0xa1, 0x00, 0x00, 0x00, 0xc7, 0x00, 0x05, 0x00,
    0x0f, 0x00, 0x00, 0x00, 0xa7, 0x02, 0x00, 0x00, 0xa6, 0x02, 0x00, 0x00, 0x94, 0x00, 0x00, 0x00,
    0xab, 0x00, 0x05, 0x00, 0x9e, 0x00, 0x00, 0x00, 0xa8, 0x02, 0x00, 0x00, 0xa7, 0x02, 0x00, 0x00,
    0x12, 0x00, 0x00, 0x00, 0xf7, 0x00, 0x03, 0x00, 0xa9, 0x02, 0x00, 0x00, 0x00, 0x00, 0x00, 0x00,
    0xfa, 0x00, 0x04, 0x00, 0xa8, 0x02, 0x00, 0x00, 0xaa, 0x02, 0x00, 0x00, 0xa9, 0x02, 0x00, 0x00,
    0xf8, 0x00, 0x02, 0x00, 0xaa, 0x02, 0x00, 0x00, 0xb1, 0x00, 0x05, 0x00, 0x9e, 0x00, 0x00, 0x00,
    0xab, 0x02, 0x00, 0x00, 0x0c, 0x01, 0x00, 0x00, 0x92, 0x00, 0x00, 0x00, 0xf9, 0x00, 0x02, 0x00,
    0xa9, 0x02, 0x00, 0x00, 0xf8, 0x00, 0x02, 0x00, 0xa9, 0x02, 0x00, 0x00, 0xf5, 0x00, 0x07, 0x00,
    0x9e, 0x00, 0x00, 0x00, 0xac, 0x02, 0x00, 0x00, 0x9f, 0x00, 0x00, 0x00, 0xa5, 0x02, 0x00, 0x00,
    0xab, 0x02, 0x00, 0x00, 0xaa, 0x02, 0x00, 0x00, 0xf7, 0x00, 0x03, 0x00, 0xad, 0x02, 0x00, 0x00,
    0x00, 0x00, 0x00, 0x00, 0xfa, 0x00, 0x04, 0x00, 0xac, 0x02, 0x00, 0x00, 0xae, 0x02, 0x00, 0x00,
    0xad, 0x02, 0x00, 0x00, 0xf8, 0x00, 0x02, 0x00, 0xae, 0x02, 0x00, 0x00, 0x41, 0x00, 0x05, 0x00,
    0xd6, 0x00, 0x00, 0x00, 0xaf, 0x02, 0x00, 0x00, 0x06, 0x00, 0x00, 0x00, 0x97, 0x00, 0x00, 0x00,
    0x3d, 0x00, 0x04, 0x00, 0x0f, 0x00, 0x00, 0x00, 0xb0, 0x02, 0x00, 0x00, 0xaf, 0x02, 0x00, 0x00,
    0xc7, 0x00, 0x05, 0x00, 0x0f, 0x00, 0x00, 0x00, 0xb1, 0x02, 0x00, 0x00, 0xb0, 0x02, 0x00, 0x00,
    0xa5, 0x00, 0x00, 0x00, 0xc2, 0x00, 0x05, 0x00, 0x0f, 0x00, 0x00, 0x00, 0xb2, 0x02, 0x00, 0x00,
    0xb0, 0x02, 0x00, 0x00, 0x10, 0x00, 0x00, 0x00, 0xa9, 0x00, 0x06, 0x00, 0x0f, 0x00, 0x00, 0x00,
    0xb3, 0x02, 0x00, 0x00, 0x31, 0x01, 0x00, 0x00, 0x12, 0x00, 0x00, 0x00, 0x94, 0x00, 0x00, 0x00,
    0xc2, 0x00, 0x05, 0x00, 0x0f, 0x00, 0x00, 0x00, 0xb4, 0x02, 0x00, 0x00, 0xde, 0x00, 0x00, 0x00,
    0x15, 0x00, 0x00, 0x00, 0xc7, 0x00, 0x05, 0x00, 0x0f, 0x00, 0x00, 0x00, 0xb5, 0x02, 0x00, 0x00,
    0xb4, 0x02, 0x00, 0x00, 0x96, 0x00, 0x00, 0x00, 0xc4, 0x00, 0x05, 0x00, 0x0f, 0x00, 0x00, 0x00,
    0xb6, 0x02, 0x00, 0x00, 0x94, 0x00, 0x00, 0x00, 0xb5, 0x02, 0x00, 0x00, 0x7c, 0x00, 0x04, 0x00,
    0x11, 0x00, 0x00, 0x00, 0xb7, 0x02, 0x00, 0x00, 0xb6, 0x02, 0x00, 0x00, 0xc7, 0x00, 0x05, 0x00,
    0x11, 0x00, 0x00, 0x00, 0xb8, 0x02, 0x00, 0x00, 0xb7, 0x02, 0x00, 0x00, 0x9c, 0x00, 0x00, 0x00,
    0xc4, 0x00, 0x05, 0x00, 0x11, 0x00, 0x00, 0x00, 0xb9, 0x02, 0x00, 0x00, 0x1e, 0x01, 0x00, 0x00,
    0xb8, 0x02, 0x00, 0x00, 0xc4, 0x00, 0x05, 0x00, 0x11, 0x00, 0x00, 0x00, 0xba, 0x02, 0x00, 0x00,
    0x2e, 0x01, 0x00, 0x00, 0xb8, 0x02, 0x00, 0x00, 0xf7, 0x00, 0x03, 0x00, 0xbb, 0x02, 0x00, 0x00,
    0x00, 0x00, 0x00, 0x00, 0xfa, 0x00, 0x04, 0x00, 0x66, 0x01, 0x00, 0x00, 0xbc, 0x02, 0x00, 0x00,
    0xbb, 0x02, 0x00, 0x00, 0xf8, 0x00, 0x02, 0x00, 0xbc, 0x02, 0x00, 0x00, 0xc7, 0x00, 0x05, 0x00,
    0x11, 0x00, 0x00, 0x00, 0xbd, 0x02, 0x00, 0x00, 0xb9, 0x02, 0x00, 0x00, 0xd4, 0x00, 0x00, 0x00,
    0xab, 0x00, 0x05, 0x00, 0x9e, 0x00, 0x00, 0x00, 0xbe, 0x02, 0x00, 0x00, 0xbd, 0x02, 0x00, 0x00,
    0x92, 0x00, 0x00, 0x00, 0xf9, 0x00, 0x02, 0x00, 0xbb, 0x02, 0x00, 0x00, 0xf8, 0x00, 0x02, 0x00,
    0xbb, 0x02, 0x00, 0x00, 0xf5, 0x00, 0x07, 0x00, 0x9e, 0x00, 0x00, 0x00, 0xbf, 0x02, 0x00, 0x00,
    0x9f, 0x00, 0x00, 0x00, 0xae, 0x02, 0x00, 0x00, 0xbe, 0x02, 0x00, 0x00, 0xbc, 0x02, 0x00, 0x00,
    0xf7, 0x00, 0x03, 0x00, 0xc0, 0x02, 0x00, 0x00, 0x00, 0x00, 0x00, 0x00, 0xfa, 0x00, 0x04, 0x00,
    0xbf, 0x02, 0x00, 0x00, 0xc1, 0x02, 0x00, 0x00, 0xc0, 0x02, 0x00, 0x00, 0xf8, 0x00, 0x02, 0x00,
    0xc1, 0x02, 0x00, 0x00, 0xc8, 0x00, 0x04, 0x00, 0x11, 0x00, 0x00, 0x00, 0xc2, 0x02, 0x00, 0x00,
    0xb9, 0x02, 0x00, 0x00, 0xf9, 0x00, 0x02, 0x00, 0xc0, 0x02, 0x00, 0x00, 0xf8, 0x00, 0x02, 0x00,
    0xc0, 0x02, 0x00, 0x00, 0xf5, 0x00, 0x07, 0x00, 0x11, 0x00, 0x00, 0x00, 0xc3, 0x02, 0x00, 0x00,
    0xb9, 0x02, 0x00, 0x00, 0xbb, 0x02, 0x00, 0x00, 0xc2, 0x02, 0x00, 0x00, 0xc1, 0x02, 0x00, 0x00,
    0xf7, 0x00, 0x03, 0x00, 0xc4, 0x02, 0x00, 0x00, 0x00, 0x00, 0x00, 0x00, 0xfa, 0x00, 0x04, 0x00,
    0x74, 0x01, 0x00, 0x00, 0xc5, 0x02, 0x00, 0x00, 0xc4, 0x02, 0x00, 0x00, 0xf8, 0x00, 0x02, 0x00,
    0xc5, 0x02, 0x00, 0x00, 0xc7, 0x00, 0x05, 0x00, 0x11, 0x00, 0x00, 0x00, 0xc6, 0x02, 0x00, 0x00,
    0xba, 0x02, 0x00, 0x00, 0xd4, 0x00, 0x00, 0x00, 0xab, 0x00, 0x05, 0x00, 0x9e, 0x00, 0x00, 0x00,
    0xc7, 0x02, 0x00, 0x00, 0xc6, 0x02, 0x00, 0x00, 0x92, 0x00, 0x00, 0x00, 0xf9, 0x00, 0x02, 0x00,
    0xc4, 0x02, 0x00, 0x00, 0xf8, 0x00, 0x02, 0x00, 0xc4, 0x02, 0x00, 0x00, 0xf5, 0x00, 0x07, 0x00,
    0x9e, 0x00, 0x00, 0x00, 0xc8, 0x02, 0x00, 0x00, 0x9f, 0x00, 0x00, 0x00, 0xc0, 0x02, 0x00, 0x00,
    0xc7, 0x02, 0x00, 0x00, 0xc5, 0x02, 0x00, 0x00, 0xf7, 0x00, 0x03, 0x00, 0xc9, 0x02, 0x00, 0x00,
    0x00, 0x00, 0x00, 0x00, 0xfa, 0x00, 0x04, 0x00, 0xc8, 0x02, 0x00, 0x00, 0xca, 0x02, 0x00, 0x00,
    0xc9, 0x02, 0x00, 0x00, 0xf8, 0x00, 0x02, 0x00, 0xca, 0x02, 0x00, 0x00, 0xc8, 0x00, 0x04, 0x00,
    0x11, 0x00, 0x00, 0x00, 0xcb, 0x02, 0x00, 0x00, 0xba, 0x02, 0x00, 0x00, 0xf9, 0x00, 0x02, 0x00,
    0xc9, 0x02, 0x00, 0x00, 0xf8, 0x00, 0x02, 0x00, 0xc9, 0x02, 0x00, 0x00, 0xf5, 0x00, 0x07, 0x00,
    0x11, 0x00, 0x00, 0x00, 0xcc, 0x02, 0x00, 0x00, 0xba, 0x02, 0x00, 0x00, 0xc4, 0x02, 0x00, 0x00,
    0xcb, 0x02, 0x00, 0x00, 0xca, 0x02, 0x00, 0x00, 0x82, 0x00, 0x05, 0x00, 0x11, 0x00, 0x00, 0x00,
    0xcd, 0x02, 0x00, 0x00, 0xc3, 0x02, 0x00, 0x00, 0xb8, 0x00, 0x00, 0x00, 0x82, 0x00, 0x05, 0x00,
    0x11, 0x00, 0x00, 0x00, 0xce, 0x02, 0x00, 0x00, 0xcc, 0x02, 0x00, 0x00, 0xb8, 0x00, 0x00, 0x00,
    0x7c, 0x00, 0x04, 0x00, 0x0f, 0x00, 0x00, 0x00, 0xcf, 0x02, 0x00, 0x00, 0xcd, 0x02, 0x00, 0x00,
    0xc7, 0x00, 0x05, 0x00, 0x0f, 0x00, 0x00, 0x00, 0xd0, 0x02, 0x00, 0x00, 0xcf, 0x02, 0x00, 0x00,
    0xa4, 0x00, 0x00, 0x00, 0x7c, 0x00, 0x04, 0x00, 0x0f, 0x00, 0x00, 0x00, 0xd1, 0x02, 0x00, 0x00,
    0xce, 0x02, 0x00, 0x00, 0xc7, 0x00, 0x05, 0x00, 0x0f, 0x00, 0x00, 0x00, 0xd2, 0x02, 0x00, 0x00,
    0xd1, 0x02, 0x00, 0x00, 0xa4, 0x00, 0x00, 0x00, 0xc3, 0x00, 0x05, 0x00, 0x11, 0x00, 0x00, 0x00,
    0xd3, 0x02, 0x00, 0x00, 0xcd, 0x02, 0x00, 0x00, 0xab, 0x00, 0x00, 0x00, 0x7c, 0x00, 0x04, 0x00,
    0x0f, 0x00, 0x00, 0x00, 0xd4, 0x02, 0x00, 0x00, 0xd3, 0x02, 0x00, 0x00, 0xc7, 0x00, 0x05, 0x00,
    0x0f, 0x00, 0x00, 0x00, 0xd5, 0x02, 0x00, 0x00, 0xd4, 0x02, 0x00, 0x00, 0x46, 0x00, 0x00, 0x00,
    0x7c, 0x00, 0x04, 0x00, 0x11, 0x00, 0x00, 0x00, 0xd6, 0x02, 0x00, 0x00, 0xd5, 0x02, 0x00, 0x00,
    0x80, 0x00, 0x05, 0x00, 0x11, 0x00, 0x00, 0x00, 0xd7, 0x02, 0x00, 0x00, 0xd6, 0x02, 0x00, 0x00,
    0x95, 0x00, 0x00, 0x00, 0x7c, 0x00, 0x04, 0x00, 0x0f, 0x00, 0x00, 0x00, 0xd8, 0x02, 0x00, 0x00,
    0xd7, 0x02, 0x00, 0x00, 0xc7, 0x00, 0x05, 0x00, 0x0f, 0x00, 0x00, 0x00, 0xd9, 0x02, 0x00, 0x00,
    0xd8, 0x02, 0x00, 0x00, 0x46, 0x00, 0x00, 0x00, 0x7c, 0x00, 0x04, 0x00, 0x11, 0x00, 0x00, 0x00,
    0xda, 0x02, 0x00, 0x00, 0xd9, 0x02, 0x00, 0x00, 0xc3, 0x00, 0x05, 0x00, 0x11, 0x00, 0x00, 0x00,
    0xdb, 0x02, 0x00, 0x00, 0xce, 0x02, 0x00, 0x00, 0xab, 0x00, 0x00, 0x00, 0x7c, 0x00, 0x04, 0x00,
    0x0f, 0x00, 0x00, 0x00, 0xdc, 0x02, 0x00, 0x00, 0xdb, 0x02, 0x00, 0x00, 0xc7, 0x00, 0x05, 0x00,
    0x0f, 0x00, 0x00, 0x00, 0xdd, 0x02, 0x00, 0x00, 0xdc, 0x02, 0x00, 0x00, 0x46, 0x00, 0x00, 0x00,
    0x7c, 0x00, 0x04, 0x00, 0x11, 0x00, 0x00, 0x00, 0xde, 0x02, 0x00, 0x00, 0xdd, 0x02, 0x00, 0x00,
    0x80, 0x00, 0x05, 0x00, 0x11, 0x00, 0x00, 0x00, 0xdf, 0x02, 0x00, 0x00, 0xde, 0x02, 0x00, 0x00,
    0x95, 0x00, 0x00, 0x00, 0x7c, 0x00, 0x04, 0x00, 0x0f, 0x00, 0x00, 0x00, 0xe0, 0x02, 0x00, 0x00,
    0xdf, 0x02, 0x00, 0x00, 0xc7, 0x00, 0x05, 0x00, 0x0f, 0x00, 0x00, 0x00, 0xe1, 0x02, 0x00, 0x00,
    0xe0, 0x02, 0x00, 0x00, 0x46, 0x00, 0x00, 0x00, 0x7c, 0x00, 0x04, 0x00, 0x11, 0x00, 0x00, 0x00,
    0xe2, 0x02, 0x00, 0x00, 0xe1, 0x02, 0x00, 0x00, 0xf7, 0x00, 0x03, 0x00, 0xe3, 0x02, 0x00, 0x00,
    0x00, 0x00, 0x00, 0x00, 0xfa, 0x00, 0x04, 0x00, 0x9a, 0x01, 0x00, 0x00, 0xe4, 0x02, 0x00, 0x00,
    0xe3, 0x02, 0x00, 0x00, 0xf8, 0x00, 0x02, 0x00, 0xe4, 0x02, 0x00, 0x00, 0xaa, 0x00, 0x05, 0x00,
    0x9e, 0x00, 0x00, 0x00, 0xe5, 0x02, 0x00, 0x00, 0xda, 0x02, 0x00, 0x00, 0x92, 0x00, 0x00, 0x00,
    0xf9, 0x00, 0x02, 0x00, 0xe3, 0x02, 0x00, 0x00, 0xf8, 0x00, 0x02, 0x00, 0xe3, 0x02, 0x00, 0x00,
    0xf5, 0x00, 0x07, 0x00, 0x9e, 0x00, 0x00, 0x00, 0xe6, 0x02, 0x00, 0x00, 0x9f, 0x00, 0x00, 0x00,
    0xc9, 0x02, 0x00, 0x00, 0xe5, 0x02, 0x00, 0x00, 0xe4, 0x02, 0x00, 0x00, 0xf7, 0x00, 0x03, 0x00,
    0xe7, 0x02, 0x00, 0x00, 0x00, 0x00, 0x00, 0x00, 0xfa, 0x00, 0x04, 0x00, 0xe6, 0x02, 0x00, 0x00,
    0xe8, 0x02, 0x00, 0x00, 0xe7, 0x02, 0x00, 0x00, 0xf8, 0x00, 0x02, 0x00, 0xe8, 0x02, 0x00, 0x00,
    0xae, 0x00, 0x05, 0x00, 0x9e, 0x00, 0x00, 0x00, 0xe9, 0x02, 0x00, 0x00, 0xd0, 0x02, 0x00, 0x00,
    0xaf, 0x00, 0x00, 0x00, 0xf7, 0x00, 0x03, 0x00, 0xea, 0x02, 0x00, 0x00, 0x00, 0x00, 0x00, 0x00,
    0xfa, 0x00, 0x04, 0x00, 0xe9, 0x02, 0x00, 0x00, 0xeb, 0x02, 0x00, 0x00, 0xec, 0x02, 0x00, 0x00,
    0xf8, 0x00, 0x02, 0x00, 0xec, 0x02, 0x00, 0x00, 0x82, 0x00, 0x05, 0x00, 0x11, 0x00, 0x00, 0x00,
    0xed, 0x02, 0x00, 0x00, 0xd6, 0x02, 0x00, 0x00, 0x95, 0x00, 0x00, 0x00, 0xf9, 0x00, 0x02, 0x00,
    0xea, 0x02, 0x00, 0x00, 0xf8, 0x00, 0x02, 0x00, 0xeb, 0x02, 0x00, 0x00, 0x80, 0x00, 0x05, 0x00,
    0x11, 0x00, 0x00, 0x00, 0xee, 0x02, 0x00, 0x00, 0xda, 0x02, 0x00, 0x00, 0x95, 0x00, 0x00, 0x00,
    0xf9, 0x00, 0x02, 0x00, 0xea, 0x02, 0x00, 0x00, 0xf8, 0x00, 0x02, 0x00, 0xea, 0x02, 0x00, 0x00,
    0xf5, 0x00, 0x07, 0x00, 0x11, 0x00, 0x00, 0x00, 0xef, 0x02, 0x00, 0x00, 0xee, 0x02, 0x00, 0x00,
    0xeb, 0x02, 0x00, 0x00, 0xd6, 0x02, 0x00, 0x00, 0xec, 0x02, 0x00, 0x00, 0xf5, 0x00, 0x07, 0x00,
    0x11, 0x00, 0x00, 0x00, 0xf0, 0x02, 0x00, 0x00, 0xda, 0x02, 0x00, 0x00, 0xeb, 0x02, 0x00, 0x00,
    0xed, 0x02, 0x00, 0x00, 0xec, 0x02, 0x00, 0x00, 0xa9, 0x00, 0x06, 0x00, 0x0f, 0x00, 0x00, 0x00,
    0xf1, 0x02, 0x00, 0x00, 0xe9, 0x02, 0x00, 0x00, 0x12, 0x00, 0x00, 0x00, 0xa6, 0x00, 0x00, 0x00,
    0xf9, 0x00, 0x02, 0x00, 0xe7, 0x02, 0x00, 0x00, 0xf8, 0x00, 0x02, 0x00, 0xe7, 0x02, 0x00, 0x00,
    0xf5, 0x00, 0x07, 0x00, 0x0f, 0x00, 0x00, 0x00, 0xf2, 0x02, 0x00, 0x00, 0xd0, 0x02, 0x00, 0x00,
    0xe3, 0x02, 0x00, 0x00, 0xf1, 0x02, 0x00, 0x00, 0xea, 0x02, 0x00, 0x00, 0xf5, 0x00, 0x07, 0x00,
    0x11, 0x00, 0x00, 0x00, 0xf3, 0x02, 0x00, 0x00, 0xda, 0x02, 0x00, 0x00, 0xe3, 0x02, 0x00, 0x00,
    0xef, 0x02, 0x00, 0x00, 0xea, 0x02, 0x00, 0x00, 0xf5, 0x00, 0x07, 0x00, 0x11, 0x00, 0x00, 0x00,
    0xf4, 0x02, 0x00, 0x00, 0xd6, 0x02, 0x00, 0x00, 0xe3, 0x02, 0x00, 0x00, 0xf0, 0x02, 0x00, 0x00,
    0xea, 0x02, 0x00, 0x00, 0xf7, 0x00, 0x03, 0x00, 0xf5, 0x02, 0x00, 0x00, 0x00, 0x00, 0x00, 0x00,
    0xfa, 0x00, 0x04, 0x00, 0xaf, 0x01, 0x00, 0x00, 0xf6, 0x02, 0x00, 0x00, 0xf5, 0x02, 0x00, 0x00,
    0xf8, 0x00, 0x02, 0x00, 0xf6, 0x02, 0x00, 0x00, 0xaa, 0x00, 0x05, 0x00, 0x9e, 0x00, 0x00, 0x00,
    0xf7, 0x02, 0x00, 0x00, 0xe2, 0x02, 0x00, 0x00, 0x92, 0x00, 0x00, 0x00, 0xf9, 0x00, 0x02, 0x00,
    0xf5, 0x02, 0x00, 0x00, 0xf8, 0x00, 0x02, 0x00, 0xf5, 0x02, 0x00, 0x00, 0xf5, 0x00, 0x07, 0x00,
    0x9e, 0x00, 0x00, 0x00, 0xf8, 0x02, 0x00, 0x00, 0x9f, 0x00, 0x00, 0x00, 0xe7, 0x02, 0x00, 0x00,
    0xf7, 0x02, 0x00, 0x00, 0xf6, 0x02, 0x00, 0x00, 0xf7, 0x00, 0x03, 0x00, 0xf9, 0x02, 0x00, 0x00,
    0x00, 0x00, 0x00, 0x00, 0xfa, 0x00, 0x04, 0x00, 0xf8, 0x02, 0x00, 0x00, 0xfa, 0x02, 0x00, 0x00,
    0xf9, 0x02, 0x00, 0x00, 0xf8, 0x00, 0x02, 0x00, 0xfa, 0x02, 0x00, 0x00, 0xae, 0x00, 0x05, 0x00,
    0x9e, 0x00, 0x00, 0x00, 0xfb, 0x02, 0x00, 0x00, 0xd2, 0x02, 0x00, 0x00, 0xaf, 0x00, 0x00, 0x00,
    0xf7, 0x00, 0x03, 0x00, 0xfc, 0x02, 0x00, 0x00, 0x00, 0x00, 0x00, 0x00, 0xfa, 0x00, 0x04, 0x00,
    0xfb, 0x02, 0x00, 0x00, 0xfd, 0x02, 0x00, 0x00, 0xfe, 0x02, 0x00, 0x00, 0xf8, 0x00, 0x02, 0x00,
    0xfe, 0x02, 0x00, 0x00, 0x82, 0x00, 0x05, 0x00, 0x11, 0x00, 0x00, 0x00, 0xff, 0x02, 0x00, 0x00,
    0xde, 0x02, 0x00, 0x00, 0x95, 0x00, 0x00, 0x00, 0xf9, 0x00, 0x02, 0x00, 0xfc, 0x02, 0x00, 0x00,
    0xf8, 0x00, 0x02, 0x00, 0xfd, 0x02, 0x00, 0x00, 0x80, 0x00, 0x05, 0x00, 0x11, 0x00, 0x00, 0x00,
    0x00, 0x03, 0x00, 0x00, 0xe2, 0x02, 0x00, 0x00, 0x95, 0x00, 0x00, 0x00, 0xf9, 0x00, 0x02, 0x00,
    0xfc, 0x02, 0x00, 0x00, 0xf8, 0x00, 0x02, 0x00, 0xfc, 0x02, 0x00, 0x00, 0xf5, 0x00, 0x07, 0x00,
    0x11, 0x00, 0x00, 0x00, 0x01, 0x03, 0x00, 0x00, 0x00, 0x03, 0x00, 0x00, 0xfd, 0x02, 0x00, 0x00,
    0xde, 0x02, 0x00, 0x00, 0xfe, 0x02, 0x00, 0x00, 0xf5, 0x00, 0x07, 0x00, 0x11, 0x00, 0x00, 0x00,
    0x02, 0x03, 0x00, 0x00, 0x92, 0x00, 0x00, 0x00, 0xfd, 0x02, 0x00, 0x00, 0xff, 0x02, 0x00, 0x00,
    0xfe, 0x02, 0x00, 0x00, 0xa9, 0x00, 0x06, 0x00, 0x0f, 0x00, 0x00, 0x00, 0x03, 0x03, 0x00, 0x00,
    0xfb, 0x02, 0x00, 0x00, 0x12, 0x00, 0x00, 0x00, 0xa6, 0x00, 0x00, 0x00, 0xf9, 0x00, 0x02, 0x00,
    0xf9, 0x02, 0x00, 0x00, 0xf8, 0x00, 0x02, 0x00, 0xf9, 0x02, 0x00, 0x00, 0xf5, 0x00, 0x07, 0x00,
    0x0f, 0x00, 0x00, 0x00, 0x04, 0x03, 0x00, 0x00, 0xd2, 0x02, 0x00, 0x00, 0xf5, 0x02, 0x00, 0x00,
    0x03, 0x03, 0x00, 0x00, 0xfc, 0x02, 0x00, 0x00, 0xf5, 0x00, 0x07, 0x00, 0x11, 0x00, 0x00, 0x00,
    0x05, 0x03, 0x00, 0x00, 0xe2, 0x02, 0x00, 0x00, 0xf5, 0x02, 0x00, 0x00, 0x01, 0x03, 0x00, 0x00,
    0xfc, 0x02, 0x00, 0x00, 0xf5, 0x00, 0x07, 0x00, 0x11, 0x00, 0x00, 0x00, 0x06, 0x03, 0x00, 0x00,
    0xde, 0x02, 0x00, 0x00, 0xf5, 0x02, 0x00, 0x00, 0x02, 0x03, 0x00, 0x00, 0xfc, 0x02, 0x00, 0x00,
    0x7c, 0x00, 0x04, 0x00, 0x11, 0x00, 0x00, 0x00, 0x07, 0x03, 0x00, 0x00, 0xb1, 0x02, 0x00, 0x00,
    0x80, 0x00, 0x05, 0x00, 0x11, 0x00, 0x00, 0x00, 0x08, 0x03, 0x00, 0x00, 0x07, 0x03, 0x00, 0x00,
    0xf4, 0x02, 0x00, 0x00, 0x7c, 0x00, 0x04, 0x00, 0x11, 0x00, 0x00, 0x00, 0x09, 0x03, 0x00, 0x00,
    0xb2, 0x02, 0x00, 0x00, 0x80, 0x00, 0x05, 0x00, 0x11, 0x00, 0x00, 0x00, 0x0a, 0x03, 0x00, 0x00,
    0x09, 0x03, 0x00, 0x00, 0x06, 0x03, 0x00, 0x00, 0xaf, 0x00, 0x05, 0x00, 0x9e, 0x00, 0x00, 0x00,
    0x0b, 0x03, 0x00, 0x00, 0x08, 0x03, 0x00, 0x00, 0xbd, 0x00, 0x00, 0x00, 0xf7, 0x00, 0x03, 0x00,
    0x0c, 0x03, 0x00, 0x00, 0x00, 0x00, 0x00, 0x00, 0xfa, 0x00, 0x04, 0x00, 0x0b, 0x03, 0x00, 0x00,
    0x0d, 0x03, 0x00, 0x00, 0x0c, 0x03, 0x00, 0x00, 0xf8, 0x00, 0x02, 0x00, 0x0d, 0x03, 0x00, 0x00,
    0x82, 0x00, 0x05, 0x00, 0x11, 0x00, 0x00, 0x00, 0x0e, 0x03, 0x00, 0x00, 0x08, 0x03, 0x00, 0x00,
    0xbd, 0x00, 0x00, 0x00, 0xc6, 0x00, 0x05, 0x00, 0x11, 0x00, 0x00, 0x00, 0x0f, 0x03, 0x00, 0x00,
    0x0a, 0x03, 0x00, 0x00, 0xbd, 0x00, 0x00, 0x00, 0xf9, 0x00, 0x02, 0x00, 0x0c, 0x03, 0x00, 0x00,
    0xf8, 0x00, 0x02, 0x00, 0x0c, 0x03, 0x00, 0x00, 0xf5, 0x00, 0x07, 0x00, 0x11, 0x00, 0x00, 0x00,
    0x10, 0x03, 0x00, 0x00, 0x08, 0x03, 0x00, 0x00, 0xf9, 0x02, 0x00, 0x00, 0x0e, 0x03, 0x00, 0x00,
    0x0d, 0x03, 0x00, 0x00, 0xf5, 0x00, 0x07, 0x00, 0x11, 0x00, 0x00, 0x00, 0x11, 0x03, 0x00, 0x00,
    0x0a, 0x03, 0x00, 0x00, 0xf9, 0x02, 0x00, 0x00, 0x0f, 0x03, 0x00, 0x00, 0x0d, 0x03, 0x00, 0x00,
    0x87, 0x00, 0x05, 0x00, 0x11, 0x00, 0x00, 0x00, 0x12, 0x03, 0x00, 0x00, 0x11, 0x03, 0x00, 0x00,
    0x97, 0x00, 0x00, 0x00, 0x84, 0x00, 0x05, 0x00, 0x11, 0x00, 0x00, 0x00, 0x13, 0x03, 0x00, 0x00,
    0x12, 0x03, 0x00, 0x00, 0xbe, 0x00, 0x00, 0x00, 0x87, 0x00, 0x05, 0x00, 0x11, 0x00, 0x00, 0x00,
    0x14, 0x03, 0x00, 0x00, 0x10, 0x03, 0x00, 0x00, 0x97, 0x00, 0x00, 0x00, 0x80, 0x00, 0x05, 0x00,
    0x11, 0x00, 0x00, 0x00, 0x15, 0x03, 0x00, 0x00, 0x13, 0x03, 0x00, 0x00, 0x14, 0x03, 0x00, 0x00,
    0x7c, 0x00, 0x04, 0x00, 0x0f, 0x00, 0x00, 0x00, 0x16, 0x03, 0x00, 0x00, 0x15, 0x03, 0x00, 0x00,
    0x53, 0x00, 0x04, 0x00, 0x0f, 0x00, 0x00, 0x00, 0x17, 0x03, 0x00, 0x00, 0x12, 0x00, 0x00, 0x00,
    0x53, 0x00, 0x04, 0x00, 0x0f, 0x00, 0x00, 0x00, 0x18, 0x03, 0x00, 0x00, 0xbf, 0x00, 0x00, 0x00,
    0xa9, 0x00, 0x06, 0x00, 0x0f, 0x00, 0x00, 0x00, 0x19, 0x03, 0x00, 0x00, 0x31, 0x01, 0x00, 0x00,
    0x12, 0x00, 0x00, 0x00, 0xbf, 0x00, 0x00, 0x00, 0xc2, 0x00, 0x05, 0x00, 0x0f, 0x00, 0x00, 0x00,
    0x1a, 0x03, 0x00, 0x00, 0x16, 0x03, 0x00, 0x00, 0x94, 0x00, 0x00, 0x00, 0xc7, 0x00, 0x05, 0x00,
    0x0f, 0x00, 0x00, 0x00, 0x1b, 0x03, 0x00, 0x00, 0x1a, 0x03, 0x00, 0x00, 0xc0, 0x00, 0x00, 0x00,
    0x80, 0x00, 0x05, 0x00, 0x0f, 0x00, 0x00, 0x00, 0x1c, 0x03, 0x00, 0x00, 0x19, 0x03, 0x00, 0x00,
    0x1b, 0x03, 0x00, 0x00, 0x41, 0x00, 0x06, 0x00, 0xd1, 0x00, 0x00, 0x00, 0x1d, 0x03, 0x00, 0x00,
    0x0a, 0x00, 0x00, 0x00, 0x92, 0x00, 0x00, 0x00, 0x1c, 0x03, 0x00, 0x00, 0x3d, 0x00, 0x04, 0x00,
    0x0f, 0x00, 0x00, 0x00, 0x1e, 0x03, 0x00, 0x00, 0x1d, 0x03, 0x00, 0x00, 0xc7, 0x00, 0x05, 0x00,
    0x0f, 0x00, 0x00, 0x00, 0x1f, 0x03, 0x00, 0x00, 0x16, 0x03, 0x00, 0x00, 0x94, 0x00, 0x00, 0x00,
    0xab, 0x00, 0x05, 0x00, 0x9e, 0x00, 0x00, 0x00, 0x20, 0x03, 0x00, 0x00, 0x1f, 0x03, 0x00, 0x00,
    0x12, 0x00, 0x00, 0x00, 0xf7, 0x00, 0x03, 0x00, 0x21, 0x03, 0x00, 0x00, 0x00, 0x00, 0x00, 0x00,
    0xfa, 0x00, 0x04, 0x00, 0x20, 0x03, 0x00, 0x00, 0x22, 0x03, 0x00, 0x00, 0x21, 0x03, 0x00, 0x00,
    0xf8, 0x00, 0x02, 0x00, 0x22, 0x03, 0x00, 0x00, 0xc2, 0x00, 0x05, 0x00, 0x0f, 0x00, 0x00, 0x00,
    0x23, 0x03, 0x00, 0x00, 0x1e, 0x03, 0x00, 0x00, 0x10, 0x00, 0x00, 0x00, 0xf9, 0x00, 0x02, 0x00,
    0x21, 0x03, 0x00, 0x00, 0xf8, 0x00, 0x02, 0x00, 0x21, 0x03, 0x00, 0x00, 0xf5, 0x00, 0x07, 0x00,
    0x0f, 0x00, 0x00, 0x00, 0x24, 0x03, 0x00, 0x00, 0x1e, 0x03, 0x00, 0x00, 0x0c, 0x03, 0x00, 0x00,
    0x23, 0x03, 0x00, 0x00, 0x22, 0x03, 0x00, 0x00, 0xc7, 0x00, 0x05, 0x00, 0x11, 0x00, 0x00, 0x00,
    0x25, 0x03, 0x00, 0x00, 0x06, 0x03, 0x00, 0x00, 0x95, 0x00, 0x00, 0x00, 0xaa, 0x00, 0x05, 0x00,
    0x9e, 0x00, 0x00, 0x00, 0x26, 0x03, 0x00, 0x00, 0x25, 0x03, 0x00, 0x00, 0x92, 0x00, 0x00, 0x00,
    0xf7, 0x00, 0x03, 0x00, 0x27, 0x03, 0x00, 0x00, 0x00, 0x00, 0x00, 0x00, 0xfa, 0x00, 0x04, 0x00,
    0x26, 0x03, 0x00, 0x00, 0x28, 0x03, 0x00, 0x00, 0x27, 0x03, 0x00, 0x00, 0xf8, 0x00, 0x02, 0x00,
    0x28, 0x03, 0x00, 0x00, 0xc2, 0x00, 0x05, 0x00, 0x0f, 0x00, 0x00, 0x00, 0x29, 0x03, 0x00, 0x00,
    0x24, 0x03, 0x00, 0x00, 0x15, 0x00, 0x00, 0x00, 0xf9, 0x00, 0x02, 0x00, 0x27, 0x03, 0x00, 0x00,
    0xf8, 0x00, 0x02, 0x00, 0x27, 0x03, 0x00, 0x00, 0xf5, 0x00, 0x07, 0x00, 0x0f, 0x00, 0x00, 0x00,
    0x2a, 0x03, 0x00, 0x00, 0x24, 0x03, 0x00, 0x00, 0x21, 0x03, 0x00, 0x00, 0x29, 0x03, 0x00, 0x00,
    0x28, 0x03, 0x00, 0x00, 0xc7, 0x00, 0x05, 0x00, 0x11, 0x00, 0x00, 0x00, 0x2b, 0x03, 0x00, 0x00,
    0xf4, 0x02, 0x00, 0x00, 0x95, 0x00, 0x00, 0x00, 0xaa, 0x00, 0x05, 0x00, 0x9e, 0x00, 0x00, 0x00,
    0x2c, 0x03, 0x00, 0x00, 0x2b, 0x03, 0x00, 0x00, 0x92, 0x00, 0x00, 0x00, 0xf7, 0x00, 0x03, 0x00,
    0x2d, 0x03, 0x00, 0x00, 0x00, 0x00, 0x00, 0x00, 0xfa, 0x00, 0x04, 0x00, 0x2c, 0x03, 0x00, 0x00,
    0x2e, 0x03, 0x00, 0x00, 0x2d, 0x03, 0x00, 0x00, 0xf8, 0x00, 0x02, 0x00, 0x2e, 0x03, 0x00, 0x00,
    0xc2, 0x00, 0x05, 0x00, 0x0f, 0x00, 0x00, 0x00, 0x2f, 0x03, 0x00, 0x00, 0x2a, 0x03, 0x00, 0x00,
    0xb9, 0x00, 0x00, 0x00, 0xf9, 0x00, 0x02, 0x00, 0x2d, 0x03, 0x00, 0x00, 0xf8, 0x00, 0x02, 0x00,
    0x2d, 0x03, 0x00, 0x00, 0xf5, 0x00, 0x07, 0x00, 0x0f, 0x00, 0x00, 0x00, 0x30, 0x03, 0x00, 0x00,
    0x2a, 0x03, 0x00, 0x00, 0x27, 0x03, 0x00, 0x00, 0x2f, 0x03, 0x00, 0x00, 0x2e, 0x03, 0x00, 0x00,
    0xc7, 0x00, 0x05, 0x00, 0x0f, 0x00, 0x00, 0x00, 0x31, 0x03, 0x00, 0x00, 0x30, 0x03, 0x00, 0x00,
    0xc1, 0x00, 0x00, 0x00, 0xc4, 0x00, 0x05, 0x00, 0x0f, 0x00, 0x00, 0x00, 0x32, 0x03, 0x00, 0x00,
    0x31, 0x03, 0x00, 0x00, 0xb9, 0x00, 0x00, 0x00, 0x80, 0x00, 0x05, 0x00, 0x11, 0x00, 0x00, 0x00,
    0x33, 0x03, 0x00, 0x00, 0x07, 0x03, 0x00, 0x00, 0xf3, 0x02, 0x00, 0x00, 0xaf, 0x00, 0x05, 0x00,
    0x9e, 0x00, 0x00, 0x00, 0x34, 0x03, 0x00, 0x00, 0x33, 0x03, 0x00, 0x00, 0xbd, 0x00, 0x00, 0x00,
    0xf7, 0x00, 0x03, 0x00, 0x35, 0x03, 0x00, 0x00, 0x00, 0x00, 0x00, 0x00, 0xfa, 0x00, 0x04, 0x00,
    0x34, 0x03, 0x00, 0x00, 0x36, 0x03, 0x00, 0x00, 0x35, 0x03, 0x00, 0x00, 0xf8, 0x00, 0x02, 0x00,
    0x36, 0x03, 0x00, 0x00, 0x82, 0x00, 0x05, 0x00, 0x11, 0x00, 0x00, 0x00, 0x37, 0x03, 0x00, 0x00,
    0x33, 0x03, 0x00, 0x00, 0xbd, 0x00, 0x00, 0x00, 0xc6, 0x00, 0x05, 0x00, 0x11, 0x00, 0x00, 0x00,
    0x38, 0x03, 0x00, 0x00, 0x0a, 0x03, 0x00, 0x00, 0xbd, 0x00, 0x00, 0x00, 0xf9, 0x00, 0x02, 0x00,
    0x35, 0x03, 0x00, 0x00, 0xf8, 0x00, 0x02, 0x00, 0x35, 0x03, 0x00, 0x00, 0xf5, 0x00, 0x07, 0x00,
    0x11, 0x00, 0x00, 0x00, 0x39, 0x03, 0x00, 0x00, 0x33, 0x03, 0x00, 0x00, 0x2d, 0x03, 0x00, 0x00,
    0x37, 0x03, 0x00, 0x00, 0x36, 0x03, 0x00, 0x00, 0xf5, 0x00, 0x07, 0x00, 0x11, 0x00, 0x00, 0x00,
    0x3a, 0x03, 0x00, 0x00, 0x0a, 0x03, 0x00, 0x00, 0x2d, 0x03, 0x00, 0x00, 0x38, 0x03, 0x00, 0x00,
    0x36, 0x03, 0x00, 0x00, 0x87, 0x00, 0x05, 0x00, 0x11, 0x00, 0x00, 0x00, 0x3b, 0x03, 0x00, 0x00,
    0x3a, 0x03, 0x00, 0x00, 0x97, 0x00, 0x00, 0x00, 0x84, 0x00, 0x05, 0x00, 0x11, 0x00, 0x00, 0x00,
    0x3c, 0x03, 0x00, 0x00, 0x3b, 0x03, 0x00, 0x00, 0xbe, 0x00, 0x00, 0x00, 0x87, 0x00, 0x05, 0x00,
    0x11, 0x00, 0x00, 0x00, 0x3d, 0x03, 0x00, 0x00, 0x39, 0x03, 0x00, 0x00, 0x97, 0x00, 0x00, 0x00,
    0x80, 0x00, 0x05, 0x00, 0x11, 0x00, 0x00, 0x00, 0x3e, 0x03, 0x00, 0x00, 0x3c, 0x03, 0x00, 0x00,
    0x3d, 0x03, 0x00, 0x00, 0x7c, 0x00, 0x04, 0x00, 0x0f, 0x00, 0x00, 0x00, 0x3f, 0x03, 0x00, 0x00,
    0x3e, 0x03, 0x00, 0x00, 0xc2, 0x00, 0x05, 0x00, 0x0f, 0x00, 0x00, 0x00, 0x40, 0x03, 0x00, 0x00,
    0x3f, 0x03, 0x00, 0x00, 0x94, 0x00, 0x00, 0x00, 0xc7, 0x00, 0x05, 0x00, 0x0f, 0x00, 0x00, 0x00,
    0x41, 0x03, 0x00, 0x00, 0x40, 0x03, 0x00, 0x00, 0xc0, 0x00, 0x00, 0x00, 0x80, 0x00, 0x05, 0x00,
    0x0f, 0x00, 0x00, 0x00, 0x42, 0x03, 0x00, 0x00, 0x19, 0x03, 0x00, 0x00, 0x41, 0x03, 0x00, 0x00,
    0x41, 0x00, 0x06, 0x00, 0xd1, 0x00, 0x00, 0x00, 0x43, 0x03, 0x00, 0x00, 0x0a, 0x00, 0x00, 0x00,
    0x92, 0x00, 0x00, 0x00, 0x42, 0x03, 0x00, 0x00, 0x3d, 0x00, 0x04, 0x00, 0x0f, 0x00, 0x00, 0x00,
    0x44, 0x03, 0x00, 0x00, 0x43, 0x03, 0x00, 0x00, 0xc7, 0x00, 0x05, 0x00, 0x0f, 0x00, 0x00, 0x00,
    0x45, 0x03, 0x00, 0x00, 0x3f, 0x03, 0x00, 0x00, 0x94, 0x00, 0x00, 0x00, 0xab, 0x00, 0x05, 0x00,
    0x9e, 0x00, 0x00, 0x00, 0x46, 0x03, 0x00, 0x00, 0x45, 0x03, 0x00, 0x00, 0x12, 0x00, 0x00, 0x00,
    0xf7, 0x00, 0x03, 0x00, 0x47, 0x03, 0x00, 0x00, 0x00, 0x00, 0x00, 0x00, 0xfa, 0x00, 0x04, 0x00,
    0x46, 0x03, 0x00, 0x00, 0x48, 0x03, 0x00, 0x00, 0x47, 0x03, 0x00, 0x00, 0xf8, 0x00, 0x02, 0x00,
    0x48, 0x03, 0x00, 0x00, 0xc2, 0x00, 0x05, 0x00, 0x0f, 0x00, 0x00, 0x00, 0x49, 0x03, 0x00, 0x00,
    0x44, 0x03, 0x00, 0x00, 0x10, 0x00, 0x00, 0x00, 0xf9, 0x00, 0x02, 0x00, 0x47, 0x03, 0x00, 0x00,
    0xf8, 0x00, 0x02, 0x00, 0x47, 0x03, 0x00, 0x00, 0xf5, 0x00, 0x07, 0x00, 0x0f, 0x00, 0x00, 0x00,
    0x4a, 0x03, 0x00, 0x00, 0x44, 0x03, 0x00, 0x00, 0x35, 0x03, 0x00, 0x00, 0x49, 0x03, 0x00, 0x00,
    0x48, 0x03, 0x00, 0x00, 0xf7, 0x00, 0x03, 0x00, 0x4b, 0x03, 0x00, 0x00, 0x00, 0x00, 0x00, 0x00,
    0xfa, 0x00, 0x04, 0x00, 0x26, 0x03, 0x00, 0x00, 0x4c, 0x03, 0x00, 0x00, 0x4b, 0x03, 0x00, 0x00,
    0xf8, 0x00, 0x02, 0x00, 0x4c, 0x03, 0x00, 0x00, 0xc2, 0x00, 0x05, 0x00, 0x0f, 0x00, 0x00, 0x00,
    0x4d, 0x03, 0x00, 0x00, 0x4a, 0x03, 0x00, 0x00, 0x15, 0x00, 0x00, 0x00, 0xf9, 0x00, 0x02, 0x00,
    0x4b, 0x03, 0x00, 0x00, 0xf8, 0x00, 0x02, 0x00, 0x4b, 0x03, 0x00, 0x00, 0xf5, 0x00, 0x07, 0x00,
    0x0f, 0x00, 0x00, 0x00, 0x4e, 0x03, 0x00, 0x00, 0x4a, 0x03, 0x00, 0x00, 0x47, 0x03, 0x00, 0x00,
    0x4d, 0x03, 0x00, 0x00, 0x4c, 0x03, 0x00, 0x00, 0xc7, 0x00, 0x05, 0x00, 0x11, 0x00, 0x00, 0x00,
    0x4f, 0x03, 0x00, 0x00, 0xf3, 0x02, 0x00, 0x00, 0x95, 0x00, 0x00, 0x00, 0xaa, 0x00, 0x05, 0x00,
    0x9e, 0x00, 0x00, 0x00, 0x50, 0x03, 0x00, 0x00, 0x4f, 0x03, 0x00, 0x00, 0x92, 0x00, 0x00, 0x00,
    0xf7, 0x00, 0x03, 0x00, 0x51, 0x03, 0x00, 0x00, 0x00, 0x00, 0x00, 0x00, 0xfa, 0x00, 0x04, 0x00,
    0x50, 0x03, 0x00, 0x00, 0x52, 0x03, 0x00, 0x00, 0x51, 0x03, 0x00, 0x00, 0xf8, 0x00, 0x02, 0x00,
    0x52, 0x03, 0x00, 0x00, 0xc2, 0x00, 0x05, 0x00, 0x0f, 0x00, 0x00, 0x00, 0x53, 0x03, 0x00, 0x00,
    0x4e, 0x03, 0x00, 0x00, 0xb9, 0x00, 0x00, 0x00, 0xf9, 0x00, 0x02, 0x00, 0x51, 0x03, 0x00, 0x00,
    0xf8, 0x00, 0x02, 0x00, 0x51, 0x03, 0x00, 0x00, 0xf5, 0x00, 0x07, 0x00, 0x0f, 0x00, 0x00, 0x00,
    0x54, 0x03, 0x00, 0x00, 0x4e, 0x03, 0x00, 0x00, 0x4b, 0x03, 0x00, 0x00, 0x53, 0x03, 0x00, 0x00,
    0x52, 0x03, 0x00, 0x00, 0xc7, 0x00, 0x05, 0x00, 0x0f, 0x00, 0x00, 0x00, 0x55, 0x03, 0x00, 0x00,
    0x54, 0x03, 0x00, 0x00, 0xc1, 0x00, 0x00, 0x00, 0xc4, 0x00, 0x05, 0x00, 0x0f, 0x00, 0x00, 0x00,
    0x56, 0x03, 0x00, 0x00, 0x55, 0x03, 0x00, 0x00, 0xb9, 0x00, 0x00, 0x00, 0x80, 0x00, 0x05, 0x00,
    0x11, 0x00, 0x00, 0x00, 0x57, 0x03, 0x00, 0x00, 0x09, 0x03, 0x00, 0x00, 0x05, 0x03, 0x00, 0x00,
    0xf7, 0x00, 0x03, 0x00, 0x58, 0x03, 0x00, 0x00, 0x00, 0x00, 0x00, 0x00, 0xfa, 0x00, 0x04, 0x00,
    0x0b, 0x03, 0x00, 0x00, 0x59, 0x03, 0x00, 0x00, 0x58, 0x03, 0x00, 0x00, 0xf8, 0x00, 0x02, 0x00,
    0x59, 0x03, 0x00, 0x00, 0x82, 0x00, 0x05, 0x00, 0x11, 0x00, 0x00, 0x00, 0x5a, 0x03, 0x00, 0x00,
    0x08, 0x03, 0x00, 0x00, 0xbd, 0x00, 0x00, 0x00, 0xc6, 0x00, 0x05, 0x00, 0x11, 0x00, 0x00, 0x00,
    0x5b, 0x03, 0x00, 0x00, 0x57, 0x03, 0x00, 0x00, 0xbd, 0x00, 0x00, 0x00, 0xf9, 0x00, 0x02, 0x00,
    0x58, 0x03, 0x00, 0x00, 0xf8, 0x00, 0x02, 0x00, 0x58, 0x03, 0x00, 0x00, 0xf5, 0x00, 0x07, 0x00,
    0x11, 0x00, 0x00, 0x00, 0x5c, 0x03, 0x00, 0x00, 0x08, 0x03, 0x00, 0x00, 0x51, 0x03, 0x00, 0x00,
    0x5a, 0x03, 0x00, 0x00, 0x59, 0x03, 0x00, 0x00, 0xf5, 0x00, 0x07, 0x00, 0x11, 0x00, 0x00, 0x00,
    0x5d, 0x03, 0x00, 0x00, 0x57, 0x03, 0x00, 0x00, 0x51, 0x03, 0x00, 0x00, 0x5b, 0x03, 0x00, 0x00,
    0x59, 0x03, 0x00, 0x00, 0x87, 0x00, 0x05, 0x00, 0x11, 0x00, 0x00, 0x00, 0x5e, 0x03, 0x00, 0x00,
    0x5d, 0x03, 0x00, 0x00, 0x97, 0x00, 0x00, 0x00, 0x84, 0x00, 0x05, 0x00, 0x11, 0x00, 0x00, 0x00,
    0x5f, 0x03, 0x00, 0x00, 0x5e, 0x03, 0x00, 0x00, 0xbe, 0x00, 0x00, 0x00, 0x87, 0x00, 0x05, 0x00,
    0x11, 0x00, 0x00, 0x00, 0x60, 0x03, 0x00, 0x00, 0x5c, 0x03, 0x00, 0x00, 0x97, 0x00, 0x00, 0x00,
    0x80, 0x00, 0x05, 0x00, 0x11, 0x00, 0x00, 0x00, 0x61, 0x03, 0x00, 0x00, 0x5f, 0x03, 0x00, 0x00,
    0x60, 0x03, 0x00, 0x00, 0x7c, 0x00, 0x04, 0x00, 0x0f, 0x00, 0x00, 0x00, 0x62, 0x03, 0x00, 0x00,
    0x61, 0x03, 0x00, 0x00, 0xc2, 0x00, 0x05, 0x00, 0x0f, 0x00, 0x00, 0x00, 0x63, 0x03, 0x00, 0x00,
    0x62, 0x03, 0x00, 0x00, 0x94, 0x00, 0x00, 0x00, 0xc7, 0x00, 0x05, 0x00, 0x0f, 0x00, 0x00, 0x00,
    0x64, 0x03, 0x00, 0x00, 0x63, 0x03, 0x00, 0x00, 0xc0, 0x00, 0x00, 0x00, 0x80, 0x00, 0x05, 0x00,
    0x0f, 0x00, 0x00, 0x00, 0x65, 0x03, 0x00, 0x00, 0x19, 0x03, 0x00, 0x00, 0x64, 0x03, 0x00, 0x00,
    0x41, 0x00, 0x06, 0x00, 0xd1, 0x00, 0x00, 0x00, 0x66, 0x03, 0x00, 0x00, 0x0a, 0x00, 0x00, 0x00,
    0x92, 0x00, 0x00, 0x00, 0x65, 0x03, 0x00, 0x00, 0x3d, 0x00, 0x04, 0x00, 0x0f, 0x00, 0x00, 0x00,
    0x67, 0x03, 0x00, 0x00, 0x66, 0x03, 0x00, 0x00, 0xc7, 0x00, 0x05, 0x00, 0x0f, 0x00, 0x00, 0x00,
    0x68, 0x03, 0x00, 0x00, 0x62, 0x03, 0x00, 0x00, 0x94, 0x00, 0x00, 0x00, 0xab, 0x00, 0x05, 0x00,
    0x9e, 0x00, 0x00, 0x00, 0x69, 0x03, 0x00, 0x00, 0x68, 0x03, 0x00, 0x00, 0x12, 0x00, 0x00, 0x00,
    0xf7, 0x00, 0x03, 0x00, 0x6a, 0x03, 0x00, 0x00, 0x00, 0x00, 0x00, 0x00, 0xfa, 0x00, 0x04, 0x00,
    0x69, 0x03, 0x00, 0x00, 0x6b, 0x03, 0x00, 0x00, 0x6a, 0x03, 0x00, 0x00, 0xf8, 0x00, 0x02, 0x00,
    0x6b, 0x03, 0x00, 0x00, 0xc2, 0x00, 0x05, 0x00, 0x0f, 0x00, 0x00, 0x00, 0x6c, 0x03, 0x00, 0x00,
    0x67, 0x03, 0x00, 0x00, 0x10, 0x00, 0x00, 0x00, 0xf9, 0x00, 0x02, 0x00, 0x6a, 0x03, 0x00, 0x00,
    0xf8, 0x00, 0x02, 0x00, 0x6a, 0x03, 0x00, 0x00, 0xf5, 0x00, 0x07, 0x00, 0x0f, 0x00, 0x00, 0x00,
    0x6d, 0x03, 0x00, 0x00, 0x67, 0x03, 0x00, 0x00, 0x58, 0x03, 0x00, 0x00, 0x6c, 0x03, 0x00, 0x00,
    0x6b, 0x03, 0x00, 0x00, 0xc7, 0x00, 0x05, 0x00, 0x11, 0x00, 0x00, 0x00, 0x6e, 0x03, 0x00, 0x00,
    0x05, 0x03, 0x00, 0x00, 0x95, 0x00, 0x00, 0x00, 0xaa, 0x00, 0x05, 0x00, 0x9e, 0x00, 0x00, 0x00,
    0x6f, 0x03, 0x00, 0x00, 0x6e, 0x03, 0x00, 0x00, 0x92, 0x00, 0x00, 0x00, 0xf7, 0x00, 0x03, 0x00,
    0x70, 0x03, 0x00, 0x00, 0x00, 0x00, 0x00, 0x00, 0xfa, 0x00, 0x04, 0x00, 0x6f, 0x03, 0x00, 0x00,
    0x71, 0x03, 0x00, 0x00, 0x70, 0x03, 0x00, 0x00, 0xf8, 0x00, 0x02, 0x00, 0x71, 0x03, 0x00, 0x00,
    0xc2, 0x00, 0x05, 0x00, 0x0f, 0x00, 0x00, 0x00, 0x72, 0x03, 0x00, 0x00, 0x6d, 0x03, 0x00, 0x00,
    0x15, 0x00, 0x00, 0x00, 0xf9, 0x00, 0x02, 0x00, 0x70, 0x03, 0x00, 0x00, 0xf8, 0x00, 0x02, 0x00,
    0x70, 0x03, 0x00, 0x00, 0xf5, 0x00, 0x07, 0x00, 0x0f, 0x00, 0x00, 0x00, 0x73, 0x03, 0x00, 0x00,
    0x6d, 0x03, 0x00, 0x00, 0x6a, 0x03, 0x00, 0x00, 0x72, 0x03, 0x00, 0x00, 0x71, 0x03, 0x00, 0x00,
    0xf7, 0x00, 0x03, 0x00, 0x74, 0x03, 0x00, 0x00, 0x00, 0x00, 0x00, 0x00, 0xfa, 0x00, 0x04, 0x00,
    0x2c, 0x03, 0x00, 0x00, 0x75, 0x03, 0x00, 0x00, 0x74, 0x03, 0x00, 0x00, 0xf8, 0x00, 0x02, 0x00,
    0x75, 0x03, 0x00, 0x00, 0xc2, 0x00, 0x05, 0x00, 0x0f, 0x00, 0x00, 0x00, 0x76, 0x03, 0x00, 0x00,
    0x73, 0x03, 0x00, 0x00, 0xb9, 0x00, 0x00, 0x00, 0xf9, 0x00, 0x02, 0x00, 0x74, 0x03, 0x00, 0x00,
    0xf8, 0x00, 0x02, 0x00, 0x74, 0x03, 0x00, 0x00, 0xf5, 0x00, 0x07, 0x00, 0x0f, 0x00, 0x00, 0x00,
    0x77, 0x03, 0x00, 0x00, 0x73, 0x03, 0x00, 0x00, 0x70, 0x03, 0x00, 0x00, 0x76, 0x03, 0x00, 0x00,
    0x75, 0x03, 0x00, 0x00, 0xc7, 0x00, 0x05, 0x00, 0x0f, 0x00, 0x00, 0x00, 0x78, 0x03, 0x00, 0x00,
    0x77, 0x03, 0x00, 0x00, 0xc1, 0x00, 0x00, 0x00, 0xc4, 0x00, 0x05, 0x00, 0x0f, 0x00, 0x00, 0x00,
    0x79, 0x03, 0x00, 0x00, 0x78, 0x03, 0x00, 0x00, 0xb9, 0x00, 0x00, 0x00, 0xf7, 0x00, 0x03, 0x00,
    0x7a, 0x03, 0x00, 0x00, 0x00, 0x00, 0x00, 0x00, 0xfa, 0x00, 0x04, 0x00, 0x34, 0x03, 0x00, 0x00,
    0x7b, 0x03, 0x00, 0x00, 0x7a, 0x03, 0x00, 0x00, 0xf8, 0x00, 0x02, 0x00, 0x7b, 0x03, 0x00, 0x00,
    0x82, 0x00, 0x05, 0x00, 0x11, 0x00, 0x00, 0x00, 0x7c, 0x03, 0x00, 0x00, 0x33, 0x03, 0x00, 0x00,
    0xbd, 0x00, 0x00, 0x00, 0xc6, 0x00, 0x05, 0x00, 0x11, 0x00, 0x00, 0x00, 0x7d, 0x03, 0x00, 0x00,
    0x57, 0x03, 0x00, 0x00, 0xbd, 0x00, 0x00, 0x00, 0xf9, 0x00, 0x02, 0x00, 0x7a, 0x03, 0x00, 0x00,
    0xf8, 0x00, 0x02, 0x00, 0x7a, 0x03, 0x00, 0x00, 0xf5, 0x00, 0x07, 0x00, 0x11, 0x00, 0x00, 0x00,
    0x7e, 0x03, 0x00, 0x00, 0x33, 0x03, 0x00, 0x00, 0x74, 0x03, 0x00, 0x00, 0x7c, 0x03, 0x00, 0x00,
    0x7b, 0x03, 0x00, 0x00, 0xf5, 0x00, 0x07, 0x00, 0x11, 0x00, 0x00, 0x00, 0x7f, 0x03, 0x00, 0x00,
    0x57, 0x03, 0x00, 0x00, 0x74, 0x03, 0x00, 0x00, 0x7d, 0x03, 0x00, 0x00, 0x7b, 0x03, 0x00, 0x00,
    0x87, 0x00, 0x05, 0x00, 0x11, 0x00, 0x00, 0x00, 0x80, 0x03, 0x00, 0x00, 0x7f, 0x03, 0x00, 0x00,
    0x97, 0x00, 0x00, 0x00, 0x84, 0x00, 0x05, 0x00, 0x11, 0x00, 0x00, 0x00, 0x81, 0x03, 0x00, 0x00,
    0x80, 0x03, 0x00, 0x00, 0xbe, 0x00, 0x00, 0x00, 0x87, 0x00, 0x05, 0x00, 0x11, 0x00, 0x00, 0x00,
    0x82, 0x03, 0x00, 0x00, 0x7e, 0x03, 0x00, 0x00, 0x97, 0x00, 0x00, 0x00, 0x80, 0x00, 0x05, 0x00,
    0x11, 0x00, 0x00, 0x00, 0x83, 0x03, 0x00, 0x00, 0x81, 0x03, 0x00, 0x00, 0x82, 0x03, 0x00, 0x00,
    0x7c, 0x00, 0x04, 0x00, 0x0f, 0x00, 0x00, 0x00, 0x84, 0x03, 0x00, 0x00, 0x83, 0x03, 0x00, 0x00,
    0xc2, 0x00, 0x05, 0x00, 0x0f, 0x00, 0x00, 0x00, 0x85, 0x03, 0x00, 0x00, 0x84, 0x03, 0x00, 0x00,
    0x94, 0x00, 0x00, 0x00, 0xc7, 0x00, 0x05, 0x00, 0x0f, 0x00, 0x00, 0x00, 0x86, 0x03, 0x00, 0x00,
    0x85, 0x03, 0x00, 0x00, 0xc0, 0x00, 0x00, 0x00, 0x80, 0x00, 0x05, 0x00, 0x0f, 0x00, 0x00, 0x00,
    0x87, 0x03, 0x00, 0x00, 0x19, 0x03, 0x00, 0x00, 0x86, 0x03, 0x00, 0x00, 0x41, 0x00, 0x06, 0x00,
    0xd1, 0x00, 0x00, 0x00, 0x88, 0x03, 0x00, 0x00, 0x0a, 0x00, 0x00, 0x00, 0x92, 0x00, 0x00, 0x00,
    0x87, 0x03, 0x00, 0x00, 0x3d, 0x00, 0x04, 0x00, 0x0f, 0x00, 0x00, 0x00, 0x89, 0x03, 0x00, 0x00,
    0x88, 0x03, 0x00, 0x00, 0xc7, 0x00, 0x05, 0x00, 0x0f, 0x00, 0x00, 0x00, 0x8a, 0x03, 0x00, 0x00,
    0x84, 0x03, 0x00, 0x00, 0x94, 0x00, 0x00, 0x00, 0xab, 0x00, 0x05, 0x00, 0x9e, 0x00, 0x00, 0x00,
    0x8b, 0x03, 0x00, 0x00, 0x8a, 0x03, 0x00, 0x00, 0x12, 0x00, 0x00, 0x00, 0xf7, 0x00, 0x03, 0x00,
    0x8c, 0x03, 0x00, 0x00, 0x00, 0x00, 0x00, 0x00, 0xfa, 0x00, 0x04, 0x00, 0x8b, 0x03, 0x00, 0x00,
    0x8d, 0x03, 0x00, 0x00, 0x8c, 0x03, 0x00, 0x00, 0xf8, 0x00, 0x02, 0x00, 0x8d, 0x03, 0x00, 0x00,
    0xc2, 0x00, 0x05, 0x00, 0x0f, 0x00, 0x00, 0x00, 0x8e, 0x03, 0x00, 0x00, 0x89, 0x03, 0x00, 0x00,
    0x10, 0x00, 0x00, 0x00, 0xf9, 0x00, 0x02, 0x00, 0x8c, 0x03, 0x00, 0x00, 0xf8, 0x00, 0x02, 0x00,
    0x8c, 0x03, 0x00, 0x00, 0xf5, 0x00, 0x07, 0x00, 0x0f, 0x00, 0x00, 0x00, 0x8f, 0x03, 0x00, 0x00,
    0x89, 0x03, 0x00, 0x00, 0x7a, 0x03, 0x00, 0x00, 0x8e, 0x03, 0x00, 0x00, 0x8d, 0x03, 0x00, 0x00,
    0xf7, 0x00, 0x03, 0x00, 0x90, 0x03, 0x00, 0x00, 0x00, 0x00, 0x00, 0x00, 0xfa, 0x00, 0x04, 0x00,
    0x6f, 0x03, 0x00, 0x00, 0x91, 0x03, 0x00, 0x00, 0x90, 0x03, 0x00, 0x00, 0xf8, 0x00, 0x02, 0x00,
    0x91, 0x03, 0x00, 0x00, 0xc2, 0x00, 0x05, 0x00, 0x0f, 0x00, 0x00, 0x00, 0x92, 0x03, 0x00, 0x00,
    0x8f, 0x03, 0x00, 0x00, 0x15, 0x00, 0x00, 0x00, 0xf9, 0x00, 0x02, 0x00, 0x90, 0x03, 0x00, 0x00,
    0xf8, 0x00, 0x02, 0x00, 0x90, 0x03, 0x00, 0x00, 0xf5, 0x00, 0x07, 0x00, 0x0f, 0x00, 0x00, 0x00,
    0x93, 0x03, 0x00, 0x00, 0x8f, 0x03, 0x00, 0x00, 0x8c, 0x03, 0x00, 0x00, 0x92, 0x03, 0x00, 0x00,
    0x91, 0x03, 0x00, 0x00, 0xf7, 0x00, 0x03, 0x00, 0x94, 0x03, 0x00, 0x00, 0x00, 0x00, 0x00, 0x00,
    0xfa, 0x00, 0x04, 0x00, 0x50, 0x03, 0x00, 0x00, 0x95, 0x03, 0x00, 0x00, 0x94, 0x03, 0x00, 0x00,
    0xf8, 0x00, 0x02, 0x00, 0x95, 0x03, 0x00, 0x00, 0xc2, 0x00, 0x05, 0x00, 0x0f, 0x00, 0x00, 0x00,
    0x96, 0x03, 0x00, 0x00, 0x93, 0x03, 0x00, 0x00, 0xb9, 0x00, 0x00, 0x00, 0xf9, 0x00, 0x02, 0x00,
    0x94, 0x03, 0x00, 0x00, 0xf8, 0x00, 0x02, 0x00, 0x94, 0x03, 0x00, 0x00, 0xf5, 0x00, 0x07, 0x00,
    0x0f, 0x00, 0x00, 0x00, 0x97, 0x03, 0x00, 0x00, 0x93, 0x03, 0x00, 0x00, 0x90, 0x03, 0x00, 0x00,
    0x96, 0x03, 0x00, 0x00, 0x95, 0x03, 0x00, 0x00, 0xc7, 0x00, 0x05, 0x00, 0x0f, 0x00, 0x00, 0x00,
    0x98, 0x03, 0x00, 0x00, 0x97, 0x03, 0x00, 0x00, 0xc1, 0x00, 0x00, 0x00, 0xc4, 0x00, 0x05, 0x00,
    0x0f, 0x00, 0x00, 0x00, 0x99, 0x03, 0x00, 0x00, 0x98, 0x03, 0x00, 0x00, 0xb9, 0x00, 0x00, 0x00,
    0xf7, 0x00, 0x03, 0x00, 0x9a, 0x03, 0x00, 0x00, 0x00, 0x00, 0x00, 0x00, 0xfa, 0x00, 0x04, 0x00,
    0xf1, 0x00, 0x00, 0x00, 0x9b, 0x03, 0x00, 0x00, 0x9a, 0x03, 0x00, 0x00, 0xf8, 0x00, 0x02, 0x00,
    0x9b, 0x03, 0x00, 0x00, 0xab, 0x00, 0x05, 0x00, 0x9e, 0x00, 0x00, 0x00, 0x9c, 0x03, 0x00, 0x00,
    0x32, 0x03, 0x00, 0x00, 0xba, 0x00, 0x00, 0x00, 0xf7, 0x00, 0x03, 0x00, 0x9d, 0x03, 0x00, 0x00,
    0x00, 0x00, 0x00, 0x00, 0xfa, 0x00, 0x04, 0x00, 0x9c, 0x03, 0x00, 0x00, 0x9e, 0x03, 0x00, 0x00,
    0x9d, 0x03, 0x00, 0x00, 0xf8, 0x00, 0x02, 0x00, 0x9e, 0x03, 0x00, 0x00, 0xc5, 0x00, 0x05, 0x00,
    0x0f, 0x00, 0x00, 0x00, 0x9f, 0x03, 0x00, 0x00, 0x32, 0x03, 0x00, 0x00, 0xbb, 0x00, 0x00, 0x00,
    0xf9, 0x00, 0x02, 0x00, 0x9d, 0x03, 0x00, 0x00, 0xf8, 0x00, 0x02, 0x00, 0x9d, 0x03, 0x00, 0x00,
    0xf5, 0x00, 0x07, 0x00, 0x0f, 0x00, 0x00, 0x00, 0xa0, 0x03, 0x00, 0x00, 0x32, 0x03, 0x00, 0x00,
    0x9b, 0x03, 0x00, 0x00, 0x9f, 0x03, 0x00, 0x00, 0x9e, 0x03, 0x00, 0x00, 0xab, 0x00, 0x05, 0x00,
    0x9e, 0x00, 0x00, 0x00, 0xa1, 0x03, 0x00, 0x00, 0x56, 0x03, 0x00, 0x00, 0xba, 0x00, 0x00, 0x00,
    0xf7, 0x00, 0x03, 0x00, 0xa2, 0x03, 0x00, 0x00, 0x00, 0x00, 0x00, 0x00, 0xfa, 0x00, 0x04, 0x00,
    0xa1, 0x03, 0x00, 0x00, 0xa3, 0x03, 0x00, 0x00, 0xa2, 0x03, 0x00, 0x00, 0xf8, 0x00, 0x02, 0x00,
    0xa3, 0x03, 0x00, 0x00, 0xc5, 0x00, 0x05, 0x00, 0x0f, 0x00, 0x00, 0x00, 0xa4, 0x03, 0x00, 0x00,
    0x56, 0x03, 0x00, 0x00, 0xbb, 0x00, 0x00, 0x00, 0xf9, 0x00, 0x02, 0x00, 0xa2, 0x03, 0x00, 0x00,
    0xf8, 0x00, 0x02, 0x00, 0xa2, 0x03, 0x00, 0x00, 0xf5, 0x00, 0x07, 0x00, 0x0f, 0x00, 0x00, 0x00,
    0xa5, 0x03, 0x00, 0x00, 0x56, 0x03, 0x00, 0x00, 0x9d, 0x03, 0x00, 0x00, 0xa4, 0x03, 0x00, 0x00,
    0xa3, 0x03, 0x00, 0x00, 0xab, 0x00, 0x05, 0x00, 0x9e, 0x00, 0x00, 0x00, 0xa6, 0x03, 0x00, 0x00,
    0x79, 0x03, 0x00, 0x00, 0xba, 0x00, 0x00, 0x00, 0xf7, 0x00, 0x03, 0x00, 0xa7, 0x03, 0x00, 0x00,
    0x00, 0x00, 0x00, 0x00, 0xfa, 0x00, 0x04, 0x00, 0xa6, 0x03, 0x00, 0x00, 0xa8, 0x03, 0x00, 0x00,
    0xa7, 0x03, 0x00, 0x00, 0xf8, 0x00, 0x02, 0x00, 0xa8, 0x03, 0x00, 0x00, 0xc5, 0x00, 0x05, 0x00,
    0x0f, 0x00, 0x00, 0x00, 0xa9, 0x03, 0x00, 0x00, 0x79, 0x03, 0x00, 0x00, 0xbb, 0x00, 0x00, 0x00,
    0xf9, 0x00, 0x02, 0x00, 0xa7, 0x03, 0x00, 0x00, 0xf8, 0x00, 0x02, 0x00, 0xa7, 0x03, 0x00, 0x00,
    0xf5, 0x00, 0x07, 0x00, 0x0f, 0x00, 0x00, 0x00, 0xaa, 0x03, 0x00, 0x00, 0x79, 0x03, 0x00, 0x00,
    0xa2, 0x03, 0x00, 0x00, 0xa9, 0x03, 0x00, 0x00, 0xa8, 0x03, 0x00, 0x00, 0xab, 0x00, 0x05, 0x00,
    0x9e, 0x00, 0x00, 0x00, 0xab, 0x03, 0x00, 0x00, 0x99, 0x03, 0x00, 0x00, 0xba, 0x00, 0x00, 0x00,
    0xf7, 0x00, 0x03, 0x00, 0xac, 0x03, 0x00, 0x00, 0x00, 0x00, 0x00, 0x00, 0xfa, 0x00, 0x04, 0x00,
    0xab, 0x03, 0x00, 0x00, 0xad, 0x03, 0x00, 0x00, 0xac, 0x03, 0x00, 0x00, 0xf8, 0x00, 0x02, 0x00,
    0xad, 0x03, 0x00, 0x00, 0xc5, 0x00, 0x05, 0x00, 0x0f, 0x00, 0x00, 0x00, 0xae, 0x03, 0x00, 0x00,
    0x99, 0x03, 0x00, 0x00, 0xbb, 0x00, 0x00, 0x00, 0xf9, 0x00, 0x02, 0x00, 0xac, 0x03, 0x00, 0x00,
    0xf8, 0x00, 0x02, 0x00, 0xac, 0x03, 0x00, 0x00, 0xf5, 0x00, 0x07, 0x00, 0x0f, 0x00, 0x00, 0x00,
    0xaf, 0x03, 0x00, 0x00, 0x99, 0x03, 0x00, 0x00, 0xa7, 0x03, 0x00, 0x00, 0xae, 0x03, 0x00, 0x00,
    0xad, 0x03, 0x00, 0x00, 0xaa, 0x00, 0x05, 0x00, 0x9e, 0x00, 0x00, 0x00, 0xb0, 0x03, 0x00, 0x00,
    0xa0, 0x03, 0x00, 0x00, 0xba, 0x00, 0x00, 0x00, 0xf7, 0x00, 0x03, 0x00, 0xb1, 0x03, 0x00, 0x00,
    0x00, 0x00, 0x00, 0x00, 0xfa, 0x00, 0x04, 0x00, 0xb0, 0x03, 0x00, 0x00, 0xb2, 0x03, 0x00, 0x00,
    0xb1, 0x03, 0x00, 0x00, 0xf8, 0x00, 0x02, 0x00, 0xb2, 0x03, 0x00, 0x00, 0xc7, 0x00, 0x05, 0x00,
    0x0f, 0x00, 0x00, 0x00, 0xb3, 0x03, 0x00, 0x00, 0xa5, 0x03, 0x00, 0x00, 0xa4, 0x00, 0x00, 0x00,
    0xf9, 0x00, 0x02, 0x00, 0xb1, 0x03, 0x00, 0x00, 0xf8, 0x00, 0x02, 0x00, 0xb1, 0x03, 0x00, 0x00,
    0xf5, 0x00, 0x07, 0x00, 0x0f, 0x00, 0x00, 0x00, 0xb4, 0x03, 0x00, 0x00, 0xa0, 0x03, 0x00, 0x00,
    0xac, 0x03, 0x00, 0x00, 0xb3, 0x03, 0x00, 0x00, 0xb2, 0x03, 0x00, 0x00, 0xaa, 0x00, 0x05, 0x00,
    0x9e, 0x00, 0x00, 0x00, 0xb5, 0x03, 0x00, 0x00, 0xa5, 0x03, 0x00, 0x00, 0xba, 0x00, 0x00, 0x00,
    0xf7, 0x00, 0x03, 0x00, 0xb6, 0x03, 0x00, 0x00, 0x00, 0x00, 0x00, 0x00, 0xfa, 0x00, 0x04, 0x00,
    0xb5, 0x03, 0x00, 0x00, 0xb7, 0x03, 0x00, 0x00, 0xb6, 0x03, 0x00, 0x00, 0xf8, 0x00, 0x02, 0x00,
    0xb7, 0x03, 0x00, 0x00, 0xc7, 0x00, 0x05, 0x00, 0x0f, 0x00, 0x00, 0x00, 0xb8, 0x03, 0x00, 0x00,
    0xb4, 0x03, 0x00, 0x00, 0xa4, 0x00, 0x00, 0x00, 0xf9, 0x00, 0x02, 0x00, 0xb6, 0x03, 0x00, 0x00,
    0xf8, 0x00, 0x02, 0x00, 0xb6, 0x03, 0x00, 0x00, 0xf5, 0x00, 0x07, 0x00, 0x0f, 0x00, 0x00, 0x00,
    0xb9, 0x03, 0x00, 0x00, 0xa5, 0x03, 0x00, 0x00, 0xb1, 0x03, 0x00, 0x00, 0xb8, 0x03, 0x00, 0x00,
    0xb7, 0x03, 0x00, 0x00, 0xaa, 0x00, 0x05, 0x00, 0x9e, 0x00, 0x00, 0x00, 0xba, 0x03, 0x00, 0x00,
    0xaa, 0x03, 0x00, 0x00, 0xba, 0x00, 0x00, 0x00, 0xf7, 0x00, 0x03, 0x00, 0xbb, 0x03, 0x00, 0x00,
    0x00, 0x00, 0x00, 0x00, 0xfa, 0x00, 0x04, 0x00, 0xba, 0x03, 0x00, 0x00, 0xbc, 0x03, 0x00, 0x00,
    0xbb, 0x03, 0x00, 0x00, 0xf8, 0x00, 0x02, 0x00, 0xbc, 0x03, 0x00, 0x00, 0xc7, 0x00, 0x05, 0x00,
    0x0f, 0x00, 0x00, 0x00, 0xbd, 0x03, 0x00, 0x00, 0xaf, 0x03, 0x00, 0x00, 0xa4, 0x00, 0x00, 0x00,
    0xf9, 0x00, 0x02, 0x00, 0xbb, 0x03, 0x00, 0x00, 0xf8, 0x00, 0x02, 0x00, 0xbb, 0x03, 0x00, 0x00,
    0xf5, 0x00, 0x07, 0x00, 0x0f, 0x00, 0x00, 0x00, 0xbe, 0x03, 0x00, 0x00, 0xaa, 0x03, 0x00, 0x00,
    0xb6, 0x03, 0x00, 0x00, 0xbd, 0x03, 0x00, 0x00, 0xbc, 0x03, 0x00, 0x00, 0xaa, 0x00, 0x05, 0x00,
    0x9e, 0x00, 0x00, 0x00, 0xbf, 0x03, 0x00, 0x00, 0xaf, 0x03, 0x00, 0x00, 0xba, 0x00, 0x00, 0x00,
    0xf7, 0x00, 0x03, 0x00, 0xc0, 0x03, 0x00, 0x00, 0x00, 0x00, 0x00, 0x00, 0xfa, 0x00, 0x04, 0x00,
    0xbf, 0x03, 0x00, 0x00, 0xc1, 0x03, 0x00, 0x00, 0xc0, 0x03, 0x00, 0x00, 0xf8, 0x00, 0x02, 0x00,
    0xc1, 0x03, 0x00, 0x00, 0xc7, 0x00, 0x05, 0x00, 0x0f, 0x00, 0x00, 0x00, 0xc2, 0x03, 0x00, 0x00,
    0xbe, 0x03, 0x00, 0x00, 0xa4, 0x00, 0x00, 0x00, 0xf9, 0x00, 0x02, 0x00, 0xc0, 0x03, 0x00, 0x00,
    0xf8, 0x00, 0x02, 0x00, 0xc0, 0x03, 0x00, 0x00, 0xf5, 0x00, 0x07, 0x00, 0x0f, 0x00, 0x00, 0x00,
    0xc3, 0x03, 0x00, 0x00, 0xaf, 0x03, 0x00, 0x00, 0xbb, 0x03, 0x00, 0x00, 0xc2, 0x03, 0x00, 0x00,
    0xc1, 0x03, 0x00, 0x00, 0xf9, 0x00, 0x02, 0x00, 0x9a, 0x03, 0x00, 0x00, 0xf8, 0x00, 0x02, 0x00,
    0x9a, 0x03, 0x00, 0x00, 0xf5, 0x00, 0x07, 0x00, 0x0f, 0x00, 0x00, 0x00, 0xc4, 0x03, 0x00, 0x00,
    0x99, 0x03, 0x00, 0x00, 0x94, 0x03, 0x00, 0x00, 0xc3, 0x03, 0x00, 0x00, 0xc0, 0x03, 0x00, 0x00,
    0xf5, 0x00, 0x07, 0x00, 0x0f, 0x00, 0x00, 0x00, 0xc5, 0x03, 0x00, 0x00, 0x79, 0x03, 0x00, 0x00,
    0x94, 0x03, 0x00, 0x00, 0xbe, 0x03, 0x00, 0x00, 0xc0, 0x03, 0x00, 0x00, 0xf5, 0x00, 0x07, 0x00,
    0x0f, 0x00, 0x00, 0x00, 0xc6, 0x03, 0x00, 0x00, 0x56, 0x03, 0x00, 0x00, 0x94, 0x03, 0x00, 0x00,
    0xb9, 0x03, 0x00, 0x00, 0xc0, 0x03, 0x00, 0x00, 0xf5, 0x00, 0x07, 0x00, 0x0f, 0x00, 0x00, 0x00,
    0xc7, 0x03, 0x00, 0x00, 0x32, 0x03, 0x00, 0x00, 0x94, 0x03, 0x00, 0x00, 0xb4, 0x03, 0x00, 0x00,
    0xc0, 0x03, 0x00, 0x00, 0x82, 0x00, 0x05, 0x00, 0x0f, 0x00, 0x00, 0x00, 0xc8, 0x03, 0x00, 0x00,
    0xc6, 0x03, 0x00, 0x00, 0xc7, 0x03, 0x00, 0x00, 0x84, 0x00, 0x05, 0x00, 0x0f, 0x00, 0x00, 0x00,
    0xc9, 0x03, 0x00, 0x00, 0xc8, 0x03, 0x00, 0x00, 0xf2, 0x02, 0x00, 0x00, 0xc2, 0x00, 0x05, 0x00,
    0x0f, 0x00, 0x00, 0x00, 0xca, 0x03, 0x00, 0x00, 0xc9, 0x03, 0x00, 0x00, 0x15, 0x00, 0x00, 0x00,
    0x80, 0x00, 0x05, 0x00, 0x0f, 0x00, 0x00, 0x00, 0xcb, 0x03, 0x00, 0x00, 0xc7, 0x03, 0x00, 0x00,
    0xca, 0x03, 0x00, 0x00, 0xc7, 0x00, 0x05, 0x00, 0x0f, 0x00, 0x00, 0x00, 0xcc, 0x03, 0x00, 0x00,
    0xcb, 0x03, 0x00, 0x00, 0xbc, 0x00, 0x00, 0x00, 0x82, 0x00, 0x05, 0x00, 0x0f, 0x00, 0x00, 0x00,
    0xcd, 0x03, 0x00, 0x00, 0xc4, 0x03, 0x00, 0x00, 0xc5, 0x03, 0x00, 0x00, 0x84, 0x00, 0x05, 0x00,
    0x0f, 0x00, 0x00, 0x00, 0xce, 0x03, 0x00, 0x00, 0xcd, 0x03, 0x00, 0x00, 0xf2, 0x02, 0x00, 0x00,
    0xc2, 0x00, 0x05, 0x00, 0x0f, 0x00, 0x00, 0x00, 0xcf, 0x03, 0x00, 0x00, 0xce, 0x03, 0x00, 0x00,
    0x15, 0x00, 0x00, 0x00, 0x80, 0x00, 0x05, 0x00, 0x0f, 0x00, 0x00, 0x00, 0xd0, 0x03, 0x00, 0x00,
    0xc5, 0x03, 0x00, 0x00, 0xcf, 0x03, 0x00, 0x00, 0xc7, 0x00, 0x05, 0x00, 0x0f, 0x00, 0x00, 0x00,
    0xd1, 0x03, 0x00, 0x00, 0xd0, 0x03, 0x00, 0x00, 0xbc, 0x00, 0x00, 0x00, 0xf7, 0x00, 0x03, 0x00,
    0xd2, 0x03, 0x00, 0x00, 0x00, 0x00, 0x00, 0x00, 0xfa, 0x00, 0x04, 0x00, 0xf1, 0x00, 0x00, 0x00,
    0xd3, 0x03, 0x00, 0x00, 0xd2, 0x03, 0x00, 0x00, 0xf8, 0x00, 0x02, 0x00, 0xd3, 0x03, 0x00, 0x00,
    0xaa, 0x00, 0x05, 0x00, 0x9e, 0x00, 0x00, 0x00, 0xd4, 0x03, 0x00, 0x00, 0xcc, 0x03, 0x00, 0x00,
    0xba, 0x00, 0x00, 0x00, 0xf7, 0x00, 0x03, 0x00, 0xd5, 0x03, 0x00, 0x00, 0x00, 0x00, 0x00, 0x00,
    0xfa, 0x00, 0x04, 0x00, 0xd4, 0x03, 0x00, 0x00, 0xd6, 0x03, 0x00, 0x00, 0xd5, 0x03, 0x00, 0x00,
    0xf8, 0x00, 0x02, 0x00, 0xd6, 0x03, 0x00, 0x00, 0xc7, 0x00, 0x05, 0x00, 0x0f, 0x00, 0x00, 0x00,
    0xd7, 0x03, 0x00, 0x00, 0xd0, 0x03, 0x00, 0x00, 0xa4, 0x00, 0x00, 0x00, 0xf9, 0x00, 0x02, 0x00,
    0xd5, 0x03, 0x00, 0x00, 0xf8, 0x00, 0x02, 0x00, 0xd5, 0x03, 0x00, 0x00, 0xf5, 0x00, 0x07, 0x00,
    0x0f, 0x00, 0x00, 0x00, 0xd8, 0x03, 0x00, 0x00, 0xcc, 0x03, 0x00, 0x00, 0xd3, 0x03, 0x00, 0x00,
    0xd7, 0x03, 0x00, 0x00, 0xd6, 0x03, 0x00, 0x00, 0xaa, 0x00, 0x05, 0x00, 0x9e, 0x00, 0x00, 0x00,
    0xd9, 0x03, 0x00, 0x00, 0xd1, 0x03, 0x00, 0x00, 0xba, 0x00, 0x00, 0x00, 0xf7, 0x00, 0x03, 0x00,
    0xda, 0x03, 0x00, 0x00, 0x00, 0x00, 0x00, 0x00, 0xfa, 0x00, 0x04, 0x00, 0xd9, 0x03, 0x00, 0x00,
    0xdb, 0x03, 0x00, 0x00, 0xda, 0x03, 0x00, 0x00, 0xf8, 0x00, 0x02, 0x00, 0xdb, 0x03, 0x00, 0x00,
    0xc7, 0x00, 0x05, 0x00, 0x0f, 0x00, 0x00, 0x00, 0xdc, 0x03, 0x00, 0x00, 0xd8, 0x03, 0x00, 0x00,
    0xa4, 0x00, 0x00, 0x00, 0xf9, 0x00, 0x02, 0x00, 0xda, 0x03, 0x00, 0x00, 0xf8, 0x00, 0x02, 0x00,
    0xda, 0x03, 0x00, 0x00, 0xf5, 0x00, 0x07, 0x00, 0x0f, 0x00, 0x00, 0x00, 0xdd, 0x03, 0x00, 0x00,
    0xd1, 0x03, 0x00, 0x00, 0xd5, 0x03, 0x00, 0x00, 0xdc, 0x03, 0x00, 0x00, 0xdb, 0x03, 0x00, 0x00,
    0xf9, 0x00, 0x02, 0x00, 0xd2, 0x03, 0x00, 0x00, 0xf8, 0x00, 0x02, 0x00, 0xd2, 0x03, 0x00, 0x00,
    0xf5, 0x00, 0x07, 0x00, 0x0f, 0x00, 0x00, 0x00, 0xde, 0x03, 0x00, 0x00, 0xd1, 0x03, 0x00, 0x00,
    0x9a, 0x03, 0x00, 0x00, 0xdd, 0x03, 0x00, 0x00, 0xda, 0x03, 0x00, 0x00, 0xf5, 0x00, 0x07, 0x00,
    0x0f, 0x00, 0x00, 0x00, 0xdf, 0x03, 0x00, 0x00, 0xcc, 0x03, 0x00, 0x00, 0x9a, 0x03, 0x00, 0x00,
    0xd8, 0x03, 0x00, 0x00, 0xda, 0x03, 0x00, 0x00, 0x82, 0x00, 0x05, 0x00, 0x0f, 0x00, 0x00, 0x00,
    0xe0, 0x03, 0x00, 0x00, 0xde, 0x03, 0x00, 0x00, 0xdf, 0x03, 0x00, 0x00, 0x84, 0x00, 0x05, 0x00,
    0x0f, 0x00, 0x00, 0x00, 0xe1, 0x03, 0x00, 0x00, 0xe0, 0x03, 0x00, 0x00, 0x04, 0x03, 0x00, 0x00,
    0xc2, 0x00, 0x05, 0x00, 0x0f, 0x00, 0x00, 0x00, 0xe2, 0x03, 0x00, 0x00, 0xe1, 0x03, 0x00, 0x00,
    0x15, 0x00, 0x00, 0x00, 0x80, 0x00, 0x05, 0x00, 0x0f, 0x00, 0x00, 0x00, 0xe3, 0x03, 0x00, 0x00,
    0xdf, 0x03, 0x00, 0x00, 0xe2, 0x03, 0x00, 0x00, 0xc7, 0x00, 0x05, 0x00, 0x0f, 0x00, 0x00, 0x00,
    0xe4, 0x03, 0x00, 0x00, 0xe3, 0x03, 0x00, 0x00, 0xbc, 0x00, 0x00, 0x00, 0x7e, 0x00, 0x04, 0x00,
    0x11, 0x00, 0x00, 0x00, 0xe5, 0x03, 0x00, 0x00, 0x0c, 0x01, 0x00, 0x00, 0x7c, 0x00, 0x04, 0x00,
    0x11, 0x00, 0x00, 0x00, 0xe6, 0x03, 0x00, 0x00, 0xb5, 0x02, 0x00, 0x00, 0xc7, 0x00, 0x05, 0x00,
    0x11, 0x00, 0x00, 0x00, 0xe7, 0x03, 0x00, 0x00, 0xe6, 0x03, 0x00, 0x00, 0x9c, 0x00, 0x00, 0x00,
    0xc3, 0x00, 0x05, 0x00, 0x11, 0x00, 0x00, 0x00, 0xe8, 0x03, 0x00, 0x00, 0xe5, 0x03, 0x00, 0x00,
    0xe7, 0x03, 0x00, 0x00, 0x0c, 0x00, 0x07, 0x00, 0x11, 0x00, 0x00, 0x00, 0xe9, 0x03, 0x00, 0x00,
    0x01, 0x00, 0x00, 0x00, 0x27, 0x00, 0x00, 0x00, 0xe8, 0x03, 0x00, 0x00, 0xa0, 0x00, 0x00, 0x00,
    0x7c, 0x00, 0x04, 0x00, 0x0f, 0x00, 0x00, 0x00, 0xea, 0x03, 0x00, 0x00, 0xe9, 0x03, 0x00, 0x00,
    0x82, 0x00, 0x05, 0x00, 0x0f, 0x00, 0x00, 0x00, 0xeb, 0x03, 0x00, 0x00, 0xe4, 0x03, 0x00, 0x00,
    0x9d, 0x02, 0x00, 0x00, 0x84, 0x00, 0x05, 0x00, 0x0f, 0x00, 0x00, 0x00, 0xec, 0x03, 0x00, 0x00,
    0xeb, 0x03, 0x00, 0x00, 0xea, 0x03, 0x00, 0x00, 0xc2, 0x00, 0x05, 0x00, 0x0f, 0x00, 0x00, 0x00,
    0xed, 0x03, 0x00, 0x00, 0xec, 0x03, 0x00, 0x00, 0x15, 0x00, 0x00, 0x00, 0x80, 0x00, 0x05, 0x00,
    0x0f, 0x00, 0x00, 0x00, 0xee, 0x03, 0x00, 0x00, 0x9d, 0x02, 0x00, 0x00, 0xed, 0x03, 0x00, 0x00,
    0xc7, 0x00, 0x05, 0x00, 0x0f, 0x00, 0x00, 0x00, 0xef, 0x03, 0x00, 0x00, 0xee, 0x03, 0x00, 0x00,
    0xbc, 0x00, 0x00, 0x00, 0xf9, 0x00, 0x02, 0x00, 0xad, 0x02, 0x00, 0x00, 0xf8, 0x00, 0x02, 0x00,
    0xad, 0x02, 0x00, 0x00, 0xf5, 0x00, 0x07, 0x00, 0x0f, 0x00, 0x00, 0x00, 0xf0, 0x03, 0x00, 0x00,
    0x9d, 0x02, 0x00, 0x00, 0xa9, 0x02, 0x00, 0x00, 0xef, 0x03, 0x00, 0x00, 0xd2, 0x03, 0x00, 0x00,
    0xf9, 0x00, 0x02, 0x00, 0xa3, 0x02, 0x00, 0x00, 0xf8, 0x00, 0x02, 0x00, 0xa4, 0x02, 0x00, 0x00,
    0x80, 0x00, 0x05, 0x00, 0x11, 0x00, 0x00, 0x00, 0xf1, 0x03, 0x00, 0x00, 0x0e, 0x01, 0x00, 0x00,
    0x95, 0x00, 0x00, 0x00, 0xaa, 0x00, 0x05, 0x00, 0x9e, 0x00, 0x00, 0x00, 0xf2, 0x03, 0x00, 0x00,
    0xf1, 0x03, 0x00, 0x00, 0xa2, 0x00, 0x00, 0x00, 0xf7, 0x00, 0x03, 0x00, 0xf3, 0x03, 0x00, 0x00,
    0x00, 0x00, 0x00, 0x00, 0xfa, 0x00, 0x04, 0x00, 0xf2, 0x03, 0x00, 0x00, 0xf4, 0x03, 0x00, 0x00,
    0xf5, 0x03, 0x00, 0x00, 0xf8, 0x00, 0x02, 0x00, 0xf5, 0x03, 0x00, 0x00, 0x41, 0x00, 0x05, 0x00,
    0xd6, 0x00, 0x00, 0x00, 0xf6, 0x03, 0x00, 0x00, 0x06, 0x00, 0x00, 0x00, 0x95, 0x00, 0x00, 0x00,
    0x3d, 0x00, 0x04, 0x00, 0x0f, 0x00, 0x00, 0x00, 0xf7, 0x03, 0x00, 0x00, 0xf6, 0x03, 0x00, 0x00,
    0xc7, 0x00, 0x05, 0x00, 0x0f, 0x00, 0x00, 0x00, 0xf8, 0x03, 0x00, 0x00, 0xf7, 0x03, 0x00, 0x00,
    0xa5, 0x00, 0x00, 0x00, 0xc2, 0x00, 0x05, 0x00, 0x0f, 0x00, 0x00, 0x00, 0xf9, 0x03, 0x00, 0x00,
    0xf7, 0x03, 0x00, 0x00, 0x10, 0x00, 0x00, 0x00, 0xc2, 0x00, 0x05, 0x00, 0x0f, 0x00, 0x00, 0x00,
    0xfa, 0x03, 0x00, 0x00, 0xde, 0x00, 0x00, 0x00, 0xb1, 0x00, 0x00, 0x00, 0xc7, 0x00, 0x05, 0x00,
    0x0f, 0x00, 0x00, 0x00, 0xfb, 0x03, 0x00, 0x00, 0xfa, 0x03, 0x00, 0x00, 0xa1, 0x00, 0x00, 0x00,
    0xc4, 0x00, 0x05, 0x00, 0x0f, 0x00, 0x00, 0x00, 0xfc, 0x03, 0x00, 0x00, 0xb0, 0x00, 0x00, 0x00,
    0xfb, 0x03, 0x00, 0x00, 0x7c, 0x00, 0x04, 0x00, 0x0f, 0x00, 0x00, 0x00, 0xfd, 0x03, 0x00, 0x00,
    0xf1, 0x03, 0x00, 0x00, 0xc7, 0x00, 0x05, 0x00, 0x0f, 0x00, 0x00, 0x00, 0xfe, 0x03, 0x00, 0x00,
    0xfd, 0x03, 0x00, 0x00, 0x93, 0x00, 0x00, 0x00, 0xc2, 0x00, 0x05, 0x00, 0x0f, 0x00, 0x00, 0x00,
    0xff, 0x03, 0x00, 0x00, 0xfc, 0x03, 0x00, 0x00, 0xfe, 0x03, 0x00, 0x00, 0xc2, 0x00, 0x05, 0x00,
    0x0f, 0x00, 0x00, 0x00, 0x00, 0x04, 0x00, 0x00, 0xde, 0x00, 0x00, 0x00, 0xb2, 0x00, 0x00, 0x00,
    0xc7, 0x00, 0x05, 0x00, 0x0f, 0x00, 0x00, 0x00, 0x01, 0x04, 0x00, 0x00, 0x00, 0x04, 0x00, 0x00,
    0xa1, 0x00, 0x00, 0x00, 0xc4, 0x00, 0x05, 0x00, 0x0f, 0x00, 0x00, 0x00, 0x02, 0x04, 0x00, 0x00,
    0xb0, 0x00, 0x00, 0x00, 0x01, 0x04, 0x00, 0x00, 0xc2, 0x00, 0x05, 0x00, 0x0f, 0x00, 0x00, 0x00,
    0x03, 0x04, 0x00, 0x00, 0x02, 0x04, 0x00, 0x00, 0xfe, 0x03, 0x00, 0x00, 0x82, 0x00, 0x05, 0x00,
    0x0f, 0x00, 0x00, 0x00, 0x04, 0x04, 0x00, 0x00, 0xf8, 0x03, 0x00, 0x00, 0xb3, 0x00, 0x00, 0x00,
    0xc2, 0x00, 0x05, 0x00, 0x0f, 0x00, 0x00, 0x00, 0x05, 0x04, 0x00, 0x00, 0x04, 0x04, 0x00, 0x00,
    0xfe, 0x03, 0x00, 0x00, 0xc7, 0x00, 0x05, 0x00, 0x0f, 0x00, 0x00, 0x00, 0x06, 0x04, 0x00, 0x00,
    0x05, 0x04, 0x00, 0x00, 0xb4, 0x00, 0x00, 0x00, 0x82, 0x00, 0x05, 0x00, 0x0f, 0x00, 0x00, 0x00,
    0x07, 0x04, 0x00, 0x00, 0xf9, 0x03, 0x00, 0x00, 0xb5, 0x00, 0x00, 0x00, 0xc2, 0x00, 0x05, 0x00,
    0x0f, 0x00, 0x00, 0x00, 0x08, 0x04, 0x00, 0x00, 0x07, 0x04, 0x00, 0x00, 0xfe, 0x03, 0x00, 0x00,
    0xc7, 0x00, 0x05, 0x00, 0x0f, 0x00, 0x00, 0x00, 0x09, 0x04, 0x00, 0x00, 0x08, 0x04, 0x00, 0x00,
    0xb6, 0x00, 0x00, 0x00, 0xc7, 0x00, 0x05, 0x00, 0x11, 0x00, 0x00, 0x00, 0x0a, 0x04, 0x00, 0x00,
    0xf1, 0x03, 0x00, 0x00, 0x95, 0x00, 0x00, 0x00, 0xab, 0x00, 0x05, 0x00, 0x9e, 0x00, 0x00, 0x00,
    0x0b, 0x04, 0x00, 0x00, 0x0a, 0x04, 0x00, 0x00, 0x92, 0x00, 0x00, 0x00, 0xa5, 0x00, 0x05, 0x00,
    0x9e, 0x00, 0x00, 0x00, 0x0c, 0x04, 0x00, 0x00, 0x0b, 0x04, 0x00, 0x00, 0x31, 0x01, 0x00, 0x00,
    0xa9, 0x00, 0x06, 0x00, 0x0f, 0x00, 0x00, 0x00, 0x0d, 0x04, 0x00, 0x00, 0x0c, 0x04, 0x00, 0x00,
    0x94, 0x00, 0x00, 0x00, 0x12, 0x00, 0x00, 0x00, 0xc7, 0x00, 0x05, 0x00, 0x11, 0x00, 0x00, 0x00,
    0x0e, 0x04, 0x00, 0x00, 0xf1, 0x03, 0x00, 0x00, 0x9c, 0x00, 0x00, 0x00, 0xc3, 0x00, 0x05, 0x00,
    0x11, 0x00, 0x00, 0x00, 0x0f, 0x04, 0x00, 0x00, 0x1e, 0x01, 0x00, 0x00, 0x0e, 0x04, 0x00, 0x00,
    0xc3, 0x00, 0x05, 0x00, 0x11, 0x00, 0x00, 0x00, 0x10, 0x04, 0x00, 0x00, 0x2e, 0x01, 0x00, 0x00,
    0x0e, 0x04, 0x00, 0x00, 0xf9, 0x00, 0x02, 0x00, 0xf3, 0x03, 0x00, 0x00, 0xf8, 0x00, 0x02, 0x00,
    0xf4, 0x03, 0x00, 0x00, 0x41, 0x00, 0x05, 0x00, 0xd6, 0x00, 0x00, 0x00, 0x11, 0x04, 0x00, 0x00,
    0x06, 0x00, 0x00, 0x00, 0x97, 0x00, 0x00, 0x00, 0x3d, 0x00, 0x04, 0x00, 0x0f, 0x00, 0x00, 0x00,
    0x12, 0x04, 0x00, 0x00, 0x11, 0x04, 0x00, 0x00, 0xc7, 0x00, 0x05, 0x00, 0x0f, 0x00, 0x00, 0x00,
    0x13, 0x04, 0x00, 0x00, 0x12, 0x04, 0x00, 0x00, 0xa5, 0x00, 0x00, 0x00, 0xc2, 0x00, 0x05, 0x00,
    0x0f, 0x00, 0x00, 0x00, 0x14, 0x04, 0x00, 0x00, 0x12, 0x04, 0x00, 0x00, 0x10, 0x00, 0x00, 0x00,
    0xa9, 0x00, 0x06, 0x00, 0x0f, 0x00, 0x00, 0x00, 0x15, 0x04, 0x00, 0x00, 0x31, 0x01, 0x00, 0x00,
    0x12, 0x00, 0x00, 0x00, 0x94, 0x00, 0x00, 0x00, 0xc2, 0x00, 0x05, 0x00, 0x0f, 0x00, 0x00, 0x00,
    0x16, 0x04, 0x00, 0x00, 0xde, 0x00, 0x00, 0x00, 0x15, 0x00, 0x00, 0x00, 0xc7, 0x00, 0x05, 0x00,
    0x0f, 0x00, 0x00, 0x00, 0x17, 0x04, 0x00, 0x00, 0x16, 0x04, 0x00, 0x00, 0x96, 0x00, 0x00, 0x00,
    0xc4, 0x00, 0x05, 0x00, 0x0f, 0x00, 0x00, 0x00, 0x18, 0x04, 0x00, 0x00, 0x94, 0x00, 0x00, 0x00,
    0x17, 0x04, 0x00, 0x00, 0x7c, 0x00, 0x04, 0x00, 0x11, 0x00, 0x00, 0x00, 0x19, 0x04, 0x00, 0x00,
    0x18, 0x04, 0x00, 0x00, 0xc7, 0x00, 0x05, 0x00, 0x11, 0x00, 0x00, 0x00, 0x1a, 0x04, 0x00, 0x00,
    0x19, 0x04, 0x00, 0x00, 0x9c, 0x00, 0x00, 0x00, 0xc4, 0x00, 0x05, 0x00, 0x11, 0x00, 0x00, 0x00,
    0x1b, 0x04, 0x00, 0x00, 0x1e, 0x01, 0x00, 0x00, 0x1a, 0x04, 0x00, 0x00, 0xc4, 0x00, 0x05, 0x00,
    0x11, 0x00, 0x00, 0x00, 0x1c, 0x04, 0x00, 0x00, 0x2e, 0x01, 0x00, 0x00, 0x1a, 0x04, 0x00, 0x00,
    0xf9, 0x00, 0x02, 0x00, 0xf3, 0x03, 0x00, 0x00, 0xf8, 0x00, 0x02, 0x00, 0xf3, 0x03, 0x00, 0x00,
    0xf5, 0x00, 0x07, 0x00, 0x0f, 0x00, 0x00, 0x00, 0x1d, 0x04, 0x00, 0x00, 0x15, 0x04, 0x00, 0x00,
    0xf4, 0x03, 0x00, 0x00, 0x0d, 0x04, 0x00, 0x00, 0xf5, 0x03, 0x00, 0x00, 0xf5, 0x00, 0x07, 0x00,
    0x0f, 0x00, 0x00, 0x00, 0x1e, 0x04, 0x00, 0x00, 0x14, 0x04, 0x00, 0x00, 0xf4, 0x03, 0x00, 0x00,
    0x09, 0x04, 0x00, 0x00, 0xf5, 0x03, 0x00, 0x00, 0xf5, 0x00, 0x07, 0x00, 0x0f, 0x00, 0x00, 0x00,
    0x1f, 0x04, 0x00, 0x00, 0x13, 0x04, 0x00, 0x00, 0xf4, 0x03, 0x00, 0x00, 0x06, 0x04, 0x00, 0x00,
    0xf5, 0x03, 0x00, 0x00, 0xf5, 0x00, 0x07, 0x00, 0x0f, 0x00, 0x00, 0x00, 0x20, 0x04, 0x00, 0x00,
    0xaf, 0x00, 0x00, 0x00, 0xf4, 0x03, 0x00, 0x00, 0x03, 0x04, 0x00, 0x00, 0xf5, 0x03, 0x00, 0x00,
    0xf5, 0x00, 0x07, 0x00, 0x11, 0x00, 0x00, 0x00, 0x21, 0x04, 0x00, 0x00, 0x1c, 0x04, 0x00, 0x00,
    0xf4, 0x03, 0x00, 0x00, 0x10, 0x04, 0x00, 0x00, 0xf5, 0x03, 0x00, 0x00, 0xf5, 0x00, 0x07, 0x00,
    0x0f, 0x00, 0x00, 0x00, 0x22, 0x04, 0x00, 0x00, 0xaf, 0x00, 0x00, 0x00, 0xf4, 0x03, 0x00, 0x00,
    0xff, 0x03, 0x00, 0x00, 0xf5, 0x03, 0x00, 0x00, 0xf5, 0x00, 0x07, 0x00, 0x11, 0x00, 0x00, 0x00,
    0x23, 0x04, 0x00, 0x00, 0x1b, 0x04, 0x00, 0x00, 0xf4, 0x03, 0x00, 0x00, 0x0f, 0x04, 0x00, 0x00,
    0xf5, 0x03, 0x00, 0x00, 0xf7, 0x00, 0x03, 0x00, 0x24, 0x04, 0x00, 0x00, 0x00, 0x00, 0x00, 0x00,
    0xfa, 0x00, 0x04, 0x00, 0x66, 0x01, 0x00, 0x00, 0x25, 0x04, 0x00, 0x00, 0x24, 0x04, 0x00, 0x00,
    0xf8, 0x00, 0x02, 0x00, 0x25, 0x04, 0x00, 0x00, 0xc4, 0x00, 0x05, 0x00, 0x0f, 0x00, 0x00, 0x00,
    0x26, 0x04, 0x00, 0x00, 0x22, 0x04, 0x00, 0x00, 0x15, 0x00, 0x00, 0x00, 0x7c, 0x00, 0x04, 0x00,
    0x11, 0x00, 0x00, 0x00, 0x27, 0x04, 0x00, 0x00, 0x26, 0x04, 0x00, 0x00, 0xc7, 0x00, 0x05, 0x00,
    0x11, 0x00, 0x00, 0x00, 0x28, 0x04, 0x00, 0x00, 0x23, 0x04, 0x00, 0x00, 0x27, 0x04, 0x00, 0x00,
    0xab, 0x00, 0x05, 0x00, 0x9e, 0x00, 0x00, 0x00, 0x29, 0x04, 0x00, 0x00, 0x28, 0x04, 0x00, 0x00,
    0x92, 0x00, 0x00, 0x00, 0xf9, 0x00, 0x02, 0x00, 0x24, 0x04, 0x00, 0x00, 0xf8, 0x00, 0x02, 0x00,
    0x24, 0x04, 0x00, 0x00, 0xf5, 0x00, 0x07, 0x00, 0x9e, 0x00, 0x00, 0x00, 0x2a, 0x04, 0x00, 0x00,
    0x9f, 0x00, 0x00, 0x00, 0xf3, 0x03, 0x00, 0x00, 0x29, 0x04, 0x00, 0x00, 0x25, 0x04, 0x00, 0x00,
    0xf7, 0x00, 0x03, 0x00, 0x2b, 0x04, 0x00, 0x00, 0x00, 0x00, 0x00, 0x00, 0xfa, 0x00, 0x04, 0x00,
    0x2a, 0x04, 0x00, 0x00, 0x2c, 0x04, 0x00, 0x00, 0x2b, 0x04, 0x00, 0x00, 0xf8, 0x00, 0x02, 0x00,
    0x2c, 0x04, 0x00, 0x00, 0xc8, 0x00, 0x04, 0x00, 0x11, 0x00, 0x00, 0x00, 0x2d, 0x04, 0x00, 0x00,
    0x23, 0x04, 0x00, 0x00, 0xf9, 0x00, 0x02, 0x00, 0x2b, 0x04, 0x00, 0x00, 0xf8, 0x00, 0x02, 0x00,
    0x2b, 0x04, 0x00, 0x00, 0xf5, 0x00, 0x07, 0x00, 0x11, 0x00, 0x00, 0x00, 0x2e, 0x04, 0x00, 0x00,
    0x23, 0x04, 0x00, 0x00, 0x24, 0x04, 0x00, 0x00, 0x2d, 0x04, 0x00, 0x00, 0x2c, 0x04, 0x00, 0x00,
    0xf7, 0x00, 0x03, 0x00, 0x2f, 0x04, 0x00, 0x00, 0x00, 0x00, 0x00, 0x00, 0xfa, 0x00, 0x04, 0x00,
    0x74, 0x01, 0x00, 0x00, 0x30, 0x04, 0x00, 0x00, 0x2f, 0x04, 0x00, 0x00, 0xf8, 0x00, 0x02, 0x00,
    0x30, 0x04, 0x00, 0x00, 0xc4, 0x00, 0x05, 0x00, 0x0f, 0x00, 0x00, 0x00, 0x31, 0x04, 0x00, 0x00,
    0x20, 0x04, 0x00, 0x00, 0x15, 0x00, 0x00, 0x00, 0x7c, 0x00, 0x04, 0x00, 0x11, 0x00, 0x00, 0x00,
    0x32, 0x04, 0x00, 0x00, 0x31, 0x04, 0x00, 0x00, 0xc7, 0x00, 0x05, 0x00, 0x11, 0x00, 0x00, 0x00,
    0x33, 0x04, 0x00, 0x00, 0x21, 0x04, 0x00, 0x00, 0x32, 0x04, 0x00, 0x00, 0xab, 0x00, 0x05, 0x00,
    0x9e, 0x00, 0x00, 0x00, 0x34, 0x04, 0x00, 0x00, 0x33, 0x04, 0x00, 0x00, 0x92, 0x00, 0x00, 0x00,
    0xf9, 0x00, 0x02, 0x00, 0x2f, 0x04, 0x00, 0x00, 0xf8, 0x00, 0x02, 0x00, 0x2f, 0x04, 0x00, 0x00,
    0xf5, 0x00, 0x07, 0x00, 0x9e, 0x00, 0x00, 0x00, 0x35, 0x04, 0x00, 0x00, 0x9f, 0x00, 0x00, 0x00,
    0x2b, 0x04, 0x00, 0x00, 0x34, 0x04, 0x00, 0x00, 0x30, 0x04, 0x00, 0x00, 0xf7, 0x00, 0x03, 0x00,
    0x36, 0x04, 0x00, 0x00, 0x00, 0x00, 0x00, 0x00, 0xfa, 0x00, 0x04, 0x00, 0x35, 0x04, 0x00, 0x00,
    0x37, 0x04, 0x00, 0x00, 0x36, 0x04, 0x00, 0x00, 0xf8, 0x00, 0x02, 0x00, 0x37, 0x04, 0x00, 0x00,
    0xc8, 0x00, 0x04, 0x00, 0x11, 0x00, 0x00, 0x00, 0x38, 0x04, 0x00, 0x00, 0x21, 0x04, 0x00, 0x00,
    0xf9, 0x00, 0x02, 0x00, 0x36, 0x04, 0x00, 0x00, 0xf8, 0x00, 0x02, 0x00, 0x36, 0x04, 0x00, 0x00,
    0xf5, 0x00, 0x07, 0x00, 0x11, 0x00, 0x00, 0x00, 0x39, 0x04, 0x00, 0x00, 0x21, 0x04, 0x00, 0x00,
    0x2f, 0x04, 0x00, 0x00, 0x38, 0x04, 0x00, 0x00, 0x37, 0x04, 0x00, 0x00, 0x82, 0x00, 0x05, 0x00,
    0x11, 0x00, 0x00, 0x00, 0x3a, 0x04, 0x00, 0x00, 0x2e, 0x04, 0x00, 0x00, 0xb8, 0x00, 0x00, 0x00,
    0x82, 0x00, 0x05, 0x00, 0x11, 0x00, 0x00, 0x00, 0x3b, 0x04, 0x00, 0x00, 0x39, 0x04, 0x00, 0x00,
    0xb8, 0x00, 0x00, 0x00, 0x7c, 0x00, 0x04, 0x00, 0x0f, 0x00, 0x00, 0x00, 0x3c, 0x04, 0x00, 0x00,
    0x3a, 0x04, 0x00, 0x00, 0xc7, 0x00, 0x05, 0x00, 0x0f, 0x00, 0x00, 0x00, 0x3d, 0x04, 0x00, 0x00,
    0x3c, 0x04, 0x00, 0x00, 0xa4, 0x00, 0x00, 0x00, 0x7c, 0x00, 0x04, 0x00, 0x0f, 0x00, 0x00, 0x00,
    0x3e, 0x04, 0x00, 0x00, 0x3b, 0x04, 0x00, 0x00, 0xc7, 0x00, 0x05, 0x00, 0x0f, 0x00, 0x00, 0x00,
    0x3f, 0x04, 0x00, 0x00, 0x3e, 0x04, 0x00, 0x00, 0xa4, 0x00, 0x00, 0x00, 0xc3, 0x00, 0x05, 0x00,
    0x11, 0x00, 0x00, 0x00, 0x40, 0x04, 0x00, 0x00, 0x3a, 0x04, 0x00, 0x00, 0xab, 0x00, 0x00, 0x00,
    0x7c, 0x00, 0x04, 0x00, 0x0f, 0x00, 0x00, 0x00, 0x41, 0x04, 0x00, 0x00, 0x40, 0x04, 0x00, 0x00,
    0x82, 0x00, 0x05, 0x00, 0x0f, 0x00, 0x00, 0x00, 0x42, 0x04, 0x00, 0x00, 0x22, 0x04, 0x00, 0x00,
    0x94, 0x00, 0x00, 0x00, 0xc7, 0x00, 0x05, 0x00, 0x0f, 0x00, 0x00, 0x00, 0x43, 0x04, 0x00, 0x00,
    0x41, 0x04, 0x00, 0x00, 0x42, 0x04, 0x00, 0x00, 0x7c, 0x00, 0x04, 0x00, 0x11, 0x00, 0x00, 0x00,
    0x44, 0x04, 0x00, 0x00, 0x43, 0x04, 0x00, 0x00, 0x80, 0x00, 0x05, 0x00, 0x11, 0x00, 0x00, 0x00,
    0x45, 0x04, 0x00, 0x00, 0x44, 0x04, 0x00, 0x00, 0x95, 0x00, 0x00, 0x00, 0x7c, 0x00, 0x04, 0x00,
    0x0f, 0x00, 0x00, 0x00, 0x46, 0x04, 0x00, 0x00, 0x45, 0x04, 0x00, 0x00, 0xc7, 0x00, 0x05, 0x00,
    0x0f, 0x00, 0x00, 0x00, 0x47, 0x04, 0x00, 0x00, 0x46, 0x04, 0x00, 0x00, 0x42, 0x04, 0x00, 0x00,
    0x7c, 0x00, 0x04, 0x00, 0x11, 0x00, 0x00, 0x00, 0x48, 0x04, 0x00, 0x00, 0x47, 0x04, 0x00, 0x00,
    0xc3, 0x00, 0x05, 0x00, 0x11, 0x00, 0x00, 0x00, 0x49, 0x04, 0x00, 0x00, 0x3b, 0x04, 0x00, 0x00,
    0xab, 0x00, 0x00, 0x00, 0x7c, 0x00, 0x04, 0x00, 0x0f, 0x00, 0x00, 0x00, 0x4a, 0x04, 0x00, 0x00,
    0x49, 0x04, 0x00, 0x00, 0x82, 0x00, 0x05, 0x00, 0x0f, 0x00, 0x00, 0x00, 0x4b, 0x04, 0x00, 0x00,
    0x20, 0x04, 0x00, 0x00, 0x94, 0x00, 0x00, 0x00, 0xc7, 0x00, 0x05, 0x00, 0x0f, 0x00, 0x00, 0x00,
    0x4c, 0x04, 0x00, 0x00, 0x4a, 0x04, 0x00, 0x00, 0x4b, 0x04, 0x00, 0x00, 0x7c, 0x00, 0x04, 0x00,
    0x11, 0x00, 0x00, 0x00, 0x4d, 0x04, 0x00, 0x00, 0x4c, 0x04, 0x00, 0x00, 0x80, 0x00, 0x05, 0x00,
    0x11, 0x00, 0x00, 0x00, 0x4e, 0x04, 0x00, 0x00, 0x4d, 0x04, 0x00, 0x00, 0x95, 0x00, 0x00, 0x00,
    0x7c, 0x00, 0x04, 0x00, 0x0f, 0x00, 0x00, 0x00, 0x4f, 0x04, 0x00, 0x00, 0x4e, 0x04, 0x00, 0x00,
    0xc7, 0x00, 0x05, 0x00, 0x0f, 0x00, 0x00, 0x00, 0x50, 0x04, 0x00, 0x00, 0x4f, 0x04, 0x00, 0x00,
    0x4b, 0x04, 0x00, 0x00, 0x7c, 0x00, 0x04, 0x00, 0x11, 0x00, 0x00, 0x00, 0x51, 0x04, 0x00, 0x00,
    0x50, 0x04, 0x00, 0x00, 0xf7, 0x00, 0x03, 0x00, 0x52, 0x04, 0x00, 0x00, 0x00, 0x00, 0x00, 0x00,
    0xfa, 0x00, 0x04, 0x00, 0x9a, 0x01, 0x00, 0x00, 0x53, 0x04, 0x00, 0x00, 0x52, 0x04, 0x00, 0x00,
    0xf8, 0x00, 0x02, 0x00, 0x53, 0x04, 0x00, 0x00, 0xaa, 0x00, 0x05, 0x00, 0x9e, 0x00, 0x00, 0x00,
    0x54, 0x04, 0x00, 0x00, 0x48, 0x04, 0x00, 0x00, 0x92, 0x00, 0x00, 0x00, 0xf9, 0x00, 0x02, 0x00,
    0x52, 0x04, 0x00, 0x00, 0xf8, 0x00, 0x02, 0x00, 0x52, 0x04, 0x00, 0x00, 0xf5, 0x00, 0x07, 0x00,
    0x9e, 0x00, 0x00, 0x00, 0x55, 0x04, 0x00, 0x00, 0x9f, 0x00, 0x00, 0x00, 0x36, 0x04, 0x00, 0x00,
    0x54, 0x04, 0x00, 0x00, 0x53, 0x04, 0x00, 0x00, 0xf7, 0x00, 0x03, 0x00, 0x56, 0x04, 0x00, 0x00,
    0x00, 0x00, 0x00, 0x00, 0xfa, 0x00, 0x04, 0x00, 0x55, 0x04, 0x00, 0x00, 0x57, 0x04, 0x00, 0x00,
    0x56, 0x04, 0x00, 0x00, 0xf8, 0x00, 0x02, 0x00, 0x57, 0x04, 0x00, 0x00, 0xae, 0x00, 0x05, 0x00,
    0x9e, 0x00, 0x00, 0x00, 0x58, 0x04, 0x00, 0x00, 0x3d, 0x04, 0x00, 0x00, 0xaf, 0x00, 0x00, 0x00,
    0xf7, 0x00, 0x03, 0x00, 0x59, 0x04, 0x00, 0x00, 0x00, 0x00, 0x00, 0x00, 0xfa, 0x00, 0x04, 0x00,
    0x58, 0x04, 0x00, 0x00, 0x5a, 0x04, 0x00, 0x00, 0x5b, 0x04, 0x00, 0x00, 0xf8, 0x00, 0x02, 0x00,
    0x5b, 0x04, 0x00, 0x00, 0x82, 0x00, 0x05, 0x00, 0x11, 0x00, 0x00, 0x00, 0x5c, 0x04, 0x00, 0x00,
    0x44, 0x04, 0x00, 0x00, 0x95, 0x00, 0x00, 0x00, 0xf9, 0x00, 0x02, 0x00, 0x59, 0x04, 0x00, 0x00,
    0xf8, 0x00, 0x02, 0x00, 0x5a, 0x04, 0x00, 0x00, 0x80, 0x00, 0x05, 0x00, 0x11, 0x00, 0x00, 0x00,
    0x5d, 0x04, 0x00, 0x00, 0x48, 0x04, 0x00, 0x00, 0x95, 0x00, 0x00, 0x00, 0xf9, 0x00, 0x02, 0x00,
    0x59, 0x04, 0x00, 0x00, 0xf8, 0x00, 0x02, 0x00, 0x59, 0x04, 0x00, 0x00, 0xf5, 0x00, 0x07, 0x00,
    0x11, 0x00, 0x00, 0x00, 0x5e, 0x04, 0x00, 0x00, 0x5d, 0x04, 0x00, 0x00, 0x5a, 0x04, 0x00, 0x00,
    0x44, 0x04, 0x00, 0x00, 0x5b, 0x04, 0x00, 0x00, 0xf5, 0x00, 0x07, 0x00, 0x11, 0x00, 0x00, 0x00,
    0x5f, 0x04, 0x00, 0x00, 0x48, 0x04, 0x00, 0x00, 0x5a, 0x04, 0x00, 0x00, 0x5c, 0x04, 0x00, 0x00,
    0x5b, 0x04, 0x00, 0x00, 0xa9, 0x00, 0x06, 0x00, 0x0f, 0x00, 0x00, 0x00, 0x60, 0x04, 0x00, 0x00,
    0x58, 0x04, 0x00, 0x00, 0x12, 0x00, 0x00, 0x00, 0xa6, 0x00, 0x00, 0x00, 0xf9, 0x00, 0x02, 0x00,
    0x56, 0x04, 0x00, 0x00, 0xf8, 0x00, 0x02, 0x00, 0x56, 0x04, 0x00, 0x00, 0xf5, 0x00, 0x07, 0x00,
    0x0f, 0x00, 0x00, 0x00, 0x61, 0x04, 0x00, 0x00, 0x3d, 0x04, 0x00, 0x00, 0x52, 0x04, 0x00, 0x00,
    0x60, 0x04, 0x00, 0x00, 0x59, 0x04, 0x00, 0x00, 0xf5, 0x00, 0x07, 0x00, 0x11, 0x00, 0x00, 0x00,
    0x62, 0x04, 0x00, 0x00, 0x48, 0x04, 0x00, 0x00, 0x52, 0x04, 0x00, 0x00, 0x5e, 0x04, 0x00, 0x00,
    0x59, 0x04, 0x00, 0x00, 0xf5, 0x00, 0x07, 0x00, 0x11, 0x00, 0x00, 0x00, 0x63, 0x04, 0x00, 0x00,
    0x44, 0x04, 0x00, 0x00, 0x52, 0x04, 0x00, 0x00, 0x5f, 0x04, 0x00, 0x00, 0x59, 0x04, 0x00, 0x00,
    0xf7, 0x00, 0x03, 0x00, 0x64, 0x04, 0x00, 0x00, 0x00, 0x00, 0x00, 0x00, 0xfa, 0x00, 0x04, 0x00,
    0xaf, 0x01, 0x00, 0x00, 0x65, 0x04, 0x00, 0x00, 0x64, 0x04, 0x00, 0x00, 0xf8, 0x00, 0x02, 0x00,
    0x65, 0x04, 0x00, 0x00, 0xaa, 0x00, 0x05, 0x00, 0x9e, 0x00, 0x00, 0x00, 0x66, 0x04, 0x00, 0x00,
    0x51, 0x04, 0x00, 0x00, 0x92, 0x00, 0x00, 0x00, 0xf9, 0x00, 0x02, 0x00, 0x64, 0x04, 0x00, 0x00,
    0xf8, 0x00, 0x02, 0x00, 0x64, 0x04, 0x00, 0x00, 0xf5, 0x00, 0x07, 0x00, 0x9e, 0x00, 0x00, 0x00,
    0x67, 0x04, 0x00, 0x00, 0x9f, 0x00, 0x00, 0x00, 0x56, 0x04, 0x00, 0x00, 0x66, 0x04, 0x00, 0x00,
    0x65, 0x04, 0x00, 0x00, 0xf7, 0x00, 0x03, 0x00, 0x68, 0x04, 0x00, 0x00, 0x00, 0x00, 0x00, 0x00,
    0xfa, 0x00, 0x04, 0x00, 0x67, 0x04, 0x00, 0x00, 0x69, 0x04, 0x00, 0x00, 0x68, 0x04, 0x00, 0x00,
    0xf8, 0x00, 0x02, 0x00, 0x69, 0x04, 0x00, 0x00, 0xae, 0x00, 0x05, 0x00, 0x9e, 0x00, 0x00, 0x00,
    0x6a, 0x04, 0x00, 0x00, 0x3f, 0x04, 0x00, 0x00, 0xaf, 0x00, 0x00, 0x00, 0xf7, 0x00, 0x03, 0x00,
    0x6b, 0x04, 0x00, 0x00, 0x00, 0x00, 0x00, 0x00, 0xfa, 0x00, 0x04, 0x00, 0x6a, 0x04, 0x00, 0x00,
    0x6c, 0x04, 0x00, 0x00, 0x6d, 0x04, 0x00, 0x00, 0xf8, 0x00, 0x02, 0x00, 0x6d, 0x04, 0x00, 0x00,
    0x82, 0x00, 0x05, 0x00, 0x11, 0x00, 0x00, 0x00, 0x6e, 0x04, 0x00, 0x00, 0x4d, 0x04, 0x00, 0x00,
    0x95, 0x00, 0x00, 0x00, 0xf9, 0x00, 0x02, 0x00, 0x6b, 0x04, 0x00, 0x00, 0xf8, 0x00, 0x02, 0x00,
    0x6c, 0x04, 0x00, 0x00, 0x80, 0x00, 0x05, 0x00, 0x11, 0x00, 0x00, 0x00, 0x6f, 0x04, 0x00, 0x00,
    0x51, 0x04, 0x00, 0x00, 0x95, 0x00, 0x00, 0x00, 0xf9, 0x00, 0x02, 0x00, 0x6b, 0x04, 0x00, 0x00,
    0xf8, 0x00, 0x02, 0x00, 0x6b, 0x04, 0x00, 0x00, 0xf5, 0x00, 0x07, 0x00, 0x11, 0x00, 0x00, 0x00,
    0x70, 0x04, 0x00, 0x00, 0x6f, 0x04, 0x00, 0x00, 0x6c, 0x04, 0x00, 0x00, 0x4d, 0x04, 0x00, 0x00,
    0x6d, 0x04, 0x00, 0x00, 0xf5, 0x00, 0x07, 0x00, 0x11, 0x00, 0x00, 0x00, 0x71, 0x04, 0x00, 0x00,
    0x92, 0x00, 0x00, 0x00, 0x6c, 0x04, 0x00, 0x00, 0x6e, 0x04, 0x00, 0x00, 0x6d, 0x04, 0x00, 0x00,
    0xa9, 0x00, 0x06, 0x00, 0x0f, 0x00, 0x00, 0x00, 0x72, 0x04, 0x00, 0x00, 0x6a, 0x04, 0x00, 0x00,
    0x12, 0x00, 0x00, 0x00, 0xa6, 0x00, 0x00, 0x00, 0xf9, 0x00, 0x02, 0x00, 0x68, 0x04, 0x00, 0x00,
    0xf8, 0x00, 0x02, 0x00, 0x68, 0x04, 0x00, 0x00, 0xf5, 0x00, 0x07, 0x00, 0x0f, 0x00, 0x00, 0x00,
    0x73, 0x04, 0x00, 0x00, 0x3f, 0x04, 0x00, 0x00, 0x64, 0x04, 0x00, 0x00, 0x72, 0x04, 0x00, 0x00,
    0x6b, 0x04, 0x00, 0x00, 0xf5, 0x00, 0x07, 0x00, 0x11, 0x00, 0x00, 0x00, 0x74, 0x04, 0x00, 0x00,
    0x51, 0x04, 0x00, 0x00, 0x64, 0x04, 0x00, 0x00, 0x70, 0x04, 0x00, 0x00, 0x6b, 0x04, 0x00, 0x00,
    0xf5, 0x00, 0x07, 0x00, 0x11, 0x00, 0x00, 0x00, 0x75, 0x04, 0x00, 0x00, 0x4d, 0x04, 0x00, 0x00,
    0x64, 0x04, 0x00, 0x00, 0x71, 0x04, 0x00, 0x00, 0x6b, 0x04, 0x00, 0x00, 0x7c, 0x00, 0x04, 0x00,
    0x11, 0x00, 0x00, 0x00, 0x76, 0x04, 0x00, 0x00, 0x1f, 0x04, 0x00, 0x00, 0x80, 0x00, 0x05, 0x00,
    0x11, 0x00, 0x00, 0x00, 0x77, 0x04, 0x00, 0x00, 0x76, 0x04, 0x00, 0x00, 0x63, 0x04, 0x00, 0x00,
    0x7c, 0x00, 0x04, 0x00, 0x11, 0x00, 0x00, 0x00, 0x78, 0x04, 0x00, 0x00, 0x1e, 0x04, 0x00, 0x00,
    0x80, 0x00, 0x05, 0x00, 0x11, 0x00, 0x00, 0x00, 0x79, 0x04, 0x00, 0x00, 0x78, 0x04, 0x00, 0x00,
    0x75, 0x04, 0x00, 0x00, 0xaf, 0x00, 0x05, 0x00, 0x9e, 0x00, 0x00, 0x00, 0x7a, 0x04, 0x00, 0x00,
    0x77, 0x04, 0x00, 0x00, 0xbd, 0x00, 0x00, 0x00, 0xf7, 0x00, 0x03, 0x00, 0x7b, 0x04, 0x00, 0x00,
    0x00, 0x00, 0x00, 0x00, 0xfa, 0x00, 0x04, 0x00, 0x7a, 0x04, 0x00, 0x00, 0x7c, 0x04, 0x00, 0x00,
    0x7b, 0x04, 0x00, 0x00, 0xf8, 0x00, 0x02, 0x00, 0x7c, 0x04, 0x00, 0x00, 0x82, 0x00, 0x05, 0x00,
    0x11, 0x00, 0x00, 0x00, 0x7d, 0x04, 0x00, 0x00, 0x77, 0x04, 0x00, 0x00, 0xbd, 0x00, 0x00, 0x00,
    0xc6, 0x00, 0x05, 0x00, 0x11, 0x00, 0x00, 0x00, 0x7e, 0x04, 0x00, 0x00, 0x79, 0x04, 0x00, 0x00,
    0xbd, 0x00, 0x00, 0x00, 0xf9, 0x00, 0x02, 0x00, 0x7b, 0x04, 0x00, 0x00, 0xf8, 0x00, 0x02, 0x00,
    0x7b, 0x04, 0x00, 0x00, 0xf5, 0x00, 0x07, 0x00, 0x11, 0x00, 0x00, 0x00, 0x7f, 0x04, 0x00, 0x00,
    0x77, 0x04, 0x00, 0x00, 0x68, 0x04, 0x00, 0x00, 0x7d, 0x04, 0x00, 0x00, 0x7c, 0x04, 0x00, 0x00,
    0xf5, 0x00, 0x07, 0x00, 0x11, 0x00, 0x00, 0x00, 0x80, 0x04, 0x00, 0x00, 0x79, 0x04, 0x00, 0x00,
    0x68, 0x04, 0x00, 0x00, 0x7e, 0x04, 0x00, 0x00, 0x7c, 0x04, 0x00, 0x00, 0x87, 0x00, 0x05, 0x00,
    0x11, 0x00, 0x00, 0x00, 0x81, 0x04, 0x00, 0x00, 0x80, 0x04, 0x00, 0x00, 0x97, 0x00, 0x00, 0x00,
    0x84, 0x00, 0x05, 0x00, 0x11, 0x00, 0x00, 0x00, 0x82, 0x04, 0x00, 0x00, 0x81, 0x04, 0x00, 0x00,
    0xbe, 0x00, 0x00, 0x00, 0x87, 0x00, 0x05, 0x00, 0x11, 0x00, 0x00, 0x00, 0x83, 0x04, 0x00, 0x00,
    0x7f, 0x04, 0x00, 0x00, 0x97, 0x00, 0x00, 0x00, 0x80, 0x00, 0x05, 0x00, 0x11, 0x00, 0x00, 0x00,
    0x84, 0x04, 0x00, 0x00, 0x82, 0x04, 0x00, 0x00, 0x83, 0x04, 0x00, 0x00, 0x7c, 0x00, 0x04, 0x00,
    0x0f, 0x00, 0x00, 0x00, 0x85, 0x04, 0x00, 0x00, 0x84, 0x04, 0x00, 0x00, 0x84, 0x00, 0x05, 0x00,
    0x0f, 0x00, 0x00, 0x00, 0x86, 0x04, 0x00, 0x00, 0x1d, 0x04, 0x00, 0x00, 0xbf, 0x00, 0x00, 0x00,
    0xc2, 0x00, 0x05, 0x00, 0x0f, 0x00, 0x00, 0x00, 0x87, 0x04, 0x00, 0x00, 0x85, 0x04, 0x00, 0x00,
    0x94, 0x00, 0x00, 0x00, 0xc7, 0x00, 0x05, 0x00, 0x0f, 0x00, 0x00, 0x00, 0x88, 0x04, 0x00, 0x00,
    0x87, 0x04, 0x00, 0x00, 0xc0, 0x00, 0x00, 0x00, 0x80, 0x00, 0x05, 0x00, 0x0f, 0x00, 0x00, 0x00,
    0x89, 0x04, 0x00, 0x00, 0x86, 0x04, 0x00, 0x00, 0x88, 0x04, 0x00, 0x00, 0x41, 0x00, 0x06, 0x00,
    0xd1, 0x00, 0x00, 0x00, 0x8a, 0x04, 0x00, 0x00, 0x0a, 0x00, 0x00, 0x00, 0x92, 0x00, 0x00, 0x00,
    0x89, 0x04, 0x00, 0x00, 0x3d, 0x00, 0x04, 0x00, 0x0f, 0x00, 0x00, 0x00, 0x8b, 0x04, 0x00, 0x00,
    0x8a, 0x04, 0x00, 0x00, 0xc7, 0x00, 0x05, 0x00, 0x0f, 0x00, 0x00, 0x00, 0x8c, 0x04, 0x00, 0x00,
    0x85, 0x04, 0x00, 0x00, 0x94, 0x00, 0x00, 0x00, 0xab, 0x00, 0x05, 0x00, 0x9e, 0x00, 0x00, 0x00,
    0x8d, 0x04, 0x00, 0x00, 0x8c, 0x04, 0x00, 0x00, 0x12, 0x00, 0x00, 0x00, 0xf7, 0x00, 0x03, 0x00,
    0x8e, 0x04, 0x00, 0x00, 0x00, 0x00, 0x00, 0x00, 0xfa, 0x00, 0x04, 0x00, 0x8d, 0x04, 0x00, 0x00,
    0x8f, 0x04, 0x00, 0x00, 0x8e, 0x04, 0x00, 0x00, 0xf8, 0x00, 0x02, 0x00, 0x8f, 0x04, 0x00, 0x00,
    0xc2, 0x00, 0x05, 0x00, 0x0f, 0x00, 0x00, 0x00, 0x90, 0x04, 0x00, 0x00, 0x8b, 0x04, 0x00, 0x00,
    0x10, 0x00, 0x00, 0x00, 0xf9, 0x00, 0x02, 0x00, 0x8e, 0x04, 0x00, 0x00, 0xf8, 0x00, 0x02, 0x00,
    0x8e, 0x04, 0x00, 0x00, 0xf5, 0x00, 0x07, 0x00, 0x0f, 0x00, 0x00, 0x00, 0x91, 0x04, 0x00, 0x00,
    0x8b, 0x04, 0x00, 0x00, 0x7b, 0x04, 0x00, 0x00, 0x90, 0x04, 0x00, 0x00, 0x8f, 0x04, 0x00, 0x00,
    0xc7, 0x00, 0x05, 0x00, 0x11, 0x00, 0x00, 0x00, 0x92, 0x04, 0x00, 0x00, 0x75, 0x04, 0x00, 0x00,
    0x95, 0x00, 0x00, 0x00, 0xaa, 0x00, 0x05, 0x00, 0x9e, 0x00, 0x00, 0x00, 0x93, 0x04, 0x00, 0x00,
    0x92, 0x04, 0x00, 0x00, 0x92, 0x00, 0x00, 0x00, 0xf7, 0x00, 0x03, 0x00, 0x94, 0x04, 0x00, 0x00,
    0x00, 0x00, 0x00, 0x00, 0xfa, 0x00, 0x04, 0x00, 0x93, 0x04, 0x00, 0x00, 0x95, 0x04, 0x00, 0x00,
    0x94, 0x04, 0x00, 0x00, 0xf8, 0x00, 0x02, 0x00, 0x95, 0x04, 0x00, 0x00, 0xc2, 0x00, 0x05, 0x00,
    0x0f, 0x00, 0x00, 0x00, 0x96, 0x04, 0x00, 0x00, 0x91, 0x04, 0x00, 0x00, 0x15, 0x00, 0x00, 0x00,
    0xf9, 0x00, 0x02, 0x00, 0x94, 0x04, 0x00, 0x00, 0xf8, 0x00, 0x02, 0x00, 0x94, 0x04, 0x00, 0x00,
    0xf5, 0x00, 0x07, 0x00, 0x0f, 0x00, 0x00, 0x00, 0x97, 0x04, 0x00, 0x00, 0x91, 0x04, 0x00, 0x00,
    0x8e, 0x04, 0x00, 0x00, 0x96, 0x04, 0x00, 0x00, 0x95, 0x04, 0x00, 0x00, 0xc7, 0x00, 0x05, 0x00,
    0x11, 0x00, 0x00, 0x00, 0x98, 0x04, 0x00, 0x00, 0x63, 0x04, 0x00, 0x00, 0x95, 0x00, 0x00, 0x00,
    0xaa, 0x00, 0x05, 0x00, 0x9e, 0x00, 0x00, 0x00, 0x99, 0x04, 0x00, 0x00, 0x98, 0x04, 0x00, 0x00,
    0x92, 0x00, 0x00, 0x00, 0xf7, 0x00, 0x03, 0x00, 0x9a, 0x04, 0x00, 0x00, 0x00, 0x00, 0x00, 0x00,
    0xfa, 0x00, 0x04, 0x00, 0x99, 0x04, 0x00, 0x00, 0x9b, 0x04, 0x00, 0x00, 0x9a, 0x04, 0x00, 0x00,
    0xf8, 0x00, 0x02, 0x00, 0x9b, 0x04, 0x00, 0x00, 0xc2, 0x00, 0x05, 0x00, 0x0f, 0x00, 0x00, 0x00,
    0x9c, 0x04, 0x00, 0x00, 0x97, 0x04, 0x00, 0x00, 0xb9, 0x00, 0x00, 0x00, 0xf9, 0x00, 0x02, 0x00,
    0x9a, 0x04, 0x00, 0x00, 0xf8, 0x00, 0x02, 0x00, 0x9a, 0x04, 0x00, 0x00, 0xf5, 0x00, 0x07, 0x00,
    0x0f, 0x00, 0x00, 0x00, 0x9d, 0x04, 0x00, 0x00, 0x97, 0x04, 0x00, 0x00, 0x94, 0x04, 0x00, 0x00,
    0x9c, 0x04, 0x00, 0x00, 0x9b, 0x04, 0x00, 0x00, 0xc7, 0x00, 0x05, 0x00, 0x0f, 0x00, 0x00, 0x00,
    0x9e, 0x04, 0x00, 0x00, 0x9d, 0x04, 0x00, 0x00, 0xc1, 0x00, 0x00, 0x00, 0xc4, 0x00, 0x05, 0x00,
    0x0f, 0x00, 0x00, 0x00, 0x9f, 0x04, 0x00, 0x00, 0x9e, 0x04, 0x00, 0x00, 0xb9, 0x00, 0x00, 0x00,
    0x80, 0x00, 0x05, 0x00, 0x11, 0x00, 0x00, 0x00, 0xa0, 0x04, 0x00, 0x00, 0x76, 0x04, 0x00, 0x00,
    0x62, 0x04, 0x00, 0x00, 0xaf, 0x00, 0x05, 0x00, 0x9e, 0x00, 0x00, 0x00, 0xa1, 0x04, 0x00, 0x00,
    0xa0, 0x04, 0x00, 0x00, 0xbd, 0x00, 0x00, 0x00, 0xf7, 0x00, 0x03, 0x00, 0xa2, 0x04, 0x00, 0x00,
    0x00, 0x00, 0x00, 0x00, 0xfa, 0x00, 0x04, 0x00, 0xa1, 0x04, 0x00, 0x00, 0xa3, 0x04, 0x00, 0x00,
    0xa2, 0x04, 0x00, 0x00, 0xf8, 0x00, 0x02, 0x00, 0xa3, 0x04, 0x00, 0x00, 0x82, 0x00, 0x05, 0x00,
    0x11, 0x00, 0x00, 0x00, 0xa4, 0x04, 0x00, 0x00, 0xa0, 0x04, 0x00, 0x00, 0xbd, 0x00, 0x00, 0x00,
    0xc6, 0x00, 0x05, 0x00, 0x11, 0x00, 0x00, 0x00, 0xa5, 0x04, 0x00, 0x00, 0x79, 0x04, 0x00, 0x00,
    0xbd, 0x00, 0x00, 0x00, 0xf9, 0x00, 0x02, 0x00, 0xa2, 0x04, 0x00, 0x00, 0xf8, 0x00, 0x02, 0x00,
    0xa2, 0x04, 0x00, 0x00, 0xf5, 0x00, 0x07, 0x00, 0x11, 0x00, 0x00, 0x00, 0xa6, 0x04, 0x00, 0x00,
    0xa0, 0x04, 0x00, 0x00, 0x9a, 0x04, 0x00, 0x00, 0xa4, 0x04, 0x00, 0x00, 0xa3, 0x04, 0x00, 0x00,
    0xf5, 0x00, 0x07, 0x00, 0x11, 0x00, 0x00, 0x00, 0xa7, 0x04, 0x00, 0x00, 0x79, 0x04, 0x00, 0x00,
    0x9a, 0x04, 0x00, 0x00, 0xa5, 0x04, 0x00, 0x00, 0xa3, 0x04, 0x00, 0x00, 0x87, 0x00, 0x05, 0x00,
    0x11, 0x00, 0x00, 0x00, 0xa8, 0x04, 0x00, 0x00, 0xa7, 0x04, 0x00, 0x00, 0x97, 0x00, 0x00, 0x00,
    0x84, 0x00, 0x05, 0x00, 0x11, 0x00, 0x00, 0x00, 0xa9, 0x04, 0x00, 0x00, 0xa8, 0x04, 0x00, 0x00,
    0xbe, 0x00, 0x00, 0x00, 0x87, 0x00, 0x05, 0x00, 0x11, 0x00, 0x00, 0x00, 0xaa, 0x04, 0x00, 0x00,
    0xa6, 0x04, 0x00, 0x00, 0x97, 0x00, 0x00, 0x00, 0x80, 0x00, 0x05, 0x00, 0x11, 0x00, 0x00, 0x00,
    0xab, 0x04, 0x00, 0x00, 0xa9, 0x04, 0x00, 0x00, 0xaa, 0x04, 0x00, 0x00, 0x7c, 0x00, 0x04, 0x00,
    0x0f, 0x00, 0x00, 0x00, 0xac, 0x04, 0x00, 0x00, 0xab, 0x04, 0x00, 0x00, 0xc2, 0x00, 0x05, 0x00,
    0x0f, 0x00, 0x00, 0x00, 0xad, 0x04, 0x00, 0x00, 0xac, 0x04, 0x00, 0x00, 0x94, 0x00, 0x00, 0x00,
    0xc7, 0x00, 0x05, 0x00, 0x0f, 0x00, 0x00, 0x00, 0xae, 0x04, 0x00, 0x00, 0xad, 0x04, 0x00, 0x00,
    0xc0, 0x00, 0x00, 0x00, 0x80, 0x00, 0x05, 0x00, 0x0f, 0x00, 0x00, 0x00, 0xaf, 0x04, 0x00, 0x00,
    0x86, 0x04, 0x00, 0x00, 0xae, 0x04, 0x00, 0x00, 0x41, 0x00, 0x06, 0x00, 0xd1, 0x00, 0x00, 0x00,
    0xb0, 0x04, 0x00, 0x00, 0x0a, 0x00, 0x00, 0x00, 0x92, 0x00, 0x00, 0x00, 0xaf, 0x04, 0x00, 0x00,
    0x3d, 0x00, 0x04, 0x00, 0x0f, 0x00, 0x00, 0x00, 0xb1, 0x04, 0x00, 0x00, 0xb0, 0x04, 0x00, 0x00,
    0xc7, 0x00, 0x05, 0x00, 0x0f, 0x00, 0x00, 0x00, 0xb2, 0x04, 0x00, 0x00, 0xac, 0x04, 0x00, 0x00,
    0x94, 0x00, 0x00, 0x00, 0xab, 0x00, 0x05, 0x00, 0x9e, 0x00, 0x00, 0x00, 0xb3, 0x04, 0x00, 0x00,
    0xb2, 0x04, 0x00, 0x00, 0x12, 0x00, 0x00, 0x00, 0xf7, 0x00, 0x03, 0x00, 0xb4, 0x04, 0x00, 0x00,
    0x00, 0x00, 0x00, 0x00, 0xfa, 0x00, 0x04, 0x00, 0xb3, 0x04, 0x00, 0x00, 0xb5, 0x04, 0x00, 0x00,
    0xb4, 0x04, 0x00, 0x00, 0xf8, 0x00, 0x02, 0x00, 0xb5, 0x04, 0x00, 0x00, 0xc2, 0x00, 0x05, 0x00,
    0x0f, 0x00, 0x00, 0x00, 0xb6, 0x04, 0x00, 0x00, 0xb1, 0x04, 0x00, 0x00, 0x10, 0x00, 0x00, 0x00,
    0xf9, 0x00, 0x02, 0x00, 0xb4, 0x04, 0x00, 0x00, 0xf8, 0x00, 0x02, 0x00, 0xb4, 0x04, 0x00, 0x00,
    0xf5, 0x00, 0x07, 0x00, 0x0f, 0x00, 0x00, 0x00, 0xb7, 0x04, 0x00, 0x00, 0xb1, 0x04, 0x00, 0x00,
    0xa2, 0x04, 0x00, 0x00, 0xb6, 0x04, 0x00, 0x00, 0xb5, 0x04, 0x00, 0x00, 0xf7, 0x00, 0x03, 0x00,
    0xb8, 0x04, 0x00, 0x00, 0x00, 0x00, 0x00, 0x00, 0xfa, 0x00, 0x04, 0x00, 0x93, 0x04, 0x00, 0x00,
    0xb9, 0x04, 0x00, 0x00, 0xb8, 0x04, 0x00, 0x00, 0xf8, 0x00, 0x02, 0x00, 0xb9, 0x04, 0x00, 0x00,
    0xc2, 0x00, 0x05, 0x00, 0x0f, 0x00, 0x00, 0x00, 0xba, 0x04, 0x00, 0x00, 0xb7, 0x04, 0x00, 0x00,
    0x15, 0x00, 0x00, 0x00, 0xf9, 0x00, 0x02, 0x00, 0xb8, 0x04, 0x00, 0x00, 0xf8, 0x00, 0x02, 0x00,
    0xb8, 0x04, 0x00, 0x00, 0xf5, 0x00, 0x07, 0x00, 0x0f, 0x00, 0x00, 0x00, 0xbb, 0x04, 0x00, 0x00,
    0xb7, 0x04, 0x00, 0x00, 0xb4, 0x04, 0x00, 0x00, 0xba, 0x04, 0x00, 0x00, 0xb9, 0x04, 0x00, 0x00,
    0xc7, 0x00, 0x05, 0x00, 0x11, 0x00, 0x00, 0x00, 0xbc, 0x04, 0x00, 0x00, 0x62, 0x04, 0x00, 0x00,
    0x95, 0x00, 0x00, 0x00, 0xaa, 0x00, 0x05, 0x00, 0x9e, 0x00, 0x00, 0x00, 0xbd, 0x04, 0x00, 0x00,
    0xbc, 0x04, 0x00, 0x00, 0x92, 0x00, 0x00, 0x00, 0xf7, 0x00, 0x03, 0x00, 0xbe, 0x04, 0x00, 0x00,
    0x00, 0x00, 0x00, 0x00, 0xfa, 0x00, 0x04, 0x00, 0xbd, 0x04, 0x00, 0x00, 0xbf, 0x04, 0x00, 0x00,
    0xbe, 0x04, 0x00, 0x00, 0xf8, 0x00, 0x02, 0x00, 0xbf, 0x04, 0x00, 0x00, 0xc2, 0x00, 0x05, 0x00,
    0x0f, 0x00, 0x00, 0x00, 0xc0, 0x04, 0x00, 0x00, 0xbb, 0x04, 0x00, 0x00, 0xb9, 0x00, 0x00, 0x00,
    0xf9, 0x00, 0x02, 0x00, 0xbe, 0x04, 0x00, 0x00, 0xf8, 0x00, 0x02, 0x00, 0xbe, 0x04, 0x00, 0x00,
    0xf5, 0x00, 0x07, 0x00, 0x0f, 0x00, 0x00, 0x00, 0xc1, 0x04, 0x00, 0x00, 0xbb, 0x04, 0x00, 0x00,
    0xb8, 0x04, 0x00, 0x00, 0xc0, 0x04, 0x00, 0x00, 0xbf, 0x04, 0x00, 0x00, 0xc7, 0x00, 0x05, 0x00,
    0x0f, 0x00, 0x00, 0x00, 0xc2, 0x04, 0x00, 0x00, 0xc1, 0x04, 0x00, 0x00, 0xc1, 0x00, 0x00, 0x00,
    0xc4, 0x00, 0x05, 0x00, 0x0f, 0x00, 0x00, 0x00, 0xc3, 0x04, 0x00, 0x00, 0xc2, 0x04, 0x00, 0x00,
    0xb9, 0x00, 0x00, 0x00, 0x80, 0x00, 0x05, 0x00, 0x11, 0x00, 0x00, 0x00, 0xc4, 0x04, 0x00, 0x00,
    0x78, 0x04, 0x00, 0x00, 0x74, 0x04, 0x00, 0x00, 0xf7, 0x00, 0x03, 0x00, 0xc5, 0x04, 0x00, 0x00,
    0x00, 0x00, 0x00, 0x00, 0xfa, 0x00, 0x04, 0x00, 0x7a, 0x04, 0x00, 0x00, 0xc6, 0x04, 0x00, 0x00,
    0xc5, 0x04, 0x00, 0x00, 0xf8, 0x00, 0x02, 0x00, 0xc6, 0x04, 0x00, 0x00, 0x82, 0x00, 0x05, 0x00,
    0x11, 0x00, 0x00, 0x00, 0xc7, 0x04, 0x00, 0x00, 0x77, 0x04, 0x00, 0x00, 0xbd, 0x00, 0x00, 0x00,
    0xc6, 0x00, 0x05, 0x00, 0x11, 0x00, 0x00, 0x00, 0xc8, 0x04, 0x00, 0x00, 0xc4, 0x04, 0x00, 0x00,
    0xbd, 0x00, 0x00, 0x00, 0xf9, 0x00, 0x02, 0x00, 0xc5, 0x04, 0x00, 0x00, 0xf8, 0x00, 0x02, 0x00,
    0xc5, 0x04, 0x00, 0x00, 0xf5, 0x00, 0x07, 0x00, 0x11, 0x00, 0x00, 0x00, 0xc9, 0x04, 0x00, 0x00,
    0x77, 0x04, 0x00, 0x00, 0xbe, 0x04, 0x00, 0x00, 0xc7, 0x04, 0x00, 0x00, 0xc6, 0x04, 0x00, 0x00,
    0xf5, 0x00, 0x07, 0x00, 0x11, 0x00, 0x00, 0x00, 0xca, 0x04, 0x00, 0x00, 0xc4, 0x04, 0x00, 0x00,
    0xbe, 0x04, 0x00, 0x00, 0xc8, 0x04, 0x00, 0x00, 0xc6, 0x04, 0x00, 0x00, 0x87, 0x00, 0x05, 0x00,
    0x11, 0x00, 0x00, 0x00, 0xcb, 0x04, 0x00, 0x00, 0xca, 0x04, 0x00, 0x00, 0x97, 0x00, 0x00, 0x00,
    0x84, 0x00, 0x05, 0x00, 0x11, 0x00, 0x00, 0x00, 0xcc, 0x04, 0x00, 0x00, 0xcb, 0x04, 0x00, 0x00,
    0xbe, 0x00, 0x00, 0x00, 0x87, 0x00, 0x05, 0x00, 0x11, 0x00, 0x00, 0x00, 0xcd, 0x04, 0x00, 0x00,
    0xc9, 0x04, 0x00, 0x00, 0x97, 0x00, 0x00, 0x00, 0x80, 0x00, 0x05, 0x00, 0x11, 0x00, 0x00, 0x00,
    0xce, 0x04, 0x00, 0x00, 0xcc, 0x04, 0x00, 0x00, 0xcd, 0x04, 0x00, 0x00, 0x7c, 0x00, 0x04, 0x00,
    0x0f, 0x00, 0x00, 0x00, 0xcf, 0x04, 0x00, 0x00, 0xce, 0x04, 0x00, 0x00, 0xc2, 0x00, 0x05, 0x00,
    0x0f, 0x00, 0x00, 0x00, 0xd0, 0x04, 0x00, 0x00, 0xcf, 0x04, 0x00, 0x00, 0x94, 0x00, 0x00, 0x00,
    0xc7, 0x00, 0x05, 0x00, 0x0f, 0x00, 0x00, 0x00, 0xd1, 0x04, 0x00, 0x00, 0xd0, 0x04, 0x00, 0x00,
    0xc0, 0x00, 0x00, 0x00, 0x80, 0x00, 0x05, 0x00, 0x0f, 0x00, 0x00, 0x00, 0xd2, 0x04, 0x00, 0x00,
    0x86, 0x04, 0x00, 0x00, 0xd1, 0x04, 0x00, 0x00, 0x41, 0x00, 0x06, 0x00, 0xd1, 0x00, 0x00, 0x00,
    0xd3, 0x04, 0x00, 0x00, 0x0a, 0x00, 0x00, 0x00, 0x92, 0x00, 0x00, 0x00, 0xd2, 0x04, 0x00, 0x00,
    0x3d, 0x00, 0x04, 0x00, 0x0f, 0x00, 0x00, 0x00, 0xd4, 0x04, 0x00, 0x00, 0xd3, 0x04, 0x00, 0x00,
    0xc7, 0x00, 0x05, 0x00, 0x0f, 0x00, 0x00, 0x00, 0xd5, 0x04, 0x00, 0x00, 0xcf, 0x04, 0x00, 0x00,
    0x94, 0x00, 0x00, 0x00, 0xab, 0x00, 0x05, 0x00, 0x9e, 0x00, 0x00, 0x00, 0xd6, 0x04, 0x00, 0x00,
    0xd5, 0x04, 0x00, 0x00, 0x12, 0x00, 0x00, 0x00, 0xf7, 0x00, 0x03, 0x00, 0xd7, 0x04, 0x00, 0x00,
    0x00, 0x00, 0x00, 0x00, 0xfa, 0x00, 0x04, 0x00, 0xd6, 0x04, 0x00, 0x00, 0xd8, 0x04, 0x00, 0x00,
    0xd7, 0x04, 0x00, 0x00, 0xf8, 0x00, 0x02, 0x00, 0xd8, 0x04, 0x00, 0x00, 0xc2, 0x00, 0x05, 0x00,
    0x0f, 0x00, 0x00, 0x00, 0xd9, 0x04, 0x00, 0x00, 0xd4, 0x04, 0x00, 0x00, 0x10, 0x00, 0x00, 0x00,
    0xf9, 0x00, 0x02, 0x00, 0xd7, 0x04, 0x00, 0x00, 0xf8, 0x00, 0x02, 0x00, 0xd7, 0x04, 0x00, 0x00,
    0xf5, 0x00, 0x07, 0x00, 0x0f, 0x00, 0x00, 0x00, 0xda, 0x04, 0x00, 0x00, 0xd4, 0x04, 0x00, 0x00,
    0xc5, 0x04, 0x00, 0x00, 0xd9, 0x04, 0x00, 0x00, 0xd8, 0x04, 0x00, 0x00, 0xc7, 0x00, 0x05, 0x00,
    0x11, 0x00, 0x00, 0x00, 0xdb, 0x04, 0x00, 0x00, 0x74, 0x04, 0x00, 0x00, 0x95, 0x00, 0x00, 0x00,
    0xaa, 0x00, 0x05, 0x00, 0x9e, 0x00, 0x00, 0x00, 0xdc, 0x04, 0x00, 0x00, 0xdb, 0x04, 0x00, 0x00,
    0x92, 0x00, 0x00, 0x00, 0xf7, 0x00, 0x03, 0x00, 0xdd, 0x04, 0x00, 0x00, 0x00, 0x00, 0x00, 0x00,
    0xfa, 0x00, 0x04, 0x00, 0xdc, 0x04, 0x00, 0x00, 0xde, 0x04, 0x00, 0x00, 0xdd, 0x04, 0x00, 0x00,
    0xf8, 0x00, 0x02, 0x00, 0xde, 0x04, 0x00, 0x00, 0xc2, 0x00, 0x05, 0x00, 0x0f, 0x00, 0x00, 0x00,
    0xdf, 0x04, 0x00, 0x00, 0xda, 0x04, 0x00, 0x00, 0x15, 0x00, 0x00, 0x00, 0xf9, 0x00, 0x02, 0x00,
    0xdd, 0x04, 0x00, 0x00, 0xf8, 0x00, 0x02, 0x00, 0xdd, 0x04, 0x00, 0x00, 0xf5, 0x00, 0x07, 0x00,
    0x0f, 0x00, 0x00, 0x00, 0xe0, 0x04, 0x00, 0x00, 0xda, 0x04, 0x00, 0x00, 0xd7, 0x04, 0x00, 0x00,
    0xdf, 0x04, 0x00, 0x00, 0xde, 0x04, 0x00, 0x00, 0xf7, 0x00, 0x03, 0x00, 0xe1, 0x04, 0x00, 0x00,
    0x00, 0x00, 0x00, 0x00, 0xfa, 0x00, 0x04, 0x00, 0x99, 0x04, 0x00, 0x00, 0xe2, 0x04, 0x00, 0x00,
    0xe1, 0x04, 0x00, 0x00, 0xf8, 0x00, 0x02, 0x00, 0xe2, 0x04, 0x00, 0x00, 0xc2, 0x00, 0x05, 0x00,
    0x0f, 0x00, 0x00, 0x00, 0xe3, 0x04, 0x00, 0x00, 0xe0, 0x04, 0x00, 0x00, 0xb9, 0x00, 0x00, 0x00,
    0xf9, 0x00, 0x02, 0x00, 0xe1, 0x04, 0x00, 0x00, 0xf8, 0x00, 0x02, 0x00, 0xe1, 0x04, 0x00, 0x00,
    0xf5, 0x00, 0x07, 0x00, 0x0f, 0x00, 0x00, 0x00, 0xe4, 0x04, 0x00, 0x00, 0xe0, 0x04, 0x00, 0x00,
    0xdd, 0x04, 0x00, 0x00, 0xe3, 0x04, 0x00, 0x00, 0xe2, 0x04, 0x00, 0x00, 0xc7, 0x00, 0x05, 0x00,
    0x0f, 0x00, 0x00, 0x00, 0xe5, 0x04, 0x00, 0x00, 0xe4, 0x04, 0x00, 0x00, 0xc1, 0x00, 0x00, 0x00,
    0xc4, 0x00, 0x05, 0x00, 0x0f, 0x00, 0x00, 0x00, 0xe6, 0x04, 0x00, 0x00, 0xe5, 0x04, 0x00, 0x00,
    0xb9, 0x00, 0x00, 0x00, 0xf7, 0x00, 0x03, 0x00, 0xe7, 0x04, 0x00, 0x00, 0x00, 0x00, 0x00, 0x00,
    0xfa, 0x00, 0x04, 0x00, 0xa1, 0x04, 0x00, 0x00, 0xe8, 0x04, 0x00, 0x00, 0xe7, 0x04, 0x00, 0x00,
    0xf8, 0x00, 0x02, 0x00, 0xe8, 0x04, 0x00, 0x00, 0x82, 0x00, 0x05, 0x00, 0x11, 0x00, 0x00, 0x00,
    0xe9, 0x04, 0x00, 0x00, 0xa0, 0x04, 0x00, 0x00, 0xbd, 0x00, 0x00, 0x00, 0xc6, 0x00, 0x05, 0x00,
    0x11, 0x00, 0x00, 0x00, 0xea, 0x04, 0x00, 0x00, 0xc4, 0x04, 0x00, 0x00, 0xbd, 0x00, 0x00, 0x00,
    0xf9, 0x00, 0x02, 0x00, 0xe7, 0x04, 0x00, 0x00, 0xf8, 0x00, 0x02, 0x00, 0xe7, 0x04, 0x00, 0x00,
    0xf5, 0x00, 0x07, 0x00, 0x11, 0x00, 0x00, 0x00, 0xeb, 0x04, 0x00, 0x00, 0xa0, 0x04, 0x00, 0x00,
    0xe1, 0x04, 0x00, 0x00, 0xe9, 0x04, 0x00, 0x00, 0xe8, 0x04, 0x00, 0x00, 0xf5, 0x00, 0x07, 0x00,
    0x11, 0x00, 0x00, 0x00, 0xec, 0x04, 0x00, 0x00, 0xc4, 0x04, 0x00, 0x00, 0xe1, 0x04, 0x00, 0x00,
    0xea, 0x04, 0x00, 0x00, 0xe8, 0x04, 0x00, 0x00, 0x87, 0x00, 0x05, 0x00, 0x11, 0x00, 0x00, 0x00,
    0xed, 0x04, 0x00, 0x00, 0xec, 0x04, 0x00, 0x00, 0x97, 0x00, 0x00, 0x00, 0x84, 0x00, 0x05, 0x00,
    0x11, 0x00, 0x00, 0x00, 0xee, 0x04, 0x00, 0x00, 0xed, 0x04, 0x00, 0x00, 0xbe, 0x00, 0x00, 0x00,
    0x87, 0x00, 0x05, 0x00, 0x11, 0x00, 0x00, 0x00, 0xef, 0x04, 0x00, 0x00, 0xeb, 0x04, 0x00, 0x00,
    0x97, 0x00, 0x00, 0x00, 0x80, 0x00, 0x05, 0x00, 0x11, 0x00, 0x00, 0x00, 0xf0, 0x04, 0x00, 0x00,
    0xee, 0x04, 0x00, 0x00, 0xef, 0x04, 0x00, 0x00, 0x7c, 0x00, 0x04, 0x00, 0x0f, 0x00, 0x00, 0x00,
    0xf1, 0x04, 0x00, 0x00, 0xf0, 0x04, 0x00, 0x00, 0xc2, 0x00, 0x05, 0x00, 0x0f, 0x00, 0x00, 0x00,
    0xf2, 0x04, 0x00, 0x00, 0xf1, 0x04, 0x00, 0x00, 0x94, 0x00, 0x00, 0x00, 0xc7, 0x00, 0x05, 0x00,
    0x0f, 0x00, 0x00, 0x00, 0xf3, 0x04, 0x00, 0x00, 0xf2, 0x04, 0x00, 0x00, 0xc0, 0x00, 0x00, 0x00,
    0x80, 0x00, 0x05, 0x00, 0x0f, 0x00, 0x00, 0x00, 0xf4, 0x04, 0x00, 0x00, 0x86, 0x04, 0x00, 0x00,
    0xf3, 0x04, 0x00, 0x00, 0x41, 0x00, 0x06, 0x00, 0xd1, 0x00, 0x00, 0x00, 0xf5, 0x04, 0x00, 0x00,
    0x0a, 0x00, 0x00, 0x00, 0x92, 0x00, 0x00, 0x00, 0xf4, 0x04, 0x00, 0x00, 0x3d, 0x00, 0x04, 0x00,
    0x0f, 0x00, 0x00, 0x00, 0xf6, 0x04, 0x00, 0x00, 0xf5, 0x04, 0x00, 0x00, 0xc7, 0x00, 0x05, 0x00,
    0x0f, 0x00, 0x00, 0x00, 0xf7, 0x04, 0x00, 0x00, 0xf1, 0x04, 0x00, 0x00, 0x94, 0x00, 0x00, 0x00,
    0xab, 0x00, 0x05, 0x00, 0x9e, 0x00, 0x00, 0x00, 0xf8, 0x04, 0x00, 0x00, 0xf7, 0x04, 0x00, 0x00,
    0x12, 0x00, 0x00, 0x00, 0xf7, 0x00, 0x03, 0x00, 0xf9, 0x04, 0x00, 0x00, 0x00, 0x00, 0x00, 0x00,
    0xfa, 0x00, 0x04, 0x00, 0xf8, 0x04, 0x00, 0x00, 0xfa, 0x04, 0x00, 0x00, 0xf9, 0x04, 0x00, 0x00,
    0xf8, 0x00, 0x02, 0x00, 0xfa, 0x04, 0x00, 0x00, 0xc2, 0x00, 0x05, 0x00, 0x0f, 0x00, 0x00, 0x00,
    0xfb, 0x04, 0x00, 0x00, 0xf6, 0x04, 0x00, 0x00, 0x10, 0x00, 0x00, 0x00, 0xf9, 0x00, 0x02, 0x00,
    0xf9, 0x04, 0x00, 0x00, 0xf8, 0x00, 0x02, 0x00, 0xf9, 0x04, 0x00, 0x00, 0xf5, 0x00, 0x07, 0x00,
    0x0f, 0x00, 0x00, 0x00, 0xfc, 0x04, 0x00, 0x00, 0xf6, 0x04, 0x00, 0x00, 0xe7, 0x04, 0x00, 0x00,
    0xfb, 0x04, 0x00, 0x00, 0xfa, 0x04, 0x00, 0x00, 0xf7, 0x00, 0x03, 0x00, 0xfd, 0x04, 0x00, 0x00,
    0x00, 0x00, 0x00, 0x00, 0xfa, 0x00, 0x04, 0x00, 0xdc, 0x04, 0x00, 0x00, 0xfe, 0x04, 0x00, 0x00,
    0xfd, 0x04, 0x00, 0x00, 0xf8, 0x00, 0x02, 0x00, 0xfe, 0x04, 0x00, 0x00, 0xc2, 0x00, 0x05, 0x00,
    0x0f, 0x00, 0x00, 0x00, 0xff, 0x04, 0x00, 0x00, 0xfc, 0x04, 0x00, 0x00, 0x15, 0x00, 0x00, 0x00,
    0xf9, 0x00, 0x02, 0x00, 0xfd, 0x04, 0x00, 0x00, 0xf8, 0x00, 0x02, 0x00, 0xfd, 0x04, 0x00, 0x00,
    0xf5, 0x00, 0x07, 0x00, 0x0f, 0x00, 0x00, 0x00, 0x00, 0x05, 0x00, 0x00, 0xfc, 0x04, 0x00, 0x00,
    0xf9, 0x04, 0x00, 0x00, 0xff, 0x04, 0x00, 0x00, 0xfe, 0x04, 0x00, 0x00, 0xf7, 0x00, 0x03, 0x00,
    0x01, 0x05, 0x00, 0x00, 0x00, 0x00, 0x00, 0x00, 0xfa, 0x00, 0x04, 0x00, 0xbd, 0x04, 0x00, 0x00,
    0x02, 0x05, 0x00, 0x00, 0x01, 0x05, 0x00, 0x00, 0xf8, 0x00, 0x02, 0x00, 0x02, 0x05, 0x00, 0x00,
    0xc2, 0x00, 0x05, 0x00, 0x0f, 0x00, 0x00, 0x00, 0x03, 0x05, 0x00, 0x00, 0x00, 0x05, 0x00, 0x00,
    0xb9, 0x00, 0x00, 0x00, 0xf9, 0x00, 0x02, 0x00, 0x01, 0x05, 0x00, 0x00, 0xf8, 0x00, 0x02, 0x00,
    0x01, 0x05, 0x00, 0x00, 0xf5, 0x00, 0x07, 0x00, 0x0f, 0x00, 0x00, 0x00, 0x04, 0x05, 0x00, 0x00,
    0x00, 0x05, 0x00, 0x00, 0xfd, 0x04, 0x00, 0x00, 0x03, 0x05, 0x00, 0x00, 0x02, 0x05, 0x00, 0x00,
    0xc7, 0x00, 0x05, 0x00, 0x0f, 0x00, 0x00, 0x00, 0x05, 0x05, 0x00, 0x00, 0x04, 0x05, 0x00, 0x00,
    0xc1, 0x00, 0x00, 0x00, 0xc4, 0x00, 0x05, 0x00, 0x0f, 0x00, 0x00, 0x00, 0x06, 0x05, 0x00, 0x00,
    0x05, 0x05, 0x00, 0x00, 0xb9, 0x00, 0x00, 0x00, 0xf7, 0x00, 0x03, 0x00, 0x07, 0x05, 0x00, 0x00,
    0x00, 0x00, 0x00, 0x00, 0xfa, 0x00, 0x04, 0x00, 0xf1, 0x00, 0x00, 0x00, 0x08, 0x05, 0x00, 0x00,
    0x07, 0x05, 0x00, 0x00, 0xf8, 0x00, 0x02, 0x00, 0x08, 0x05, 0x00, 0x00, 0xab, 0x00, 0x05, 0x00,
    0x9e, 0x00, 0x00, 0x00, 0x09, 0x05, 0x00, 0x00, 0x9f, 0x04, 0x00, 0x00, 0xba, 0x00, 0x00, 0x00,
    0xf7, 0x00, 0x03, 0x00, 0x0a, 0x05, 0x00, 0x00, 0x00, 0x00, 0x00, 0x00, 0xfa, 0x00, 0x04, 0x00,
    0x09, 0x05, 0x00, 0x00, 0x0b, 0x05, 0x00, 0x00, 0x0a, 0x05, 0x00, 0x00, 0xf8, 0x00, 0x02, 0x00,
    0x0b, 0x05, 0x00, 0x00, 0xc5, 0x00, 0x05, 0x00, 0x0f, 0x00, 0x00, 0x00, 0x0c, 0x05, 0x00, 0x00,
    0x9f, 0x04, 0x00, 0x00, 0xbb, 0x00, 0x00, 0x00, 0xf9, 0x00, 0x02, 0x00, 0x0a, 0x05, 0x00, 0x00,
    0xf8, 0x00, 0x02, 0x00, 0x0a, 0x05, 0x00, 0x00, 0xf5, 0x00, 0x07, 0x00, 0x0f, 0x00, 0x00, 0x00,
    0x0d, 0x05, 0x00, 0x00, 0x9f, 0x04, 0x00, 0x00, 0x08, 0x05, 0x00, 0x00, 0x0c, 0x05, 0x00, 0x00,
    0x0b, 0x05, 0x00, 0x00, 0xab, 0x00, 0x05, 0x00, 0x9e, 0x00, 0x00, 0x00, 0x0e, 0x05, 0x00, 0x00,
    0xc3, 0x04, 0x00, 0x00, 0xba, 0x00, 0x00, 0x00, 0xf7, 0x00, 0x03, 0x00, 0x0f, 0x05, 0x00, 0x00,
    0x00, 0x00, 0x00, 0x00, 0xfa, 0x00, 0x04, 0x00, 0x0e, 0x05, 0x00, 0x00, 0x10, 0x05, 0x00, 0x00,
    0x0f, 0x05, 0x00, 0x00, 0xf8, 0x00, 0x02, 0x00, 0x10, 0x05, 0x00, 0x00, 0xc5, 0x00, 0x05, 0x00,
    0x0f, 0x00, 0x00, 0x00, 0x11, 0x05, 0x00, 0x00, 0xc3, 0x04, 0x00, 0x00, 0xbb, 0x00, 0x00, 0x00,
    0xf9, 0x00, 0x02, 0x00, 0x0f, 0x05, 0x00, 0x00, 0xf8, 0x00, 0x02, 0x00, 0x0f, 0x05, 0x00, 0x00,
    0xf5, 0x00, 0x07, 0x00, 0x0f, 0x00, 0x00, 0x00, 0x12, 0x05, 0x00, 0x00, 0xc3, 0x04, 0x00, 0x00,
    0x0a, 0x05, 0x00, 0x00, 0x11, 0x05, 0x00, 0x00, 0x10, 0x05, 0x00, 0x00, 0xab, 0x00, 0x05, 0x00,
    0x9e, 0x00, 0x00, 0x00, 0x13, 0x05, 0x00, 0x00, 0xe6, 0x04, 0x00, 0x00, 0xba, 0x00, 0x00, 0x00,
    0xf7, 0x00, 0x03, 0x00, 0x14, 0x05, 0x00, 0x00, 0x00, 0x00, 0x00, 0x00, 0xfa, 0x00, 0x04, 0x00,
    0x13, 0x05, 0x00, 0x00, 0x15, 0x05, 0x00, 0x00, 0x14, 0x05, 0x00, 0x00, 0xf8, 0x00, 0x02, 0x00,
    0x15, 0x05, 0x00, 0x00, 0xc5, 0x00, 0x05, 0x00, 0x0f, 0x00, 0x00, 0x00, 0x16, 0x05, 0x00, 0x00,
    0xe6, 0x04, 0x00, 0x00, 0xbb, 0x00, 0x00, 0x00, 0xf9, 0x00, 0x02, 0x00, 0x14, 0x05, 0x00, 0x00,
    0xf8, 0x00, 0x02, 0x00, 0x14, 0x05, 0x00, 0x00, 0xf5, 0x00, 0x07, 0x00, 0x0f, 0x00, 0x00, 0x00,
    0x17, 0x05, 0x00, 0x00, 0xe6, 0x04, 0x00, 0x00, 0x0f, 0x05, 0x00, 0x00, 0x16, 0x05, 0x00, 0x00,
    0x15, 0x05, 0x00, 0x00, 0xab, 0x00, 0x05, 0x00, 0x9e, 0x00, 0x00, 0x00, 0x18, 0x05, 0x00, 0x00,
    0x06, 0x05, 0x00, 0x00, 0xba, 0x00, 0x00, 0x00, 0xf7, 0x00, 0x03, 0x00, 0x19, 0x05, 0x00, 0x00,
    0x00, 0x00, 0x00, 0x00, 0xfa, 0x00, 0x04, 0x00, 0x18, 0x05, 0x00, 0x00, 0x1a, 0x05, 0x00, 0x00,
    0x19, 0x05, 0x00, 0x00, 0xf8, 0x00, 0x02, 0x00, 0x1a, 0x05, 0x00, 0x00, 0xc5, 0x00, 0x05, 0x00,
    0x0f, 0x00, 0x00, 0x00, 0x1b, 0x05, 0x00, 0x00, 0x06, 0x05, 0x00, 0x00, 0xbb, 0x00, 0x00, 0x00,
    0xf9, 0x00, 0x02, 0x00, 0x19, 0x05, 0x00, 0x00, 0xf8, 0x00, 0x02, 0x00, 0x19, 0x05, 0x00, 0x00,
    0xf5, 0x00, 0x07, 0x00, 0x0f, 0x00, 0x00, 0x00, 0x1c, 0x05, 0x00, 0x00, 0x06, 0x05, 0x00, 0x00,
    0x14, 0x05, 0x00, 0x00, 0x1b, 0x05, 0x00, 0x00, 0x1a, 0x05, 0x00, 0x00, 0xaa, 0x00, 0x05, 0x00,
    0x9e, 0x00, 0x00, 0x00, 0x1d, 0x05, 0x00, 0x00, 0x0d, 0x05, 0x00, 0x00, 0xba, 0x00, 0x00, 0x00,
    0xf7, 0x00, 0x03, 0x00, 0x1e, 0x05, 0x00, 0x00, 0x00, 0x00, 0x00, 0x00, 0xfa, 0x00, 0x04, 0x00,
    0x1d, 0x05, 0x00, 0x00, 0x1f, 0x05, 0x00, 0x00, 0x1e, 0x05, 0x00, 0x00, 0xf8, 0x00, 0x02, 0x00,
    0x1f, 0x05, 0x00, 0x00, 0xc7, 0x00, 0x05, 0x00, 0x0f, 0x00, 0x00, 0x00, 0x20, 0x05, 0x00, 0x00,
    0x12, 0x05, 0x00, 0x00, 0xa4, 0x00, 0x00, 0x00, 0xf9, 0x00, 0x02, 0x00, 0x1e, 0x05, 0x00, 0x00,
    0xf8, 0x00, 0x02, 0x00, 0x1e, 0x05, 0x00, 0x00, 0xf5, 0x00, 0x07, 0x00, 0x0f, 0x00, 0x00, 0x00,
    0x21, 0x05, 0x00, 0x00, 0x0d, 0x05, 0x00, 0x00, 0x19, 0x05, 0x00, 0x00, 0x20, 0x05, 0x00, 0x00,
    0x1f, 0x05, 0x00, 0x00, 0xaa, 0x00, 0x05, 0x00, 0x9e, 0x00, 0x00, 0x00, 0x22, 0x05, 0x00, 0x00,
    0x12, 0x05, 0x00, 0x00, 0xba, 0x00, 0x00, 0x00, 0xf7, 0x00, 0x03, 0x00, 0x23, 0x05, 0x00, 0x00,
    0x00, 0x00, 0x00, 0x00, 0xfa, 0x00, 0x04, 0x00, 0x22, 0x05, 0x00, 0x00, 0x24, 0x05, 0x00, 0x00,
    0x23, 0x05, 0x00, 0x00, 0xf8, 0x00, 0x02, 0x00, 0x24, 0x05, 0x00, 0x00, 0xc7, 0x00, 0x05, 0x00,
    0x0f, 0x00, 0x00, 0x00, 0x25, 0x05, 0x00, 0x00, 0x21, 0x05, 0x00, 0x00, 0xa4, 0x00, 0x00, 0x00,
    0xf9, 0x00, 0x02, 0x00, 0x23, 0x05, 0x00, 0x00, 0xf8, 0x00, 0x02, 0x00, 0x23, 0x05, 0x00, 0x00,
    0xf5, 0x00, 0x07, 0x00, 0x0f, 0x00, 0x00, 0x00, 0x26, 0x05, 0x00, 0x00, 0x12, 0x05, 0x00, 0x00,
    0x1e, 0x05, 0x00, 0x00, 0x25, 0x05, 0x00, 0x00, 0x24, 0x05, 0x00, 0x00, 0xaa, 0x00, 0x05, 0x00,
    0x9e, 0x00, 0x00, 0x00, 0x27, 0x05, 0x00, 0x00, 0x17, 0x05, 0x00, 0x00, 0xba, 0x00, 0x00, 0x00,
    0xf7, 0x00, 0x03, 0x00, 0x28, 0x05, 0x00, 0x00, 0x00, 0x00, 0x00, 0x00, 0xfa, 0x00, 0x04, 0x00,
    0x27, 0x05, 0x00, 0x00, 0x29, 0x05, 0x00, 0x00, 0x28, 0x05, 0x00, 0x00, 0xf8, 0x00, 0x02, 0x00,
    0x29, 0x05, 0x00, 0x00, 0xc7, 0x00, 0x05, 0x00, 0x0f, 0x00, 0x00, 0x00, 0x2a, 0x05, 0x00, 0x00,
    0x1c, 0x05, 0x00, 0x00, 0xa4, 0x00, 0x00, 0x00, 0xf9, 0x00, 0x02, 0x00, 0x28, 0x05, 0x00, 0x00,
    0xf8, 0x00, 0x02, 0x00, 0x28, 0x05, 0x00, 0x00, 0xf5, 0x00, 0x07, 0x00, 0x0f, 0x00, 0x00, 0x00,
    0x2b, 0x05, 0x00, 0x00, 0x17, 0x05, 0x00, 0x00, 0x23, 0x05, 0x00, 0x00, 0x2a, 0x05, 0x00, 0x00,
    0x29, 0x05, 0x00, 0x00, 0xaa, 0x00, 0x05, 0x00, 0x9e, 0x00, 0x00, 0x00, 0x2c, 0x05, 0x00, 0x00,
    0x1c, 0x05, 0x00, 0x00, 0xba, 0x00, 0x00, 0x00, 0xf7, 0x00, 0x03, 0x00, 0x2d, 0x05, 0x00, 0x00,
    0x00, 0x00, 0x00, 0x00, 0xfa, 0x00, 0x04, 0x00, 0x2c, 0x05, 0x00, 0x00, 0x2e, 0x05, 0x00, 0x00,
    0x2d, 0x05, 0x00, 0x00, 0xf8, 0x00, 0x02, 0x00, 0x2e, 0x05, 0x00, 0x00, 0xc7, 0x00, 0x05, 0x00,
    0x0f, 0x00, 0x00, 0x00, 0x2f, 0x05, 0x00, 0x00, 0x2b, 0x05, 0x00, 0x00, 0xa4, 0x00, 0x00, 0x00,
    0xf9, 0x00, 0x02, 0x00, 0x2d, 0x05, 0x00, 0x00, 0xf8, 0x00, 0x02, 0x00, 0x2d, 0x05, 0x00, 0x00,
    0xf5, 0x00, 0x07, 0x00, 0x0f, 0x00, 0x00, 0x00, 0x30, 0x05, 0x00, 0x00, 0x1c, 0x05, 0x00, 0x00,
    0x28, 0x05, 0x00, 0x00, 0x2f, 0x05, 0x00, 0x00, 0x2e, 0x05, 0x00, 0x00, 0xf9, 0x00, 0x02, 0x00,
    0x07, 0x05, 0x00, 0x00, 0xf8, 0x00, 0x02, 0x00, 0x07, 0x05, 0x00, 0x00, 0xf5, 0x00, 0x07, 0x00,
    0x0f, 0x00, 0x00, 0x00, 0x31, 0x05, 0x00, 0x00, 0x06, 0x05, 0x00, 0x00, 0x01, 0x05, 0x00, 0x00,
    0x30, 0x05, 0x00, 0x00, 0x2d, 0x05, 0x00, 0x00, 0xf5, 0x00, 0x07, 0x00, 0x0f, 0x00, 0x00, 0x00,
    0x32, 0x05, 0x00, 0x00, 0xe6, 0x04, 0x00, 0x00, 0x01, 0x05, 0x00, 0x00, 0x2b, 0x05, 0x00, 0x00,
    0x2d, 0x05, 0x00, 0x00, 0xf5, 0x00, 0x07, 0x00, 0x0f, 0x00, 0x00, 0x00, 0x33, 0x05, 0x00, 0x00,
    0xc3, 0x04, 0x00, 0x00, 0x01, 0x05, 0x00, 0x00, 0x26, 0x05, 0x00, 0x00, 0x2d, 0x05, 0x00, 0x00,
    0xf5, 0x00, 0x07, 0x00, 0x0f, 0x00, 0x00, 0x00, 0x34, 0x05, 0x00, 0x00, 0x9f, 0x04, 0x00, 0x00,
    0x01, 0x05, 0x00, 0x00, 0x21, 0x05, 0x00, 0x00, 0x2d, 0x05, 0x00, 0x00, 0x82, 0x00, 0x05, 0x00,
    0x0f, 0x00, 0x00, 0x00, 0x35, 0x05, 0x00, 0x00, 0x33, 0x05, 0x00, 0x00, 0x34, 0x05, 0x00, 0x00,
    0x84, 0x00, 0x05, 0x00, 0x0f, 0x00, 0x00, 0x00, 0x36, 0x05, 0x00, 0x00, 0x35, 0x05, 0x00, 0x00,
    0x61, 0x04, 0x00, 0x00, 0xc2, 0x00, 0x05, 0x00, 0x0f, 0x00, 0x00, 0x00, 0x37, 0x05, 0x00, 0x00,
    0x36, 0x05, 0x00, 0x00, 0x15, 0x00, 0x00, 0x00, 0x80, 0x00, 0x05, 0x00, 0x0f, 0x00, 0x00, 0x00,
    0x38, 0x05, 0x00, 0x00, 0x34, 0x05, 0x00, 0x00, 0x37, 0x05, 0x00, 0x00, 0xc7, 0x00, 0x05, 0x00,
    0x0f, 0x00, 0x00, 0x00, 0x39, 0x05, 0x00, 0x00, 0x38, 0x05, 0x00, 0x00, 0xbc, 0x00, 0x00, 0x00,
    0x82, 0x00, 0x05, 0x00, 0x0f, 0x00, 0x00, 0x00, 0x3a, 0x05, 0x00, 0x00, 0x31, 0x05, 0x00, 0x00,
    0x32, 0x05, 0x00, 0x00, 0x84, 0x00, 0x05, 0x00, 0x0f, 0x00, 0x00, 0x00, 0x3b, 0x05, 0x00, 0x00,
    0x3a, 0x05, 0x00, 0x00, 0x61, 0x04, 0x00, 0x00, 0xc2, 0x00, 0x05, 0x00, 0x0f, 0x00, 0x00, 0x00,
    0x3c, 0x05, 0x00, 0x00, 0x3b, 0x05, 0x00, 0x00, 0x15, 0x00, 0x00, 0x00, 0x80, 0x00, 0x05, 0x00,
    0x0f, 0x00, 0x00, 0x00, 0x3d, 0x05, 0x00, 0x00, 0x32, 0x05, 0x00, 0x00, 0x3c, 0x05, 0x00, 0x00,
    0xc7, 0x00, 0x05, 0x00, 0x0f, 0x00, 0x00, 0x00, 0x3e, 0x05, 0x00, 0x00, 0x3d, 0x05, 0x00, 0x00,
    0xbc, 0x00, 0x00, 0x00, 0xf7, 0x00, 0x03, 0x00, 0x3f, 0x05, 0x00, 0x00, 0x00, 0x00, 0x00, 0x00,
    0xfa, 0x00, 0x04, 0x00, 0xf1, 0x00, 0x00, 0x00, 0x40, 0x05, 0x00, 0x00, 0x3f, 0x05, 0x00, 0x00,
    0xf8, 0x00, 0x02, 0x00, 0x40, 0x05, 0x00, 0x00, 0xaa, 0x00, 0x05, 0x00, 0x9e, 0x00, 0x00, 0x00,
    0x41, 0x05, 0x00, 0x00, 0x39, 0x05, 0x00, 0x00, 0xba, 0x00, 0x00, 0x00, 0xf7, 0x00, 0x03, 0x00,
    0x42, 0x05, 0x00, 0x00, 0x00, 0x00, 0x00, 0x00, 0xfa, 0x00, 0x04, 0x00, 0x41, 0x05, 0x00, 0x00,
    0x43, 0x05, 0x00, 0x00, 0x42, 0x05, 0x00, 0x00, 0xf8, 0x00, 0x02, 0x00, 0x43, 0x05, 0x00, 0x00,
    0xc7, 0x00, 0x05, 0x00, 0x0f, 0x00, 0x00, 0x00, 0x44, 0x05, 0x00, 0x00, 0x3d, 0x05, 0x00, 0x00,
    0xa4, 0x00, 0x00, 0x00, 0xf9, 0x00, 0x02, 0x00, 0x42, 0x05, 0x00, 0x00, 0xf8, 0x00, 0x02, 0x00,
    0x42, 0x05, 0x00, 0x00, 0xf5, 0x00, 0x07, 0x00, 0x0f, 0x00, 0x00, 0x00, 0x45, 0x05, 0x00, 0x00,
    0x39, 0x05, 0x00, 0x00, 0x40, 0x05, 0x00, 0x00, 0x44, 0x05, 0x00, 0x00, 0x43, 0x05, 0x00, 0x00,
    0xaa, 0x00, 0x05, 0x00, 0x9e, 0x00, 0x00, 0x00, 0x46, 0x05, 0x00, 0x00, 0x3e, 0x05, 0x00, 0x00,
    0xba, 0x00, 0x00, 0x00, 0xf7, 0x00, 0x03, 0x00, 0x47, 0x05, 0x00, 0x00, 0x00, 0x00, 0x00, 0x00,
    0xfa, 0x00, 0x04, 0x00, 0x46, 0x05, 0x00, 0x00, 0x48, 0x05, 0x00, 0x00, 0x47, 0x05, 0x00, 0x00,
    0xf8, 0x00, 0x02, 0x00, 0x48, 0x05, 0x00, 0x00, 0xc7, 0x00, 0x05, 0x00, 0x0f, 0x00, 0x00, 0x00,
    0x49, 0x05, 0x00, 0x00, 0x45, 0x05, 0x00, 0x00, 0xa4, 0x00, 0x00, 0x00, 0xf9, 0x00, 0x02, 0x00,
    0x47, 0x05, 0x00, 0x00, 0xf8, 0x00, 0x02, 0x00, 0x47, 0x05, 0x00, 0x00, 0xf5, 0x00, 0x07, 0x00,
    0x0f, 0x00, 0x00, 0x00, 0x4a, 0x05, 0x00, 0x00, 0x3e, 0x05, 0x00, 0x00, 0x42, 0x05, 0x00, 0x00,
    0x49, 0x05, 0x00, 0x00, 0x48, 0x05, 0x00, 0x00, 0xf9, 0x00, 0x02, 0x00, 0x3f, 0x05, 0x00, 0x00,
    0xf8, 0x00, 0x02, 0x00, 0x3f, 0x05, 0x00, 0x00, 0xf5, 0x00, 0x07, 0x00, 0x0f, 0x00, 0x00, 0x00,
    0x4b, 0x05, 0x00, 0x00, 0x3e, 0x05, 0x00, 0x00, 0x07, 0x05, 0x00, 0x00, 0x4a, 0x05, 0x00, 0x00,
    0x47, 0x05, 0x00, 0x00, 0xf5, 0x00, 0x07, 0x00, 0x0f, 0x00, 0x00, 0x00, 0x4c, 0x05, 0x00, 0x00,
    0x39, 0x05, 0x00, 0x00, 0x07, 0x05, 0x00, 0x00, 0x45, 0x05, 0x00, 0x00, 0x47, 0x05, 0x00, 0x00,
    0x82, 0x00, 0x05, 0x00, 0x0f, 0x00, 0x00, 0x00, 0x4d, 0x05, 0x00, 0x00, 0x4b, 0x05, 0x00, 0x00,
    0x4c, 0x05, 0x00, 0x00, 0x84, 0x00, 0x05, 0x00, 0x0f, 0x00, 0x00, 0x00, 0x4e, 0x05, 0x00, 0x00,
    0x4d, 0x05, 0x00, 0x00, 0x73, 0x04, 0x00, 0x00, 0xc2, 0x00, 0x05, 0x00, 0x0f, 0x00, 0x00, 0x00,
    0x4f, 0x05, 0x00, 0x00, 0x4e, 0x05, 0x00, 0x00, 0x15, 0x00, 0x00, 0x00, 0x80, 0x00, 0x05, 0x00,
    0x0f, 0x00, 0x00, 0x00, 0x50, 0x05, 0x00, 0x00, 0x4c, 0x05, 0x00, 0x00, 0x4f, 0x05, 0x00, 0x00,
    0xc7, 0x00, 0x05, 0x00, 0x0f, 0x00, 0x00, 0x00, 0x51, 0x05, 0x00, 0x00, 0x50, 0x05, 0x00, 0x00,
    0xbc, 0x00, 0x00, 0x00, 0xc7, 0x00, 0x05, 0x00, 0x11, 0x00, 0x00, 0x00, 0x52, 0x05, 0x00, 0x00,
    0x0c, 0x01, 0x00, 0x00, 0xa0, 0x00, 0x00, 0x00, 0xc4, 0x00, 0x05, 0x00, 0x11, 0x00, 0x00, 0x00,
    0x53, 0x05, 0x00, 0x00, 0x52, 0x05, 0x00, 0x00, 0x95, 0x00, 0x00, 0x00, 0x7c, 0x00, 0x04, 0x00,
    0x0f, 0x00, 0x00, 0x00, 0x54, 0x05, 0x00, 0x00, 0x53, 0x05, 0x00, 0x00, 0x82, 0x00, 0x05, 0x00,
    0x0f, 0x00, 0x00, 0x00, 0x55, 0x05, 0x00, 0x00, 0x51, 0x05, 0x00, 0x00, 0x9d, 0x02, 0x00, 0x00,
    0x84, 0x00, 0x05, 0x00, 0x0f, 0x00, 0x00, 0x00, 0x56, 0x05, 0x00, 0x00, 0x55, 0x05, 0x00, 0x00,
    0x54, 0x05, 0x00, 0x00, 0xc2, 0x00, 0x05, 0x00, 0x0f, 0x00, 0x00, 0x00, 0x57, 0x05, 0x00, 0x00,
    0x56, 0x05, 0x00, 0x00, 0x15, 0x00, 0x00, 0x00, 0x80, 0x00, 0x05, 0x00, 0x0f, 0x00, 0x00, 0x00,
    0x58, 0x05, 0x00, 0x00, 0x9d, 0x02, 0x00, 0x00, 0x57, 0x05, 0x00, 0x00, 0xc7, 0x00, 0x05, 0x00,
    0x0f, 0x00, 0x00, 0x00, 0x59, 0x05, 0x00, 0x00, 0x58, 0x05, 0x00, 0x00, 0xbc, 0x00, 0x00, 0x00,
    0xf9, 0x00, 0x02, 0x00, 0xa3, 0x02, 0x00, 0x00, 0xf8, 0x00, 0x02, 0x00, 0xa3, 0x02, 0x00, 0x00,
    0xf5, 0x00, 0x07, 0x00, 0x0f, 0x00, 0x00, 0x00, 0x5a, 0x05, 0x00, 0x00, 0x59, 0x05, 0x00, 0x00,
    0x3f, 0x05, 0x00, 0x00, 0xf0, 0x03, 0x00, 0x00, 0xad, 0x02, 0x00, 0x00, 0xf7, 0x00, 0x03, 0x00,
    0x5b, 0x05, 0x00, 0x00, 0x00, 0x00, 0x00, 0x00, 0xfa, 0x00, 0x04, 0x00, 0xf1, 0x00, 0x00, 0x00,
    0x5c, 0x05, 0x00, 0x00, 0x5b, 0x05, 0x00, 0x00, 0xf8, 0x00, 0x02, 0x00, 0x5c, 0x05, 0x00, 0x00,
    0xb0, 0x00, 0x05, 0x00, 0x9e, 0x00, 0x00, 0x00, 0x5d, 0x05, 0x00, 0x00, 0x5a, 0x05, 0x00, 0x00,
    0xa3, 0x00, 0x00, 0x00, 0xf7, 0x00, 0x03, 0x00, 0x5e, 0x05, 0x00, 0x00, 0x00, 0x00, 0x00, 0x00,
    0xfa, 0x00, 0x04, 0x00, 0x5d, 0x05, 0x00, 0x00, 0x5f, 0x05, 0x00, 0x00, 0x5e, 0x05, 0x00, 0x00,
    0xf8, 0x00, 0x02, 0x00, 0x5f, 0x05, 0x00, 0x00, 0xfc, 0x00, 0x01, 0x00, 0xf8, 0x00, 0x02, 0x00,
    0x5e, 0x05, 0x00, 0x00, 0xc7, 0x00, 0x05, 0x00, 0x0f, 0x00, 0x00, 0x00, 0x60, 0x05, 0x00, 0x00,
    0x5a, 0x05, 0x00, 0x00, 0xa4, 0x00, 0x00, 0x00, 0xf9, 0x00, 0x02, 0x00, 0x5b, 0x05, 0x00, 0x00,
    0xf8, 0x00, 0x02, 0x00, 0x5b, 0x05, 0x00, 0x00, 0xf5, 0x00, 0x07, 0x00, 0x0f, 0x00, 0x00, 0x00,
    0x61, 0x05, 0x00, 0x00, 0x5a, 0x05, 0x00, 0x00, 0xa3, 0x02, 0x00, 0x00, 0x60, 0x05, 0x00, 0x00,
    0x5e, 0x05, 0x00, 0x00, 0x41, 0x00, 0x05, 0x00, 0xd6, 0x00, 0x00, 0x00, 0x62, 0x05, 0x00, 0x00,
    0x06, 0x00, 0x00, 0x00, 0x91, 0x00, 0x00, 0x00, 0x3d, 0x00, 0x04, 0x00, 0x0f, 0x00, 0x00, 0x00,
    0x63, 0x05, 0x00, 0x00, 0x62, 0x05, 0x00, 0x00, 0xc7, 0x00, 0x05, 0x00, 0x0f, 0x00, 0x00, 0x00,
    0x64, 0x05, 0x00, 0x00, 0x63, 0x05, 0x00, 0x00, 0xa5, 0x00, 0x00, 0x00, 0xc2, 0x00, 0x05, 0x00,
    0x0f, 0x00, 0x00, 0x00, 0x65, 0x05, 0x00, 0x00, 0x63, 0x05, 0x00, 0x00, 0x10, 0x00, 0x00, 0x00,
    0xc2, 0x00, 0x05, 0x00, 0x0f, 0x00, 0x00, 0x00, 0x66, 0x05, 0x00, 0x00, 0x61, 0x05, 0x00, 0x00,
    0x94, 0x00, 0x00, 0x00, 0x80, 0x00, 0x05, 0x00, 0x0f, 0x00, 0x00, 0x00, 0x67, 0x05, 0x00, 0x00,
    0x64, 0x05, 0x00, 0x00, 0x66, 0x05, 0x00, 0x00, 0x41, 0x00, 0x06, 0x00, 0xd1, 0x00, 0x00, 0x00,
    0x68, 0x05, 0x00, 0x00, 0x0b, 0x00, 0x00, 0x00, 0x92, 0x00, 0x00, 0x00, 0x67, 0x05, 0x00, 0x00,
    0x3d, 0x00, 0x04, 0x00, 0x0f, 0x00, 0x00, 0x00, 0x69, 0x05, 0x00, 0x00, 0x68, 0x05, 0x00, 0x00,
    0xc7, 0x00, 0x05, 0x00, 0x0f, 0x00, 0x00, 0x00, 0x6a, 0x05, 0x00, 0x00, 0x69, 0x05, 0x00, 0x00,
    0xa4, 0x00, 0x00, 0x00, 0x84, 0x00, 0x05, 0x00, 0x0f, 0x00, 0x00, 0x00, 0x6b, 0x05, 0x00, 0x00,
    0x6a, 0x05, 0x00, 0x00, 0x65, 0x05, 0x00, 0x00, 0x86, 0x00, 0x05, 0x00, 0x0f, 0x00, 0x00, 0x00,
    0x6c, 0x05, 0x00, 0x00, 0x6b, 0x05, 0x00, 0x00, 0xa6, 0x00, 0x00, 0x00, 0xc7, 0x00, 0x05, 0x00,
    0x0f, 0x00, 0x00, 0x00, 0x6d, 0x05, 0x00, 0x00, 0x6c, 0x05, 0x00, 0x00, 0xa4, 0x00, 0x00, 0x00,
    0x0c, 0x00, 0x07, 0x00, 0x0f, 0x00, 0x00, 0x00, 0x6e, 0x05, 0x00, 0x00, 0x01, 0x00, 0x00, 0x00,
    0x26, 0x00, 0x00, 0x00, 0x6d, 0x05, 0x00, 0x00, 0x29, 0x00, 0x00, 0x00, 0x41, 0x00, 0x05, 0x00,
    0xd6, 0x00, 0x00, 0x00, 0x6f, 0x05, 0x00, 0x00, 0x07, 0x00, 0x00, 0x00, 0x95, 0x00, 0x00, 0x00,
    0x3d, 0x00, 0x04, 0x00, 0x0f, 0x00, 0x00, 0x00, 0x70, 0x05, 0x00, 0x00, 0x6f, 0x05, 0x00, 0x00,
    0xc7, 0x00, 0x05, 0x00, 0x0f, 0x00, 0x00, 0x00, 0x71, 0x05, 0x00, 0x00, 0x70, 0x05, 0x00, 0x00,
    0x93, 0x00, 0x00, 0x00, 0xc4, 0x00, 0x05, 0x00, 0x0f, 0x00, 0x00, 0x00, 0x72, 0x05, 0x00, 0x00,
    0x71, 0x05, 0x00, 0x00, 0x15, 0x00, 0x00, 0x00, 0xc2, 0x00, 0x05, 0x00, 0x0f, 0x00, 0x00, 0x00,
    0x73, 0x05, 0x00, 0x00, 0x70, 0x05, 0x00, 0x00, 0x14, 0x00, 0x00, 0x00, 0xc7, 0x00, 0x05, 0x00,
    0x0f, 0x00, 0x00, 0x00, 0x74, 0x05, 0x00, 0x00, 0x73, 0x05, 0x00, 0x00, 0x93, 0x00, 0x00, 0x00,
    0xc4, 0x00, 0x05, 0x00, 0x0f, 0x00, 0x00, 0x00, 0x75, 0x05, 0x00, 0x00, 0x74, 0x05, 0x00, 0x00,
    0x15, 0x00, 0x00, 0x00, 0x80, 0x00, 0x05, 0x00, 0x0f, 0x00, 0x00, 0x00, 0x76, 0x05, 0x00, 0x00,
    0xa7, 0x00, 0x00, 0x00, 0x75, 0x05, 0x00, 0x00, 0xc2, 0x00, 0x05, 0x00, 0x0f, 0x00, 0x00, 0x00,
    0x77, 0x05, 0x00, 0x00, 0x70, 0x05, 0x00, 0x00, 0xa9, 0x00, 0x00, 0x00, 0xc7, 0x00, 0x05, 0x00,
    0x0f, 0x00, 0x00, 0x00, 0x78, 0x05, 0x00, 0x00, 0x77, 0x05, 0x00, 0x00, 0x93, 0x00, 0x00, 0x00,
    0xc4, 0x00, 0x05, 0x00, 0x0f, 0x00, 0x00, 0x00, 0x79, 0x05, 0x00, 0x00, 0x78, 0x05, 0x00, 0x00,
    0x15, 0x00, 0x00, 0x00, 0x80, 0x00, 0x05, 0x00, 0x0f, 0x00, 0x00, 0x00, 0x7a, 0x05, 0x00, 0x00,
    0xa8, 0x00, 0x00, 0x00, 0x79, 0x05, 0x00, 0x00, 0x80, 0x00, 0x05, 0x00, 0x0f, 0x00, 0x00, 0x00,
    0x7b, 0x05, 0x00, 0x00, 0x72, 0x05, 0x00, 0x00, 0x6e, 0x05, 0x00, 0x00, 0x41, 0x00, 0x06, 0x00,
    0xd1, 0x00, 0x00, 0x00, 0x7c, 0x05, 0x00, 0x00, 0x0c, 0x00, 0x00, 0x00, 0x92, 0x00, 0x00, 0x00,
    0x7b, 0x05, 0x00, 0x00, 0x3d, 0x00, 0x04, 0x00, 0x0f, 0x00, 0x00, 0x00, 0x7d, 0x05, 0x00, 0x00,
    0x7c, 0x05, 0x00, 0x00, 0x70, 0x00, 0x04, 0x00, 0x99, 0x00, 0x00, 0x00, 0x7e, 0x05, 0x00, 0x00,
    0x7d, 0x05, 0x00, 0x00, 0x85, 0x00, 0x05, 0x00, 0x99, 0x00, 0x00, 0x00, 0x7f, 0x05, 0x00, 0x00,
    0x7e, 0x05, 0x00, 0x00, 0xd5, 0x00, 0x00, 0x00, 0x80, 0x00, 0x05, 0x00, 0x0f, 0x00, 0x00, 0x00,
    0x80, 0x05, 0x00, 0x00, 0x76, 0x05, 0x00, 0x00, 0x6e, 0x05, 0x00, 0x00, 0x41, 0x00, 0x06, 0x00,
    0xd1, 0x00, 0x00, 0x00, 0x81, 0x05, 0x00, 0x00, 0x0c, 0x00, 0x00, 0x00, 0x92, 0x00, 0x00, 0x00,
    0x80, 0x05, 0x00, 0x00, 0x3d, 0x00, 0x04, 0x00, 0x0f, 0x00, 0x00, 0x00, 0x82, 0x05, 0x00, 0x00,
    0x81, 0x05, 0x00, 0x00, 0x70, 0x00, 0x04, 0x00, 0x99, 0x00, 0x00, 0x00, 0x83, 0x05, 0x00, 0x00,
    0x82, 0x05, 0x00, 0x00, 0x85, 0x00, 0x05, 0x00, 0x99, 0x00, 0x00, 0x00, 0x84, 0x05, 0x00, 0x00,
    0x83, 0x05, 0x00, 0x00, 0xd5, 0x00, 0x00, 0x00, 0x80, 0x00, 0x05, 0x00, 0x0f, 0x00, 0x00, 0x00,
    0x85, 0x05, 0x00, 0x00, 0x7a, 0x05, 0x00, 0x00, 0x6e, 0x05, 0x00, 0x00, 0x41, 0x00, 0x06, 0x00,
    0xd1, 0x00, 0x00, 0x00, 0x86, 0x05, 0x00, 0x00, 0x0c, 0x00, 0x00, 0x00, 0x92, 0x00, 0x00, 0x00,
    0x85, 0x05, 0x00, 0x00, 0x3d, 0x00, 0x04, 0x00, 0x0f, 0x00, 0x00, 0x00, 0x87, 0x05, 0x00, 0x00,
    0x86, 0x05, 0x00, 0x00, 0x70, 0x00, 0x04, 0x00, 0x99, 0x00, 0x00, 0x00, 0x88, 0x05, 0x00, 0x00,
    0x87, 0x05, 0x00, 0x00, 0x85, 0x00, 0x05, 0x00, 0x99, 0x00, 0x00, 0x00, 0x89, 0x05, 0x00, 0x00,
    0x88, 0x05, 0x00, 0x00, 0xd5, 0x00, 0x00, 0x00, 0x50, 0x00, 0x07, 0x00, 0xc5, 0x00, 0x00, 0x00,
    0x8a, 0x05, 0x00, 0x00, 0x7f, 0x05, 0x00, 0x00, 0x84, 0x05, 0x00, 0x00, 0x89, 0x05, 0x00, 0x00,
    0x9a, 0x00, 0x00, 0x00, 0xf9, 0x00, 0x02, 0x00, 0xdb, 0x00, 0x00, 0x00, 0xf8, 0x00, 0x02, 0x00,
    0xdb, 0x00, 0x00, 0x00, 0xf5, 0x00, 0x07, 0x00, 0xc5, 0x00, 0x00, 0x00, 0x8b, 0x05, 0x00, 0x00,
    0xda, 0x00, 0x00, 0x00, 0xf0, 0x00, 0x00, 0x00, 0x8a, 0x05, 0x00, 0x00, 0x5b, 0x05, 0x00, 0x00,
    0x3e, 0x00, 0x03, 0x00, 0x08, 0x00, 0x00, 0x00, 0x8b, 0x05, 0x00, 0x00, 0xfd, 0x00, 0x01, 0x00,
    0x38, 0x00, 0x01, 0x00
};

static const unsigned char k_ps_poly_dxil[] = {
    0x44, 0x58, 0x42, 0x43, 0xaf, 0x0d, 0x88, 0xdd, 0x8a, 0x45, 0x60, 0x7e, 0x66, 0x73, 0x70, 0xc9,
    0xa5, 0xf5, 0x99, 0x61, 0x01, 0x00, 0x00, 0x00, 0xbc, 0x23, 0x00, 0x00, 0x07, 0x00, 0x00, 0x00,
    0x3c, 0x00, 0x00, 0x00, 0x4c, 0x00, 0x00, 0x00, 0x14, 0x01, 0x00, 0x00, 0x50, 0x01, 0x00, 0x00,
    0xdc, 0x02, 0x00, 0x00, 0x1c, 0x0b, 0x00, 0x00, 0x38, 0x0b, 0x00, 0x00, 0x53, 0x46, 0x49, 0x30,
    0x08, 0x00, 0x00, 0x00, 0x00, 0x00, 0x00, 0x00, 0x00, 0x00, 0x00, 0x00, 0x49, 0x53, 0x47, 0x31,
    0xc0, 0x00, 0x00, 0x00, 0x05, 0x00, 0x00, 0x00, 0x08, 0x00, 0x00, 0x00, 0x00, 0x00, 0x00, 0x00,
    0xa8, 0x00, 0x00, 0x00, 0x00, 0x00, 0x00, 0x00, 0x01, 0x00, 0x00, 0x00, 0x03, 0x00, 0x00, 0x00,
    0x00, 0x00, 0x00, 0x00, 0x0f, 0x03, 0x00, 0x00, 0x00, 0x00, 0x00, 0x00, 0x00, 0x00, 0x00, 0x00,
    0xb4, 0x00, 0x00, 0x00, 0x00, 0x00, 0x00, 0x00, 0x00, 0x00, 0x00, 0x00, 0x03, 0x00, 0x00, 0x00,
    0x01, 0x00, 0x00, 0x00, 0x07, 0x07, 0x00, 0x00, 0x00, 0x00, 0x00, 0x00, 0x00, 0x00, 0x00, 0x00,
    0xb4, 0x00, 0x00, 0x00, 0x01, 0x00, 0x00, 0x00, 0x00, 0x00, 0x00, 0x00, 0x03, 0x00, 0x00, 0x00,
    0x02, 0x00, 0x00, 0x00, 0x0f, 0x0f, 0x00, 0x00, 0x00, 0x00, 0x00, 0x00, 0x00, 0x00, 0x00, 0x00,
    0xb4, 0x00, 0x00, 0x00, 0x02, 0x00, 0x00, 0x00, 0x00, 0x00, 0x00, 0x00, 0x01, 0x00, 0x00, 0x00,
    0x03, 0x00, 0x00, 0x00, 0x0f, 0x0f, 0x00, 0x00, 0x00, 0x00, 0x00, 0x00, 0x00, 0x00, 0x00, 0x00,
    0xb4, 0x00, 0x00, 0x00, 0x03, 0x00, 0x00, 0x00, 0x00, 0x00, 0x00, 0x00, 0x01, 0x00, 0x00, 0x00,
    0x04, 0x00, 0x00, 0x00, 0x03, 0x03, 0x00, 0x00, 0x00, 0x00, 0x00, 0x00, 0x53, 0x56, 0x5f, 0x50,
    0x6f, 0x73, 0x69, 0x74, 0x69, 0x6f, 0x6e, 0x00, 0x54, 0x45, 0x58, 0x43, 0x4f, 0x4f, 0x52, 0x44,
    0x00, 0x00, 0x00, 0x00, 0x4f, 0x53, 0x47, 0x31, 0x34, 0x00, 0x00, 0x00, 0x01, 0x00, 0x00, 0x00,
    0x08, 0x00, 0x00, 0x00, 0x00, 0x00, 0x00, 0x00, 0x28, 0x00, 0x00, 0x00, 0x00, 0x00, 0x00, 0x00,
    0x40, 0x00, 0x00, 0x00, 0x03, 0x00, 0x00, 0x00, 0x00, 0x00, 0x00, 0x00, 0x0f, 0x00, 0x00, 0x00,
    0x00, 0x00, 0x00, 0x00, 0x53, 0x56, 0x5f, 0x54, 0x61, 0x72, 0x67, 0x65, 0x74, 0x00, 0x00, 0x00,
    0x50, 0x53, 0x56, 0x30, 0x84, 0x01, 0x00, 0x00, 0x34, 0x00, 0x00, 0x00, 0x00, 0x00, 0x00, 0x00,
    0x00, 0x00, 0x00, 0x00, 0x00, 0x00, 0x00, 0x00, 0x00, 0x00, 0x00, 0x00, 0x00, 0x00, 0x00, 0x00,
    0xff, 0xff, 0xff, 0xff, 0x00, 0x00, 0x00, 0x00, 0x05, 0x01, 0x00, 0x05, 0x01, 0x00, 0x00, 0x00,
    0x00, 0x00, 0x00, 0x00, 0x00, 0x00, 0x00, 0x00, 0x00, 0x00, 0x00, 0x00, 0x25, 0x00, 0x00, 0x00,
    0x03, 0x00, 0x00, 0x00, 0x18, 0x00, 0x00, 0x00, 0x05, 0x00, 0x00, 0x00, 0x02, 0x00, 0x00, 0x00,
    0x00, 0x00, 0x00, 0x00, 0x00, 0x00, 0x00, 0x00, 0x0c, 0x00, 0x00, 0x00, 0x00, 0x00, 0x00, 0x00,
    0x05, 0x00, 0x00, 0x00, 0x02, 0x00, 0x00, 0x00, 0x01, 0x00, 0x00, 0x00, 0x01, 0x00, 0x00, 0x00,
    0x0c, 0x00, 0x00, 0x00, 0x00, 0x00, 0x00, 0x00, 0x05, 0x00, 0x00, 0x00, 0x02, 0x00, 0x00, 0x00,
    0x02, 0x00, 0x00, 0x00, 0x02, 0x00, 0x00, 0x00, 0x0c, 0x00, 0x00, 0x00, 0x00, 0x00, 0x00, 0x00,
    0x30, 0x00, 0x00, 0x00, 0x00, 0x54, 0x45, 0x58, 0x43, 0x4f, 0x4f, 0x52, 0x44, 0x00, 0x54, 0x45,
    0x58, 0x43, 0x4f, 0x4f, 0x52, 0x44, 0x00, 0x54, 0x45, 0x58, 0x43, 0x4f, 0x4f, 0x52, 0x44, 0x00,
    0x54, 0x45, 0x58, 0x43, 0x4f, 0x4f, 0x52, 0x44, 0x00, 0x70, 0x73, 0x5f, 0x70, 0x6f, 0x6c, 0x79,
    0x00, 0x00, 0x00, 0x00, 0x04, 0x00, 0x00, 0x00, 0x00, 0x00, 0x00, 0x00, 0x01, 0x00, 0x00, 0x00,
    0x02, 0x00, 0x00, 0x00, 0x03, 0x00, 0x00, 0x00, 0x10, 0x00, 0x00, 0x00, 0x00, 0x00, 0x00, 0x00,
    0x00, 0x00, 0x00, 0x00, 0x01, 0x00, 0x44, 0x03, 0x03, 0x04, 0x00, 0x00, 0x01, 0x00, 0x00, 0x00,
    0x00, 0x00, 0x00, 0x00, 0x01, 0x01, 0x43, 0x00, 0x03, 0x04, 0x00, 0x00, 0x0a, 0x00, 0x00, 0x00,
    0x01, 0x00, 0x00, 0x00, 0x01, 0x02, 0x44, 0x00, 0x03, 0x01, 0x00, 0x00, 0x13, 0x00, 0x00, 0x00,
    0x02, 0x00, 0x00, 0x00, 0x01, 0x03, 0x44, 0x00, 0x01, 0x01, 0x00, 0x00, 0x1c, 0x00, 0x00, 0x00,
    0x03, 0x00, 0x00, 0x00, 0x01, 0x04, 0x42, 0x00, 0x01, 0x01, 0x00, 0x00, 0x00, 0x00, 0x00, 0x00,
    0x00, 0x00, 0x00, 0x00, 0x01, 0x00, 0x44, 0x10, 0x03, 0x00, 0x00, 0x00, 0x00, 0x00, 0x00, 0x00,
    0x00, 0x00, 0x00, 0x00, 0x00, 0x00, 0x00, 0x00, 0x00, 0x00, 0x00, 0x00, 0x07, 0x00, 0x00, 0x00,
    0x07, 0x00, 0x00, 0x00, 0x07, 0x00, 0x00, 0x00, 0x00, 0x00, 0x00, 0x00, 0x01, 0x00, 0x00, 0x00,
    0x02, 0x00, 0x00, 0x00, 0x04, 0x00, 0x00, 0x00, 0x08, 0x00, 0x00, 0x00, 0x0f, 0x00, 0x00, 0x00,
    0x07, 0x00, 0x00, 0x00, 0x07, 0x00, 0x00, 0x00, 0x07, 0x00, 0x00, 0x00, 0x07, 0x00, 0x00, 0x00,
    0x07, 0x00, 0x00, 0x00, 0x00, 0x00, 0x00, 0x00, 0x00, 0x00, 0x00, 0x00, 0x53, 0x54, 0x41, 0x54,
    0x38, 0x08, 0x00, 0x00, 0x60, 0x00, 0x00, 0x00, 0x0e, 0x02, 0x00, 0x00, 0x44, 0x58, 0x49, 0x4c,
    0x00, 0x01, 0x00, 0x00, 0x10, 0x00, 0x00, 0x00, 0x20, 0x08, 0x00, 0x00, 0x42, 0x43, 0xc0, 0xde,
    0x21, 0x0c, 0x00, 0x00, 0x05, 0x02, 0x00, 0x00, 0x0b, 0x82, 0x20, 0x00, 0x02, 0x00, 0x00, 0x00,
    0x13, 0x00, 0x00, 0x00, 0x07, 0x81, 0x23, 0x91, 0x41, 0xc8, 0x04, 0x49, 0x06, 0x10, 0x32, 0x39,
    0x92, 0x01, 0x84, 0x0c, 0x25, 0x05, 0x08, 0x19, 0x1e, 0x04, 0x8b, 0x62, 0x80, 0x14, 0x45, 0x02,
    0x42, 0x92, 0x0b, 0x42, 0xa4, 0x10, 0x32, 0x14, 0x38, 0x08, 0x18, 0x4b, 0x0a, 0x32, 0x52, 0x88,
    0x48, 0x90, 0x14, 0x20, 0x43, 0x46, 0x88, 0xa5, 0x00, 0x19, 0x32, 0x42, 0xe4, 0x48, 0x0e, 0x90,
    0x91, 0x22, 0xc4, 0x50, 0x41, 0x51, 0x81, 0x8c, 0xe1, 0x83, 0xe5, 0x8a, 0x04, 0x29, 0x46, 0x06,
    0x51, 0x18, 0x00, 0x00, 0x08, 0x00, 0x00, 0x00, 0x1b, 0x8c, 0xe0, 0xff, 0xff, 0xff, 0xff, 0x07,
    0x40, 0x02, 0xa8, 0x0d, 0x84, 0xf0, 0xff, 0xff, 0xff, 0xff, 0x03, 0x20, 0x6d, 0x30, 0x86, 0xff,
    0xff, 0xff, 0xff, 0x1f, 0x00, 0x09, 0xa8, 0x00, 0x49, 0x18, 0x00, 0x00, 0x03, 0x00, 0x00, 0x00,
    0x13, 0x82, 0x60, 0x42, 0x20, 0x4c, 0x08, 0x06, 0x00, 0x00, 0x00, 0x00, 0x89, 0x20, 0x00, 0x00,
    0x31, 0x00, 0x00, 0x00, 0x32, 0x22, 0x48, 0x09, 0x20, 0x64, 0x85, 0x04, 0x93, 0x22, 0xa4, 0x84,
    0x04, 0x93, 0x22, 0xe3, 0x84, 0xa1, 0x90, 0x14, 0x12, 0x4c, 0x8a, 0x8c, 0x0b, 0x84, 0xa4, 0x4c,
    0x10, 0x7c, 0x73, 0x04, 0x60, 0x90, 0x80, 0x01, 0x80, 0xc2, 0x08, 0x40, 0x09, 0x06, 0x91, 0x19,
    0x80, 0x39, 0x02, 0xa4, 0x18, 0x06, 0x00, 0x70, 0x00, 0xa1, 0x62, 0x00, 0x00, 0xc0, 0x01, 0xa4,
    0x8a, 0x31, 0x00, 0x00, 0xc7, 0x10, 0x9b, 0x23, 0x08, 0xca, 0x30, 0x80, 0xa3, 0x57, 0x08, 0x00,
    0x00, 0xa0, 0x48, 0xe7, 0x9e, 0xe1, 0xf2, 0x27, 0xec, 0x21, 0x24, 0x3f, 0x04, 0x9a, 0x61, 0x21,
    0x50, 0x30, 0x8b, 0x41, 0xc1, 0x01, 0xc0, 0x51, 0xbd, 0x69, 0xb8, 0xfc, 0x09, 0x7b, 0x08, 0xc9,
    0x5f, 0x09, 0x69, 0x25, 0x26, 0x1f, 0xb9, 0x6d, 0x54, 0x00, 0x00, 0x00, 0x28, 0xc5, 0x05, 0x14,
    0x00, 0xc2, 0x03, 0x01, 0x33, 0x91, 0xc1, 0x38, 0xb0, 0x43, 0x38, 0xcc, 0xc3, 0x3c, 0xb8, 0xc1,
    0x2c, 0xd0, 0x83, 0x3c, 0xd4, 0xc3, 0x38, 0xd0, 0x43, 0x3d, 0xc8, 0x43, 0x39, 0x90, 0x83, 0x28,
    0xd4, 0x83, 0x39, 0x98, 0x43, 0x39, 0xc8, 0x03, 0x1f, 0xd4, 0x83, 0x3b, 0xcc, 0x43, 0x3a, 0x9c,
    0x83, 0x3b, 0x94, 0x03, 0x39, 0x80, 0x41, 0x3a, 0xb8, 0x03, 0x3d, 0xf8, 0x01, 0x0a, 0x00, 0xed,
    0xa4, 0x00, 0x73, 0x04, 0xa0, 0x00, 0x00, 0x00, 0x13, 0x14, 0x72, 0xc0, 0x87, 0x74, 0x60, 0x87,
    0x36, 0x68, 0x87, 0x79, 0x68, 0x03, 0x72, 0xc0, 0x87, 0x0d, 0xaf, 0x50, 0x0e, 0x6d, 0xd0, 0x0e,
    0x7a, 0x50, 0x0e, 0x6d, 0x00, 0x0f, 0x7a, 0x30, 0x07, 0x72, 0xa0, 0x07, 0x73, 0x20, 0x07, 0x6d,
    0x90, 0x0e, 0x71, 0xa0, 0x07, 0x73, 0x20, 0x07, 0x6d, 0x90, 0x0e, 0x78, 0xa0, 0x07, 0x73, 0x20,
    0x07, 0x6d, 0x90, 0x0e, 0x71, 0x60, 0x07, 0x7a, 0x30, 0x07, 0x72, 0xd0, 0x06, 0xe9, 0x30, 0x07,
    0x72, 0xa0, 0x07, 0x73, 0x20, 0x07, 0x6d, 0x90, 0x0e, 0x76, 0x40, 0x07, 0x7a, 0x60, 0x07, 0x74,
    0xd0, 0x06, 0xe6, 0x10, 0x07, 0x76, 0xa0, 0x07, 0x73, 0x20, 0x07, 0x6d, 0x60, 0x0e, 0x73, 0x20,
    0x07, 0x7a, 0x30, 0x07, 0x72, 0xd0, 0x06, 0xe6, 0x60, 0x07, 0x74, 0xa0, 0x07, 0x76, 0x40, 0x07,
    0x6d, 0xe0, 0x0e, 0x78, 0xa0, 0x07, 0x71, 0x60, 0x07, 0x7a, 0x30, 0x07, 0x72, 0xa0, 0x07, 0x76,
    0x40, 0x07, 0x3a, 0x0f, 0x24, 0x90, 0x21, 0x23, 0x45, 0x44, 0x80, 0x1d, 0x4c, 0x30, 0x9c, 0xc1,
    0x30, 0x00, 0x00, 0x10, 0x00, 0x00, 0x30, 0xe4, 0x21, 0x80, 0x00, 0x00, 0x00, 0x00, 0x00, 0x00,
    0x00, 0x00, 0x00, 0x60, 0xc8, 0x83, 0x00, 0x01, 0x10, 0x00, 0x00, 0x00, 0x00, 0x00, 0x00, 0x00,
    0xc0, 0x90, 0x47, 0x01, 0x02, 0x20, 0x00, 0x00, 0x00, 0x00, 0x00, 0x00, 0x00, 0x80, 0x21, 0x0f,
    0x03, 0x04, 0x80, 0x00, 0x00, 0x00, 0x00, 0x00, 0x00, 0x00, 0x00, 0x43, 0x9e, 0x07, 0x08, 0x00,
    0x01, 0x00, 0x00, 0x00, 0x00, 0x00, 0x00, 0x00, 0x86, 0x3c, 0x11, 0x10, 0x00, 0x01, 0x00, 0x00,
    0x00, 0x00, 0x00, 0x00, 0x00, 0x0c, 0x79, 0x2a, 0x20, 0x00, 0x06, 0x00, 0x00, 0x00, 0x00, 0x00,
    0x00, 0x00, 0x18, 0xf2, 0x60, 0x40, 0x00, 0x0c, 0x00, 0x00, 0x00, 0x00, 0x00, 0x00, 0x00, 0x90,
    0x05, 0x02, 0x00, 0x00, 0x45, 0x00, 0x00, 0x00, 0x32, 0x1e, 0x98, 0x18, 0x19, 0x11, 0x4c, 0x90,
    0x8c, 0x09, 0x26, 0x47, 0xc6, 0x04, 0x43, 0x02, 0x25, 0x30, 0x02, 0x50, 0x0c, 0x45, 0x50, 0x18,
    0x85, 0x50, 0x06, 0xe5, 0x50, 0x0a, 0x33, 0x00, 0xe5, 0x51, 0x44, 0x65, 0x52, 0xce, 0x0d, 0x45,
    0x3d, 0x50, 0x20, 0x85, 0x5a, 0x40, 0xbe, 0x40, 0xe8, 0x94, 0x44, 0x19, 0x14, 0xc2, 0x08, 0x40,
    0x09, 0x94, 0x42, 0x11, 0x14, 0x08, 0xed, 0x19, 0x00, 0xe2, 0x33, 0x00, 0xd4, 0xc7, 0xa2, 0x24,
    0x02, 0x00, 0x00, 0xe0, 0x38, 0x0e, 0x20, 0x10, 0x08, 0xe4, 0x39, 0x8e, 0xe3, 0x38, 0x28, 0x8c,
    0x05, 0x12, 0x80, 0x50, 0x20, 0x8b, 0x03, 0x4d, 0x56, 0xb6, 0x79, 0x61, 0x30, 0x06, 0x66, 0x80,
    0x06, 0x6b, 0xe0, 0x06, 0x70, 0x30, 0x07, 0x75, 0x80, 0x07, 0x7a, 0xd0, 0x07, 0x7f, 0x10, 0x0a,
    0xa4, 0x60, 0x0a, 0xa9, 0xb0, 0x0a, 0xad, 0x00, 0x0b, 0xb2, 0x40, 0x0b, 0xb7, 0x90, 0x0b, 0xbb,
    0xd0, 0x0b, 0xe0, 0x20, 0x0e, 0xe4, 0x60, 0x0e, 0xe8, 0xa0, 0x0e, 0xed, 0xf0, 0x0e, 0xf1, 0x30,
    0x0f, 0xf5, 0x70, 0x0f, 0xf9, 0xb0, 0x0f, 0xfd, 0xf0, 0x0f, 0x21, 0x41, 0x12, 0x26, 0x81, 0x12,
    0x2a, 0xc1, 0x12, 0x2d, 0xf1, 0x12, 0x31, 0x31, 0x13, 0x35, 0x71, 0x13, 0x39, 0xb1, 0x13, 0x3d,
    0xf1, 0x13, 0x61, 0x21, 0x16, 0x64, 0x61, 0x16, 0x68, 0xa1, 0x16, 0x6c, 0xd1, 0x16, 0x6f, 0x11,
    0x17, 0x73, 0x51, 0x17, 0x76, 0x81, 0x17, 0x7a, 0xc1, 0x17, 0x7d, 0xf1, 0x17, 0xa1, 0x21, 0x1a,
    0xa4, 0x61, 0x1a, 0xa8, 0x91, 0x1a, 0xab, 0xd1, 0x1a, 0xae, 0x01, 0x1b, 0xb1, 0x31, 0x1b, 0xb5,
    0x61, 0x1b, 0xb8, 0xa1, 0x1b, 0xbb, 0xd1, 0x1b, 0xbe, 0x01, 0x1e, 0xe1, 0x31, 0x1e, 0xe5, 0x61,
    0x1e, 0xe8, 0x91, 0x1e, 0xeb, 0xc1, 0x1e, 0xee, 0xf1, 0x1e, 0xf1, 0x21, 0x1f, 0xf4, 0x51, 0x1f,
    0xf7, 0x81, 0x1f, 0xfa, 0xb1, 0x1f, 0xfd, 0xe1, 0x1f, 0x00, 0x00, 0x00, 0x79, 0x18, 0x00, 0x00,
    0xac, 0x00, 0x00, 0x00, 0x1a, 0x03, 0x4c, 0x90, 0x46, 0x02, 0x13, 0xc4, 0x8e, 0x0c, 0x6f, 0xec,
    0xed, 0x4d, 0x0c, 0x24, 0xc6, 0x25, 0xc7, 0x45, 0xc6, 0x06, 0x26, 0xc7, 0xa5, 0x06, 0x04, 0x05,
    0x26, 0x46, 0xcc, 0x46, 0x26, 0x8c, 0x8c, 0xe6, 0x26, 0x65, 0x43, 0x10, 0x4c, 0x10, 0x80, 0x64,
    0x82, 0x00, 0x28, 0x1b, 0x84, 0x81, 0xd8, 0x20, 0x10, 0x04, 0x05, 0xb8, 0xb9, 0x09, 0x02, 0xb0,
    0x6c, 0x18, 0x0e, 0x84, 0x98, 0x20, 0x70, 0x64, 0x40, 0x83, 0xae, 0x0c, 0x4f, 0x2e, 0xac, 0x6d,
    0x82, 0x00, 0x30, 0x13, 0x04, 0xa0, 0x99, 0x20, 0x00, 0xce, 0x06, 0x61, 0x70, 0x36, 0x24, 0x84,
    0xb2, 0x30, 0xc4, 0xd0, 0x10, 0x0f, 0x0f, 0xb6, 0xba, 0xb6, 0x30, 0xb9, 0xb0, 0xb6, 0x0d, 0xc9,
    0xa0, 0x44, 0xcc, 0x30, 0x34, 0xc4, 0x43, 0x02, 0x8f, 0x2d, 0x8c, 0x6e, 0x43, 0xc2, 0x28, 0x13,
    0xc3, 0x0c, 0x0d, 0xf1, 0x6c, 0x18, 0x20, 0x89, 0xda, 0x40, 0x54, 0x00, 0x00, 0x4c, 0x10, 0xb6,
    0x31, 0x60, 0x80, 0x36, 0x41, 0x00, 0x9e, 0x09, 0x02, 0x00, 0x4d, 0x10, 0x80, 0x68, 0x83, 0x81,
    0x60, 0x19, 0xa1, 0x6d, 0x13, 0x04, 0x40, 0xda, 0x20, 0x10, 0xdd, 0x86, 0xc0, 0xdb, 0x20, 0x10,
    0xdf, 0x86, 0xc1, 0xe1, 0xc0, 0x60, 0xc3, 0x40, 0x5c, 0x61, 0x30, 0x41, 0x28, 0x82, 0x0d, 0xc0,
    0x86, 0x81, 0x20, 0x03, 0x32, 0xd8, 0x10, 0x94, 0xc1, 0x86, 0x61, 0x18, 0x03, 0x33, 0x98, 0x20,
    0x74, 0x65, 0xb0, 0x21, 0x40, 0x03, 0x1e, 0x70, 0x73, 0x5f, 0x70, 0x6f, 0x6c, 0x79, 0x5c, 0xa6,
    0xac, 0xbe, 0xa0, 0xde, 0xe6, 0xd2, 0xe8, 0xd2, 0xde, 0xdc, 0x26, 0x08, 0xc7, 0x36, 0x41, 0x38,
    0xb8, 0x0d, 0x01, 0x31, 0x41, 0x38, 0xba, 0x09, 0xc2, 0xe1, 0x6d, 0x10, 0xb2, 0x6c, 0xc3, 0x42,
    0xac, 0x01, 0x1b, 0xb4, 0x81, 0x1b, 0xbc, 0xc1, 0xf0, 0x06, 0x04, 0x1c, 0xc4, 0x01, 0x11, 0xaa,
    0x22, 0xac, 0xa1, 0xa7, 0x27, 0x29, 0xa2, 0x0d, 0x42, 0xa6, 0x6d, 0x58, 0x86, 0x39, 0x60, 0x03,
    0x38, 0x70, 0x83, 0x37, 0x18, 0xda, 0x60, 0x80, 0x03, 0x3a, 0xd8, 0x10, 0x0c, 0x13, 0x84, 0xe3,
    0x9b, 0x20, 0x00, 0xd3, 0x06, 0x21, 0xc3, 0x83, 0x0d, 0x0b, 0x33, 0x07, 0x6c, 0x00, 0x07, 0x76,
    0x70, 0x07, 0xc3, 0x1b, 0x30, 0x70, 0x90, 0x07, 0x13, 0x84, 0x03, 0x0c, 0x36, 0x04, 0xcc, 0x86,
    0x25, 0x9b, 0x83, 0x3d, 0x80, 0x03, 0x3e, 0xb8, 0x83, 0xe1, 0x0d, 0x32, 0x38, 0xc8, 0x83, 0x0d,
    0x41, 0x36, 0x41, 0x38, 0xc2, 0x60, 0xc3, 0xe2, 0xcc, 0xc1, 0x1e, 0xc0, 0x81, 0x1f, 0xdc, 0xc1,
    0xf0, 0x07, 0x0e, 0x1c, 0xc4, 0xc1, 0x86, 0x42, 0x0e, 0xea, 0x40, 0x0f, 0xfa, 0x00, 0x14, 0x98,
    0x4c, 0x59, 0x7d, 0x51, 0x85, 0xc9, 0x9d, 0x95, 0xd1, 0x4d, 0x10, 0x0e, 0x31, 0xd8, 0xb0, 0x10,
    0xa2, 0xc0, 0x06, 0xa3, 0xe0, 0x06, 0x70, 0x30, 0xbc, 0x01, 0x01, 0x07, 0x79, 0xb0, 0x21, 0x20,
    0x85, 0x0d, 0x43, 0x28, 0x94, 0x02, 0x30, 0x41, 0xf0, 0xb4, 0x0d, 0x02, 0x71, 0x0a, 0x1b, 0x8a,
    0x31, 0x50, 0x03, 0x53, 0xb0, 0x50, 0x81, 0x88, 0x98, 0x5c, 0x98, 0xdb, 0x18, 0x5a, 0xd9, 0xdc,
    0x04, 0x01, 0xa0, 0x68, 0x98, 0xb1, 0xbd, 0x85, 0xd1, 0xcd, 0x4d, 0x10, 0x80, 0x8a, 0x45, 0x9a,
    0xdb, 0x1c, 0xdd, 0xdc, 0x04, 0x01, 0xb0, 0x48, 0xa4, 0xb9, 0xd1, 0xcd, 0x4d, 0x10, 0x80, 0x8b,
    0xc6, 0x5c, 0xda, 0xd9, 0x17, 0x1b, 0x19, 0x8d, 0xb9, 0xb4, 0xb3, 0xaf, 0x39, 0x3a, 0x22, 0x74,
    0x65, 0x78, 0x5f, 0x6c, 0x6f, 0x61, 0x64, 0x13, 0x04, 0x00, 0x63, 0x51, 0x97, 0xe6, 0x46, 0x37,
    0x37, 0x41, 0x00, 0xb2, 0x0d, 0x90, 0x2a, 0xac, 0x02, 0x2b, 0xb4, 0x82, 0x2b, 0xbc, 0x02, 0x2c,
    0xc4, 0x82, 0x2c, 0xe0, 0xc1, 0x2c, 0x38, 0xb4, 0x50, 0x0b, 0xb6, 0x70, 0x0b, 0x55, 0xd8, 0xd8,
    0xec, 0xda, 0x5c, 0xd2, 0xc8, 0xca, 0xdc, 0xe8, 0xa6, 0x04, 0x41, 0x15, 0x32, 0x3c, 0x17, 0xbb,
    0x32, 0xb9, 0xb9, 0xb4, 0x37, 0xb7, 0x29, 0x01, 0xd1, 0x84, 0x0c, 0xcf, 0xc5, 0x2e, 0x8c, 0xcd,
    0xae, 0x4c, 0x6e, 0x4a, 0x50, 0xd4, 0x21, 0xc3, 0x73, 0x99, 0x43, 0x0b, 0x23, 0x2b, 0x93, 0x6b,
    0x7a, 0x23, 0x2b, 0x63, 0x9b, 0x12, 0x20, 0x65, 0xc8, 0xf0, 0x5c, 0xe4, 0xca, 0xe6, 0xde, 0xea,
    0xe4, 0xc6, 0xca, 0xe6, 0xa6, 0x04, 0x55, 0x25, 0x32, 0x3c, 0x17, 0xba, 0x3c, 0xb8, 0xb2, 0x20,
    0x37, 0xb7, 0x37, 0xba, 0x30, 0xba, 0xb4, 0x37, 0xb7, 0xb9, 0x29, 0x42, 0x18, 0x98, 0x41, 0x1d,
    0x32, 0x3c, 0x17, 0xbb, 0xb4, 0xb2, 0xbb, 0x24, 0xb2, 0x29, 0xba, 0x30, 0xba, 0xb2, 0x29, 0x01,
    0x1a, 0xd4, 0x21, 0xc3, 0x73, 0x29, 0x73, 0xa3, 0x93, 0xcb, 0x83, 0x7a, 0x4b, 0x73, 0xa3, 0x9b,
    0x9b, 0x12, 0xa0, 0x42, 0x17, 0x32, 0x3c, 0x97, 0xb1, 0xb7, 0x3a, 0x37, 0xba, 0x32, 0xb9, 0xb9,
    0x29, 0xc1, 0x2d, 0x00, 0x79, 0x18, 0x00, 0x00, 0x51, 0x00, 0x00, 0x00, 0x33, 0x08, 0x80, 0x1c,
    0xc4, 0xe1, 0x1c, 0x66, 0x14, 0x01, 0x3d, 0x88, 0x43, 0x38, 0x84, 0xc3, 0x8c, 0x42, 0x80, 0x07,
    0x79, 0x78, 0x07, 0x73, 0x98, 0x71, 0x0c, 0xe6, 0x00, 0x0f, 0xed, 0x10, 0x0e, 0xf4, 0x80, 0x0e,
    0x33, 0x0c, 0x42, 0x1e, 0xc2, 0xc1, 0x1d, 0xce, 0xa1, 0x1c, 0x66, 0x30, 0x05, 0x3d, 0x88, 0x43,
    0x38, 0x84, 0x83, 0x1b, 0xcc, 0x03, 0x3d, 0xc8, 0x43, 0x3d, 0x8c, 0x03, 0x3d, 0xcc, 0x78, 0x8c,
    0x74, 0x70, 0x07, 0x7b, 0x08, 0x07, 0x79, 0x48, 0x87, 0x70, 0x70, 0x07, 0x7a, 0x70, 0x03, 0x76,
    0x78, 0x87, 0x70, 0x20, 0x87, 0x19, 0xcc, 0x11, 0x0e, 0xec, 0x90, 0x0e, 0xe1, 0x30, 0x0f, 0x6e,
    0x30, 0x0f, 0xe3, 0xf0, 0x0e, 0xf0, 0x50, 0x0e, 0x33, 0x10, 0xc4, 0x1d, 0xde, 0x21, 0x1c, 0xd8,
    0x21, 0x1d, 0xc2, 0x61, 0x1e, 0x66, 0x30, 0x89, 0x3b, 0xbc, 0x83, 0x3b, 0xd0, 0x43, 0x39, 0xb4,
    0x03, 0x3c, 0xbc, 0x83, 0x3c, 0x84, 0x03, 0x3b, 0xcc, 0xf0, 0x14, 0x76, 0x60, 0x07, 0x7b, 0x68,
    0x07, 0x37, 0x68, 0x87, 0x72, 0x68, 0x07, 0x37, 0x80, 0x87, 0x70, 0x90, 0x87, 0x70, 0x60, 0x07,
    0x76, 0x28, 0x07, 0x76, 0xf8, 0x05, 0x76, 0x78, 0x87, 0x77, 0x80, 0x87, 0x5f, 0x08, 0x87, 0x71,
    0x18, 0x87, 0x72, 0x98, 0x87, 0x79, 0x98, 0x81, 0x2c, 0xee, 0xf0, 0x0e, 0xee, 0xe0, 0x0e, 0xf5,
    0xc0, 0x0e, 0xec, 0x30, 0x03, 0x62, 0xc8, 0xa1, 0x1c, 0xe4, 0xa1, 0x1c, 0xcc, 0xa1, 0x1c, 0xe4,
    0xa1, 0x1c, 0xdc, 0x61, 0x1c, 0xca, 0x21, 0x1c, 0xc4, 0x81, 0x1d, 0xca, 0x61, 0x06, 0xd6, 0x90,
    0x43, 0x39, 0xc8, 0x43, 0x39, 0x98, 0x43, 0x39, 0xc8, 0x43, 0x39, 0xb8, 0xc3, 0x38, 0x94, 0x43,
    0x38, 0x88, 0x03, 0x3b, 0x94, 0xc3, 0x2f, 0xbc, 0x83, 0x3c, 0xfc, 0x82, 0x3b, 0xd4, 0x03, 0x3b,
    0xb0, 0xc3, 0x0c, 0xc4, 0x21, 0x07, 0x7c, 0x70, 0x03, 0x7a, 0x28, 0x87, 0x76, 0x80, 0x87, 0x19,
    0xd1, 0x43, 0x0e, 0xf8, 0xe0, 0x06, 0xe4, 0x20, 0x0e, 0xe7, 0xe0, 0x06, 0xf6, 0x10, 0x0e, 0xf2,
    0xc0, 0x0e, 0xe1, 0x90, 0x0f, 0xef, 0x50, 0x0f, 0xf4, 0x30, 0x83, 0x81, 0xc8, 0x01, 0x1f, 0xdc,
    0x40, 0x1c, 0xe4, 0xa1, 0x1c, 0xc2, 0x61, 0x1d, 0xdc, 0x40, 0x1c, 0xe4, 0x01, 0x00, 0x00, 0x00,
    0x71, 0x20, 0x00, 0x00, 0x20, 0x00, 0x00, 0x00, 0x66, 0x00, 0x0d, 0x97, 0xef, 0x3c, 0x7e, 0x80,
    0x34, 0x40, 0x84, 0xf9, 0xc8, 0x6d, 0x1b, 0x02, 0x35, 0x5c, 0xbe, 0xf3, 0xf8, 0x01, 0x55, 0x14,
    0x44, 0x54, 0x3a, 0xc0, 0xe0, 0x23, 0xb7, 0x6d, 0x07, 0xd2, 0x70, 0xf9, 0xce, 0xe3, 0x0b, 0x11,
    0x01, 0x4c, 0x44, 0x08, 0x34, 0xc3, 0x42, 0x58, 0x41, 0x33, 0x5c, 0xbe, 0xf3, 0xf8, 0x03, 0x22,
    0x09, 0x40, 0x34, 0x98, 0xc0, 0x34, 0x5c, 0xbe, 0xf3, 0xf8, 0x8b, 0x03, 0x0c, 0x62, 0xf3, 0x50,
    0x93, 0x5f, 0xdc, 0xb6, 0x0d, 0x4c, 0xc3, 0xe5, 0x3b, 0x8f, 0xbf, 0x38, 0xc0, 0x20, 0x36, 0x0f,
    0x35, 0xf9, 0xc8, 0x6d, 0x1b, 0x41, 0x35, 0x5c, 0xbe, 0xf3, 0xf8, 0xd2, 0xe4, 0x44, 0x04, 0x4a,
    0x4d, 0x0f, 0x35, 0xf9, 0xc5, 0x6d, 0x1b, 0x80, 0xb2, 0x38, 0x86, 0xfd, 0x4f, 0x40, 0xb0, 0x10,
    0x16, 0x70, 0x3c, 0xd2, 0xff, 0x38, 0x0b, 0x06, 0x00, 0x00, 0x00, 0x00, 0x48, 0x41, 0x53, 0x48,
    0x14, 0x00, 0x00, 0x00, 0x00, 0x00, 0x00, 0x00, 0x0d, 0xc1, 0x23, 0x58, 0x28, 0xac, 0x8d, 0x90,
    0x6e, 0xbf, 0xd4, 0xd8, 0xcb, 0x1f, 0x18, 0x51, 0x44, 0x58, 0x49, 0x4c, 0x7c, 0x18, 0x00, 0x00,
    0x60, 0x00, 0x00, 0x00, 0x1f, 0x06, 0x00, 0x00, 0x44, 0x58, 0x49, 0x4c, 0x00, 0x01, 0x00, 0x00,
    0x10, 0x00, 0x00, 0x00, 0x64, 0x18, 0x00, 0x00, 0x42, 0x43, 0xc0, 0xde, 0x21, 0x0c, 0x00, 0x00,
    0x16, 0x06, 0x00, 0x00, 0x0b, 0x82, 0x20, 0x00, 0x02, 0x00, 0x00, 0x00, 0x13, 0x00, 0x00, 0x00,
    0x07, 0x81, 0x23, 0x91, 0x41, 0xc8, 0x04, 0x49, 0x06, 0x10, 0x32, 0x39, 0x92, 0x01, 0x84, 0x0c,
    0x25, 0x05, 0x08, 0x19, 0x1e, 0x04, 0x8b, 0x62, 0x80, 0x18, 0x45, 0x02, 0x42, 0x92, 0x0b, 0x42,
    0xc4, 0x10, 0x32, 0x14, 0x38, 0x08, 0x18, 0x4b, 0x0a, 0x32, 0x62, 0x88, 0x48, 0x90, 0x14, 0x20,
    0x43, 0x46, 0x88, 0xa5, 0x00, 0x19, 0x32, 0x42, 0xe4, 0x48, 0x0e, 0x90, 0x11, 0x23, 0xc4, 0x50,
    0x41, 0x51, 0x81, 0x8c, 0xe1, 0x83, 0xe5, 0x8a, 0x04, 0x31, 0x46, 0x06, 0x51, 0x18, 0x00, 0x00,
    0x08, 0x00, 0x00, 0x00, 0x1b, 0x8c, 0xe0, 0xff, 0xff, 0xff, 0xff, 0x07, 0x40, 0x02, 0xa8, 0x0d,
    0x84, 0xf0, 0xff, 0xff, 0xff, 0xff, 0x03, 0x20, 0x6d, 0x30, 0x86, 0xff, 0xff, 0xff, 0xff, 0x1f,
    0x00, 0x09, 0xa8, 0x00, 0x49, 0x18, 0x00, 0x00, 0x03, 0x00, 0x00, 0x00, 0x13, 0x82, 0x60, 0x42,
    0x20, 0x4c, 0x08, 0x06, 0x00, 0x00, 0x00, 0x00, 0x89, 0x20, 0x00, 0x00, 0x34, 0x00, 0x00, 0x00,
    0x32, 0x22, 0x88, 0x09, 0x20, 0x64, 0x85, 0x04, 0x13, 0x23, 0xa4, 0x84, 0x04, 0x13, 0x23, 0xe3,
    0x84, 0xa1, 0x90, 0x14, 0x12, 0x4c, 0x8c, 0x8c, 0x0b, 0x84, 0xc4, 0x4c, 0x10, 0x84, 0xc1, 0x1c,
    0x01, 0x18, 0x24, 0x60, 0x00, 0x40, 0xc1, 0x08, 0x40, 0x09, 0x06, 0x22, 0x66, 0x00, 0xe6, 0x08,
    0x90, 0x62, 0x18, 0x00, 0x00, 0x1c, 0x00, 0x21, 0xc5, 0x00, 0x00, 0x00, 0x38, 0x00, 0x52, 0x8a,
    0x31, 0x00, 0x00, 0x70, 0x18, 0xc4, 0xcc, 0x11, 0x04, 0x65, 0x18, 0x00, 0x87, 0x9e, 0x42, 0x00,
    0x00, 0x00, 0x50, 0x44, 0xc7, 0x3d, 0xc3, 0xe5, 0x4f, 0xd8, 0x43, 0x48, 0x7e, 0x08, 0x34, 0xc3,
    0x42, 0xa0, 0x60, 0x2a, 0x06, 0x05, 0x1c, 0x00, 0xe0, 0x50, 0x75, 0xd3, 0x70, 0xf9, 0x13, 0xf6,
    0x10, 0x92, 0xbf, 0x12, 0xd2, 0x4a, 0x4c, 0x3e, 0x72, 0xdb, 0xa8, 0x00, 0x00, 0x00, 0x00, 0x4a,
    0x71, 0x01, 0x14, 0x00, 0x10, 0x36, 0x10, 0x30, 0x13, 0x19, 0x8c, 0x03, 0x3b, 0x84, 0xc3, 0x3c,
    0xcc, 0x83, 0x1b, 0xcc, 0x02, 0x3d, 0xc8, 0x43, 0x3d, 0x8c, 0x03, 0x3d, 0xd4, 0x83, 0x3c, 0x94,
    0x03, 0x39, 0x88, 0x42, 0x3d, 0x98, 0x83, 0x39, 0x94, 0x83, 0x3c, 0xf0, 0x41, 0x3d, 0xb8, 0xc3,
    0x3c, 0xa4, 0xc3, 0x39, 0xb8, 0x43, 0x39, 0x90, 0x03, 0x18, 0xa4, 0x83, 0x3b, 0xd0, 0x83, 0x1f,
    0xa0, 0x00, 0xa0, 0x2d, 0x29, 0x80, 0x39, 0x02, 0x50, 0x98, 0x02, 0x20, 0x00, 0x00, 0x00, 0x00,
    0x13, 0x14, 0x72, 0xc0, 0x87, 0x74, 0x60, 0x87, 0x36, 0x68, 0x87, 0x79, 0x68, 0x03, 0x72, 0xc0,
    0x87, 0x0d, 0xaf, 0x50, 0x0e, 0x6d, 0xd0, 0x0e, 0x7a, 0x50, 0x0e, 0x6d, 0x00, 0x0f, 0x7a, 0x30,
    0x07, 0x72, 0xa0, 0x07, 0x73, 0x20, 0x07, 0x6d, 0x90, 0x0e, 0x71, 0xa0, 0x07, 0x73, 0x20, 0x07,
    0x6d, 0x90, 0x0e, 0x78, 0xa0, 0x07, 0x73, 0x20, 0x07, 0x6d, 0x90, 0x0e, 0x71, 0x60, 0x07, 0x7a,
    0x30, 0x07, 0x72, 0xd0, 0x06, 0xe9, 0x30, 0x07, 0x72, 0xa0, 0x07, 0x73, 0x20, 0x07, 0x6d, 0x90,
    0x0e, 0x76, 0x40, 0x07, 0x7a, 0x60, 0x07, 0x74, 0xd0, 0x06, 0xe6, 0x10, 0x07, 0x76, 0xa0, 0x07,
    0x73, 0x20, 0x07, 0x6d, 0x60, 0x0e, 0x73, 0x20, 0x07, 0x7a, 0x30, 0x07, 0x72, 0xd0, 0x06, 0xe6,
    0x60, 0x07, 0x74, 0xa0, 0x07, 0x76, 0x40, 0x07, 0x6d, 0xe0, 0x0e, 0x78, 0xa0, 0x07, 0x71, 0x60,
    0x07, 0x7a, 0x30, 0x07, 0x72, 0xa0, 0x07, 0x76, 0x40, 0x07, 0x3a, 0x0f, 0x24, 0x90, 0x21, 0x23,
    0x45, 0x44, 0x80, 0x1d, 0x4c, 0x30, 0x80, 0xc1, 0x30, 0x00, 0x00, 0x10, 0x00, 0x00, 0x30, 0xe4,
    0x21, 0x00, 0x00, 0x00, 0x00, 0x00, 0x00, 0x00, 0x00, 0x00, 0x00, 0x60, 0xc8, 0x83, 0x00, 0x01,
    0x10, 0x00, 0x00, 0x00, 0x00, 0x00, 0x00, 0x00, 0xc0, 0x90, 0x47, 0x01, 0x02, 0x20, 0x00, 0x00,
    0x00, 0x00, 0x00, 0x00, 0x00, 0x80, 0x21, 0x0f, 0x03, 0x04, 0x80, 0x00, 0x00, 0x00, 0x00, 0x00,
    0x00, 0x00, 0x00, 0x43, 0x9e, 0x07, 0x08, 0x00, 0x01, 0x00, 0x00, 0x00, 0x00, 0x00, 0x00, 0x00,
    0x86, 0x3c, 0x11, 0x10, 0x00, 0x01, 0x00, 0x00, 0x00, 0x00, 0x00, 0x00, 0x00, 0x0c, 0x79, 0x2a,
    0x20, 0x00, 0x06, 0x00, 0x00, 0x00, 0x00, 0x00, 0x00, 0x00, 0x18, 0xf2, 0x60, 0x40, 0x00, 0x0c,
    0x00, 0x00, 0x00, 0x00, 0x00, 0x00, 0x00, 0x90, 0x05, 0x02, 0x00, 0x00, 0x42, 0x00, 0x00, 0x00,
    0x32, 0x1e, 0x98, 0x18, 0x19, 0x11, 0x4c, 0x90, 0x8c, 0x09, 0x26, 0x47, 0xc6, 0x04, 0x43, 0x02,
    0x4a, 0x60, 0x04, 0xa0, 0x24, 0x8a, 0xa1, 0x08, 0x0a, 0xa3, 0x10, 0xca, 0xa0, 0x1c, 0xca, 0x83,
    0xbc, 0x11, 0x00, 0x3a, 0x4a, 0xa2, 0x0c, 0x0a, 0x61, 0x04, 0xa0, 0x04, 0x4a, 0xa1, 0x08, 0x0a,
    0x84, 0xbc, 0x02, 0xa1, 0x6e, 0x2c, 0x4a, 0x22, 0x00, 0x00, 0x00, 0x8e, 0xe3, 0x00, 0x02, 0x81,
    0x40, 0x9e, 0xe3, 0x38, 0x8e, 0x83, 0xb8, 0x19, 0x00, 0x0a, 0xc6, 0x02, 0x09, 0x40, 0x28, 0x90,
    0xc5, 0x81, 0x26, 0x2b, 0xdb, 0xbc, 0x30, 0x18, 0x03, 0x33, 0x40, 0x83, 0x35, 0x70, 0x03, 0x38,
    0x98, 0x83, 0x3a, 0xc0, 0x03, 0x3d, 0xe8, 0x83, 0x3f, 0x08, 0x05, 0x52, 0x30, 0x85, 0x54, 0x58,
    0x85, 0x56, 0x80, 0x05, 0x59, 0xa0, 0x85, 0x5b, 0xc8, 0x85, 0x5d, 0xe8, 0x05, 0x70, 0x10, 0x07,
    0x72, 0x30, 0x07, 0x74, 0x50, 0x87, 0x76, 0x78, 0x87, 0x78, 0x98, 0x87, 0x7a, 0xb8, 0x87, 0x7c,
    0xd8, 0x87, 0x7e, 0xf8, 0x87, 0x90, 0x20, 0x09, 0x93, 0x40, 0x09, 0x95, 0x60, 0x89, 0x96, 0x78,
    0x89, 0x98, 0x98, 0x89, 0x9a, 0xb8, 0x89, 0x9c, 0xd8, 0x89, 0x9e, 0xf8, 0x89, 0xb0, 0x10, 0x0b,
    0xb2, 0x30, 0x0b, 0xb4, 0x50, 0x0b, 0xb6, 0x68, 0x8b, 0xb7, 0x88, 0x8b, 0xb9, 0xa8, 0x0b, 0xbb,
    0xc0, 0x0b, 0xbd, 0xe0, 0x8b, 0xbe, 0xf8, 0x8b, 0xd0, 0x10, 0x0d, 0xd2, 0x30, 0x0d, 0xd4, 0x48,
    0x8d, 0xd5, 0x68, 0x0d, 0xd7, 0x80, 0x8d, 0xd8, 0x98, 0x8d, 0xda, 0xb0, 0x0d, 0xdc, 0xd0, 0x8d,
    0xdd, 0xe8, 0x0d, 0xdf, 0x00, 0x8f, 0xf0, 0x18, 0x8f, 0xf2, 0x30, 0x0f, 0xf4, 0x48, 0x8f, 0xf5,
    0x60, 0x0f, 0xf7, 0x78, 0x8f, 0xf8, 0x90, 0x0f, 0xfa, 0xa8, 0x8f, 0xfb, 0xc0, 0x0f, 0xfd, 0xd8,
    0x8f, 0xfe, 0xf0, 0x0f, 0x00, 0x00, 0x00, 0x00, 0x79, 0x18, 0x00, 0x00, 0x82, 0x00, 0x00, 0x00,
    0x1a, 0x03, 0x4c, 0x90, 0x46, 0x02, 0x13, 0xc4, 0x8e, 0x0c, 0x6f, 0xec, 0xed, 0x4d, 0x0c, 0x24,
    0xc6, 0x25, 0xc7, 0x45, 0xc6, 0x06, 0x26, 0xc7, 0xa5, 0x06, 0x04, 0x05, 0x26, 0x46, 0xcc, 0x46,
    0x26, 0x8c, 0x8c, 0xe6, 0x26, 0x65, 0x43, 0x10, 0x4c, 0x10, 0x80, 0x64, 0x82, 0x00, 0x28, 0x1b,
    0x84, 0x81, 0x98, 0x20, 0x00, 0xcb, 0x06, 0x61, 0x30, 0x28, 0xc0, 0xcd, 0x4d, 0x10, 0x00, 0x66,
    0xc3, 0x80, 0x24, 0xc4, 0x04, 0x81, 0xf3, 0x08, 0x4c, 0x10, 0x80, 0x66, 0x82, 0x00, 0x38, 0x13,
    0x04, 0xe0, 0xd9, 0x20, 0x0c, 0xcf, 0x86, 0x84, 0x58, 0x98, 0x86, 0x18, 0x1c, 0x02, 0xda, 0x90,
    0x0c, 0x0b, 0xd3, 0x0c, 0x83, 0x43, 0x40, 0x1b, 0x92, 0x66, 0x61, 0x9a, 0x66, 0x70, 0x08, 0x68,
    0xc3, 0x10, 0x49, 0xd3, 0x06, 0x82, 0x02, 0x00, 0x60, 0x82, 0xd0, 0x75, 0x1b, 0x02, 0x6b, 0x82,
    0x50, 0x04, 0x3c, 0xe0, 0xe6, 0xbe, 0xe0, 0xde, 0xd8, 0xf2, 0xb8, 0x4c, 0x59, 0x7d, 0x41, 0xbd,
    0xcd, 0xa5, 0xd1, 0xa5, 0xbd, 0xb9, 0x4d, 0x10, 0x0e, 0x6a, 0x82, 0x70, 0x54, 0x1b, 0x02, 0x62,
    0x82, 0x70, 0x58, 0x13, 0x84, 0xe3, 0x9a, 0x20, 0x00, 0xd0, 0x06, 0x01, 0x0c, 0xc0, 0x60, 0xc3,
    0x42, 0x68, 0x1b, 0xd7, 0x79, 0x83, 0x47, 0x7c, 0x61, 0x40, 0x84, 0xaa, 0x08, 0x6b, 0xe8, 0xe9,
    0x49, 0x8a, 0x68, 0x82, 0x00, 0x44, 0x1b, 0x04, 0x30, 0x20, 0x83, 0x0d, 0xcb, 0x30, 0x06, 0xdb,
    0xd7, 0x79, 0x03, 0x37, 0x7c, 0x65, 0xb0, 0x21, 0x18, 0x26, 0x08, 0x07, 0x36, 0x41, 0x00, 0xa4,
    0x0d, 0x02, 0x18, 0xa4, 0xc1, 0x86, 0xa5, 0x19, 0x83, 0xed, 0x3b, 0x03, 0x34, 0x18, 0xbc, 0xe6,
    0x53, 0x83, 0x09, 0xc2, 0x91, 0x6d, 0x08, 0x9a, 0x0d, 0x0b, 0x18, 0x8c, 0x01, 0x1b, 0x7c, 0x6d,
    0x80, 0x06, 0x83, 0x07, 0x06, 0x9f, 0x1a, 0x6c, 0x08, 0xc0, 0x60, 0x82, 0x70, 0x68, 0x1b, 0x96,
    0x67, 0x0c, 0xd8, 0xe0, 0x7b, 0x03, 0x34, 0x18, 0xe0, 0xe0, 0xf9, 0xc2, 0x60, 0x43, 0x21, 0x06,
    0x66, 0xb0, 0x06, 0x6e, 0x10, 0x07, 0x4c, 0xa6, 0xac, 0xbe, 0xa8, 0xc2, 0xe4, 0xce, 0xca, 0xe8,
    0x26, 0x08, 0xc7, 0xb6, 0x61, 0x21, 0xe6, 0x60, 0xa3, 0x83, 0xee, 0x1b, 0x3c, 0xe2, 0x53, 0x83,
    0x0d, 0x41, 0x1d, 0x6c, 0x18, 0xe4, 0xc0, 0x0e, 0x80, 0x09, 0x82, 0xc7, 0x6d, 0x10, 0x08, 0x3c,
    0xd8, 0x50, 0x60, 0xd9, 0x1d, 0x54, 0x79, 0xc0, 0x21, 0xcd, 0x8d, 0x8e, 0xcf, 0x5b, 0x9b, 0x5b,
    0x1a, 0xdc, 0x1b, 0x5d, 0x99, 0x1b, 0x1d, 0xc8, 0x18, 0x5a, 0x98, 0x1c, 0xa3, 0xa9, 0xb4, 0x36,
    0x38, 0xb6, 0x32, 0x90, 0xa1, 0x97, 0xa1, 0x95, 0x15, 0x10, 0x2a, 0xa1, 0xa0, 0xa0, 0x0d, 0x41,
    0x1f, 0x4c, 0x10, 0xbc, 0x69, 0xc3, 0xc0, 0x07, 0x7e, 0xf0, 0x07, 0x1b, 0x86, 0x3d, 0x00, 0x85,
    0x3f, 0xd8, 0x30, 0x84, 0x42, 0x28, 0xfc, 0x41, 0x15, 0x36, 0x36, 0xbb, 0x36, 0x97, 0x34, 0xb2,
    0x32, 0x37, 0xba, 0x29, 0x41, 0x50, 0x85, 0x0c, 0xcf, 0xc5, 0xae, 0x4c, 0x6e, 0x2e, 0xed, 0xcd,
    0x6d, 0x4a, 0x40, 0x34, 0x21, 0xc3, 0x73, 0xb1, 0x0b, 0x63, 0xb3, 0x2b, 0x93, 0x9b, 0x12, 0x18,
    0x75, 0xc8, 0xf0, 0x5c, 0xe6, 0xd0, 0xc2, 0xc8, 0xca, 0xe4, 0x9a, 0xde, 0xc8, 0xca, 0xd8, 0xa6,
    0x04, 0x49, 0x19, 0x32, 0x3c, 0x17, 0xb9, 0xb2, 0xb9, 0xb7, 0x3a, 0xb9, 0xb1, 0xb2, 0xb9, 0x29,
    0x01, 0x55, 0x87, 0x0c, 0xcf, 0xc5, 0x2e, 0xad, 0xec, 0x2e, 0x89, 0x6c, 0x8a, 0x2e, 0x8c, 0xae,
    0x6c, 0x4a, 0x60, 0xd5, 0x21, 0xc3, 0x73, 0x29, 0x73, 0xa3, 0x93, 0xcb, 0x83, 0x7a, 0x4b, 0x73,
    0xa3, 0x9b, 0x9b, 0x12, 0xe4, 0x01, 0x00, 0x00, 0x79, 0x18, 0x00, 0x00, 0x51, 0x00, 0x00, 0x00,
    0x33, 0x08, 0x80, 0x1c, 0xc4, 0xe1, 0x1c, 0x66, 0x14, 0x01, 0x3d, 0x88, 0x43, 0x38, 0x84, 0xc3,
    0x8c, 0x42, 0x80, 0x07, 0x79, 0x78, 0x07, 0x73, 0x98, 0x71, 0x0c, 0xe6, 0x00, 0x0f, 0xed, 0x10,
    0x0e, 0xf4, 0x80, 0x0e, 0x33, 0x0c, 0x42, 0x1e, 0xc2, 0xc1, 0x1d, 0xce, 0xa1, 0x1c, 0x66, 0x30,
    0x05, 0x3d, 0x88, 0x43, 0x38, 0x84, 0x83, 0x1b, 0xcc, 0x03, 0x3d, 0xc8, 0x43, 0x3d, 0x8c, 0x03,
    0x3d, 0xcc, 0x78, 0x8c, 0x74, 0x70, 0x07, 0x7b, 0x08, 0x07, 0x79, 0x48, 0x87, 0x70, 0x70, 0x07,
    0x7a, 0x70, 0x03, 0x76, 0x78, 0x87, 0x70, 0x20, 0x87, 0x19, 0xcc, 0x11, 0x0e, 0xec, 0x90, 0x0e,
    0xe1, 0x30, 0x0f, 0x6e, 0x30, 0x0f, 0xe3, 0xf0, 0x0e, 0xf0, 0x50, 0x0e, 0x33, 0x10, 0xc4, 0x1d,
    0xde, 0x21, 0x1c, 0xd8, 0x21, 0x1d, 0xc2, 0x61, 0x1e, 0x66, 0x30, 0x89, 0x3b, 0xbc, 0x83, 0x3b,
    0xd0, 0x43, 0x39, 0xb4, 0x03, 0x3c, 0xbc, 0x83, 0x3c, 0x84, 0x03, 0x3b, 0xcc, 0xf0, 0x14, 0x76,
    0x60, 0x07, 0x7b, 0x68, 0x07, 0x37, 0x68, 0x87, 0x72, 0x68, 0x07, 0x37, 0x80, 0x87, 0x70, 0x90,
    0x87, 0x70, 0x60, 0x07, 0x76, 0x28, 0x07, 0x76, 0xf8, 0x05, 0x76, 0x78, 0x87, 0x77, 0x80, 0x87,
    0x5f, 0x08, 0x87, 0x71, 0x18, 0x87, 0x72, 0x98, 0x87, 0x79, 0x98, 0x81, 0x2c, 0xee, 0xf0, 0x0e,
    0xee, 0xe0, 0x0e, 0xf5, 0xc0, 0x0e, 0xec, 0x30, 0x03, 0x62, 0xc8, 0xa1, 0x1c, 0xe4, 0xa1, 0x1c,
    0xcc, 0xa1, 0x1c, 0xe4, 0xa1, 0x1c, 0xdc, 0x61, 0x1c, 0xca, 0x21, 0x1c, 0xc4, 0x81, 0x1d, 0xca,
    0x61, 0x06, 0xd6, 0x90, 0x43, 0x39, 0xc8, 0x43, 0x39, 0x98, 0x43, 0x39, 0xc8, 0x43, 0x39, 0xb8,
    0xc3, 0x38, 0x94, 0x43, 0x38, 0x88, 0x03, 0x3b, 0x94, 0xc3, 0x2f, 0xbc, 0x83, 0x3c, 0xfc, 0x82,
    0x3b, 0xd4, 0x03, 0x3b, 0xb0, 0xc3, 0x0c, 0xc4, 0x21, 0x07, 0x7c, 0x70, 0x03, 0x7a, 0x28, 0x87,
    0x76, 0x80, 0x87, 0x19, 0xd1, 0x43, 0x0e, 0xf8, 0xe0, 0x06, 0xe4, 0x20, 0x0e, 0xe7, 0xe0, 0x06,
    0xf6, 0x10, 0x0e, 0xf2, 0xc0, 0x0e, 0xe1, 0x90, 0x0f, 0xef, 0x50, 0x0f, 0xf4, 0x30, 0x83, 0x81,
    0xc8, 0x01, 0x1f, 0xdc, 0x40, 0x1c, 0xe4, 0xa1, 0x1c, 0xc2, 0x61, 0x1d, 0xdc, 0x40, 0x1c, 0xe4,
    0x01, 0x00, 0x00, 0x00, 0x71, 0x20, 0x00, 0x00, 0x20, 0x00, 0x00, 0x00, 0x66, 0x00, 0x0d, 0x97,
    0xef, 0x3c, 0x7e, 0x80, 0x34, 0x40, 0x84, 0xf9, 0xc8, 0x6d, 0x1b, 0x02, 0x35, 0x5c, 0xbe, 0xf3,
    0xf8, 0x01, 0x55, 0x14, 0x44, 0x54, 0x3a, 0xc0, 0xe0, 0x23, 0xb7, 0x6d, 0x07, 0xd2, 0x70, 0xf9,
    0xce, 0xe3, 0x0b, 0x11, 0x01, 0x4c, 0x44, 0x08, 0x34, 0xc3, 0x42, 0x58, 0x41, 0x33, 0x5c, 0xbe,
    0xf3, 0xf8, 0x03, 0x22, 0x09, 0x40, 0x34, 0x98, 0xc0, 0x34, 0x5c, 0xbe, 0xf3, 0xf8, 0x8b, 0x03,
    0x0c, 0x62, 0xf3, 0x50, 0x93, 0x5f, 0xdc, 0xb6, 0x0d, 0x4c, 0xc3, 0xe5, 0x3b, 0x8f, 0xbf, 0x38,
    0xc0, 0x20, 0x36, 0x0f, 0x35, 0xf9, 0xc8, 0x6d, 0x1b, 0x41, 0x35, 0x5c, 0xbe, 0xf3, 0xf8, 0xd2,
    0xe4, 0x44, 0x04, 0x4a, 0x4d, 0x0f, 0x35, 0xf9, 0xc5, 0x6d, 0x1b, 0x80, 0xb2, 0x38, 0x86, 0xfd,
    0x4f, 0x40, 0xb0, 0x10, 0x16, 0x70, 0x3c, 0xd2, 0xff, 0x38, 0x0b, 0x06, 0x61, 0x20, 0x00, 0x00,
    0x39, 0x04, 0x00, 0x00, 0x13, 0x04, 0xa6, 0x10, 0x0b, 0x04, 0x00, 0x00, 0x26, 0x00, 0x00, 0x00,
    0x04, 0x14, 0xf8, 0x40, 0x41, 0x14, 0x48, 0x21, 0x06, 0xcc, 0x00, 0x94, 0xff, 0x40, 0xf9, 0x07,
    0xd4, 0x40, 0xf9, 0xff, 0xff, 0x14, 0x20, 0x20, 0x20, 0x42, 0xf9, 0x0f, 0xe2, 0x3f, 0x94, 0x4f,
    0x05, 0x42, 0x94, 0xff, 0x43, 0x01, 0x42, 0x94, 0xff, 0xff, 0x41, 0x05, 0x0a, 0x14, 0x20, 0x41,
    0x01, 0x15, 0xa0, 0x40, 0x29, 0x94, 0x5c, 0x01, 0xf2, 0x15, 0x69, 0x40, 0x31, 0x55, 0x20, 0x20,
    0x20, 0x20, 0x44, 0x51, 0x94, 0x48, 0xa1, 0x54, 0x20, 0x48, 0xf9, 0x7f, 0x94, 0x49, 0x01, 0x02,
    0x02, 0x95, 0x4b, 0x05, 0xf2, 0x0f, 0x94, 0x52, 0x01, 0x06, 0x14, 0xff, 0x40, 0x01, 0x02, 0x02,
    0x12, 0x14, 0x54, 0xf9, 0x15, 0x20, 0x60, 0x40, 0x01, 0x02, 0x0a, 0x90, 0x53, 0x03, 0x23, 0x00,
    0x64, 0x8c, 0x11, 0x80, 0x20, 0x08, 0xc2, 0xe7, 0x30, 0x46, 0x00, 0x82, 0x20, 0x08, 0x9f, 0xc1,
    0x08, 0xc0, 0x18, 0x01, 0x08, 0x82, 0x20, 0x1e, 0x06, 0x63, 0x04, 0x20, 0x08, 0x82, 0xf8, 0x37,
    0x46, 0x10, 0x92, 0x60, 0x88, 0x77, 0x00, 0x00, 0x23, 0x06, 0x09, 0x00, 0x82, 0x60, 0x50, 0xb1,
    0x82, 0xc7, 0x07, 0xa6, 0x60, 0x0a, 0xc7, 0x88, 0x41, 0x02, 0x80, 0x20, 0x18, 0x54, 0xad, 0xf0,
    0xf5, 0xc1, 0x2a, 0xac, 0x02, 0x32, 0x62, 0x90, 0x00, 0x20, 0x08, 0x06, 0x95, 0x2b, 0x80, 0x81,
    0x1f, 0xac, 0xc2, 0x2a, 0x24, 0x23, 0x06, 0x09, 0x00, 0x82, 0x60, 0xa0, 0xcc, 0xc2, 0x29, 0x9c,
    0x02, 0x2b, 0xfc, 0x81, 0x1c, 0x8c, 0x18, 0x24, 0x00, 0x08, 0x82, 0x81, 0x42, 0x0b, 0xa8, 0x80,
    0x0a, 0xad, 0xf0, 0x07, 0x73, 0x30, 0x62, 0x90, 0x00, 0x20, 0x08, 0x06, 0x4a, 0x2d, 0xa4, 0x02,
    0x2a, 0xb8, 0x42, 0x28, 0xd0, 0xc1, 0x88, 0x41, 0x02, 0x80, 0x20, 0x18, 0x28, 0xb6, 0xa0, 0x0a,
    0xa9, 0xf0, 0x0a, 0xa1, 0x50, 0x07, 0x23, 0x06, 0x09, 0x00, 0x82, 0x60, 0xa0, 0xdc, 0xc2, 0x2a,
    0xa8, 0x02, 0x2c, 0x80, 0x82, 0x1d, 0x8c, 0x18, 0x24, 0x00, 0x08, 0x82, 0x81, 0x82, 0x0b, 0xac,
    0xb0, 0x0a, 0xb1, 0x60, 0x0a, 0x77, 0x30, 0x62, 0x90, 0x00, 0x20, 0x08, 0x06, 0x88, 0x2e, 0xb4,
    0xc2, 0x2b, 0xc8, 0x42, 0x29, 0xe0, 0xc1, 0x88, 0x41, 0x02, 0x80, 0x20, 0x18, 0x20, 0xbb, 0xe0,
    0x0a, 0xb0, 0x30, 0x0b, 0xa5, 0x90, 0x07, 0x23, 0x06, 0x09, 0x00, 0x82, 0x60, 0x80, 0xf0, 0xc2,
    0x2b, 0xc4, 0x02, 0x2d, 0x90, 0x82, 0x1e, 0x8c, 0x18, 0x24, 0x00, 0x08, 0x82, 0x01, 0xd2, 0x0b,
    0xb0, 0x20, 0x0b, 0xb5, 0xa0, 0x0a, 0x7b, 0x30, 0x62, 0x90, 0x00, 0x20, 0x08, 0x06, 0x88, 0x2f,
    0xc4, 0xc2, 0x2d, 0xd8, 0x42, 0x2a, 0xf0, 0xc1, 0x88, 0x41, 0x02, 0x80, 0x20, 0x18, 0x20, 0xbf,
    0x20, 0x0b, 0xb8, 0x70, 0x0b, 0xa9, 0xd0, 0x07, 0x23, 0x06, 0x09, 0x00, 0x82, 0x60, 0x80, 0x80,
    0xc3, 0x2c, 0xe4, 0x02, 0x2e, 0xa0, 0x82, 0x1f, 0xd4, 0x42, 0x0b, 0x3a, 0xdc, 0x10, 0xe8, 0x02,
    0x18, 0xcc, 0x32, 0x0c, 0x41, 0x30, 0x62, 0x90, 0x00, 0x20, 0x08, 0x06, 0xc8, 0x38, 0xd8, 0xc2,
    0x2e, 0xec, 0x42, 0x2b, 0x84, 0xc2, 0x88, 0x41, 0x02, 0x80, 0x20, 0x18, 0x20, 0xe4, 0x70, 0x0b,
    0xbc, 0xc0, 0x0b, 0xaf, 0x20, 0x0a, 0x17, 0x00, 0x73, 0x03, 0x30, 0x25, 0x04, 0x5c, 0x41, 0x38,
    0xe8, 0x70, 0x43, 0x10, 0x0e, 0x60, 0x30, 0xcb, 0x20, 0x0c, 0xc1, 0x88, 0x81, 0x01, 0x80, 0x20,
    0x18, 0x3c, 0xe7, 0x50, 0x07, 0x61, 0x30, 0x4b, 0x30, 0x14, 0xc5, 0x0b, 0x3a, 0xdc, 0x10, 0x80,
    0x03, 0x19, 0xcc, 0x32, 0x94, 0x02, 0x11, 0x0c, 0x37, 0x08, 0xbe, 0x00, 0x06, 0x75, 0x85, 0x03,
    0x56, 0x50, 0x0a, 0x6a, 0x60, 0x10, 0xd1, 0x67, 0x38, 0x22, 0x18, 0x03, 0xe2, 0x9b, 0x65, 0x30,
    0x8a, 0xe0, 0x04, 0x60, 0x2b, 0x90, 0x05, 0x2c, 0x81, 0x0e, 0xd0, 0x82, 0x5a, 0xb8, 0x81, 0x05,
    0x75, 0x00, 0x82, 0x22, 0x64, 0x41, 0x77, 0x30, 0xe4, 0xc3, 0x3b, 0x04, 0x14, 0x00, 0xa3, 0x02,
    0x62, 0x67, 0x09, 0x8c, 0x81, 0x0a, 0x40, 0x28, 0xc8, 0x83, 0xa8, 0xe0, 0x0c, 0xa2, 0x82, 0x76,
    0xc8, 0x11, 0x83, 0x03, 0x00, 0x41, 0x30, 0x88, 0xf2, 0x81, 0x0f, 0x82, 0x7a, 0x18, 0x31, 0x38,
    0x00, 0x10, 0x04, 0x83, 0x48, 0x1f, 0x50, 0x21, 0x80, 0x0c, 0x8a, 0x03, 0xf9, 0x58, 0x10, 0x06,
    0xf2, 0x19, 0x8e, 0x08, 0xec, 0x60, 0xf8, 0x86, 0x23, 0x04, 0x3b, 0x20, 0xbe, 0x12, 0x02, 0x3d,
    0x02, 0xa0, 0xe9, 0x86, 0xc0, 0x15, 0x04, 0x3b, 0xcc, 0x40, 0x3e, 0xc3, 0x11, 0x01, 0x1f, 0x0c,
    0xdf, 0x70, 0x84, 0xc0, 0x07, 0xc4, 0x57, 0x42, 0xa0, 0x47, 0x00, 0x34, 0xdd, 0x10, 0xd0, 0x82,
    0x50, 0x76, 0x00, 0x0e, 0x3a, 0xdc, 0xf0, 0xa0, 0x03, 0x18, 0xcc, 0x32, 0x1c, 0x48, 0x50, 0x76,
    0x10, 0x0e, 0x5a, 0x77, 0xf0, 0x0e, 0x68, 0x04, 0x2e, 0x60, 0xa0, 0x02, 0x95, 0xe0, 0xe2, 0x83,
    0x79, 0xc0, 0x0a, 0x4a, 0x42, 0xab, 0x25, 0x82, 0xab, 0x80, 0x1d, 0xb4, 0xa2, 0xe0, 0x8a, 0x11,
    0x6e, 0x96, 0x20, 0x19, 0x6e, 0x60, 0x60, 0x22, 0x0c, 0x4a, 0x14, 0xd8, 0x41, 0x6b, 0x14, 0xf4,
    0x01, 0xab, 0x14, 0xc4, 0x01, 0x2b, 0x68, 0x09, 0xad, 0x76, 0x08, 0xae, 0xc0, 0xa0, 0x1e, 0xb4,
    0x84, 0x00, 0x4b, 0x15, 0xcc, 0x01, 0x2b, 0x90, 0x09, 0x2d, 0x79, 0x08, 0xae, 0x82, 0x02, 0x6d,
    0x49, 0x07, 0x10, 0x54, 0x70, 0x60, 0x05, 0xea, 0xa0, 0xd6, 0xf4, 0x03, 0x08, 0x2a, 0x50, 0xb0,
    0x02, 0x7f, 0xd0, 0x62, 0x83, 0xb1, 0xd0, 0xe1, 0x86, 0x60, 0x2c, 0xc2, 0xa0, 0xa8, 0x80, 0x2f,
    0x00, 0xa2, 0xd2, 0x00, 0xca, 0x22, 0x83, 0x28, 0x67, 0x09, 0x92, 0x81, 0x0a, 0x40, 0x0e, 0x0e,
    0x01, 0x19, 0xa8, 0x00, 0xec, 0xe0, 0x30, 0x90, 0x81, 0x0a, 0x40, 0x44, 0x0e, 0x33, 0x40, 0x06,
    0x2a, 0x00, 0x12, 0x39, 0xc0, 0x00, 0x19, 0xa8, 0x00, 0x58, 0xe1, 0xe0, 0x90, 0x81, 0x0a, 0x80,
    0x15, 0x0e, 0x0c, 0x19, 0xa8, 0x00, 0x54, 0xe1, 0x90, 0x90, 0x0a, 0x87, 0x93, 0xd0, 0xe1, 0x86,
    0x00, 0x2e, 0xc0, 0x60, 0x96, 0x61, 0x51, 0x82, 0x3a, 0x74, 0xe2, 0x2a, 0x48, 0x74, 0xb8, 0x21,
    0x98, 0x8b, 0x30, 0xb8, 0x00, 0x90, 0x0a, 0x18, 0x9e, 0x25, 0x58, 0x06, 0x2a, 0x00, 0x2d, 0x11,
    0x94, 0x4a, 0x87, 0x7e, 0xd0, 0xe1, 0x86, 0x00, 0x2f, 0xc0, 0x60, 0x96, 0xa1, 0x61, 0x82, 0x72,
    0xc4, 0xe2, 0x2a, 0x90, 0x74, 0xb8, 0x21, 0xd8, 0x8b, 0x30, 0xb8, 0x00, 0x90, 0x0a, 0x2a, 0x9e,
    0x25, 0x68, 0x06, 0x2a, 0x00, 0x36, 0x58, 0x04, 0xc6, 0x92, 0x9c, 0x00, 0x81, 0x09, 0x3a, 0x01,
    0x82, 0x12, 0xcc, 0x42, 0x4b, 0x38, 0x0b, 0x2d, 0x82, 0x2d, 0xb2, 0xb4, 0xb3, 0x80, 0x12, 0x02,
    0xb5, 0xe0, 0x34, 0x40, 0x50, 0xc1, 0xa0, 0x85, 0xc4, 0x45, 0x96, 0xc7, 0x16, 0x50, 0x42, 0xa0,
    0x16, 0xb0, 0x06, 0x08, 0x2a, 0x18, 0xb4, 0xfe, 0xc1, 0x2e, 0xb4, 0x8e, 0x60, 0x87, 0x1b, 0x82,
    0xd7, 0x00, 0x83, 0x59, 0x06, 0x27, 0x0a, 0x86, 0x1b, 0x1e, 0xba, 0x10, 0x83, 0x59, 0x86, 0x07,
    0x0a, 0x4c, 0x91, 0x0d, 0x10, 0xcc, 0x12, 0x44, 0xd6, 0xd4, 0x05, 0x08, 0x66, 0x09, 0xa2, 0x81,
    0x0e, 0x80, 0x0c, 0x1a, 0xb3, 0x79, 0x70, 0x05, 0x1a, 0xe8, 0x00, 0xbc, 0x46, 0x7b, 0x08, 0x68,
    0xa0, 0x03, 0xe0, 0x1a, 0xe4, 0x01, 0x03, 0xa8, 0x50, 0xc2, 0x2f, 0xb4, 0x96, 0x60, 0x87, 0x1b,
    0x02, 0xdc, 0x00, 0x83, 0x59, 0x06, 0xa9, 0x0a, 0x86, 0x1b, 0xae, 0xbe, 0x10, 0x83, 0x59, 0x86,
    0x89, 0x0a, 0xcc, 0xd9, 0x0d, 0x10, 0xcc, 0x12, 0x54, 0x16, 0xf9, 0x05, 0x08, 0x66, 0x09, 0xaa,
    0x81, 0x0e, 0x80, 0x0e, 0x22, 0xbc, 0x99, 0xd4, 0x85, 0x1a, 0xe8, 0x00, 0xcc, 0x20, 0xd2, 0x9b,
    0x89, 0xa0, 0x06, 0x3a, 0x00, 0x32, 0x88, 0x90, 0x09, 0x0d, 0x28, 0x5b, 0xe6, 0x00, 0x04, 0x36,
    0xcc, 0x01, 0x08, 0x86, 0x1b, 0x04, 0xbf, 0x30, 0x03, 0x1b, 0x40, 0x03, 0x04, 0x35, 0xfc, 0x05,
    0x4f, 0x37, 0x08, 0xc5, 0x30, 0xdd, 0x20, 0x14, 0x44, 0x05, 0xe3, 0x41, 0x16, 0x98, 0xc7, 0x09,
    0x8a, 0x28, 0x0f, 0x32, 0x21, 0x00, 0x81, 0xf1, 0x41, 0x5d, 0xdc, 0xa0, 0x04, 0xf6, 0xc0, 0x0a,
    0x5c, 0x43, 0x2b, 0x18, 0x76, 0xc4, 0x00, 0x01, 0x40, 0x10, 0x0c, 0x30, 0xf8, 0xa8, 0x8d, 0xb1,
    0x08, 0xdc, 0x63, 0x34, 0x21, 0x00, 0xea, 0x88, 0x0f, 0x1d, 0x6e, 0x08, 0xe2, 0x23, 0x0c, 0x6a,
    0xd0, 0x0d, 0x9c, 0x6e, 0x08, 0x08, 0xa1, 0xae, 0xfa, 0xd0, 0xe1, 0x86, 0xa0, 0x3e, 0xc0, 0xa0,
    0x86, 0xdf, 0xc0, 0xe9, 0x86, 0x80, 0x10, 0x8a, 0x0c, 0xf2, 0x43, 0x87, 0x1b, 0x82, 0xfc, 0x00,
    0x83, 0x1a, 0xea, 0x03, 0xa7, 0x1b, 0x02, 0x42, 0xa8, 0xe0, 0x3e, 0xae, 0x82, 0xf3, 0x50, 0x4b,
    0x03, 0x59, 0x00, 0xc1, 0x70, 0x43, 0xc0, 0x1b, 0x66, 0x60, 0x82, 0x6f, 0x80, 0x60, 0xba, 0x21,
    0x18, 0x84, 0xe9, 0x86, 0x4f, 0x0c, 0x86, 0x0a, 0x40, 0x84, 0x2c, 0x18, 0x91, 0x13, 0x14, 0x21,
    0x22, 0x64, 0x42, 0x00, 0x82, 0x0a, 0x50, 0x04, 0x2b, 0x50, 0x0f, 0xad, 0xe0, 0xdb, 0x11, 0x03,
    0x04, 0x00, 0x41, 0x30, 0xc0, 0x58, 0x24, 0x3e, 0xfe, 0x22, 0x50, 0x91, 0xd1, 0x84, 0x00, 0x28,
    0xa3, 0x45, 0x74, 0xb8, 0x21, 0x68, 0x91, 0x30, 0xa8, 0xc1, 0x3e, 0x70, 0xba, 0x21, 0x20, 0x84,
    0x0a, 0xf2, 0x03, 0xa7, 0x1b, 0x02, 0x81, 0xab, 0x3e, 0x98, 0x11, 0x1d, 0x6e, 0x08, 0x66, 0x04,
    0x0c, 0x6a, 0x78, 0x11, 0x9c, 0x6e, 0x08, 0x08, 0xa1, 0x82, 0x18, 0xb9, 0x0a, 0x42, 0x44, 0x4d,
    0x0f, 0xd6, 0x01, 0x04, 0x15, 0xd4, 0x07, 0x4f, 0x37, 0x04, 0x42, 0x1e, 0x54, 0x80, 0x23, 0x64,
    0xc1, 0x8e, 0x9c, 0xc0, 0x82, 0x3a, 0x00, 0x41, 0x05, 0x3f, 0x82, 0x15, 0x84, 0x88, 0x56, 0x60,
    0x07, 0x3b, 0x62, 0x80, 0x00, 0x20, 0x08, 0x06, 0xd8, 0x98, 0xa0, 0x88, 0x6d, 0x04, 0x61, 0x32,
    0x9a, 0x10, 0x00, 0x65, 0x90, 0x89, 0x0e, 0x37, 0x04, 0x64, 0x12, 0x06, 0x35, 0xb4, 0x08, 0x4e,
    0x37, 0x04, 0x84, 0x50, 0xa9, 0x80, 0x26, 0x3a, 0xdc, 0x10, 0xa0, 0x09, 0x18, 0xd4, 0x20, 0x23,
    0x38, 0xdd, 0x10, 0x10, 0x42, 0x05, 0x66, 0x82, 0xd3, 0x0d, 0x81, 0x30, 0x07, 0x15, 0xa0, 0xc9,
    0x55, 0x80, 0x23, 0x3a, 0xdd, 0x60, 0x5d, 0x70, 0x50, 0x41, 0x9b, 0x90, 0x05, 0x70, 0x72, 0x02,
    0x0b, 0xda, 0x00, 0x04, 0x15, 0xd0, 0x09, 0x56, 0x60, 0x23, 0x5a, 0xc1, 0x2a, 0xec, 0x88, 0x01,
    0x02, 0x80, 0x20, 0x18, 0x60, 0x78, 0xd2, 0x23, 0xeb, 0x11, 0xd8, 0xc9, 0x68, 0x42, 0x00, 0x94,
    0x91, 0x27, 0x3a, 0xdc, 0x10, 0xe4, 0x49, 0x18, 0xd4, 0x20, 0x26, 0x38, 0xdd, 0x10, 0x10, 0x42,
    0x05, 0x65, 0x82, 0xd3, 0x0d, 0x81, 0x50, 0x55, 0x90, 0x27, 0x38, 0xdd, 0x10, 0x08, 0x6c, 0x50,
    0xc1, 0x9e, 0x5c, 0x05, 0x6b, 0xa2, 0xb3, 0x0c, 0xd6, 0xe5, 0x1b, 0xc3, 0x0d, 0xa5, 0xc0, 0x26,
    0x61, 0x50, 0xa6, 0x40, 0x26, 0x3b, 0xdd, 0x10, 0xb8, 0x89, 0x30, 0xdc, 0xe0, 0x06, 0x6f, 0x12,
    0x06, 0xf5, 0x06, 0x67, 0xb2, 0xd3, 0x0d, 0x41, 0x9c, 0x08, 0xc3, 0x0d, 0x9a, 0x9c, 0x84, 0x41,
    0x6d, 0x6a, 0xb2, 0xd3, 0x0d, 0x01, 0x9d, 0x08, 0xc3, 0x0d, 0x4a, 0x9d, 0x84, 0x41, 0x2d, 0x6d,
    0xb2, 0xd3, 0x0d, 0xc1, 0x9d, 0x08, 0xc3, 0x0d, 0x0a, 0x9e, 0x80, 0x41, 0x21, 0x79, 0xa2, 0xd3,
    0x0d, 0x01, 0x23, 0x0c, 0x37, 0x28, 0x7b, 0x02, 0x06, 0x25, 0xf0, 0x89, 0x4e, 0x37, 0x04, 0x8c,
    0x30, 0xdc, 0xa0, 0xf8, 0x09, 0x18, 0x14, 0xf2, 0x27, 0x3a, 0xdd, 0x10, 0x30, 0xc2, 0x70, 0x83,
    0x12, 0x2a, 0x60, 0x50, 0x82, 0xa8, 0xe8, 0x74, 0x43, 0xc0, 0x08, 0xb3, 0x04, 0xd7, 0x40, 0x05,
    0xa0, 0x17, 0x15, 0x65, 0x0d, 0x54, 0x00, 0x28, 0x51, 0x41, 0xd6, 0x40, 0x05, 0xc0, 0x0b, 0x15,
    0x63, 0x0d, 0x54, 0x00, 0x78, 0x50, 0x21, 0x96, 0x0d, 0x44, 0x08, 0x2a, 0x60, 0x09, 0xa9, 0x20,
    0x55, 0xd0, 0x82, 0x03, 0x04, 0x15, 0x88, 0x8a, 0x9a, 0x71, 0x84, 0xa0, 0x82, 0x98, 0x90, 0x0a,
    0x5c, 0x05, 0x2d, 0x50, 0x40, 0x50, 0xc1, 0xa9, 0xe8, 0x2c, 0x03, 0x96, 0x91, 0xc8, 0x70, 0x83,
    0x21, 0x2b, 0x60, 0x50, 0x83, 0xab, 0xe8, 0x74, 0x43, 0x80, 0x08, 0xc3, 0x0d, 0x44, 0xad, 0x80,
    0x41, 0x09, 0xb1, 0xa2, 0xd3, 0x0d, 0x81, 0x21, 0xcc, 0x12, 0x64, 0x03, 0x15, 0x00, 0x76, 0x21,
    0xd8, 0x40, 0x05, 0x00, 0x5d, 0x04, 0x66, 0x81, 0x10, 0x82, 0x0a, 0x6a, 0x42, 0x2a, 0xd8, 0x15,
    0xb4, 0xa0, 0x00, 0x41, 0x05, 0xb4, 0xa2, 0xc3, 0x0d, 0x22, 0x52, 0x2f, 0x66, 0x30, 0xdc, 0x00,
    0x22, 0x30, 0x82, 0x06, 0x25, 0x04, 0x3a, 0xcb, 0xa0, 0xb9, 0x41, 0x60, 0x22, 0x92, 0x2f, 0x20,
    0x18, 0x6e, 0x08, 0x78, 0x05, 0x0c, 0x66, 0x19, 0x36, 0x2e, 0x28, 0x35, 0xa9, 0x15, 0xad, 0x35,
    0x19, 0x17, 0x34, 0xfc, 0x60, 0x15, 0x0c, 0x54, 0xe0, 0x2f, 0x5c, 0x70, 0x72, 0x2e, 0x58, 0x41,
    0xbe, 0x68, 0x85, 0x4c, 0x70, 0x15, 0x80, 0x8b, 0x56, 0x89, 0x04, 0x57, 0x20, 0x22, 0xdc, 0x2c,
    0x41, 0x37, 0xdc, 0x00, 0x22, 0x24, 0x13, 0x06, 0x65, 0x27, 0xe0, 0xa2, 0x75, 0x27, 0xee, 0x82,
    0x95, 0x27, 0xb6, 0x82, 0x15, 0x84, 0x8c, 0x56, 0xb8, 0x04, 0x57, 0x52, 0xba, 0x68, 0x09, 0x01,
    0x96, 0x9f, 0xe8, 0x0a, 0x56, 0x60, 0x32, 0x5a, 0xe6, 0x12, 0x5c, 0x05, 0x05, 0xda, 0xd2, 0x2b,
    0x20, 0xa8, 0xe0, 0xc0, 0x0a, 0x7c, 0x45, 0xad, 0x89, 0x17, 0x10, 0x54, 0xa0, 0x60, 0x05, 0xf2,
    0xa2, 0xe5, 0xdd, 0x8c, 0x0e, 0x37, 0x04, 0x37, 0x13, 0x06, 0x45, 0x05, 0x7c, 0x01, 0x10, 0xd5,
    0x23, 0x50, 0x16, 0x8e, 0x44, 0x39, 0x4b, 0xd0, 0x0d, 0x54, 0x00, 0x7e, 0xb0, 0x19, 0xdc, 0x40,
    0x05, 0x40, 0x0a, 0x1b, 0xc4, 0x0d, 0x54, 0x00, 0xa8, 0xb0, 0x61, 0xdc, 0x40, 0x05, 0xc0, 0x5e,
    0x1b, 0x18, 0x70, 0x03, 0x15, 0x80, 0x7b, 0x6d, 0x6a, 0xc0, 0x0d, 0x54, 0x00, 0x7e, 0xb0, 0x39,
    0xdc, 0x40, 0x05, 0xe0, 0x07, 0x9b, 0xc3, 0xcd, 0x32, 0x7c, 0xde, 0x7c, 0xd4, 0xc0, 0x32, 0x57,
    0x43, 0xa0, 0xc3, 0x0d, 0x41, 0xd9, 0x84, 0xc1, 0x05, 0x80, 0x54, 0x60, 0xf0, 0x2c, 0xc1, 0x37,
    0x50, 0x01, 0x38, 0x9d, 0xe0, 0xcd, 0x32, 0x84, 0x01, 0x18, 0xc4, 0x47, 0x29, 0x32, 0x73, 0x85,
    0x04, 0x3a, 0xdc, 0x10, 0xac, 0x4d, 0x18, 0x5c, 0x00, 0x48, 0x05, 0x0b, 0xcf, 0x12, 0x84, 0xc1,
    0x40, 0x05, 0x80, 0x7d, 0x02, 0x18, 0xd8, 0x91, 0x32, 0x20, 0x30, 0x41, 0x65, 0x40, 0x50, 0x82,
    0xcd, 0x68, 0x09, 0x37, 0xa3, 0x45, 0xf0, 0x4c, 0x16, 0x75, 0x33, 0x50, 0x42, 0xa0, 0x16, 0xdc,
    0x0d, 0x08, 0x2a, 0x18, 0xb4, 0x90, 0xb0, 0xc9, 0xd2, 0x78, 0x06, 0x4a, 0x08, 0xd4, 0x02, 0xbe,
    0x01, 0x41, 0x05, 0x83, 0x96, 0x01, 0x1f, 0x3b, 0xdc, 0x10, 0xf8, 0x0d, 0x18, 0xcc, 0x32, 0x88,
    0x41, 0x19, 0x04, 0xc3, 0x0d, 0xce, 0xd8, 0x88, 0xc1, 0x2c, 0xc3, 0x18, 0x90, 0x41, 0x60, 0x49,
    0xe8, 0x80, 0x60, 0x96, 0xa0, 0x0c, 0x8c, 0x21, 0x1b, 0x10, 0xcc, 0x12, 0x94, 0xc1, 0x40, 0x07,
    0x60, 0x85, 0x01, 0x31, 0x06, 0x1a, 0x19, 0x0c, 0x74, 0x00, 0x5c, 0x18, 0x60, 0x63, 0x40, 0x90,
    0xc1, 0x40, 0x07, 0x60, 0x06, 0x61, 0x80, 0x72, 0x63, 0xa0, 0x67, 0x64, 0x50, 0xc9, 0x7b, 0xec,
    0x70, 0x43, 0x60, 0x3a, 0x60, 0x30, 0xcb, 0x60, 0x06, 0x69, 0x10, 0x0c, 0x37, 0x54, 0x6b, 0x23,
    0x06, 0xb3, 0x0c, 0x67, 0x80, 0x06, 0x81, 0x31, 0xa9, 0x03, 0x82, 0x59, 0x82, 0x34, 0xb0, 0x87,
    0x6d, 0x40, 0x30, 0x4b, 0x90, 0x06, 0x03, 0x1d, 0x00, 0x57, 0x06, 0xc4, 0x19, 0x80, 0x01, 0x1a,
    0x0c, 0x74, 0x00, 0x62, 0x50, 0x06, 0x36, 0x77, 0x06, 0x04, 0x1a, 0x0c, 0x74, 0x00, 0x74, 0x50,
    0x06, 0x38, 0x77, 0x06, 0xaa, 0x86, 0x06, 0xa6, 0xbc, 0x01, 0x08, 0x6c, 0x88, 0x03, 0x10, 0x0c,
    0x37, 0x08, 0x6c, 0x63, 0x06, 0x36, 0xb8, 0x0d, 0x08, 0x6a, 0x68, 0x1b, 0x9e, 0x6e, 0x08, 0x88,
    0x61, 0xba, 0x61, 0x30, 0x88, 0x12, 0x62, 0x87, 0x2c, 0xa0, 0x9d, 0x13, 0xd4, 0x30, 0x3b, 0x64,
    0x42, 0x00, 0x02, 0xe3, 0x83, 0xb1, 0xb9, 0x41, 0x09, 0xba, 0x83, 0x15, 0xf0, 0x8d, 0x56, 0x30,
    0xec, 0x88, 0x01, 0x02, 0x80, 0x20, 0x18, 0x60, 0xbe, 0x33, 0x3a, 0x31, 0x13, 0xf0, 0xce, 0x68,
    0x42, 0x00, 0xd4, 0xf1, 0x3b, 0x3a, 0xdc, 0x10, 0xfc, 0x4e, 0x18, 0xd4, 0x80, 0x3a, 0x38, 0xdd,
    0x10, 0x10, 0x42, 0x5d, 0xe3, 0xa3, 0xc3, 0x0d, 0xc1, 0xf8, 0x80, 0x41, 0x0d, 0xad, 0x83, 0xd3,
    0x0d, 0x01, 0x21, 0xd4, 0x18, 0x9c, 0x8f, 0x0e, 0x37, 0x04, 0xe7, 0x03, 0x06, 0x35, 0x8c, 0x0f,
    0x4e, 0x37, 0x04, 0x84, 0x50, 0x41, 0xf9, 0x5c, 0x05, 0xb5, 0xa3, 0xa6, 0x06, 0xae, 0x00, 0x82,
    0xe1, 0x86, 0x40, 0x75, 0xcc, 0xc0, 0x04, 0xd6, 0x01, 0xc1, 0x74, 0x83, 0x17, 0x06, 0xc2, 0x74,
    0x83, 0x40, 0x0c, 0x25, 0xb8, 0x0f, 0x59, 0x10, 0x3f, 0x27, 0xa8, 0x01, 0x7e, 0xc8, 0x84, 0x00,
    0x04, 0x15, 0xd8, 0x0f, 0x56, 0x80, 0x3b, 0x5a, 0xc1, 0xb7, 0x23, 0x06, 0x08, 0x00, 0x82, 0x60,
    0x80, 0xe9, 0xcf, 0xef, 0xb4, 0x4d, 0x80, 0x3f, 0xa3, 0x09, 0x01, 0x50, 0xc6, 0xfe, 0xe8, 0x70,
    0x43, 0xb0, 0x3f, 0x61, 0x50, 0x03, 0xf9, 0xe0, 0x74, 0x43, 0x40, 0x08, 0x15, 0x9c, 0x0f, 0x4e,
    0x37, 0x04, 0x02, 0x57, 0x7e, 0x10, 0x42, 0x3a, 0xdc, 0x10, 0x84, 0x10, 0x18, 0xd4, 0xd0, 0x3f,
    0x38, 0xdd, 0x10, 0x10, 0x42, 0x05, 0xff, 0x73, 0x15, 0xbc, 0x8f, 0x1a, 0x1f, 0xa4, 0x03, 0x08,
    0x2a, 0x18, 0x1f, 0x9e, 0x6e, 0x08, 0x84, 0x3c, 0xa8, 0xc0, 0x84, 0xc8, 0x82, 0x14, 0x3a, 0x81,
    0x05, 0x75, 0x00, 0x82, 0x0a, 0x5a, 0x08, 0x2b, 0x78, 0x1f, 0xad, 0xc0, 0x0e, 0x76, 0xc4, 0x00,
    0x01, 0x40, 0x10, 0x0c, 0xb0, 0x18, 0xb2, 0x1f, 0xd2, 0x09, 0x5e, 0x68, 0x34, 0x21, 0x00, 0xca,
    0x90, 0x21, 0x1d, 0x6e, 0x08, 0x64, 0x28, 0x0c, 0x6a, 0xd8, 0x1f, 0x9c, 0x6e, 0x08, 0x08, 0xa1,
    0x56, 0xc1, 0x86, 0x74, 0xb8, 0x21, 0xb0, 0x21, 0x30, 0xa8, 0x01, 0x84, 0x70, 0xba, 0x21, 0x20,
    0x84, 0x0a, 0x68, 0x08, 0xa7, 0x1b, 0x02, 0x61, 0x0e, 0x2a, 0xb0, 0xa1, 0xab, 0xc0, 0x84, 0x74,
    0xba, 0xc1, 0xba, 0xe0, 0xa0, 0x82, 0x1d, 0x22, 0x0b, 0x7c, 0xe8, 0x04, 0x16, 0xb4, 0x01, 0x08,
    0x2a, 0x10, 0x23, 0xac, 0x80, 0x84, 0xb4, 0x82, 0x55, 0xd8, 0x11, 0x03, 0x04, 0x00, 0x41, 0x30,
    0xc0, 0xcc, 0x68, 0x85, 0x72, 0x27, 0x20, 0xa3, 0xd1, 0x84, 0x00, 0x28, 0xe3, 0x8c, 0x74, 0xb8,
    0x21, 0x38, 0xa3, 0x30, 0xa8, 0x01, 0x86, 0x70, 0xba, 0x21, 0x20, 0x84, 0x0a, 0x66, 0x08, 0xa7,
    0x1b, 0x02, 0xa1, 0xaa, 0xe0, 0x8c, 0x70, 0xba, 0x21, 0x10, 0xd8, 0xa0, 0x82, 0x34, 0xba, 0x0a,
    0x72, 0x48, 0x67, 0x19, 0xd4, 0x60, 0x0d, 0x58, 0x67, 0xb8, 0xa1, 0x14, 0x74, 0x28, 0x0c, 0xca,
    0x14, 0x64, 0x68, 0xa7, 0x1b, 0x02, 0x1e, 0x12, 0x86, 0x1b, 0xdc, 0xa0, 0x87, 0xc2, 0xa0, 0xde,
    0xa0, 0x86, 0x76, 0xba, 0x21, 0xf8, 0x21, 0x61, 0xb8, 0x41, 0x03, 0xa3, 0x30, 0xa8, 0x0d, 0x87,
    0x76, 0xba, 0x21, 0x10, 0x23, 0x61, 0xb8, 0x41, 0x19, 0xa3, 0x30, 0xa8, 0x65, 0x87, 0x76, 0xba,
    0x21, 0x28, 0x23, 0x61, 0xb8, 0x41, 0x31, 0x23, 0x30, 0x28, 0xe4, 0x8c, 0x74, 0xba, 0x21, 0x60,
    0x84, 0xe1, 0x06, 0x25, 0x8d, 0xc0, 0xa0, 0x04, 0x35, 0xd2, 0xe9, 0x86, 0x80, 0x11, 0x86, 0x1b,
    0x14, 0x36, 0x02, 0x83, 0x42, 0xda, 0x48, 0xa7, 0x1b, 0x02, 0x46, 0x18, 0x6e, 0x50, 0xde, 0x08,
    0x0c, 0x4a, 0x80, 0x23, 0x9d, 0x6e, 0x08, 0x18, 0x61, 0x96, 0x60, 0x0d, 0x06, 0x2a, 0x00, 0x39,
    0x48, 0x03, 0x41, 0x0d, 0x06, 0x2a, 0x00, 0x5d, 0x48, 0x03, 0x45, 0x0d, 0x06, 0x2a, 0x00, 0x95,
    0x48, 0x03, 0x49, 0x0d, 0x06, 0x2a, 0x00, 0xd0, 0x48, 0x03, 0x4d, 0x0d, 0x4c, 0x08, 0x42, 0x50,
    0x41, 0x4a, 0x48, 0x05, 0x77, 0x84, 0x16, 0x10, 0x20, 0xa8, 0x00, 0x8e, 0xd4, 0x12, 0x24, 0x04,
    0x15, 0xb8, 0x84, 0x54, 0xc0, 0x47, 0x68, 0xc1, 0x02, 0x82, 0x0a, 0xea, 0x48, 0x67, 0x19, 0xd8,
    0xa0, 0x0d, 0xe4, 0x67, 0xb8, 0xc1, 0x00, 0x25, 0x30, 0xa8, 0x81, 0x8f, 0x74, 0xba, 0x21, 0x40,
    0x84, 0xe1, 0x06, 0x62, 0x94, 0xc0, 0xa0, 0x84, 0x3f, 0xd2, 0xe9, 0x86, 0xc0, 0x10, 0x66, 0x09,
    0xda, 0x60, 0xa0, 0x02, 0x70, 0xd6, 0x40, 0x60, 0x83, 0x81, 0x0a, 0x40, 0x5b, 0x03, 0x85, 0x0d,
    0x4c, 0x08, 0x42, 0x50, 0xc1, 0x4c, 0x48, 0x05, 0xa9, 0x84, 0x16, 0x10, 0x20, 0xa8, 0x40, 0x94,
    0xb4, 0xe0, 0x87, 0x9c, 0xae, 0x82, 0x34, 0x52, 0x1b, 0xe2, 0x23, 0x04, 0x15, 0x08, 0x52, 0x01,
    0x2c, 0xa1, 0x05, 0xf4, 0x01, 0x83, 0x0a, 0x52, 0x49, 0x67, 0x09, 0x40, 0xa1, 0x78, 0x28, 0x94,
    0x74, 0xb8, 0x21, 0x58, 0xa7, 0x30, 0x18, 0x6e, 0xc8, 0x1f, 0x76, 0x42, 0x83, 0x12, 0x02, 0x9d,
    0x65, 0x78, 0x03, 0x50, 0x08, 0xca, 0x87, 0x52, 0x49, 0xeb, 0x87, 0x6e, 0x09, 0x4b, 0x8c, 0x72,
    0x09, 0x2b, 0x58, 0x27, 0xad, 0x79, 0x0a, 0xae, 0x02, 0x59, 0xd2, 0xba, 0x9f, 0xe0, 0x4a, 0x7e,
    0x84, 0x9b, 0x65, 0x88, 0x03, 0x38, 0x30, 0x9d, 0x12, 0x7c, 0xe9, 0x2a, 0xb0, 0xa5, 0xac, 0x80,
    0xe0, 0x59, 0x82, 0x38, 0x18, 0xa8, 0x00, 0x94, 0x37, 0x10, 0xe0, 0x60, 0x96, 0x61, 0x0e, 0xe4,
    0x40, 0x74, 0xaa, 0x10, 0xa7, 0xab, 0x40, 0x97, 0xb2, 0x82, 0x83, 0x67, 0x09, 0xe6, 0x60, 0xa0,
    0x02, 0x80, 0xe2, 0x40, 0x90, 0x03, 0x2b, 0x70, 0x09, 0x04, 0x26, 0xe4, 0x12, 0x08, 0x4a, 0x28,
    0x27, 0x2d, 0xc1, 0x9c, 0xb4, 0x88, 0x75, 0xc2, 0x0a, 0xce, 0x49, 0x4d, 0x28, 0x29, 0x18, 0x54,
    0x90, 0x4e, 0x5a, 0xc7, 0x3b, 0x61, 0x05, 0xeb, 0xa4, 0x26, 0xa4, 0x14, 0x0c, 0x2a, 0x68, 0x27,
    0xad, 0xa2, 0x6f, 0x76, 0xb8, 0x21, 0x58, 0x29, 0x30, 0x98, 0x65, 0xa0, 0x83, 0x3b, 0x08, 0x86,
    0x1b, 0x18, 0x78, 0x12, 0x83, 0x59, 0x86, 0x3a, 0xb0, 0x83, 0xc0, 0x10, 0x97, 0x82, 0xc1, 0x2c,
    0xc1, 0x1d, 0xd8, 0x12, 0x4f, 0x20, 0x98, 0x25, 0xb8, 0x83, 0x81, 0x0e, 0xc0, 0x9b, 0x03, 0x1f,
    0x0d, 0xea, 0x00, 0x36, 0x03, 0x3b, 0x18, 0xe8, 0x00, 0xb4, 0x39, 0xb0, 0xea, 0x80, 0xb0, 0x83,
    0x81, 0x0e, 0x00, 0x9b, 0x03, 0xa4, 0x0e, 0x38, 0x3b, 0xa8, 0x84, 0x6f, 0x76, 0xb8, 0x21, 0x98,
    0x29, 0x30, 0x98, 0x65, 0xc0, 0x83, 0x3d, 0x08, 0x86, 0x1b, 0x26, 0x7c, 0x12, 0x83, 0x59, 0x86,
    0x3c, 0xd0, 0x83, 0xc0, 0x18, 0x9b, 0x82, 0xc1, 0x2c, 0xc1, 0x1e, 0xd8, 0x93, 0x4f, 0x20, 0x98,
    0x25, 0xd8, 0x83, 0x81, 0x0e, 0x80, 0x0d, 0xee, 0xc0, 0x4d, 0x83, 0x3c, 0x00, 0xcf, 0x40, 0x0f,
    0x06, 0x3a, 0x00, 0x31, 0xb8, 0x03, 0x38, 0x0d, 0xf2, 0x80, 0xd0, 0x83, 0x81, 0x0e, 0x00, 0x0c,
    0xee, 0x00, 0xc9, 0x03, 0x32, 0xd0, 0x03, 0x53, 0xd8, 0x00, 0x04, 0x36, 0xb0, 0x01, 0x08, 0x86,
    0x1b, 0x84, 0x7c, 0x32, 0x03, 0x1b, 0xf6, 0x09, 0x04, 0x35, 0xe8, 0x13, 0x4f, 0x37, 0x08, 0xc5,
    0x30, 0xdd, 0x20, 0x14, 0x44, 0x05, 0x3e, 0x45, 0x16, 0x84, 0xd5, 0x09, 0x8a, 0x00, 0x2b, 0x32,
    0x21, 0x00, 0x41, 0xdd, 0x12, 0x59, 0x5d, 0x05, 0xf0, 0xa4, 0x15, 0xc4, 0x13, 0x17, 0x91, 0x56,
    0x58, 0xc1, 0x4a, 0x69, 0x05, 0xc3, 0x8e, 0x18, 0x20, 0x00, 0x08, 0x82, 0x01, 0xd6, 0x56, 0x32,
    0x05, 0x4e, 0xc1, 0x5a, 0x8d, 0x26, 0x04, 0x40, 0x25, 0x6e, 0xa5, 0xc3, 0x0d, 0x81, 0x5b, 0x85,
    0x41, 0x0d, 0x37, 0x85, 0xd3, 0x0d, 0x01, 0x21, 0x54, 0x26, 0x57, 0x3a, 0xdc, 0x10, 0xc8, 0x15,
    0x18, 0xd4, 0xc0, 0x53, 0x38, 0xdd, 0x10, 0x10, 0x42, 0x95, 0x81, 0x5d, 0xe9, 0x70, 0x43, 0x60,
    0x57, 0x60, 0x50, 0x83, 0x5c, 0xe1, 0x74, 0x43, 0x40, 0x08, 0x15, 0xd0, 0xd5, 0x55, 0x40, 0x56,
    0x6a, 0x6a, 0xd0, 0x0a, 0x20, 0x18, 0x6e, 0x08, 0x72, 0xca, 0x0c, 0x4c, 0xd8, 0x29, 0x10, 0x4c,
    0x37, 0x04, 0x83, 0x30, 0xdd, 0x10, 0x06, 0x64, 0x30, 0x54, 0xd0, 0x57, 0x64, 0x01, 0x68, 0x9d,
    0xa0, 0x88, 0xbf, 0x22, 0x13, 0x02, 0x10, 0x54, 0x50, 0x5a, 0x58, 0xc1, 0x59, 0x69, 0x05, 0xdf,
    0x8e, 0x18, 0x20, 0x00, 0x08, 0x82, 0x01, 0x96, 0x5a, 0x6e, 0xc5, 0x4f, 0xc1, 0x69, 0x8d, 0x26,
    0x04, 0x40, 0x19, 0xaa, 0xa5, 0xc3, 0x0d, 0x81, 0x6a, 0x85, 0x41, 0x0d, 0x73, 0x85, 0xd3, 0x0d,
    0x01, 0x21, 0x54, 0x60, 0x57, 0x38, 0xdd, 0x10, 0x08, 0x5c, 0xf9, 0x01, 0x6c, 0xe9, 0x70, 0x43,
    0x00, 0x5b, 0x60, 0x50, 0x03, 0x6b, 0xe1, 0x74, 0x43, 0x40, 0x08, 0x15, 0xb8, 0xd6, 0x55, 0xe0,
    0x57, 0x6a, 0x7c, 0x60, 0x0e, 0x20, 0xa8, 0x40, 0xae, 0x78, 0xba, 0x21, 0x10, 0xf6, 0xa0, 0x82,
    0xda, 0x22, 0x0b, 0x70, 0xeb, 0x04, 0x16, 0xdc, 0x01, 0x08, 0x2a, 0xe0, 0x2d, 0xac, 0xc0, 0xaf,
    0xb4, 0x02, 0x3b, 0xd8, 0x11, 0x03, 0x04, 0x00, 0x41, 0x30, 0xc0, 0xc0, 0xab, 0xb4, 0x66, 0x2a,
    0xf0, 0xad, 0xd1, 0x84, 0x00, 0x28, 0x23, 0xbc, 0x74, 0xb8, 0x21, 0x08, 0xaf, 0x30, 0xa8, 0x41,
    0xb5, 0x70, 0xba, 0x21, 0x20, 0x84, 0x5a, 0x85, 0xf2, 0xd2, 0xe1, 0x86, 0xa0, 0xbc, 0xc0, 0xa0,
    0x86, 0xd7, 0xc2, 0xe9, 0x86, 0x80, 0x10, 0x2a, 0x18, 0x2f, 0x9c, 0x6e, 0x08, 0x84, 0x39, 0xa8,
    0xa0, 0xbc, 0xae, 0x82, 0xda, 0xd2, 0xe9, 0x06, 0xeb, 0x82, 0x83, 0x0a, 0xd4, 0x8b, 0x2c, 0x68,
    0xaf, 0x13, 0x58, 0xd0, 0x06, 0x20, 0xa8, 0x20, 0xbe, 0xb0, 0x82, 0xd9, 0xd2, 0x0a, 0x56, 0x61,
    0x47, 0x0c, 0x10, 0x00, 0x04, 0xc1, 0x00, 0xab, 0x2f, 0xdd, 0x42, 0xab, 0x60, 0xbe, 0x46, 0x13,
    0x02, 0xa0, 0x0c, 0xfb, 0xd2, 0xe1, 0x86, 0xc0, 0xbe, 0xc2, 0xa0, 0x86, 0xdf, 0xc2, 0xe9, 0x86,
    0x80, 0x10, 0x2a, 0x10, 0x2f, 0x9c, 0x6e, 0x08, 0x84, 0xaa, 0x02, 0xfb, 0xc2, 0xe9, 0x86, 0x40,
    0x60, 0x83, 0x0a, 0xf0, 0xeb, 0x2a, 0x40, 0x2f, 0x9d, 0x65, 0xe0, 0x83, 0x3e, 0xd8, 0xa9, 0xe1,
    0x86, 0x52, 0x48, 0xaf, 0x30, 0x28, 0x53, 0x08, 0xaf, 0x9d, 0x6e, 0x08, 0xd6, 0x4b, 0x18, 0x6e,
    0x70, 0x03, 0xf6, 0x0a, 0x83, 0x7a, 0x03, 0xf2, 0xda, 0xe9, 0x86, 0xc0, 0xbd, 0x84, 0xe1, 0x06,
    0xed, 0xbd, 0xc2, 0xa0, 0xb6, 0xf3, 0xda, 0xe9, 0x86, 0x20, 0xbe, 0x84, 0xe1, 0x06, 0x45, 0xbe,
    0xc2, 0xa0, 0x16, 0xf5, 0xda, 0xe9, 0x86, 0x80, 0xbe, 0x84, 0xe1, 0x06, 0xa5, 0xbe, 0xc0, 0xa0,
    0x10, 0xfb, 0xd2, 0xe9, 0x86, 0x80, 0x11, 0x86, 0x1b, 0x14, 0xfc, 0x02, 0x83, 0x12, 0xf2, 0x4b,
    0xa7, 0x1b, 0x02, 0x46, 0x18, 0x6e, 0x50, 0xf6, 0x0b, 0x0c, 0x0a, 0xe1, 0x2f, 0x9d, 0x6e, 0x08,
    0x18, 0x61, 0xb8, 0x41, 0xf1, 0x2f, 0x30, 0x28, 0xe1, 0xbf, 0x74, 0xba, 0x21, 0x60, 0x84, 0x59,
    0x82, 0x3e, 0x18, 0xa8, 0x00, 0xf4, 0x62, 0x0f, 0x28, 0x3e, 0x18, 0xa8, 0x00, 0x50, 0x62, 0x0f,
    0x20, 0x3e, 0x18, 0xa8, 0x00, 0x78, 0x61, 0x0f, 0x18, 0x3e, 0x18, 0xa8, 0x00, 0xf0, 0x60, 0x0f,
    0x10, 0x3e, 0xb0, 0x81, 0x08, 0x41, 0x05, 0x2d, 0x21, 0x15, 0x98, 0x18, 0x5a, 0x70, 0x80, 0xa0,
    0x82, 0xff, 0x52, 0x33, 0x8e, 0x10, 0x54, 0x20, 0x13, 0x52, 0xc1, 0x8a, 0xa1, 0x05, 0x0a, 0x08,
    0x2a, 0x20, 0x31, 0x9d, 0x65, 0xf0, 0x83, 0x3f, 0x08, 0xad, 0xe1, 0x06, 0xe3, 0xc5, 0xc0, 0xa0,
    0x86, 0x15, 0xd3, 0xe9, 0x86, 0x00, 0x11, 0x86, 0x1b, 0x08, 0x19, 0x03, 0x83, 0x12, 0x5c, 0x4c,
    0xa7, 0x1b, 0x02, 0x43, 0x98, 0x25, 0xf8, 0x83, 0x81, 0x0a, 0x00, 0xeb, 0x03, 0xc4, 0x0f, 0x06,
    0x2a, 0x00, 0xa8, 0x0f, 0x08, 0x3f, 0xb0, 0x40, 0x08, 0x41, 0x05, 0x37, 0x21, 0x15, 0xe0, 0x18,
    0x5a, 0x50, 0x80, 0xa0, 0x82, 0x18, 0x53, 0x93, 0xb3, 0xbf, 0x0a, 0x41, 0x05, 0xa2, 0x91, 0x23,
    0x06, 0x07, 0x00, 0x82, 0x60, 0x10, 0xe1, 0x99, 0x89, 0x05, 0x38, 0x66, 0x44, 0xe8, 0x84, 0xa0,
    0x02, 0x41, 0x2a, 0x00, 0x33, 0xb4, 0x80, 0x74, 0x60, 0x50, 0x41, 0x8e, 0xe9, 0x2c, 0x01, 0x28,
    0x0c, 0x74, 0x00, 0x62, 0xd3, 0x06, 0xc2, 0x1f, 0xb0, 0x9c, 0x1b, 0xcc, 0x32, 0x84, 0x02, 0x29,
    0xdc, 0xd6, 0x70, 0x43, 0xf0, 0x5f, 0x64, 0x30, 0xcb, 0x20, 0x0a, 0xa3, 0x10, 0x8c, 0x18, 0x18,
    0x00, 0x08, 0x82, 0xc1, 0x13, 0x6a, 0x2f, 0xb6, 0x5f, 0xb3, 0x04, 0xa3, 0x50, 0x42, 0x98, 0xe9,
    0x2c, 0x01, 0x29, 0x0c, 0x54, 0x00, 0xc2, 0x28, 0x18, 0xa0, 0x50, 0xed, 0x95, 0x63, 0x5a, 0xee,
    0x75, 0x66, 0x58, 0x43, 0xa8, 0xa1, 0x05, 0x03, 0x04, 0x46, 0x0c, 0x10, 0x00, 0x04, 0xc1, 0x00,
    0x23, 0xb5, 0x34, 0xc3, 0xaf, 0x40, 0xd4, 0x46, 0x13, 0x02, 0xa0, 0x82, 0x34, 0x53, 0x0b, 0x0c,
    0x19, 0x54, 0xf0, 0x66, 0x58, 0x01, 0x9b, 0xe9, 0x88, 0xc1, 0x01, 0x80, 0x20, 0x18, 0x44, 0xac,
    0xb6, 0x62, 0x81, 0x8a, 0x15, 0x7f, 0xc9, 0xd9, 0x55, 0xe0, 0x63, 0x5a, 0xfe, 0x55, 0x6a, 0x57,
    0x01, 0x98, 0x69, 0x05, 0x2e, 0xb6, 0x15, 0x62, 0xab, 0x86, 0x15, 0x8c, 0x99, 0x56, 0x00, 0x63,
    0x5b, 0xc9, 0x01, 0x23, 0x06, 0x08, 0x00, 0x82, 0x60, 0x80, 0xd1, 0x5a, 0x9e, 0xa5, 0x58, 0x20,
    0x6b, 0xa3, 0x09, 0x01, 0x70, 0x81, 0x51, 0x16, 0xb4, 0x98, 0x7c, 0xca, 0x49, 0x60, 0xc4, 0x00,
    0x01, 0x40, 0x10, 0x0c, 0xb0, 0x5c, 0xf3, 0x33, 0x17, 0x0b, 0x6e, 0x6d, 0x34, 0x21, 0x00, 0x2e,
    0x30, 0xca, 0x02, 0x19, 0x93, 0x4f, 0x4d, 0x0b, 0x8c, 0x18, 0x20, 0x00, 0x08, 0x82, 0x01, 0xe6,
    0x6b, 0xa3, 0x36, 0x63, 0x01, 0xaf, 0x8d, 0x26, 0x04, 0xc0, 0x05, 0x46, 0x59, 0x70, 0x63, 0xf2,
    0x99, 0x25, 0x28, 0x85, 0x81, 0x0a, 0xc3, 0x22, 0x05, 0x1e, 0x0e, 0x86, 0x81, 0x0a, 0xc3, 0x21,
    0x05, 0x1e, 0x0e, 0x86, 0x81, 0x0a, 0xc3, 0x20, 0x05, 0x1e, 0x0e, 0x86, 0x81, 0x0a, 0x03, 0x8f,
    0x03, 0x52, 0xe0, 0xe1, 0x60, 0x18, 0x31, 0x48, 0x00, 0x10, 0x04, 0x03, 0x46, 0xdd, 0xf4, 0x8c,
    0xdc, 0xc8, 0xed, 0xd6, 0x88, 0x11, 0x83, 0x04, 0x00, 0x41, 0x30, 0x60, 0xd4, 0x4d, 0xcf, 0xc8,
    0x8d, 0xdc, 0x6c, 0x6d, 0x18, 0x31, 0x48, 0x00, 0x10, 0x04, 0x03, 0x46, 0xdd, 0xf4, 0x8c, 0xdc,
    0xc8, 0x8d, 0xd6, 0x84, 0x11, 0x83, 0x04, 0x00, 0x41, 0x30, 0x60, 0xd4, 0x4d, 0xcf, 0xc8, 0x8d,
    0xdc, 0x72, 0x2d, 0xc0, 0x80, 0x18, 0x00, 0x00, 0x02, 0x00, 0x00, 0x00, 0x5b, 0x86, 0x36, 0x08,
    0x42, 0x01, 0x00, 0x00, 0x00, 0x00, 0x00, 0x00, 0x00, 0x00, 0x00, 0x00
};

static const char k_ps_poly_msl[] =
    "#pragma clang diagnostic ignored \"-Wmissing-prototypes\"\n"
    "#pragma clang diagnostic ignored \"-Wmissing-braces\"\n"
    "\n"
    "#include <metal_stdlib>\n"
    "#include <simd/simd.h>\n"
    "\n"
    "using namespace metal;\n"
    "\n"
    "template<typename T, size_t Num>\n"
    "struct spvUnsafeArray\n"
    "{\n"
    "    T elements[Num ? Num : 1];\n"
    "    \n"
    "    thread T& operator [] (size_t pos) thread\n"
    "    {\n"
    "        return elements[pos];\n"
    "    }\n"
    "    constexpr const thread T& operator [] (size_t pos) const thread\n"
    "    {\n"
    "        return elements[pos];\n"
    "    }\n"
    "    \n"
    "    device T& operator [] (size_t pos) device\n"
    "    {\n"
    "        return elements[pos];\n"
    "    }\n"
    "    constexpr const device T& operator [] (size_t pos) const device\n"
    "    {\n"
    "        return elements[pos];\n"
    "    }\n"
    "    \n"
    "    constexpr const constant T& operator [] (size_t pos) const constant\n"
    "    {\n"
    "        return elements[pos];\n"
    "    }\n"
    "    \n"
    "    threadgroup T& operator [] (size_t pos) threadgroup\n"
    "    {\n"
    "        return elements[pos];\n"
    "    }\n"
    "    constexpr const threadgroup T& operator [] (size_t pos) const threadgroup\n"
    "    {\n"
    "        return elements[pos];\n"
    "    }\n"
    "};\n"
    "\n"
    "struct type_StructuredBuffer_uint\n"
    "{\n"
    "    uint _m0[1];\n"
    "};\n"
    "\n"
    "constant spvUnsafeArray<uint, 128> _211 = spvUnsafeArray<uint, 128>({ 0u, 2u, 5u, 8u, 11u, 14u, 16u, 19u, 22u, 25u, 27u, 30u, 33u, 35u, 38u, 40u, 43u, 46u, 48u, 51u, 53u, 56u, 58u, 61u, 63u, 65u, 68u, 70u, 73u, 75u, 77u, 80u, 82u, 84u, 87u, 89u, 91u, 93u, 96u, 98u, 100u, 102u, 104u, 106u, 109u, 111u, 113u, 115u, 117u, 119u, 121u, 123u, 125u, 127u, 129u, 132u, 134u, 136u, 138u, 140u, 141u, 143u, 145u, 147u, 149u, 151u, 153u, 155u, 157u, 159u, 161u, 162u, 164u, 166u, 168u, 170u, 172u, 173u, 175u, 177u, 179u, 181u, 182u, 184u, 186u, 188u, 189u, 191u, 193u, 194u, 196u, 198u, 200u, 201u, 203u, 205u, 206u, 208u, 209u, 211u, 213u, 214u, 216u, 218u, 219u, 221u, 222u, 224u, 225u, 227u, 229u, 230u, 232u, 233u, 235u, 236u, 238u, 239u, 241u, 242u, 244u, 245u, 247u, 248u, 250u, 251u, 253u, 254u });\n"
    "\n"
    "struct main0_out\n"
    "{\n"
    "    float4 out_var_SV_Target [[color(0)]];\n"
    "};\n"
    "\n"
    "struct main0_in\n"
    "{\n"
    "    float3 in_var_TEXCOORD0 [[user(locn0), center_no_perspective]];\n"
    "    float4 in_var_TEXCOORD1 [[user(locn1), flat]];\n"
    "    uint4 in_var_TEXCOORD2 [[user(locn2)]];\n"
    "    uint2 in_var_TEXCOORD3 [[user(locn3)]];\n"
    "};\n"
    "\n"
    "fragment main0_out main0(main0_in in [[stage_in]], const device type_StructuredBuffer_uint& texram [[buffer(0)]], const device type_StructuredBuffer_uint& lumaram [[buffer(1)]], const device type_StructuredBuffer_uint& xlat [[buffer(2)]], float4 gl_FragCoord [[position]])\n"
    "{\n"
    "    main0_out out = {};\n"
    "    float4 _1419;\n"
    "    do\n"
    "    {\n"
    "        if (((in.in_var_TEXCOORD2.x >> 2u) & 1u) != 0u)\n"
    "        {\n"
    "            uint2 _229 = uint2(gl_FragCoord.xy);\n"
    "            if (((_229.x ^ _229.y) & 1u) == 0u)\n"
    "            {\n"
    "                discard_fragment();\n"
    "            }\n"
    "        }\n"
    "        uint _237 = in.in_var_TEXCOORD2.x & 3u;\n"
    "        if (_237 < 2u)\n"
    "        {\n"
    "            _1419 = in.in_var_TEXCOORD1;\n"
    "            break;\n"
    "        }\n"
    "        bool _241 = _237 == 3u;\n"
    "        int _244 = int((in.in_var_TEXCOORD2.x >> 12u) & 31u);\n"
    "        float _247 = 1.0 / in.in_var_TEXCOORD0.x;\n"
    "        int _267;\n"
    "        do\n"
    "        {\n"
    "            if (_247 < 0.0)\n"
    "            {\n"
    "                _267 = 0;\n"
    "                break;\n"
    "            }\n"
    "            uint _257 = as_type<uint>(_247) >> 16u;\n"
    "            _267 = ((int(_257 >> 7u) - 127) << 8) | int(_211[_257 & 127u]);\n"
    "            break;\n"
    "        } while(false);\n"
    "        int _268 = _267 - int(in.in_var_TEXCOORD3.x);\n"
    "        int _270 = clamp(_268 >> 7, 0, _244);\n"
    "        float _274 = (in.in_var_TEXCOORD0.y * _247) * 256.0;\n"
    "        int _286;\n"
    "        do\n"
    "        {\n"
    "            bool _281;\n"
    "            if (_274 >= (-2147483648.0))\n"
    "            {\n"
    "                _281 = _274 < 2147483648.0;\n"
    "            }\n"
    "            else\n"
    "            {\n"
    "                _281 = false;\n"
    "            }\n"
    "            if (!_281)\n"
    "            {\n"
    "                _286 = int(0x80000000);\n"
    "                break;\n"
    "            }\n"
    "            _286 = int(_274);\n"
    "            break;\n"
    "        } while(false);\n"
    "        float _290 = (in.in_var_TEXCOORD0.z * _247) * 256.0;\n"
    "        int _302;\n"
    "        do\n"
    "        {\n"
    "            bool _297;\n"
    "            if (_290 >= (-2147483648.0))\n"
    "            {\n"
    "                _297 = _290 < 2147483648.0;\n"
    "            }\n"
    "            else\n"
    "            {\n"
    "                _297 = false;\n"
    "            }\n"
    "            if (!_297)\n"
    "            {\n"
    "                _302 = int(0x80000000);\n"
    "                break;\n"
    "            }\n"
    "            _302 = int(_290);\n"
    "            break;\n"
    "        } while(false);\n"
    "        bool _305 = ((in.in_var_TEXCOORD2.x >> 10u) & 1u) != 0u;\n"
    "        uint _349;\n"
    "        uint _350;\n"
    "        uint _351;\n"
    "        uint _352;\n"
    "        int _353;\n"
    "        uint _354;\n"
    "        int _355;\n"
    "        if (_270 == (-1))\n"
    "        {\n"
    "            int _346 = int(1u << ((in.in_var_TEXCOORD2.x >> 8u) & 3u)) & 31;\n"
    "            _349 = _305 ? 0u : 1u;\n"
    "            _350 = in.in_var_TEXCOORD2.z >> 16u;\n"
    "            _351 = in.in_var_TEXCOORD2.z & 65535u;\n"
    "            _352 = 128u;\n"
    "            _353 = _302 << _346;\n"
    "            _354 = 128u;\n"
    "            _355 = _286 << _346;\n"
    "        }\n"
    "        else\n"
    "        {\n"
    "            uint _318 = uint(_270) & 31u;\n"
    "            int _334 = _270 & 31;\n"
    "            _349 = uint(((_270 & 1) != 0) != _305);\n"
    "            _350 = (((in.in_var_TEXCOORD2.y >> 16u) - 1024u) >> _318) & 1023u;\n"
    "            _351 = (((in.in_var_TEXCOORD2.y & 65535u) - 2048u) >> _318) & 2047u;\n"
    "            _352 = (32u << ((in.in_var_TEXCOORD2.x >> 20u) & 7u)) >> _318;\n"
    "            _353 = _302 >> _334;\n"
    "            _354 = (32u << ((in.in_var_TEXCOORD2.x >> 17u) & 7u)) >> _318;\n"
    "            _355 = _286 >> _334;\n"
    "        }\n"
    "        bool _358 = ((in.in_var_TEXCOORD2.x >> 5u) & 1u) != 0u;\n"
    "        bool _365;\n"
    "        if (_358)\n"
    "        {\n"
    "            _365 = (_355 & int(_354 << 8u)) != 0;\n"
    "        }\n"
    "        else\n"
    "        {\n"
    "            _365 = false;\n"
    "        }\n"
    "        int _369;\n"
    "        if (_365)\n"
    "        {\n"
    "            _369 = ~_355;\n"
    "        }\n"
    "        else\n"
    "        {\n"
    "            _369 = _355;\n"
    "        }\n"
    "        bool _372 = ((in.in_var_TEXCOORD2.x >> 6u) & 1u) != 0u;\n"
    "        bool _379;\n"
    "        if (_372)\n"
    "        {\n"
    "            _379 = (_353 & int(_352 << 8u)) != 0;\n"
    "        }\n"
    "        else\n"
    "        {\n"
    "            _379 = false;\n"
    "        }\n"
    "        int _383;\n"
    "        if (_379)\n"
    "        {\n"
    "            _383 = ~_353;\n"
    "        }\n"
    "        else\n"
    "        {\n"
    "            _383 = _353;\n"
    "        }\n"
    "        int _384 = _369 - 128;\n"
    "        int _385 = _383 - 128;\n"
    "        uint _387 = uint(_384) & 255u;\n"
    "        uint _389 = uint(_385) & 255u;\n"
    "        uint _392 = _354 - 1u;\n"
    "        int _394 = int(uint(_384 >> 8) & _392);\n"
    "        int _398 = int(uint(_394 + 1) & _392);\n"
    "        uint _401 = _352 - 1u;\n"
    "        int _403 = int(uint(_385 >> 8) & _401);\n"
    "        int _407 = int(uint(_403 + 1) & _401);\n"
    "        bool _410 = ((in.in_var_TEXCOORD2.x >> 3u) & 1u) == 0u;\n"
    "        bool _414;\n"
    "        if (_410)\n"
    "        {\n"
    "            _414 = _398 == 0;\n"
    "        }\n"
    "        else\n"
    "        {\n"
    "            _414 = false;\n"
    "        }\n"
    "        uint _426;\n"
    "        int _427;\n"
    "        int _428;\n"
    "        if (_414)\n"
    "        {\n"
    "            bool _417 = _387 >= 128u;\n"
    "            int _423;\n"
    "            int _424;\n"
    "            if (_417)\n"
    "            {\n"
    "                _423 = _398 + 1;\n"
    "                _424 = _398;\n"
    "            }\n"
    "            else\n"
    "            {\n"
    "                _423 = _394;\n"
    "                _424 = _394 - 1;\n"
    "            }\n"
    "            _426 = _417 ? 0u : 256u;\n"
    "            _427 = _423;\n"
    "            _428 = _424;\n"
    "        }\n"
    "        else\n"
    "        {\n"
    "            _426 = _387;\n"
    "            _427 = _398;\n"
    "            _428 = _394;\n"
    "        }\n"
    "        bool _431 = ((in.in_var_TEXCOORD2.x >> 4u) & 1u) == 0u;\n"
    "        bool _435;\n"
    "        if (_431)\n"
    "        {\n"
    "            _435 = _407 == 0;\n"
    "        }\n"
    "        else\n"
    "        {\n"
    "            _435 = false;\n"
    "        }\n"
    "        uint _447;\n"
    "        int _448;\n"
    "        int _449;\n"
    "        if (_435)\n"
    "        {\n"
    "            bool _438 = _389 >= 128u;\n"
    "            int _444;\n"
    "            int _445;\n"
    "            if (_438)\n"
    "            {\n"
    "                _444 = _407 + 1;\n"
    "                _445 = 0;\n"
    "            }\n"
    "            else\n"
    "            {\n"
    "                _444 = _403;\n"
    "                _445 = _403 - 1;\n"
    "            }\n"
    "            _447 = _438 ? 0u : 256u;\n"
    "            _448 = _444;\n"
    "            _449 = _445;\n"
    "        }\n"
    "        else\n"
    "        {\n"
    "            _447 = _389;\n"
    "            _448 = _407;\n"
    "            _449 = _403;\n"
    "        }\n"
    "        int _450 = int(_351);\n"
    "        int _451 = _450 + _428;\n"
    "        int _452 = int(_350);\n"
    "        int _453 = _452 + _449;\n"
    "        bool _454 = _451 >= 1024;\n"
    "        int _459;\n"
    "        int _460;\n"
    "        if (_454)\n"
    "        {\n"
    "            _459 = _451 - 1024;\n"
    "            _460 = _453 ^ 1024;\n"
    "        }\n"
    "        else\n"
    "        {\n"
    "            _459 = _451;\n"
    "            _460 = _453;\n"
    "        }\n"
    "        uint _465 = uint(((_460 / 2) * 512) + (_459 / 2));\n"
    "        uint _466 = _349 * 524288u;\n"
    "        uint _469 = _466 + ((_465 >> 1u) & 524287u);\n"
    "        uint _477;\n"
    "        if ((_465 & 1u) != 0u)\n"
    "        {\n"
    "            _477 = texram._m0[_469] >> 16u;\n"
    "        }\n"
    "        else\n"
    "        {\n"
    "            _477 = texram._m0[_469];\n"
    "        }\n"
    "        bool _479 = (_449 & 1) == 0;\n"
    "        uint _483;\n"
    "        if (_479)\n"
    "        {\n"
    "            _483 = _477 >> 8u;\n"
    "        }\n"
    "        else\n"
    "        {\n"
    "            _483 = _477;\n"
    "        }\n"
    "        bool _485 = (_428 & 1) == 0;\n"
    "        uint _489;\n"
    "        if (_485)\n"
    "        {\n"
    "            _489 = _483 >> 4u;\n"
    "        }\n"
    "        else\n"
    "        {\n"
    "            _489 = _483;\n"
    "        }\n"
    "        uint _491 = (_489 & 15u) << 4u;\n"
    "        int _492 = _450 + _427;\n"
    "        bool _493 = _492 >= 1024;\n"
    "        int _498;\n"
    "        int _499;\n"
    "        if (_493)\n"
    "        {\n"
    "            _498 = _492 - 1024;\n"
    "            _499 = _453 ^ 1024;\n"
    "        }\n"
    "        else\n"
    "        {\n"
    "            _498 = _492;\n"
    "            _499 = _453;\n"
    "        }\n"
    "        uint _504 = uint(((_499 / 2) * 512) + (_498 / 2));\n"
    "        uint _507 = _466 + ((_504 >> 1u) & 524287u);\n"
    "        uint _515;\n"
    "        if ((_504 & 1u) != 0u)\n"
    "        {\n"
    "            _515 = texram._m0[_507] >> 16u;\n"
    "        }\n"
    "        else\n"
    "        {\n"
    "            _515 = texram._m0[_507];\n"
    "        }\n"
    "        uint _519;\n"
    "        if (_479)\n"
    "        {\n"
    "            _519 = _515 >> 8u;\n"
    "        }\n"
    "        else\n"
    "        {\n"
    "            _519 = _515;\n"
    "        }\n"
    "        bool _521 = (_427 & 1) == 0;\n"
    "        uint _525;\n"
    "        if (_521)\n"
    "        {\n"
    "            _525 = _519 >> 4u;\n"
    "        }\n"
    "        else\n"
    "        {\n"
    "            _525 = _519;\n"
    "        }\n"
    "        uint _527 = (_525 & 15u) << 4u;\n"
    "        int _528 = _452 + _448;\n"
    "        int _533;\n"
    "        int _534;\n"
    "        if (_454)\n"
    "        {\n"
    "            _533 = _451 - 1024;\n"
    "            _534 = _528 ^ 1024;\n"
    "        }\n"
    "        else\n"
    "        {\n"
    "            _533 = _451;\n"
    "            _534 = _528;\n"
    "        }\n"
    "        uint _539 = uint(((_534 / 2) * 512) + (_533 / 2));\n"
    "        uint _542 = _466 + ((_539 >> 1u) & 524287u);\n"
    "        uint _550;\n"
    "        if ((_539 & 1u) != 0u)\n"
    "        {\n"
    "            _550 = texram._m0[_542] >> 16u;\n"
    "        }\n"
    "        else\n"
    "        {\n"
    "            _550 = texram._m0[_542];\n"
    "        }\n"
    "        bool _552 = (_448 & 1) == 0;\n"
    "        uint _556;\n"
    "        if (_552)\n"
    "        {\n"
    "            _556 = _550 >> 8u;\n"
    "        }\n"
    "        else\n"
    "        {\n"
    "            _556 = _550;\n"
    "        }\n"
    "        uint _560;\n"
    "        if (_485)\n"
    "        {\n"
    "            _560 = _556 >> 4u;\n"
    "        }\n"
    "        else\n"
    "        {\n"
    "            _560 = _556;\n"
    "        }\n"
    "        uint _562 = (_560 & 15u) << 4u;\n"
    "        int _567;\n"
    "        int _568;\n"
    "        if (_493)\n"
    "        {\n"
    "            _567 = _492 - 1024;\n"
    "            _568 = _528 ^ 1024;\n"
    "        }\n"
    "        else\n"
    "        {\n"
    "            _567 = _492;\n"
    "            _568 = _528;\n"
    "        }\n"
    "        uint _573 = uint(((_568 / 2) * 512) + (_567 / 2));\n"
    "        uint _576 = _466 + ((_573 >> 1u) & 524287u);\n"
    "        uint _584;\n"
    "        if ((_573 & 1u) != 0u)\n"
    "        {\n"
    "            _584 = texram._m0[_576] >> 16u;\n"
    "        }\n"
    "        else\n"
    "        {\n"
    "            _584 = texram._m0[_576];\n"
    "        }\n"
    "        uint _588;\n"
    "        if (_552)\n"
    "        {\n"
    "            _588 = _584 >> 8u;\n"
    "        }\n"
    "        else\n"
    "        {\n"
    "            _588 = _584;\n"
    "        }\n"
    "        uint _592;\n"
    "        if (_521)\n"
    "        {\n"
    "            _592 = _588 >> 4u;\n"
    "        }\n"
    "        else\n"
    "        {\n"
    "            _592 = _588;\n"
    "        }\n"
    "        uint _594 = (_592 & 15u) << 4u;\n"
    "        uint _637;\n"
    "        uint _638;\n"
    "        uint _639;\n"
    "        uint _640;\n"
    "        if (_241)\n"
    "        {\n"
    "            uint _601;\n"
    "            if (_491 != 240u)\n"
    "            {\n"
    "                _601 = _491 | 8388608u;\n"
    "            }\n"
    "            else\n"
    "            {\n"
    "                _601 = _491;\n"
    "            }\n"
    "            uint _606;\n"
    "            if (_527 != 240u)\n"
    "            {\n"
    "                _606 = _527 | 8388608u;\n"
    "            }\n"
    "            else\n"
    "            {\n"
    "                _606 = _527;\n"
    "            }\n"
    "            uint _611;\n"
    "            if (_562 != 240u)\n"
    "            {\n"
    "                _611 = _562 | 8388608u;\n"
    "            }\n"
    "            else\n"
    "            {\n"
    "                _611 = _562;\n"
    "            }\n"
    "            uint _616;\n"
    "            if (_594 != 240u)\n"
    "            {\n"
    "                _616 = _594 | 8388608u;\n"
    "            }\n"
    "            else\n"
    "            {\n"
    "                _616 = _594;\n"
    "            }\n"
    "            uint _621;\n"
    "            if (_601 == 240u)\n"
    "            {\n"
    "                _621 = _606 & 255u;\n"
    "            }\n"
    "            else\n"
    "            {\n"
    "                _621 = _601;\n"
    "            }\n"
    "            uint _626;\n"
    "            if (_606 == 240u)\n"
    "            {\n"
    "                _626 = _621 & 255u;\n"
    "            }\n"
    "            else\n"
    "            {\n"
    "                _626 = _606;\n"
    "            }\n"
    "            uint _631;\n"
    "            if (_611 == 240u)\n"
    "            {\n"
    "                _631 = _616 & 255u;\n"
    "            }\n"
    "            else\n"
    "            {\n"
    "                _631 = _611;\n"
    "            }\n"
    "            uint _636;\n"
    "            if (_616 == 240u)\n"
    "            {\n"
    "                _636 = _631 & 255u;\n"
    "            }\n"
    "            else\n"
    "            {\n"
    "                _636 = _616;\n"
    "            }\n"
    "            _637 = _636;\n"
    "            _638 = _631;\n"
    "            _639 = _626;\n"
    "            _640 = _621;\n"
    "        }\n"
    "        else\n"
    "        {\n"
    "            _637 = _594;\n"
    "            _638 = _562;\n"
    "            _639 = _527;\n"
    "            _640 = _491;\n"
    "        }\n"
    "        uint _645 = (_640 + (((_639 - _640) * _426) >> 8u)) & 16711935u;\n"
    "        uint _649 = _638 + (((_637 - _638) * _426) >> 8u);\n"
    "        uint _650 = _649 & 16711935u;\n"
    "        uint _663;\n"
    "        uint _664;\n"
    "        if (_241)\n"
    "        {\n"
    "            uint _657;\n"
    "            if (_645 == 240u)\n"
    "            {\n"
    "                _657 = _649 & 255u;\n"
    "            }\n"
    "            else\n"
    "            {\n"
    "                _657 = _645;\n"
    "            }\n"
    "            uint _662;\n"
    "            if (_650 == 240u)\n"
    "            {\n"
    "                _662 = _657 & 255u;\n"
    "            }\n"
    "            else\n"
    "            {\n"
    "                _662 = _650;\n"
    "            }\n"
    "            _663 = _662;\n"
    "            _664 = _657;\n"
    "        }\n"
    "        else\n"
    "        {\n"
    "            _663 = _650;\n"
    "            _664 = _645;\n"
    "        }\n"
    "        uint _669 = (_664 + (((_663 - _664) * _447) >> 8u)) & 16711935u;\n"
    "        bool _674;\n"
    "        if (_268 > 0)\n"
    "        {\n"
    "            _674 = _270 < _244;\n"
    "        }\n"
    "        else\n"
    "        {\n"
    "            _674 = false;\n"
    "        }\n"
    "        uint _1370;\n"
    "        if (_674)\n"
    "        {\n"
    "            int _1009 = _270 + 1;\n"
    "            uint _1053;\n"
    "            uint _1054;\n"
    "            uint _1055;\n"
    "            uint _1056;\n"
    "            int _1057;\n"
    "            uint _1058;\n"
    "            int _1059;\n"
    "            if (_1009 == (-1))\n"
    "            {\n"
    "                int _1050 = int(1u << ((in.in_var_TEXCOORD2.x >> 8u) & 3u)) & 31;\n"
    "                _1053 = _305 ? 0u : 1u;\n"
    "                _1054 = in.in_var_TEXCOORD2.z >> 16u;\n"
    "                _1055 = in.in_var_TEXCOORD2.z & 65535u;\n"
    "                _1056 = 128u;\n"
    "                _1057 = _302 << _1050;\n"
    "                _1058 = 128u;\n"
    "                _1059 = _286 << _1050;\n"
    "            }\n"
    "            else\n"
    "            {\n"
    "                uint _1022 = uint(_1009) & 31u;\n"
    "                int _1038 = _1009 & 31;\n"
    "                _1053 = uint(((_1009 & 1) != 0) != _305);\n"
    "                _1054 = (((in.in_var_TEXCOORD2.y >> 16u) - 1024u) >> _1022) & 1023u;\n"
    "                _1055 = (((in.in_var_TEXCOORD2.y & 65535u) - 2048u) >> _1022) & 2047u;\n"
    "                _1056 = (32u << ((in.in_var_TEXCOORD2.x >> 20u) & 7u)) >> _1022;\n"
    "                _1057 = _302 >> _1038;\n"
    "                _1058 = (32u << ((in.in_var_TEXCOORD2.x >> 17u) & 7u)) >> _1022;\n"
    "                _1059 = _286 >> _1038;\n"
    "            }\n"
    "            bool _1066;\n"
    "            if (_358)\n"
    "            {\n"
    "                _1066 = (_1059 & int(_1058 << 8u)) != 0;\n"
    "            }\n"
    "            else\n"
    "            {\n"
    "                _1066 = false;\n"
    "            }\n"
    "            int _1070;\n"
    "            if (_1066)\n"
    "            {\n"
    "                _1070 = ~_1059;\n"
    "            }\n"
    "            else\n"
    "            {\n"
    "                _1070 = _1059;\n"
    "            }\n"
    "            bool _1077;\n"
    "            if (_372)\n"
    "            {\n"
    "                _1077 = (_1057 & int(_1056 << 8u)) != 0;\n"
    "            }\n"
    "            else\n"
    "            {\n"
    "                _1077 = false;\n"
    "            }\n"
    "            int _1081;\n"
    "            if (_1077)\n"
    "            {\n"
    "                _1081 = ~_1057;\n"
    "            }\n"
    "            else\n"
    "            {\n"
    "                _1081 = _1057;\n"
    "            }\n"
    "            int _1082 = _1070 - 128;\n"
    "            int _1083 = _1081 - 128;\n"
    "            uint _1085 = uint(_1082) & 255u;\n"
    "            uint _1087 = uint(_1083) & 255u;\n"
    "            uint _1090 = _1058 - 1u;\n"
    "            int _1092 = int(uint(_1082 >> 8) & _1090);\n"
    "            int _1096 = int(uint(_1092 + 1) & _1090);\n"
    "            uint _1099 = _1056 - 1u;\n"
    "            int _1101 = int(uint(_1083 >> 8) & _1099);\n"
    "            int _1105 = int(uint(_1101 + 1) & _1099);\n"
    "            bool _1109;\n"
    "            if (_410)\n"
    "            {\n"
    "                _1109 = _1096 == 0;\n"
    "            }\n"
    "            else\n"
    "            {\n"
    "                _1109 = false;\n"
    "            }\n"
    "            uint _1121;\n"
    "            int _1122;\n"
    "            int _1123;\n"
    "            if (_1109)\n"
    "            {\n"
    "                bool _1112 = _1085 >= 128u;\n"
    "                int _1118;\n"
    "                int _1119;\n"
    "                if (_1112)\n"
    "                {\n"
    "                    _1118 = _1096 + 1;\n"
    "                    _1119 = _1096;\n"
    "                }\n"
    "                else\n"
    "                {\n"
    "                    _1118 = _1092;\n"
    "                    _1119 = _1092 - 1;\n"
    "                }\n"
    "                _1121 = _1112 ? 0u : 256u;\n"
    "                _1122 = _1118;\n"
    "                _1123 = _1119;\n"
    "            }\n"
    "            else\n"
    "            {\n"
    "                _1121 = _1085;\n"
    "                _1122 = _1096;\n"
    "                _1123 = _1092;\n"
    "            }\n"
    "            bool _1127;\n"
    "            if (_431)\n"
    "            {\n"
    "                _1127 = _1105 == 0;\n"
    "            }\n"
    "            else\n"
    "            {\n"
    "                _1127 = false;\n"
    "            }\n"
    "            uint _1139;\n"
    "            int _1140;\n"
    "            int _1141;\n"
    "            if (_1127)\n"
    "            {\n"
    "                bool _1130 = _1087 >= 128u;\n"
    "                int _1136;\n"
    "                int _1137;\n"
    "                if (_1130)\n"
    "                {\n"
    "                    _1136 = _1105 + 1;\n"
    "                    _1137 = 0;\n"
    "                }\n"
    "                else\n"
    "                {\n"
    "                    _1136 = _1101;\n"
    "                    _1137 = _1101 - 1;\n"
    "                }\n"
    "                _1139 = _1130 ? 0u : 256u;\n"
    "                _1140 = _1136;\n"
    "                _1141 = _1137;\n"
    "            }\n"
    "            else\n"
    "            {\n"
    "                _1139 = _1087;\n"
    "                _1140 = _1105;\n"
    "                _1141 = _1101;\n"
    "            }\n"
    "            int _1142 = int(_1055);\n"
    "            int _1143 = _1142 + _1123;\n"
    "            int _1144 = int(_1054);\n"
    "            int _1145 = _1144 + _1141;\n"
    "            bool _1146 = _1143 >= 1024;\n"
    "            int _1151;\n"
    "            int _1152;\n"
    "            if (_1146)\n"
    "            {\n"
    "                _1151 = _1143 - 1024;\n"
    "                _1152 = _1145 ^ 1024;\n"
    "            }\n"
    "            else\n"
    "            {\n"
    "                _1151 = _1143;\n"
    "                _1152 = _1145;\n"
    "            }\n"
    "            uint _1157 = uint(((_1152 / 2) * 512) + (_1151 / 2));\n"
    "            uint _1158 = _1053 * 524288u;\n"
    "            uint _1161 = _1158 + ((_1157 >> 1u) & 524287u);\n"
    "            uint _1169;\n"
    "            if ((_1157 & 1u) != 0u)\n"
    "            {\n"
    "                _1169 = texram._m0[_1161] >> 16u;\n"
    "            }\n"
    "            else\n"
    "            {\n"
    "                _1169 = texram._m0[_1161];\n"
    "            }\n"
    "            bool _1171 = (_1141 & 1) == 0;\n"
    "            uint _1175;\n"
    "            if (_1171)\n"
    "            {\n"
    "                _1175 = _1169 >> 8u;\n"
    "            }\n"
    "            else\n"
    "            {\n"
    "                _1175 = _1169;\n"
    "            }\n"
    "            bool _1177 = (_1123 & 1) == 0;\n"
    "            uint _1181;\n"
    "            if (_1177)\n"
    "            {\n"
    "                _1181 = _1175 >> 4u;\n"
    "            }\n"
    "            else\n"
    "            {\n"
    "                _1181 = _1175;\n"
    "            }\n"
    "            uint _1183 = (_1181 & 15u) << 4u;\n"
    "            int _1184 = _1142 + _1122;\n"
    "            bool _1185 = _1184 >= 1024;\n"
    "            int _1190;\n"
    "            int _1191;\n"
    "            if (_1185)\n"
    "            {\n"
    "                _1190 = _1184 - 1024;\n"
    "                _1191 = _1145 ^ 1024;\n"
    "            }\n"
    "            else\n"
    "            {\n"
    "                _1190 = _1184;\n"
    "                _1191 = _1145;\n"
    "            }\n"
    "            uint _1196 = uint(((_1191 / 2) * 512) + (_1190 / 2));\n"
    "            uint _1199 = _1158 + ((_1196 >> 1u) & 524287u);\n"
    "            uint _1207;\n"
    "            if ((_1196 & 1u) != 0u)\n"
    "            {\n"
    "                _1207 = texram._m0[_1199] >> 16u;\n"
    "            }\n"
    "            else\n"
    "            {\n"
    "                _1207 = texram._m0[_1199];\n"
    "            }\n"
    "            uint _1211;\n"
    "            if (_1171)\n"
    "            {\n"
    "                _1211 = _1207 >> 8u;\n"
    "            }\n"
    "            else\n"
    "            {\n"
    "                _1211 = _1207;\n"
    "            }\n"
    "            bool _1213 = (_1122 & 1) == 0;\n"
    "            uint _1217;\n"
    "            if (_1213)\n"
    "            {\n"
    "                _1217 = _1211 >> 4u;\n"
    "            }\n"
    "            else\n"
    "            {\n"
    "                _1217 = _1211;\n"
    "            }\n"
    "            uint _1219 = (_1217 & 15u) << 4u;\n"
    "            int _1220 = _1144 + _1140;\n"
    "            int _1225;\n"
    "            int _1226;\n"
    "            if (_1146)\n"
    "            {\n"
    "                _1225 = _1143 - 1024;\n"
    "                _1226 = _1220 ^ 1024;\n"
    "            }\n"
    "            else\n"
    "            {\n"
    "                _1225 = _1143;\n"
    "                _1226 = _1220;\n"
    "            }\n"
    "            uint _1231 = uint(((_1226 / 2) * 512) + (_1225 / 2));\n"
    "            uint _1234 = _1158 + ((_1231 >> 1u) & 524287u);\n"
    "            uint _1242;\n"
    "            if ((_1231 & 1u) != 0u)\n"
    "            {\n"
    "                _1242 = texram._m0[_1234] >> 16u;\n"
    "            }\n"
    "            else\n"
    "            {\n"
    "                _1242 = texram._m0[_1234];\n"
    "            }\n"
    "            bool _1244 = (_1140 & 1) == 0;\n"
    "            uint _1248;\n"
    "            if (_1244)\n"
    "            {\n"
    "                _1248 = _1242 >> 8u;\n"
    "            }\n"
    "            else\n"
    "            {\n"
    "                _1248 = _1242;\n"
    "            }\n"
    "            uint _1252;\n"
    "            if (_1177)\n"
    "            {\n"
    "                _1252 = _1248 >> 4u;\n"
    "            }\n"
    "            else\n"
    "            {\n"
    "                _1252 = _1248;\n"
    "            }\n"
    "            uint _1254 = (_1252 & 15u) << 4u;\n"
    "            int _1259;\n"
    "            int _1260;\n"
    "            if (_1185)\n"
    "            {\n"
    "                _1259 = _1184 - 1024;\n"
    "                _1260 = _1220 ^ 1024;\n"
    "            }\n"
    "            else\n"
    "            {\n"
    "                _1259 = _1184;\n"
    "                _1260 = _1220;\n"
    "            }\n"
    "            uint _1265 = uint(((_1260 / 2) * 512) + (_1259 / 2));\n"
    "            uint _1268 = _1158 + ((_1265 >> 1u) & 524287u);\n"
    "            uint _1276;\n"
    "            if ((_1265 & 1u) != 0u)\n"
    "            {\n"
    "                _1276 = texram._m0[_1268] >> 16u;\n"
    "            }\n"
    "            else\n"
    "            {\n"
    "                _1276 = texram._m0[_1268];\n"
    "            }\n"
    "            uint _1280;\n"
    "            if (_1244)\n"
    "            {\n"
    "                _1280 = _1276 >> 8u;\n"
    "            }\n"
    "            else\n"
    "            {\n"
    "                _1280 = _1276;\n"
    "            }\n"
    "            uint _1284;\n"
    "            if (_1213)\n"
    "            {\n"
    "                _1284 = _1280 >> 4u;\n"
    "            }\n"
    "            else\n"
    "            {\n"
    "                _1284 = _1280;\n"
    "            }\n"
    "            uint _1286 = (_1284 & 15u) << 4u;\n"
    "            uint _1329;\n"
    "            uint _1330;\n"
    "            uint _1331;\n"
    "            uint _1332;\n"
    "            if (_241)\n"
    "            {\n"
    "                uint _1293;\n"
    "                if (_1183 != 240u)\n"
    "                {\n"
    "                    _1293 = _1183 | 8388608u;\n"
    "                }\n"
    "                else\n"
    "                {\n"
    "                    _1293 = _1183;\n"
    "                }\n"
    "                uint _1298;\n"
    "                if (_1219 != 240u)\n"
    "                {\n"
    "                    _1298 = _1219 | 8388608u;\n"
    "                }\n"
    "                else\n"
    "                {\n"
    "                    _1298 = _1219;\n"
    "                }\n"
    "                uint _1303;\n"
    "                if (_1254 != 240u)\n"
    "                {\n"
    "                    _1303 = _1254 | 8388608u;\n"
    "                }\n"
    "                else\n"
    "                {\n"
    "                    _1303 = _1254;\n"
    "                }\n"
    "                uint _1308;\n"
    "                if (_1286 != 240u)\n"
    "                {\n"
    "                    _1308 = _1286 | 8388608u;\n"
    "                }\n"
    "                else\n"
    "                {\n"
    "                    _1308 = _1286;\n"
    "                }\n"
    "                uint _1313;\n"
    "                if (_1293 == 240u)\n"
    "                {\n"
    "                    _1313 = _1298 & 255u;\n"
    "                }\n"
    "                else\n"
    "                {\n"
    "                    _1313 = _1293;\n"
    "                }\n"
    "                uint _1318;\n"
    "                if (_1298 == 240u)\n"
    "                {\n"
    "                    _1318 = _1313 & 255u;\n"
    "                }\n"
    "                else\n"
    "                {\n"
    "                    _1318 = _1298;\n"
    "                }\n"
    "                uint _1323;\n"
    "                if (_1303 == 240u)\n"
    "                {\n"
    "                    _1323 = _1308 & 255u;\n"
    "                }\n"
    "                else\n"
    "                {\n"
    "                    _1323 = _1303;\n"
    "                }\n"
    "                uint _1328;\n"
    "                if (_1308 == 240u)\n"
    "                {\n"
    "                    _1328 = _1323 & 255u;\n"
    "                }\n"
    "                else\n"
    "                {\n"
    "                    _1328 = _1308;\n"
    "                }\n"
    "                _1329 = _1328;\n"
    "                _1330 = _1323;\n"
    "                _1331 = _1318;\n"
    "                _1332 = _1313;\n"
    "            }\n"
    "            else\n"
    "            {\n"
    "                _1329 = _1286;\n"
    "                _1330 = _1254;\n"
    "                _1331 = _1219;\n"
    "                _1332 = _1183;\n"
    "            }\n"
    "            uint _1337 = (_1332 + (((_1331 - _1332) * _1121) >> 8u)) & 16711935u;\n"
    "            uint _1341 = _1330 + (((_1329 - _1330) * _1121) >> 8u);\n"
    "            uint _1342 = _1341 & 16711935u;\n"
    "            uint _1355;\n"
    "            uint _1356;\n"
    "            if (_241)\n"
    "            {\n"
    "                uint _1349;\n"
    "                if (_1337 == 240u)\n"
    "                {\n"
    "                    _1349 = _1341 & 255u;\n"
    "                }\n"
    "                else\n"
    "                {\n"
    "                    _1349 = _1337;\n"
    "                }\n"
    "                uint _1354;\n"
    "                if (_1342 == 240u)\n"
    "                {\n"
    "                    _1354 = _1349 & 255u;\n"
    "                }\n"
    "                else\n"
    "                {\n"
    "                    _1354 = _1342;\n"
    "                }\n"
    "                _1355 = _1354;\n"
    "                _1356 = _1349;\n"
    "            }\n"
    "            else\n"
    "            {\n"
    "                _1355 = _1342;\n"
    "                _1356 = _1337;\n"
    "            }\n"
    "            _1370 = (_669 + (((((_1356 + (((_1355 - _1356) * _1139) >> 8u)) & 16711935u) - _669) * uint((_268 & 127) << 1)) >> 8u)) & 16711935u;\n"
    "        }\n"
    "        else\n"
    "        {\n"
    "            bool _684;\n"
    "            if (((in.in_var_TEXCOORD2.x >> 7u) & 1u) != 0u)\n"
    "            {\n"
    "                _684 = _268 < 0;\n"
    "            }\n"
    "            else\n"
    "            {\n"
    "                _684 = false;\n"
    "            }\n"
    "            uint _1008;\n"
    "            if (_684)\n"
    "            {\n"
    "                uint _693 = (in.in_var_TEXCOORD2.x >> 8u) & 3u;\n"
    "                int _696 = int(1u << _693) & 31;\n"
    "                int _697 = _286 << _696;\n"
    "                int _698 = _302 << _696;\n"
    "                bool _703;\n"
    "                if (_358)\n"
    "                {\n"
    "                    _703 = (_697 & 32768) != 0;\n"
    "                }\n"
    "                else\n"
    "                {\n"
    "                    _703 = false;\n"
    "                }\n"
    "                int _707;\n"
    "                if (_703)\n"
    "                {\n"
    "                    _707 = ~_697;\n"
    "                }\n"
    "                else\n"
    "                {\n"
    "                    _707 = _697;\n"
    "                }\n"
    "                bool _712;\n"
    "                if (_372)\n"
    "                {\n"
    "                    _712 = (_698 & 32768) != 0;\n"
    "                }\n"
    "                else\n"
    "                {\n"
    "                    _712 = false;\n"
    "                }\n"
    "                int _716;\n"
    "                if (_712)\n"
    "                {\n"
    "                    _716 = ~_698;\n"
    "                }\n"
    "                else\n"
    "                {\n"
    "                    _716 = _698;\n"
    "                }\n"
    "                int _717 = _707 - 128;\n"
    "                int _718 = _716 - 128;\n"
    "                uint _720 = uint(_717) & 255u;\n"
    "                uint _722 = uint(_718) & 255u;\n"
    "                int _726 = int(uint(_717 >> 8) & 127u);\n"
    "                int _730 = int(uint(_726 + 1) & 127u);\n"
    "                int _734 = int(uint(_718 >> 8) & 127u);\n"
    "                int _738 = int(uint(_734 + 1) & 127u);\n"
    "                bool _742;\n"
    "                if (_410)\n"
    "                {\n"
    "                    _742 = _730 == 0;\n"
    "                }\n"
    "                else\n"
    "                {\n"
    "                    _742 = false;\n"
    "                }\n"
    "                uint _754;\n"
    "                int _755;\n"
    "                int _756;\n"
    "                if (_742)\n"
    "                {\n"
    "                    bool _745 = _720 >= 128u;\n"
    "                    int _751;\n"
    "                    int _752;\n"
    "                    if (_745)\n"
    "                    {\n"
    "                        _751 = _730 + 1;\n"
    "                        _752 = _730;\n"
    "                    }\n"
    "                    else\n"
    "                    {\n"
    "                        _751 = _726;\n"
    "                        _752 = _726 - 1;\n"
    "                    }\n"
    "                    _754 = _745 ? 0u : 256u;\n"
    "                    _755 = _751;\n"
    "                    _756 = _752;\n"
    "                }\n"
    "                else\n"
    "                {\n"
    "                    _754 = _720;\n"
    "                    _755 = _730;\n"
    "                    _756 = _726;\n"
    "                }\n"
    "                bool _760;\n"
    "                if (_431)\n"
    "                {\n"
    "                    _760 = _738 == 0;\n"
    "                }\n"
    "                else\n"
    "                {\n"
    "                    _760 = false;\n"
    "                }\n"
    "                uint _772;\n"
    "                int _773;\n"
    "                int _774;\n"
    "                if (_760)\n"
    "                {\n"
    "                    bool _763 = _722 >= 128u;\n"
    "                    int _769;\n"
    "                    int _770;\n"
    "                    if (_763)\n"
    "                    {\n"
    "                        _769 = _738 + 1;\n"
    "                        _770 = 0;\n"
    "                    }\n"
    "                    else\n"
    "                    {\n"
    "                        _769 = _734;\n"
    "                        _770 = _734 - 1;\n"
    "                    }\n"
    "                    _772 = _763 ? 0u : 256u;\n"
    "                    _773 = _769;\n"
    "                    _774 = _770;\n"
    "                }\n"
    "                else\n"
    "                {\n"
    "                    _772 = _722;\n"
    "                    _773 = _738;\n"
    "                    _774 = _734;\n"
    "                }\n"
    "                int _775 = int(in.in_var_TEXCOORD2.z & 65535u);\n"
    "                int _776 = _775 + _756;\n"
    "                int _777 = int(in.in_var_TEXCOORD2.z >> 16u);\n"
    "                int _778 = _777 + _774;\n"
    "                bool _779 = _776 >= 1024;\n"
    "                int _784;\n"
    "                int _785;\n"
    "                if (_779)\n"
    "                {\n"
    "                    _784 = _776 - 1024;\n"
    "                    _785 = _778 ^ 1024;\n"
    "                }\n"
    "                else\n"
    "                {\n"
    "                    _784 = _776;\n"
    "                    _785 = _778;\n"
    "                }\n"
    "                uint _790 = uint(((_785 / 2) * 512) + (_784 / 2));\n"
    "                uint _791 = 0u;\n"
    "                uint _792 = 524288u;\n"
    "                uint _793 = _305 ? 0u : 524288u;\n"
    "                uint _796 = _793 + ((_790 >> 1u) & 524287u);\n"
    "                uint _804;\n"
    "                if ((_790 & 1u) != 0u)\n"
    "                {\n"
    "                    _804 = texram._m0[_796] >> 16u;\n"
    "                }\n"
    "                else\n"
    "                {\n"
    "                    _804 = texram._m0[_796];\n"
    "                }\n"
    "                bool _806 = (_774 & 1) == 0;\n"
    "                uint _810;\n"
    "                if (_806)\n"
    "                {\n"
    "                    _810 = _804 >> 8u;\n"
    "                }\n"
    "                else\n"
    "                {\n"
    "                    _810 = _804;\n"
    "                }\n"
    "                bool _812 = (_756 & 1) == 0;\n"
    "                uint _816;\n"
    "                if (_812)\n"
    "                {\n"
    "                    _816 = _810 >> 4u;\n"
    "                }\n"
    "                else\n"
    "                {\n"
    "                    _816 = _810;\n"
    "                }\n"
    "                uint _818 = (_816 & 15u) << 4u;\n"
    "                int _819 = _775 + _755;\n"
    "                bool _820 = _819 >= 1024;\n"
    "                int _825;\n"
    "                int _826;\n"
    "                if (_820)\n"
    "                {\n"
    "                    _825 = _819 - 1024;\n"
    "                    _826 = _778 ^ 1024;\n"
    "                }\n"
    "                else\n"
    "                {\n"
    "                    _825 = _819;\n"
    "                    _826 = _778;\n"
    "                }\n"
    "                uint _831 = uint(((_826 / 2) * 512) + (_825 / 2));\n"
    "                uint _834 = _793 + ((_831 >> 1u) & 524287u);\n"
    "                uint _842;\n"
    "                if ((_831 & 1u) != 0u)\n"
    "                {\n"
    "                    _842 = texram._m0[_834] >> 16u;\n"
    "                }\n"
    "                else\n"
    "                {\n"
    "                    _842 = texram._m0[_834];\n"
    "                }\n"
    "                uint _846;\n"
    "                if (_806)\n"
    "                {\n"
    "                    _846 = _842 >> 8u;\n"
    "                }\n"
    "                else\n"
    "                {\n"
    "                    _846 = _842;\n"
    "                }\n"
    "                bool _848 = (_755 & 1) == 0;\n"
    "                uint _852;\n"
    "                if (_848)\n"
    "                {\n"
    "                    _852 = _846 >> 4u;\n"
    "                }\n"
    "                else\n"
    "                {\n"
    "                    _852 = _846;\n"
    "                }\n"
    "                uint _854 = (_852 & 15u) << 4u;\n"
    "                int _855 = _777 + _773;\n"
    "                int _860;\n"
    "                int _861;\n"
    "                if (_779)\n"
    "                {\n"
    "                    _860 = _776 - 1024;\n"
    "                    _861 = _855 ^ 1024;\n"
    "                }\n"
    "                else\n"
    "                {\n"
    "                    _860 = _776;\n"
    "                    _861 = _855;\n"
    "                }\n"
    "                uint _866 = uint(((_861 / 2) * 512) + (_860 / 2));\n"
    "                uint _869 = _793 + ((_866 >> 1u) & 524287u);\n"
    "                uint _877;\n"
    "                if ((_866 & 1u) != 0u)\n"
    "                {\n"
    "                    _877 = texram._m0[_869] >> 16u;\n"
    "                }\n"
    "                else\n"
    "                {\n"
    "                    _877 = texram._m0[_869];\n"
    "                }\n"
    "                bool _879 = (_773 & 1) == 0;\n"
    "                uint _883;\n"
    "                if (_879)\n"
    "                {\n"
    "                    _883 = _877 >> 8u;\n"
    "                }\n"
    "                else\n"
    "                {\n"
    "                    _883 = _877;\n"
    "                }\n"
    "                uint _887;\n"
    "                if (_812)\n"
    "                {\n"
    "                    _887 = _883 >> 4u;\n"
    "                }\n"
    "                else\n"
    "                {\n"
    "                    _887 = _883;\n"
    "                }\n"
    "                uint _889 = (_887 & 15u) << 4u;\n"
    "                int _894;\n"
    "                int _895;\n"
    "                if (_820)\n"
    "                {\n"
    "                    _894 = _819 - 1024;\n"
    "                    _895 = _855 ^ 1024;\n"
    "                }\n"
    "                else\n"
    "                {\n"
    "                    _894 = _819;\n"
    "                    _895 = _855;\n"
    "                }\n"
    "                uint _900 = uint(((_895 / 2) * 512) + (_894 / 2));\n"
    "                uint _903 = _793 + ((_900 >> 1u) & 524287u);\n"
    "                uint _911;\n"
    "                if ((_900 & 1u) != 0u)\n"
    "                {\n"
    "                    _911 = texram._m0[_903] >> 16u;\n"
    "                }\n"
    "                else\n"
    "                {\n"
    "                    _911 = texram._m0[_903];\n"
    "                }\n"
    "                uint _915;\n"
    "                if (_879)\n"
    "                {\n"
    "                    _915 = _911 >> 8u;\n"
    "                }\n"
    "                else\n"
    "                {\n"
    "                    _915 = _911;\n"
    "                }\n"
    "                uint _919;\n"
    "                if (_848)\n"
    "                {\n"
    "                    _919 = _915 >> 4u;\n"
    "                }\n"
    "                else\n"
    "                {\n"
    "                    _919 = _915;\n"
    "                }\n"
    "                uint _921 = (_919 & 15u) << 4u;\n"
    "                uint _964;\n"
    "                uint _965;\n"
    "                uint _966;\n"
    "                uint _967;\n"
    "                if (_241)\n"
    "                {\n"
    "                    uint _928;\n"
    "                    if (_818 != 240u)\n"
    "                    {\n"
    "                        _928 = _818 | 8388608u;\n"
    "                    }\n"
    "                    else\n"
    "                    {\n"
    "                        _928 = _818;\n"
    "                    }\n"
    "                    uint _933;\n"
    "                    if (_854 != 240u)\n"
    "                    {\n"
    "                        _933 = _854 | 8388608u;\n"
    "                    }\n"
    "                    else\n"
    "                    {\n"
    "                        _933 = _854;\n"
    "                    }\n"
    "                    uint _938;\n"
    "                    if (_889 != 240u)\n"
    "                    {\n"
    "                        _938 = _889 | 8388608u;\n"
    "                    }\n"
    "                    else\n"
    "                    {\n"
    "                        _938 = _889;\n"
    "                    }\n"
    "                    uint _943;\n"
    "                    if (_921 != 240u)\n"
    "                    {\n"
    "                        _943 = _921 | 8388608u;\n"
    "                    }\n"
    "                    else\n"
    "                    {\n"
    "                        _943 = _921;\n"
    "                    }\n"
    "                    uint _948;\n"
    "                    if (_928 == 240u)\n"
    "                    {\n"
    "                        _948 = _933 & 255u;\n"
    "                    }\n"
    "                    else\n"
    "                    {\n"
    "                        _948 = _928;\n"
    "                    }\n"
    "                    uint _953;\n"
    "                    if (_933 == 240u)\n"
    "                    {\n"
    "                        _953 = _948 & 255u;\n"
    "                    }\n"
    "                    else\n"
    "                    {\n"
    "                        _953 = _933;\n"
    "                    }\n"
    "                    uint _958;\n"
    "                    if (_938 == 240u)\n"
    "                    {\n"
    "                        _958 = _943 & 255u;\n"
    "                    }\n"
    "                    else\n"
    "                    {\n"
    "                        _958 = _938;\n"
    "                    }\n"
    "                    uint _963;\n"
    "                    if (_943 == 240u)\n"
    "                    {\n"
    "                        _963 = _958 & 255u;\n"
    "                    }\n"
    "                    else\n"
    "                    {\n"
    "                        _963 = _943;\n"
    "                    }\n"
    "                    _964 = _963;\n"
    "                    _965 = _958;\n"
    "                    _966 = _953;\n"
    "                    _967 = _948;\n"
    "                }\n"
    "                else\n"
    "                {\n"
    "                    _964 = _921;\n"
    "                    _965 = _889;\n"
    "                    _966 = _854;\n"
    "                    _967 = _818;\n"
    "                }\n"
    "                uint _972 = (_967 + (((_966 - _967) * _754) >> 8u)) & 16711935u;\n"
    "                uint _976 = _965 + (((_964 - _965) * _754) >> 8u);\n"
    "                uint _977 = _976 & 16711935u;\n"
    "                uint _990;\n"
    "                uint _991;\n"
    "                if (_241)\n"
    "                {\n"
    "                    uint _984;\n"
    "                    if (_972 == 240u)\n"
    "                    {\n"
    "                        _984 = _976 & 255u;\n"
    "                    }\n"
    "                    else\n"
    "                    {\n"
    "                        _984 = _972;\n"
    "                    }\n"
    "                    uint _989;\n"
    "                    if (_977 == 240u)\n"
    "                    {\n"
    "                        _989 = _984 & 255u;\n"
    "                    }\n"
    "                    else\n"
    "                    {\n"
    "                        _989 = _977;\n"
    "                    }\n"
    "                    _990 = _989;\n"
    "                    _991 = _984;\n"
    "                }\n"
    "                else\n"
    "                {\n"
    "                    _990 = _977;\n"
    "                    _991 = _972;\n"
    "                }\n"
    "                _1008 = (_669 + (((((_991 + (((_990 - _991) * _772) >> 8u)) & 16711935u) - _669) * uint(min(((-_268) >> (int(_693) & 31)), 127))) >> 8u)) & 16711935u;\n"
    "            }\n"
    "            else\n"
    "            {\n"
    "                _1008 = _669;\n"
    "            }\n"
    "            _1370 = _1008;\n"
    "        }\n"
    "        uint _1377;\n"
    "        if (_241)\n"
    "        {\n"
    "            if (_1370 < 4194304u)\n"
    "            {\n"
    "                discard_fragment();\n"
    "            }\n"
    "            _1377 = _1370 & 255u;\n"
    "        }\n"
    "        else\n"
    "        {\n"
    "            _1377 = _1370;\n"
    "        }\n"
    "        uint _1390 = min(((((lumaram._m0[(in.in_var_TEXCOORD2.w & 65535u) + (_1377 >> 1u)] & 255u) * (in.in_var_TEXCOORD2.w >> 16u)) / 256u) & 255u), 63u);\n"
    "        _1419 = float4(float(xlat._m0[((in.in_var_TEXCOORD3.y & 31u) << 8u) + _1390]) * 0.0039215688593685626983642578125, float(xlat._m0[(8192u + (((in.in_var_TEXCOORD3.y >> 5u) & 31u) << 8u)) + _1390]) * 0.0039215688593685626983642578125, float(xlat._m0[(16384u + (((in.in_var_TEXCOORD3.y >> 10u) & 31u) << 8u)) + _1390]) * 0.0039215688593685626983642578125, 1.0);\n"
    "        break;\n"
    "    } while(false);\n"
    "    out.out_var_SV_Target = _1419;\n"
    "    return out;\n"
    "}\n"
    "\n"
    "";

static const unsigned char k_vs_quad_spv[] = {
    0x03, 0x02, 0x23, 0x07, 0x00, 0x00, 0x01, 0x00, 0x00, 0x00, 0x0e, 0x00, 0x2b, 0x00, 0x00, 0x00,
    0x00, 0x00, 0x00, 0x00, 0x11, 0x00, 0x02, 0x00, 0x01, 0x00, 0x00, 0x00, 0x0e, 0x00, 0x03, 0x00,
    0x00, 0x00, 0x00, 0x00, 0x01, 0x00, 0x00, 0x00, 0x0f, 0x00, 0x09, 0x00, 0x00, 0x00, 0x00, 0x00,
    0x01, 0x00, 0x00, 0x00, 0x6d, 0x61, 0x69, 0x6e, 0x00, 0x00, 0x00, 0x00, 0x02, 0x00, 0x00, 0x00,
    0x03, 0x00, 0x00, 0x00, 0x04, 0x00, 0x00, 0x00, 0x05, 0x00, 0x00, 0x00, 0x03, 0x00, 0x03, 0x00,
    0x05, 0x00, 0x00, 0x00, 0x58, 0x02, 0x00, 0x00, 0x05, 0x00, 0x06, 0x00, 0x06, 0x00, 0x00, 0x00,
    0x74, 0x79, 0x70, 0x65, 0x2e, 0x53, 0x63, 0x72, 0x65, 0x65, 0x6e, 0x55, 0x42, 0x4f, 0x00, 0x00,
    0x06, 0x00, 0x05, 0x00, 0x06, 0x00, 0x00, 0x00, 0x00, 0x00, 0x00, 0x00, 0x73, 0x63, 0x72, 0x65,
    0x65, 0x6e, 0x00, 0x00, 0x05, 0x00, 0x04, 0x00, 0x07, 0x00, 0x00, 0x00, 0x53, 0x63, 0x72, 0x65,
    0x65, 0x6e, 0x00, 0x00, 0x06, 0x00, 0x05, 0x00, 0x07, 0x00, 0x00, 0x00, 0x00, 0x00, 0x00, 0x00,
    0x73, 0x69, 0x7a, 0x65, 0x00, 0x00, 0x00, 0x00, 0x06, 0x00, 0x04, 0x00, 0x07, 0x00, 0x00, 0x00,
    0x01, 0x00, 0x00, 0x00, 0x70, 0x61, 0x64, 0x00, 0x05, 0x00, 0x05, 0x00, 0x08, 0x00, 0x00, 0x00,
    0x53, 0x63, 0x72, 0x65, 0x65, 0x6e, 0x55, 0x42, 0x4f, 0x00, 0x00, 0x00, 0x05, 0x00, 0x07, 0x00,
    0x02, 0x00, 0x00, 0x00, 0x69, 0x6e, 0x2e, 0x76, 0x61, 0x72, 0x2e, 0x54, 0x45, 0x58, 0x43, 0x4f,
    0x4f, 0x52, 0x44, 0x30, 0x00, 0x00, 0x00, 0x00, 0x05, 0x00, 0x07, 0x00, 0x03, 0x00, 0x00, 0x00,
    0x69, 0x6e, 0x2e, 0x76, 0x61, 0x72, 0x2e, 0x54, 0x45, 0x58, 0x43, 0x4f, 0x4f, 0x52, 0x44, 0x31,
    0x00, 0x00, 0x00, 0x00, 0x05, 0x00, 0x07, 0x00, 0x05, 0x00, 0x00, 0x00, 0x6f, 0x75, 0x74, 0x2e,
    0x76, 0x61, 0x72, 0x2e, 0x54, 0x45, 0x58, 0x43, 0x4f, 0x4f, 0x52, 0x44, 0x30, 0x00, 0x00, 0x00,
    0x05, 0x00, 0x04, 0x00, 0x01, 0x00, 0x00, 0x00, 0x76, 0x73, 0x5f, 0x71, 0x75, 0x61, 0x64, 0x00,
    0x47, 0x00, 0x04, 0x00, 0x04, 0x00, 0x00, 0x00, 0x0b, 0x00, 0x00, 0x00, 0x00, 0x00, 0x00, 0x00,
    0x47, 0x00, 0x04, 0x00, 0x02, 0x00, 0x00, 0x00, 0x1e, 0x00, 0x00, 0x00, 0x00, 0x00, 0x00, 0x00,
    0x47, 0x00, 0x04, 0x00, 0x03, 0x00, 0x00, 0x00, 0x1e, 0x00, 0x00, 0x00, 0x01, 0x00, 0x00, 0x00,
    0x47, 0x00, 0x04, 0x00, 0x05, 0x00, 0x00, 0x00, 0x1e, 0x00, 0x00, 0x00, 0x00, 0x00, 0x00, 0x00,
    0x47, 0x00, 0x04, 0x00, 0x08, 0x00, 0x00, 0x00, 0x22, 0x00, 0x00, 0x00, 0x01, 0x00, 0x00, 0x00,
    0x47, 0x00, 0x04, 0x00, 0x08, 0x00, 0x00, 0x00, 0x21, 0x00, 0x00, 0x00, 0x00, 0x00, 0x00, 0x00,
    0x48, 0x00, 0x05, 0x00, 0x07, 0x00, 0x00, 0x00, 0x00, 0x00, 0x00, 0x00, 0x23, 0x00, 0x00, 0x00,
    0x00, 0x00, 0x00, 0x00, 0x48, 0x00, 0x05, 0x00, 0x07, 0x00, 0x00, 0x00, 0x01, 0x00, 0x00, 0x00,
    0x23, 0x00, 0x00, 0x00, 0x08, 0x00, 0x00, 0x00, 0x48, 0x00, 0x05, 0x00, 0x06, 0x00, 0x00, 0x00,
    0x00, 0x00, 0x00, 0x00, 0x23, 0x00, 0x00, 0x00, 0x00, 0x00, 0x00, 0x00, 0x47, 0x00, 0x03, 0x00,
    0x06, 0x00, 0x00, 0x00, 0x02, 0x00, 0x00, 0x00, 0x15, 0x00, 0x04, 0x00, 0x09, 0x00, 0x00, 0x00,
    0x20, 0x00, 0x00, 0x00, 0x01, 0x00, 0x00, 0x00, 0x2b, 0x00, 0x04, 0x00, 0x09, 0x00, 0x00, 0x00,
    0x0a, 0x00, 0x00, 0x00, 0x00, 0x00, 0x00, 0x00, 0x16, 0x00, 0x03, 0x00, 0x0b, 0x00, 0x00, 0x00,
    0x20, 0x00, 0x00, 0x00, 0x2b, 0x00, 0x04, 0x00, 0x0b, 0x00, 0x00, 0x00, 0x0c, 0x00, 0x00, 0x00,
    0x00, 0x00, 0x00, 0x40, 0x2b, 0x00, 0x04, 0x00, 0x0b, 0x00, 0x00, 0x00, 0x0d, 0x00, 0x00, 0x00,
    0x00, 0x00, 0x80, 0x3f, 0x2b, 0x00, 0x04, 0x00, 0x09, 0x00, 0x00, 0x00, 0x0e, 0x00, 0x00, 0x00,
    0x01, 0x00, 0x00, 0x00, 0x2b, 0x00, 0x04, 0x00, 0x0b, 0x00, 0x00, 0x00, 0x0f, 0x00, 0x00, 0x00,
    0x00, 0x00, 0x00, 0x00, 0x17, 0x00, 0x04, 0x00, 0x10, 0x00, 0x00, 0x00, 0x0b, 0x00, 0x00, 0x00,
    0x02, 0x00, 0x00, 0x00, 0x1e, 0x00, 0x04, 0x00, 0x07, 0x00, 0x00, 0x00, 0x10, 0x00, 0x00, 0x00,
    0x10, 0x00, 0x00, 0x00, 0x1e, 0x00, 0x03, 0x00, 0x06, 0x00, 0x00, 0x00, 0x07, 0x00, 0x00, 0x00,
    0x20, 0x00, 0x04, 0x00, 0x11, 0x00, 0x00, 0x00, 0x02, 0x00, 0x00, 0x00, 0x06, 0x00, 0x00, 0x00,
    0x20, 0x00, 0x04, 0x00, 0x12, 0x00, 0x00, 0x00, 0x01, 0x00, 0x00, 0x00, 0x10, 0x00, 0x00, 0x00,
    0x17, 0x00, 0x04, 0x00, 0x13, 0x00, 0x00, 0x00, 0x0b, 0x00, 0x00, 0x00, 0x04, 0x00, 0x00, 0x00,
    0x20, 0x00, 0x04, 0x00, 0x14, 0x00, 0x00, 0x00, 0x03, 0x00, 0x00, 0x00, 0x13, 0x00, 0x00, 0x00,
    0x20, 0x00, 0x04, 0x00, 0x15, 0x00, 0x00, 0x00, 0x03, 0x00, 0x00, 0x00, 0x10, 0x00, 0x00, 0x00,
    0x13, 0x00, 0x02, 0x00, 0x16, 0x00, 0x00, 0x00, 0x21, 0x00, 0x03, 0x00, 0x17, 0x00, 0x00, 0x00,
    0x16, 0x00, 0x00, 0x00, 0x20, 0x00, 0x04, 0x00, 0x18, 0x00, 0x00, 0x00, 0x02, 0x00, 0x00, 0x00,
    0x0b, 0x00, 0x00, 0x00, 0x3b, 0x00, 0x04, 0x00, 0x11, 0x00, 0x00, 0x00, 0x08, 0x00, 0x00, 0x00,
    0x02, 0x00, 0x00, 0x00, 0x3b, 0x00, 0x04, 0x00, 0x12, 0x00, 0x00, 0x00, 0x02, 0x00, 0x00, 0x00,
    0x01, 0x00, 0x00, 0x00, 0x3b, 0x00, 0x04, 0x00, 0x12, 0x00, 0x00, 0x00, 0x03, 0x00, 0x00, 0x00,
    0x01, 0x00, 0x00, 0x00, 0x3b, 0x00, 0x04, 0x00, 0x14, 0x00, 0x00, 0x00, 0x04, 0x00, 0x00, 0x00,
    0x03, 0x00, 0x00, 0x00, 0x3b, 0x00, 0x04, 0x00, 0x15, 0x00, 0x00, 0x00, 0x05, 0x00, 0x00, 0x00,
    0x03, 0x00, 0x00, 0x00, 0x20, 0x00, 0x04, 0x00, 0x19, 0x00, 0x00, 0x00, 0x01, 0x00, 0x00, 0x00,
    0x0b, 0x00, 0x00, 0x00, 0x36, 0x00, 0x05, 0x00, 0x16, 0x00, 0x00, 0x00, 0x01, 0x00, 0x00, 0x00,
    0x00, 0x00, 0x00, 0x00, 0x17, 0x00, 0x00, 0x00, 0xf8, 0x00, 0x02, 0x00, 0x1a, 0x00, 0x00, 0x00,
    0x3d, 0x00, 0x04, 0x00, 0x10, 0x00, 0x00, 0x00, 0x1b, 0x00, 0x00, 0x00, 0x03, 0x00, 0x00, 0x00,
    0x41, 0x00, 0x05, 0x00, 0x19, 0x00, 0x00, 0x00, 0x1c, 0x00, 0x00, 0x00, 0x02, 0x00, 0x00, 0x00,
    0x0a, 0x00, 0x00, 0x00, 0x3d, 0x00, 0x04, 0x00, 0x0b, 0x00, 0x00, 0x00, 0x1d, 0x00, 0x00, 0x00,
    0x1c, 0x00, 0x00, 0x00, 0x41, 0x00, 0x07, 0x00, 0x18, 0x00, 0x00, 0x00, 0x1e, 0x00, 0x00, 0x00,
    0x08, 0x00, 0x00, 0x00, 0x0a, 0x00, 0x00, 0x00, 0x0a, 0x00, 0x00, 0x00, 0x0a, 0x00, 0x00, 0x00,
    0x3d, 0x00, 0x04, 0x00, 0x0b, 0x00, 0x00, 0x00, 0x1f, 0x00, 0x00, 0x00, 0x1e, 0x00, 0x00, 0x00,
    0x88, 0x00, 0x05, 0x00, 0x0b, 0x00, 0x00, 0x00, 0x20, 0x00, 0x00, 0x00, 0x1d, 0x00, 0x00, 0x00,
    0x1f, 0x00, 0x00, 0x00, 0x85, 0x00, 0x05, 0x00, 0x0b, 0x00, 0x00, 0x00, 0x21, 0x00, 0x00, 0x00,
    0x20, 0x00, 0x00, 0x00, 0x0c, 0x00, 0x00, 0x00, 0x83, 0x00, 0x05, 0x00, 0x0b, 0x00, 0x00, 0x00,
    0x22, 0x00, 0x00, 0x00, 0x21, 0x00, 0x00, 0x00, 0x0d, 0x00, 0x00, 0x00, 0x41, 0x00, 0x05, 0x00,
    0x19, 0x00, 0x00, 0x00, 0x23, 0x00, 0x00, 0x00, 0x02, 0x00, 0x00, 0x00, 0x0e, 0x00, 0x00, 0x00,
    0x3d, 0x00, 0x04, 0x00, 0x0b, 0x00, 0x00, 0x00, 0x24, 0x00, 0x00, 0x00, 0x23, 0x00, 0x00, 0x00,
    0x41, 0x00, 0x07, 0x00, 0x18, 0x00, 0x00, 0x00, 0x25, 0x00, 0x00, 0x00, 0x08, 0x00, 0x00, 0x00,
    0x0a, 0x00, 0x00, 0x00, 0x0a, 0x00, 0x00, 0x00, 0x0e, 0x00, 0x00, 0x00, 0x3d, 0x00, 0x04, 0x00,
    0x0b, 0x00, 0x00, 0x00, 0x26, 0x00, 0x00, 0x00, 0x25, 0x00, 0x00, 0x00, 0x88, 0x00, 0x05, 0x00,
    0x0b, 0x00, 0x00, 0x00, 0x27, 0x00, 0x00, 0x00, 0x24, 0x00, 0x00, 0x00, 0x26, 0x00, 0x00, 0x00,
    0x85, 0x00, 0x05, 0x00, 0x0b, 0x00, 0x00, 0x00, 0x28, 0x00, 0x00, 0x00, 0x27, 0x00, 0x00, 0x00,
    0x0c, 0x00, 0x00, 0x00, 0x83, 0x00, 0x05, 0x00, 0x0b, 0x00, 0x00, 0x00, 0x29, 0x00, 0x00, 0x00,
    0x0d, 0x00, 0x00, 0x00, 0x28, 0x00, 0x00, 0x00, 0x50, 0x00, 0x07, 0x00, 0x13, 0x00, 0x00, 0x00,
    0x2a, 0x00, 0x00, 0x00, 0x22, 0x00, 0x00, 0x00, 0x29, 0x00, 0x00, 0x00, 0x0f, 0x00, 0x00, 0x00,
    0x0d, 0x00, 0x00, 0x00, 0x3e, 0x00, 0x03, 0x00, 0x04, 0x00, 0x00, 0x00, 0x2a, 0x00, 0x00, 0x00,
    0x3e, 0x00, 0x03, 0x00, 0x05, 0x00, 0x00, 0x00, 0x1b, 0x00, 0x00, 0x00, 0xfd, 0x00, 0x01, 0x00,
    0x38, 0x00, 0x01, 0x00
};

static const unsigned char k_vs_quad_dxil[] = {
    0x44, 0x58, 0x42, 0x43, 0x12, 0xb6, 0x0b, 0x9d, 0x7f, 0x7d, 0x1a, 0x6f, 0x22, 0x0b, 0x56, 0x39,
    0x6c, 0xfa, 0x01, 0x63, 0x01, 0x00, 0x00, 0x00, 0x9c, 0x0e, 0x00, 0x00, 0x07, 0x00, 0x00, 0x00,
    0x3c, 0x00, 0x00, 0x00, 0x4c, 0x00, 0x00, 0x00, 0xa8, 0x00, 0x00, 0x00, 0x10, 0x01, 0x00, 0x00,
    0x08, 0x02, 0x00, 0x00, 0x38, 0x08, 0x00, 0x00, 0x54, 0x08, 0x00, 0x00, 0x53, 0x46, 0x49, 0x30,
    0x08, 0x00, 0x00, 0x00, 0x00, 0x00, 0x00, 0x00, 0x00, 0x00, 0x00, 0x00, 0x49, 0x53, 0x47, 0x31,
    0x54, 0x00, 0x00, 0x00, 0x02, 0x00, 0x00, 0x00, 0x08, 0x00, 0x00, 0x00, 0x00, 0x00, 0x00, 0x00,
    0x48, 0x00, 0x00, 0x00, 0x00, 0x00, 0x00, 0x00, 0x00, 0x00, 0x00, 0x00, 0x03, 0x00, 0x00, 0x00,
    0x00, 0x00, 0x00, 0x00, 0x03, 0x03, 0x00, 0x00, 0x00, 0x00, 0x00, 0x00, 0x00, 0x00, 0x00, 0x00,
    0x48, 0x00, 0x00, 0x00, 0x01, 0x00, 0x00, 0x00, 0x00, 0x00, 0x00, 0x00, 0x03, 0x00, 0x00, 0x00,
    0x01, 0x00, 0x00, 0x00, 0x03, 0x03, 0x00, 0x00, 0x00, 0x00, 0x00, 0x00, 0x54, 0x45, 0x58, 0x43,
    0x4f, 0x4f, 0x52, 0x44, 0x00, 0x00, 0x00, 0x00, 0x4f, 0x53, 0x47, 0x31, 0x60, 0x00, 0x00, 0x00,
    0x02, 0x00, 0x00, 0x00, 0x08, 0x00, 0x00, 0x00, 0x00, 0x00, 0x00, 0x00, 0x48, 0x00, 0x00, 0x00,
    0x00, 0x00, 0x00, 0x00, 0x01, 0x00, 0x00, 0x00, 0x03, 0x00, 0x00, 0x00, 0x00, 0x00, 0x00, 0x00,
    0x0f, 0x00, 0x00, 0x00, 0x00, 0x00, 0x00, 0x00, 0x00, 0x00, 0x00, 0x00, 0x54, 0x00, 0x00, 0x00,
    0x00, 0x00, 0x00, 0x00, 0x00, 0x00, 0x00, 0x00, 0x03, 0x00, 0x00, 0x00, 0x01, 0x00, 0x00, 0x00,
    0x03, 0x0c, 0x00, 0x00, 0x00, 0x00, 0x00, 0x00, 0x53, 0x56, 0x5f, 0x50, 0x6f, 0x73, 0x69, 0x74,
    0x69, 0x6f, 0x6e, 0x00, 0x54, 0x45, 0x58, 0x43, 0x4f, 0x4f, 0x52, 0x44, 0x00, 0x00, 0x00, 0x00,
    0x50, 0x53, 0x56, 0x30, 0xf0, 0x00, 0x00, 0x00, 0x34, 0x00, 0x00, 0x00, 0x01, 0x00, 0x00, 0x00,
    0x00, 0x00, 0x00, 0x00, 0x00, 0x00, 0x00, 0x00, 0x00, 0x00, 0x00, 0x00, 0x00, 0x00, 0x00, 0x00,
    0xff, 0xff, 0xff, 0xff, 0x01, 0x00, 0x00, 0x00, 0x02, 0x02, 0x00, 0x02, 0x02, 0x00, 0x00, 0x00,
    0x00, 0x00, 0x00, 0x00, 0x00, 0x00, 0x00, 0x00, 0x00, 0x00, 0x00, 0x00, 0x1c, 0x00, 0x00, 0x00,
    0x01, 0x00, 0x00, 0x00, 0x18, 0x00, 0x00, 0x00, 0x02, 0x00, 0x00, 0x00, 0x01, 0x00, 0x00, 0x00,
    0x00, 0x00, 0x00, 0x00, 0x00, 0x00, 0x00, 0x00, 0x0d, 0x00, 0x00, 0x00, 0x00, 0x00, 0x00, 0x00,
    0x24, 0x00, 0x00, 0x00, 0x00, 0x54, 0x45, 0x58, 0x43, 0x4f, 0x4f, 0x52, 0x44, 0x00, 0x54, 0x45,
    0x58, 0x43, 0x4f, 0x4f, 0x52, 0x44, 0x00, 0x54, 0x45, 0x58, 0x43, 0x4f, 0x4f, 0x52, 0x44, 0x00,
    0x76, 0x73, 0x5f, 0x71, 0x75, 0x61, 0x64, 0x00, 0x02, 0x00, 0x00, 0x00, 0x00, 0x00, 0x00, 0x00,
    0x01, 0x00, 0x00, 0x00, 0x10, 0x00, 0x00, 0x00, 0x01, 0x00, 0x00, 0x00, 0x00, 0x00, 0x00, 0x00,
    0x01, 0x00, 0x42, 0x00, 0x03, 0x00, 0x00, 0x00, 0x0a, 0x00, 0x00, 0x00, 0x01, 0x00, 0x00, 0x00,
    0x01, 0x01, 0x42, 0x00, 0x03, 0x00, 0x00, 0x00, 0x00, 0x00, 0x00, 0x00, 0x00, 0x00, 0x00, 0x00,
    0x01, 0x00, 0x44, 0x03, 0x03, 0x04, 0x00, 0x00, 0x13, 0x00, 0x00, 0x00, 0x00, 0x00, 0x00, 0x00,
    0x01, 0x01, 0x42, 0x00, 0x03, 0x02, 0x00, 0x00, 0x01, 0x00, 0x00, 0x00, 0x02, 0x00, 0x00, 0x00,
    0x00, 0x00, 0x00, 0x00, 0x00, 0x00, 0x00, 0x00, 0x10, 0x00, 0x00, 0x00, 0x20, 0x00, 0x00, 0x00,
    0x00, 0x00, 0x00, 0x00, 0x00, 0x00, 0x00, 0x00, 0x53, 0x54, 0x41, 0x54, 0x28, 0x06, 0x00, 0x00,
    0x60, 0x00, 0x01, 0x00, 0x8a, 0x01, 0x00, 0x00, 0x44, 0x58, 0x49, 0x4c, 0x00, 0x01, 0x00, 0x00,
    0x10, 0x00, 0x00, 0x00, 0x10, 0x06, 0x00, 0x00, 0x42, 0x43, 0xc0, 0xde, 0x21, 0x0c, 0x00, 0x00,
    0x81, 0x01, 0x00, 0x00, 0x0b, 0x82, 0x20, 0x00, 0x02, 0x00, 0x00, 0x00, 0x13, 0x00, 0x00, 0x00,
    0x07, 0x81, 0x23, 0x91, 0x41, 0xc8, 0x04, 0x49, 0x06, 0x10, 0x32, 0x39, 0x92, 0x01, 0x84, 0x0c,
    0x25, 0x05, 0x08, 0x19, 0x1e, 0x04, 0x8b, 0x62, 0x80, 0x14, 0x45, 0x02, 0x42, 0x92, 0x0b, 0x42,
    0xa4, 0x10, 0x32, 0x14, 0x38, 0x08, 0x18, 0x4b, 0x0a, 0x32, 0x52, 0x88, 0x48, 0x90, 0x14, 0x20,
    0x43, 0x46, 0x88, 0xa5, 0x00, 0x19, 0x32, 0x42, 0xe4, 0x48, 0x0e, 0x90, 0x91, 0x22, 0xc4, 0x50,
    0x41, 0x51, 0x81, 0x8c, 0xe1, 0x83, 0xe5, 0x8a, 0x04, 0x29, 0x46, 0x06, 0x51, 0x18, 0x00, 0x00,
    0x08, 0x00, 0x00, 0x00, 0x1b, 0x8c, 0xe0, 0xff, 0xff, 0xff, 0xff, 0x07, 0x40, 0x02, 0xa8, 0x0d,
    0x84, 0xf0, 0xff, 0xff, 0xff, 0xff, 0x03, 0x20, 0x6d, 0x30, 0x86, 0xff, 0xff, 0xff, 0xff, 0x1f,
    0x00, 0x09, 0xa8, 0x00, 0x49, 0x18, 0x00, 0x00, 0x03, 0x00, 0x00, 0x00, 0x13, 0x82, 0x60, 0x42,
    0x20, 0x4c, 0x08, 0x06, 0x00, 0x00, 0x00, 0x00, 0x89, 0x20, 0x00, 0x00, 0x23, 0x00, 0x00, 0x00,
    0x32, 0x22, 0x48, 0x09, 0x20, 0x64, 0x85, 0x04, 0x93, 0x22, 0xa4, 0x84, 0x04, 0x93, 0x22, 0xe3,
    0x84, 0xa1, 0x90, 0x14, 0x12, 0x4c, 0x8a, 0x8c, 0x0b, 0x84, 0xa4, 0x4c, 0x10, 0x60, 0x23, 0x00,
    0x25, 0x00, 0x14, 0x66, 0x00, 0xe6, 0x08, 0xc0, 0x60, 0x8e, 0x00, 0x29, 0xc6, 0x20, 0x84, 0x14,
    0x42, 0xa6, 0x18, 0x80, 0x10, 0x52, 0x06, 0xa1, 0xa3, 0x86, 0xcb, 0x9f, 0xb0, 0x87, 0x90, 0x7c,
    0x6e, 0xa3, 0x8a, 0x95, 0x98, 0xfc, 0xe2, 0xb6, 0x11, 0x31, 0xc6, 0x18, 0x54, 0xee, 0x19, 0x2e,
    0x7f, 0xc2, 0x1e, 0x42, 0xf2, 0x43, 0xa0, 0x19, 0x16, 0x02, 0x05, 0xab, 0x10, 0x8a, 0x30, 0x42,
    0x6d, 0x8e, 0x20, 0x28, 0x06, 0x23, 0x85, 0x90, 0x47, 0x70, 0x20, 0x60, 0x18, 0x41, 0x18, 0xae,
    0x91, 0xa6, 0x88, 0x12, 0x26, 0x9f, 0x15, 0x22, 0x82, 0x68, 0x90, 0x30, 0xe7, 0x25, 0xac, 0x10,
    0x11, 0x44, 0xe3, 0x6e, 0x28, 0x0a, 0x28, 0xd5, 0x44, 0x20, 0x00, 0x00, 0x13, 0x14, 0x72, 0xc0,
    0x87, 0x74, 0x60, 0x87, 0x36, 0x68, 0x87, 0x79, 0x68, 0x03, 0x72, 0xc0, 0x87, 0x0d, 0xaf, 0x50,
    0x0e, 0x6d, 0xd0, 0x0e, 0x7a, 0x50, 0x0e, 0x6d, 0x00, 0x0f, 0x7a, 0x30, 0x07, 0x72, 0xa0, 0x07,
    0x73, 0x20, 0x07, 0x6d, 0x90, 0x0e, 0x71, 0xa0, 0x07, 0x73, 0x20, 0x07, 0x6d, 0x90, 0x0e, 0x78,
    0xa0, 0x07, 0x73, 0x20, 0x07, 0x6d, 0x90, 0x0e, 0x71, 0x60, 0x07, 0x7a, 0x30, 0x07, 0x72, 0xd0,
    0x06, 0xe9, 0x30, 0x07, 0x72, 0xa0, 0x07, 0x73, 0x20, 0x07, 0x6d, 0x90, 0x0e, 0x76, 0x40, 0x07,
    0x7a, 0x60, 0x07, 0x74, 0xd0, 0x06, 0xe6, 0x10, 0x07, 0x76, 0xa0, 0x07, 0x73, 0x20, 0x07, 0x6d,
    0x60, 0x0e, 0x73, 0x20, 0x07, 0x7a, 0x30, 0x07, 0x72, 0xd0, 0x06, 0xe6, 0x60, 0x07, 0x74, 0xa0,
    0x07, 0x76, 0x40, 0x07, 0x6d, 0xe0, 0x0e, 0x78, 0xa0, 0x07, 0x71, 0x60, 0x07, 0x7a, 0x30, 0x07,
    0x72, 0xa0, 0x07, 0x76, 0x40, 0x07, 0x43, 0x9e, 0x00, 0x08, 0x00, 0x00, 0x00, 0x00, 0x00, 0x00,
    0x00, 0x00, 0x00, 0x86, 0x3c, 0x06, 0x10, 0x00, 0x01, 0x00, 0x00, 0x00, 0x00, 0x00, 0x00, 0x00,
    0x0c, 0x79, 0x10, 0x20, 0x00, 0x04, 0x00, 0x00, 0x00, 0x00, 0x00, 0x00, 0x00, 0x18, 0xf2, 0x34,
    0x40, 0x00, 0x0c, 0x00, 0x00, 0x00, 0x00, 0x00, 0x00, 0x00, 0x30, 0xe4, 0x81, 0x80, 0x00, 0x18,
    0x00, 0x00, 0x00, 0x00, 0x00, 0x00, 0x00, 0x20, 0x0b, 0x04, 0x00, 0x00, 0x11, 0x00, 0x00, 0x00,
    0x32, 0x1e, 0x98, 0x14, 0x19, 0x11, 0x4c, 0x90, 0x8c, 0x09, 0x26, 0x47, 0xc6, 0x04, 0x43, 0x22,
    0x25, 0x30, 0x02, 0x50, 0x0c, 0x05, 0x52, 0x06, 0xe5, 0x50, 0x12, 0xa5, 0x51, 0x04, 0x05, 0x51,
    0x1e, 0xa5, 0x52, 0x08, 0x54, 0x4a, 0x62, 0x04, 0xa0, 0x08, 0xca, 0xa0, 0x10, 0x88, 0xce, 0x00,
    0x50, 0x9d, 0x01, 0x20, 0x3b, 0x03, 0x40, 0x77, 0x2c, 0xc4, 0x30, 0x02, 0x01, 0x00, 0x20, 0x30,
    0x00, 0x00, 0x00, 0x00, 0x79, 0x18, 0x00, 0x00, 0x89, 0x00, 0x00, 0x00, 0x1a, 0x03, 0x4c, 0x90,
    0x46, 0x02, 0x13, 0xc4, 0x8e, 0x0c, 0x6f, 0xec, 0xed, 0x4d, 0x0c, 0x24, 0xc6, 0x25, 0xc7, 0x45,
    0xc6, 0x06, 0x26, 0xc7, 0xa5, 0x06, 0x04, 0x05, 0x26, 0x46, 0xcc, 0x46, 0x26, 0x8c, 0x8c, 0xe6,
    0x26, 0x65, 0x43, 0x10, 0x4c, 0x10, 0x88, 0x62, 0x82, 0x40, 0x18, 0x1b, 0x84, 0x81, 0xd8, 0x20,
    0x10, 0x04, 0x05, 0xbb, 0xb9, 0x09, 0x02, 0x71, 0x6c, 0x18, 0x0e, 0x84, 0x98, 0x20, 0x58, 0x19,
    0x93, 0xa9, 0x31, 0xb9, 0xb2, 0x32, 0xb7, 0x2a, 0xa1, 0xa7, 0x09, 0x02, 0x81, 0x6c, 0x40, 0x08,
    0x65, 0x19, 0x88, 0x81, 0x01, 0x36, 0x04, 0xcd, 0x06, 0x02, 0x00, 0x1c, 0x60, 0x82, 0x40, 0x5d,
    0x24, 0xe6, 0xd2, 0xf4, 0xca, 0x26, 0x08, 0x44, 0x32, 0x41, 0x20, 0x94, 0x09, 0x02, 0xb1, 0x4c,
    0x10, 0x08, 0x66, 0x82, 0x40, 0x34, 0x1b, 0x10, 0x24, 0x92, 0x88, 0x89, 0xaa, 0x2c, 0x0e, 0x70,
    0x61, 0x64, 0x13, 0x04, 0xc2, 0xd9, 0x80, 0x20, 0x98, 0x94, 0x4d, 0x54, 0x65, 0x6d, 0x18, 0x98,
    0x4b, 0x9b, 0x20, 0x54, 0x18, 0x8d, 0xb9, 0x31, 0xb9, 0xb2, 0x32, 0xb7, 0x0d, 0x04, 0xd2, 0x49,
    0xc4, 0x06, 0x81, 0xf1, 0x36, 0x14, 0x04, 0xb4, 0x71, 0xdf, 0x04, 0x41, 0x00, 0x36, 0x00, 0x1b,
    0x06, 0x42, 0x0c, 0xc4, 0x60, 0x43, 0x30, 0x06, 0x1b, 0x86, 0x21, 0x0c, 0xc8, 0x60, 0x82, 0x70,
    0x69, 0x1b, 0x02, 0x33, 0xe0, 0x61, 0x37, 0xf7, 0x15, 0x57, 0x17, 0x46, 0x46, 0x84, 0xaa, 0x08,
    0x6b, 0xe8, 0xe9, 0x49, 0x8a, 0x68, 0x82, 0x50, 0x48, 0x13, 0x84, 0x62, 0xda, 0x10, 0x10, 0x13,
    0x84, 0x82, 0xda, 0x20, 0x48, 0xd2, 0x86, 0x85, 0x48, 0x03, 0x35, 0x58, 0x03, 0x36, 0x58, 0x83,
    0xa1, 0x0d, 0x88, 0x35, 0x70, 0x83, 0x0d, 0xc1, 0xb0, 0x61, 0x19, 0xd2, 0x40, 0x0d, 0xd6, 0x00,
    0x0e, 0xd6, 0x60, 0x68, 0x83, 0x61, 0x0d, 0xdc, 0x60, 0x83, 0xf0, 0x06, 0x71, 0xc0, 0x65, 0xca,
    0xea, 0x0b, 0xea, 0x6d, 0x2e, 0x8d, 0x2e, 0xed, 0xcd, 0x6d, 0x82, 0x50, 0x54, 0x13, 0x84, 0xc2,
    0x9a, 0x20, 0x10, 0xcf, 0x06, 0x41, 0xb2, 0x83, 0x0d, 0x0b, 0x31, 0x07, 0x6a, 0x40, 0x07, 0x6c,
    0x50, 0x07, 0x43, 0x1d, 0x10, 0x6b, 0x70, 0x07, 0x1b, 0x96, 0x21, 0x0d, 0xd4, 0x60, 0x0d, 0xd8,
    0xa0, 0x0d, 0x86, 0x36, 0x18, 0xd6, 0xc0, 0x0d, 0x36, 0x08, 0x78, 0x90, 0x07, 0x1b, 0x06, 0x39,
    0xd0, 0x03, 0x60, 0x43, 0x11, 0x06, 0x68, 0xb0, 0x07, 0x0f, 0x40, 0xc3, 0x8c, 0xed, 0x2d, 0x8c,
    0x6e, 0x8e, 0x45, 0x9a, 0xdb, 0x1c, 0xdd, 0xdc, 0x04, 0x81, 0x80, 0x68, 0xcc, 0xa5, 0x9d, 0x7d,
    0xb1, 0x91, 0x4d, 0x10, 0x88, 0x88, 0xc6, 0x5c, 0xda, 0xd9, 0xd7, 0x1c, 0xdd, 0x06, 0xa4, 0x0f,
    0x10, 0x3f, 0xf8, 0x03, 0x50, 0x08, 0x05, 0x51, 0x40, 0xaa, 0xb0, 0xb1, 0xd9, 0xb5, 0xb9, 0xa4,
    0x91, 0x95, 0xb9, 0xd1, 0x4d, 0x09, 0x82, 0x2a, 0x64, 0x78, 0x2e, 0x76, 0x65, 0x72, 0x73, 0x69,
    0x6f, 0x6e, 0x53, 0x02, 0xa2, 0x09, 0x19, 0x9e, 0x8b, 0x5d, 0x18, 0x9b, 0x5d, 0x99, 0xdc, 0x94,
    0xa0, 0xa8, 0x43, 0x86, 0xe7, 0x32, 0x87, 0x16, 0x46, 0x56, 0x26, 0xd7, 0xf4, 0x46, 0x56, 0xc6,
    0x36, 0x25, 0x40, 0xca, 0x90, 0xe1, 0xb9, 0xc8, 0x95, 0xcd, 0xbd, 0xd5, 0xc9, 0x8d, 0x95, 0xcd,
    0x4d, 0x09, 0x9c, 0x4a, 0x64, 0x78, 0x2e, 0x74, 0x79, 0x70, 0x65, 0x41, 0x6e, 0x6e, 0x6f, 0x74,
    0x61, 0x74, 0x69, 0x6f, 0x6e, 0x73, 0x53, 0x84, 0x8f, 0x0c, 0xea, 0x90, 0xe1, 0xb9, 0xd8, 0xa5,
    0x95, 0xdd, 0x25, 0x91, 0x4d, 0xd1, 0x85, 0xd1, 0x95, 0x4d, 0x09, 0xcc, 0xa0, 0x0e, 0x19, 0x9e,
    0x4b, 0x99, 0x1b, 0x9d, 0x5c, 0x1e, 0xd4, 0x5b, 0x9a, 0x1b, 0xdd, 0xdc, 0x94, 0x60, 0x0f, 0xba,
    0x90, 0xe1, 0xb9, 0x8c, 0xbd, 0xd5, 0xb9, 0xd1, 0x95, 0xc9, 0xcd, 0x4d, 0x09, 0x44, 0x01, 0x00,
    0x79, 0x18, 0x00, 0x00, 0x4c, 0x00, 0x00, 0x00, 0x33, 0x08, 0x80, 0x1c, 0xc4, 0xe1, 0x1c, 0x66,
    0x14, 0x01, 0x3d, 0x88, 0x43, 0x38, 0x84, 0xc3, 0x8c, 0x42, 0x80, 0x07, 0x79, 0x78, 0x07, 0x73,
    0x98, 0x71, 0x0c, 0xe6, 0x00, 0x0f, 0xed, 0x10, 0x0e, 0xf4, 0x80, 0x0e, 0x33, 0x0c, 0x42, 0x1e,
    0xc2, 0xc1, 0x1d, 0xce, 0xa1, 0x1c, 0x66, 0x30, 0x05, 0x3d, 0x88, 0x43, 0x38, 0x84, 0x83, 0x1b,
    0xcc, 0x03, 0x3d, 0xc8, 0x43, 0x3d, 0x8c, 0x03, 0x3d, 0xcc, 0x78, 0x8c, 0x74, 0x70, 0x07, 0x7b,
    0x08, 0x07, 0x79, 0x48, 0x87, 0x70, 0x70, 0x07, 0x7a, 0x70, 0x03, 0x76, 0x78, 0x87, 0x70, 0x20,
    0x87, 0x19, 0xcc, 0x11, 0x0e, 0xec, 0x90, 0x0e, 0xe1, 0x30, 0x0f, 0x6e, 0x30, 0x0f, 0xe3, 0xf0,
    0x0e, 0xf0, 0x50, 0x0e, 0x33, 0x10, 0xc4, 0x1d, 0xde, 0x21, 0x1c, 0xd8, 0x21, 0x1d, 0xc2, 0x61,
    0x1e, 0x66, 0x30, 0x89, 0x3b, 0xbc, 0x83, 0x3b, 0xd0, 0x43, 0x39, 0xb4, 0x03, 0x3c, 0xbc, 0x83,
    0x3c, 0x84, 0x03, 0x3b, 0xcc, 0xf0, 0x14, 0x76, 0x60, 0x07, 0x7b, 0x68, 0x07, 0x37, 0x68, 0x87,
    0x72, 0x68, 0x07, 0x37, 0x80, 0x87, 0x70, 0x90, 0x87, 0x70, 0x60, 0x07, 0x76, 0x28, 0x07, 0x76,
    0xf8, 0x05, 0x76, 0x78, 0x87, 0x77, 0x80, 0x87, 0x5f, 0x08, 0x87, 0x71, 0x18, 0x87, 0x72, 0x98,
    0x87, 0x79, 0x98, 0x81, 0x2c, 0xee, 0xf0, 0x0e, 0xee, 0xe0, 0x0e, 0xf5, 0xc0, 0x0e, 0xec, 0x30,
    0x03, 0x62, 0xc8, 0xa1, 0x1c, 0xe4, 0xa1, 0x1c, 0xcc, 0xa1, 0x1c, 0xe4, 0xa1, 0x1c, 0xdc, 0x61,
    0x1c, 0xca, 0x21, 0x1c, 0xc4, 0x81, 0x1d, 0xca, 0x61, 0x06, 0xd6, 0x90, 0x43, 0x39, 0xc8, 0x43,
    0x39, 0x98, 0x43, 0x39, 0xc8, 0x43, 0x39, 0xb8, 0xc3, 0x38, 0x94, 0x43, 0x38, 0x88, 0x03, 0x3b,
    0x94, 0xc3, 0x2f, 0xbc, 0x83, 0x3c, 0xfc, 0x82, 0x3b, 0xd4, 0x03, 0x3b, 0xb0, 0xc3, 0x8c, 0xc8,
    0x21, 0x07, 0x7c, 0x70, 0x03, 0x72, 0x10, 0x87, 0x73, 0x70, 0x03, 0x7b, 0x08, 0x07, 0x79, 0x60,
    0x87, 0x70, 0xc8, 0x87, 0x77, 0xa8, 0x07, 0x7a, 0x98, 0x81, 0x3c, 0xe4, 0x80, 0x0f, 0x6e, 0x40,
    0x0f, 0xe5, 0xd0, 0x0e, 0xf0, 0x00, 0x00, 0x00, 0x71, 0x20, 0x00, 0x00, 0x15, 0x00, 0x00, 0x00,
    0x36, 0xb0, 0x0d, 0x97, 0xef, 0x3c, 0xbe, 0x10, 0x50, 0x45, 0x41, 0x44, 0xa5, 0x03, 0x0c, 0x25,
    0x61, 0x00, 0x02, 0xe6, 0x17, 0xb7, 0x6d, 0x04, 0xd2, 0x70, 0xf9, 0xce, 0xe3, 0x0b, 0x11, 0x01,
    0x4c, 0x44, 0x08, 0x34, 0xc3, 0x42, 0x58, 0xc0, 0x34, 0x5c, 0xbe, 0xf3, 0xf8, 0x8b, 0x03, 0x0c,
    0x62, 0xf3, 0x50, 0x93, 0x5f, 0xdc, 0xb6, 0x09, 0x54, 0xc3, 0xe5, 0x3b, 0x8f, 0x2f, 0x4d, 0x4e,
    0x44, 0xa0, 0xd4, 0xf4, 0x50, 0x93, 0x5f, 0xdc, 0xb6, 0x01, 0x1c, 0x95, 0xf4, 0x43, 0x14, 0x30,
    0x00, 0x00, 0x00, 0x00, 0x00, 0x00, 0x00, 0x00, 0x48, 0x41, 0x53, 0x48, 0x14, 0x00, 0x00, 0x00,
    0x00, 0x00, 0x00, 0x00, 0x86, 0x85, 0x4f, 0x64, 0xa3, 0x01, 0x31, 0x26, 0xa7, 0x12, 0x0f, 0x30,
    0xb3, 0x19, 0x2a, 0x37, 0x44, 0x58, 0x49, 0x4c, 0x40, 0x06, 0x00, 0x00, 0x60, 0x00, 0x01, 0x00,
    0x90, 0x01, 0x00, 0x00, 0x44, 0x58, 0x49, 0x4c, 0x00, 0x01, 0x00, 0x00, 0x10, 0x00, 0x00, 0x00,
    0x28, 0x06, 0x00, 0x00, 0x42, 0x43, 0xc0, 0xde, 0x21, 0x0c, 0x00, 0x00, 0x87, 0x01, 0x00, 0x00,
    0x0b, 0x82, 0x20, 0x00, 0x02, 0x00, 0x00, 0x00, 0x13, 0x00, 0x00, 0x00, 0x07, 0x81, 0x23, 0x91,
    0x41, 0xc8, 0x04, 0x49, 0x06, 0x10, 0x32, 0x39, 0x92, 0x01, 0x84, 0x0c, 0x25, 0x05, 0x08, 0x19,
    0x1e, 0x04, 0x8b, 0x62, 0x80, 0x14, 0x45, 0x02, 0x42, 0x92, 0x0b, 0x42, 0xa4, 0x10, 0x32, 0x14,
    0x38, 0x08, 0x18, 0x4b, 0x0a, 0x32, 0x52, 0x88, 0x48, 0x90, 0x14, 0x20, 0x43, 0x46, 0x88, 0xa5,
    0x00, 0x19, 0x32, 0x42, 0xe4, 0x48, 0x0e, 0x90, 0x91, 0x22, 0xc4, 0x50, 0x41, 0x51, 0x81, 0x8c,
    0xe1, 0x83, 0xe5, 0x8a, 0x04, 0x29, 0x46, 0x06, 0x51, 0x18, 0x00, 0x00, 0x08, 0x00, 0x00, 0x00,
    0x1b, 0x8c, 0xe0, 0xff, 0xff, 0xff, 0xff, 0x07, 0x40, 0x02, 0xa8, 0x0d, 0x84, 0xf0, 0xff, 0xff,
    0xff, 0xff, 0x03, 0x20, 0x6d, 0x30, 0x86, 0xff, 0xff, 0xff, 0xff, 0x1f, 0x00, 0x09, 0xa8, 0x00,
    0x49, 0x18, 0x00, 0x00, 0x03, 0x00, 0x00, 0x00, 0x13, 0x82, 0x60, 0x42, 0x20, 0x4c, 0x08, 0x06,
    0x00, 0x00, 0x00, 0x00, 0x89, 0x20, 0x00, 0x00, 0x23, 0x00, 0x00, 0x00, 0x32, 0x22, 0x48, 0x09,
    0x20, 0x64, 0x85, 0x04, 0x93, 0x22, 0xa4, 0x84, 0x04, 0x93, 0x22, 0xe3, 0x84, 0xa1, 0x90, 0x14,
    0x12, 0x4c, 0x8a, 0x8c, 0x0b, 0x84, 0xa4, 0x4c, 0x10, 0x60, 0x23, 0x00, 0x25, 0x00, 0x14, 0x66,
    0x00, 0xe6, 0x08, 0xc0, 0x60, 0x8e, 0x00, 0x29, 0xc6, 0x20, 0x84, 0x14, 0x42, 0xa6, 0x18, 0x80,
    0x10, 0x52, 0x06, 0xa1, 0xa3, 0x86, 0xcb, 0x9f, 0xb0, 0x87, 0x90, 0x7c, 0x6e, 0xa3, 0x8a, 0x95,
    0x98, 0xfc, 0xe2, 0xb6, 0x11, 0x31, 0xc6, 0x18, 0x54, 0xee, 0x19, 0x2e, 0x7f, 0xc2, 0x1e, 0x42,
    0xf2, 0x43, 0xa0, 0x19, 0x16, 0x02, 0x05, 0xab, 0x10, 0x8a, 0x30, 0x42, 0x6d, 0x8e, 0x20, 0x28,
    0x06, 0x23, 0x85, 0x90, 0x47, 0x70, 0x20, 0x60, 0x18, 0x41, 0x18, 0xae, 0x91, 0xa6, 0x88, 0x12,
    0x26, 0x9f, 0x15, 0x22, 0x82, 0x68, 0x90, 0x30, 0xe7, 0x25, 0xac, 0x10, 0x11, 0x44, 0xe3, 0x6e,
    0x28, 0x0a, 0x28, 0xd5, 0x44, 0x20, 0x00, 0x00, 0x13, 0x14, 0x72, 0xc0, 0x87, 0x74, 0x60, 0x87,
    0x36, 0x68, 0x87, 0x79, 0x68, 0x03, 0x72, 0xc0, 0x87, 0x0d, 0xaf, 0x50, 0x0e, 0x6d, 0xd0, 0x0e,
    0x7a, 0x50, 0x0e, 0x6d, 0x00, 0x0f, 0x7a, 0x30, 0x07, 0x72, 0xa0, 0x07, 0x73, 0x20, 0x07, 0x6d,
    0x90, 0x0e, 0x71, 0xa0, 0x07, 0x73, 0x20, 0x07, 0x6d, 0x90, 0x0e, 0x78, 0xa0, 0x07, 0x73, 0x20,
    0x07, 0x6d, 0x90, 0x0e, 0x71, 0x60, 0x07, 0x7a, 0x30, 0x07, 0x72, 0xd0, 0x06, 0xe9, 0x30, 0x07,
    0x72, 0xa0, 0x07, 0x73, 0x20, 0x07, 0x6d, 0x90, 0x0e, 0x76, 0x40, 0x07, 0x7a, 0x60, 0x07, 0x74,
    0xd0, 0x06, 0xe6, 0x10, 0x07, 0x76, 0xa0, 0x07, 0x73, 0x20, 0x07, 0x6d, 0x60, 0x0e, 0x73, 0x20,
    0x07, 0x7a, 0x30, 0x07, 0x72, 0xd0, 0x06, 0xe6, 0x60, 0x07, 0x74, 0xa0, 0x07, 0x76, 0x40, 0x07,
    0x6d, 0xe0, 0x0e, 0x78, 0xa0, 0x07, 0x71, 0x60, 0x07, 0x7a, 0x30, 0x07, 0x72, 0xa0, 0x07, 0x76,
    0x40, 0x07, 0x43, 0x9e, 0x00, 0x00, 0x00, 0x00, 0x00, 0x00, 0x00, 0x00, 0x00, 0x00, 0x00, 0x86,
    0x3c, 0x06, 0x10, 0x00, 0x01, 0x00, 0x00, 0x00, 0x00, 0x00, 0x00, 0x00, 0x0c, 0x79, 0x10, 0x20,
    0x00, 0x04, 0x00, 0x00, 0x00, 0x00, 0x00, 0x00, 0x00, 0x18, 0xf2, 0x34, 0x40, 0x00, 0x0c, 0x00,
    0x00, 0x00, 0x00, 0x00, 0x00, 0x00, 0x30, 0xe4, 0x81, 0x80, 0x00, 0x18, 0x00, 0x00, 0x00, 0x00,
    0x00, 0x00, 0x00, 0x20, 0x0b, 0x04, 0x00, 0x00, 0x0d, 0x00, 0x00, 0x00, 0x32, 0x1e, 0x98, 0x14,
    0x19, 0x11, 0x4c, 0x90, 0x8c, 0x09, 0x26, 0x47, 0xc6, 0x04, 0x43, 0x22, 0x25, 0x30, 0x02, 0x50,
    0x12, 0xc5, 0x50, 0x20, 0x65, 0x50, 0x1e, 0x54, 0x4a, 0x62, 0x04, 0xa0, 0x08, 0xca, 0xa0, 0x10,
    0xc8, 0xce, 0x00, 0xd0, 0x1d, 0x0b, 0x31, 0x8c, 0x40, 0x00, 0x00, 0x08, 0x0c, 0x00, 0x00, 0x00,
    0x79, 0x18, 0x00, 0x00, 0x56, 0x00, 0x00, 0x00, 0x1a, 0x03, 0x4c, 0x90, 0x46, 0x02, 0x13, 0xc4,
    0x8e, 0x0c, 0x6f, 0xec, 0xed, 0x4d, 0x0c, 0x24, 0xc6, 0x25, 0xc7, 0x45, 0xc6, 0x06, 0x26, 0xc7,
    0xa5, 0x06, 0x04, 0x05, 0x26, 0x46, 0xcc, 0x46, 0x26, 0x8c, 0x8c, 0xe6, 0x26, 0x65, 0x43, 0x10,
    0x4c, 0x10, 0x88, 0x62, 0x82, 0x40, 0x18, 0x1b, 0x84, 0x81, 0x98, 0x20, 0x10, 0xc7, 0x06, 0x61,
    0x30, 0x28, 0xd8, 0xcd, 0x4d, 0x10, 0x08, 0x64, 0xc3, 0x80, 0x24, 0xc4, 0x04, 0xc1, 0x8a, 0x08,
    0x4c, 0x10, 0x88, 0x64, 0x03, 0x42, 0x2c, 0xcc, 0x40, 0x0c, 0x0d, 0xb0, 0x21, 0x70, 0x36, 0x10,
    0x00, 0xf0, 0x00, 0x13, 0x84, 0x4b, 0xda, 0x10, 0x44, 0x13, 0x04, 0x01, 0xe0, 0x61, 0x37, 0xf7,
    0x15, 0x57, 0x17, 0x46, 0x46, 0x84, 0xaa, 0x08, 0x6b, 0xe8, 0xe9, 0x49, 0x8a, 0x68, 0x82, 0x50,
    0x30, 0x13, 0x84, 0xa2, 0xd9, 0x10, 0x10, 0x13, 0x84, 0xc2, 0x99, 0x20, 0x10, 0xca, 0x06, 0x41,
    0xd3, 0x36, 0x2c, 0x44, 0x65, 0x5d, 0xd8, 0x35, 0x64, 0xc4, 0xb5, 0x6d, 0x08, 0x86, 0x0d, 0xcb,
    0x50, 0x59, 0x57, 0x77, 0x0d, 0xd9, 0x70, 0x6d, 0x1b, 0x04, 0xce, 0xe3, 0x32, 0x65, 0xf5, 0x05,
    0xf5, 0x36, 0x97, 0x46, 0x97, 0xf6, 0xe6, 0x36, 0x41, 0x28, 0x9e, 0x09, 0x42, 0x01, 0x4d, 0x10,
    0x88, 0x65, 0x83, 0xa0, 0x8d, 0xc1, 0x86, 0x85, 0x00, 0x03, 0x2b, 0x0c, 0x30, 0x31, 0x18, 0xc4,
    0x80, 0xb8, 0xc8, 0x60, 0xc3, 0x32, 0x54, 0xd6, 0x85, 0x65, 0x43, 0x36, 0x5c, 0xdb, 0x06, 0xa1,
    0x0c, 0xcc, 0x60, 0xc3, 0xf0, 0x9d, 0x01, 0xb0, 0xa1, 0x98, 0x28, 0x34, 0x80, 0x80, 0x2a, 0x6c,
    0x6c, 0x76, 0x6d, 0x2e, 0x69, 0x64, 0x65, 0x6e, 0x74, 0x53, 0x82, 0xa0, 0x0a, 0x19, 0x9e, 0x8b,
    0x5d, 0x99, 0xdc, 0x5c, 0xda, 0x9b, 0xdb, 0x94, 0x80, 0x68, 0x42, 0x86, 0xe7, 0x62, 0x17, 0xc6,
    0x66, 0x57, 0x26, 0x37, 0x25, 0x30, 0xea, 0x90, 0xe1, 0xb9, 0xcc, 0xa1, 0x85, 0x91, 0x95, 0xc9,
    0x35, 0xbd, 0x91, 0x95, 0xb1, 0x4d, 0x09, 0x92, 0x32, 0x64, 0x78, 0x2e, 0x72, 0x65, 0x73, 0x6f,
    0x75, 0x72, 0x63, 0x65, 0x73, 0x53, 0x82, 0xa7, 0x0e, 0x19, 0x9e, 0x8b, 0x5d, 0x5a, 0xd9, 0x5d,
    0x12, 0xd9, 0x14, 0x5d, 0x18, 0x5d, 0xd9, 0x94, 0x20, 0xaa, 0x43, 0x86, 0xe7, 0x52, 0xe6, 0x46,
    0x27, 0x97, 0x07, 0xf5, 0x96, 0xe6, 0x46, 0x37, 0x37, 0x25, 0x40, 0x03, 0x00, 0x00, 0x00, 0x00,
    0x79, 0x18, 0x00, 0x00, 0x4c, 0x00, 0x00, 0x00, 0x33, 0x08, 0x80, 0x1c, 0xc4, 0xe1, 0x1c, 0x66,
    0x14, 0x01, 0x3d, 0x88, 0x43, 0x38, 0x84, 0xc3, 0x8c, 0x42, 0x80, 0x07, 0x79, 0x78, 0x07, 0x73,
    0x98, 0x71, 0x0c, 0xe6, 0x00, 0x0f, 0xed, 0x10, 0x0e, 0xf4, 0x80, 0x0e, 0x33, 0x0c, 0x42, 0x1e,
    0xc2, 0xc1, 0x1d, 0xce, 0xa1, 0x1c, 0x66, 0x30, 0x05, 0x3d, 0x88, 0x43, 0x38, 0x84, 0x83, 0x1b,
    0xcc, 0x03, 0x3d, 0xc8, 0x43, 0x3d, 0x8c, 0x03, 0x3d, 0xcc, 0x78, 0x8c, 0x74, 0x70, 0x07, 0x7b,
    0x08, 0x07, 0x79, 0x48, 0x87, 0x70, 0x70, 0x07, 0x7a, 0x70, 0x03, 0x76, 0x78, 0x87, 0x70, 0x20,
    0x87, 0x19, 0xcc, 0x11, 0x0e, 0xec, 0x90, 0x0e, 0xe1, 0x30, 0x0f, 0x6e, 0x30, 0x0f, 0xe3, 0xf0,
    0x0e, 0xf0, 0x50, 0x0e, 0x33, 0x10, 0xc4, 0x1d, 0xde, 0x21, 0x1c, 0xd8, 0x21, 0x1d, 0xc2, 0x61,
    0x1e, 0x66, 0x30, 0x89, 0x3b, 0xbc, 0x83, 0x3b, 0xd0, 0x43, 0x39, 0xb4, 0x03, 0x3c, 0xbc, 0x83,
    0x3c, 0x84, 0x03, 0x3b, 0xcc, 0xf0, 0x14, 0x76, 0x60, 0x07, 0x7b, 0x68, 0x07, 0x37, 0x68, 0x87,
    0x72, 0x68, 0x07, 0x37, 0x80, 0x87, 0x70, 0x90, 0x87, 0x70, 0x60, 0x07, 0x76, 0x28, 0x07, 0x76,
    0xf8, 0x05, 0x76, 0x78, 0x87, 0x77, 0x80, 0x87, 0x5f, 0x08, 0x87, 0x71, 0x18, 0x87, 0x72, 0x98,
    0x87, 0x79, 0x98, 0x81, 0x2c, 0xee, 0xf0, 0x0e, 0xee, 0xe0, 0x0e, 0xf5, 0xc0, 0x0e, 0xec, 0x30,
    0x03, 0x62, 0xc8, 0xa1, 0x1c, 0xe4, 0xa1, 0x1c, 0xcc, 0xa1, 0x1c, 0xe4, 0xa1, 0x1c, 0xdc, 0x61,
    0x1c, 0xca, 0x21, 0x1c, 0xc4, 0x81, 0x1d, 0xca, 0x61, 0x06, 0xd6, 0x90, 0x43, 0x39, 0xc8, 0x43,
    0x39, 0x98, 0x43, 0x39, 0xc8, 0x43, 0x39, 0xb8, 0xc3, 0x38, 0x94, 0x43, 0x38, 0x88, 0x03, 0x3b,
    0x94, 0xc3, 0x2f, 0xbc, 0x83, 0x3c, 0xfc, 0x82, 0x3b, 0xd4, 0x03, 0x3b, 0xb0, 0xc3, 0x8c, 0xc8,
    0x21, 0x07, 0x7c, 0x70, 0x03, 0x72, 0x10, 0x87, 0x73, 0x70, 0x03, 0x7b, 0x08, 0x07, 0x79, 0x60,
    0x87, 0x70, 0xc8, 0x87, 0x77, 0xa8, 0x07, 0x7a, 0x98, 0x81, 0x3c, 0xe4, 0x80, 0x0f, 0x6e, 0x40,
    0x0f, 0xe5, 0xd0, 0x0e, 0xf0, 0x00, 0x00, 0x00, 0x71, 0x20, 0x00, 0x00, 0x15, 0x00, 0x00, 0x00,
    0x36, 0xb0, 0x0d, 0x97, 0xef, 0x3c, 0xbe, 0x10, 0x50, 0x45, 0x41, 0x44, 0xa5, 0x03, 0x0c, 0x25,
    0x61, 0x00, 0x02, 0xe6, 0x17, 0xb7, 0x6d, 0x04, 0xd2, 0x70, 0xf9, 0xce, 0xe3, 0x0b, 0x11, 0x01,
    0x4c, 0x44, 0x08, 0x34, 0xc3, 0x42, 0x58, 0xc0, 0x34, 0x5c, 0xbe, 0xf3, 0xf8, 0x8b, 0x03, 0x0c,
    0x62, 0xf3, 0x50, 0x93, 0x5f, 0xdc, 0xb6, 0x09, 0x54, 0xc3, 0xe5, 0x3b, 0x8f, 0x2f, 0x4d, 0x4e,
    0x44, 0xa0, 0xd4, 0xf4, 0x50, 0x93, 0x5f, 0xdc, 0xb6, 0x01, 0x1c, 0x95, 0xf4, 0x43, 0x14, 0x30,
    0x00, 0x00, 0x00, 0x00, 0x61, 0x20, 0x00, 0x00, 0x3b, 0x00, 0x00, 0x00, 0x13, 0x04, 0x41, 0x2c,
    0x10, 0x00, 0x00, 0x00, 0x0a, 0x00, 0x00, 0x00, 0xf4, 0x46, 0x00, 0xa8, 0x94, 0x00, 0x91, 0xb2,
    0x2b, 0xb9, 0x52, 0x28, 0x84, 0x19, 0x00, 0x1a, 0x23, 0x00, 0x63, 0x04, 0x20, 0x08, 0x82, 0xf8,
    0x2f, 0x8c, 0x11, 0x80, 0x20, 0x08, 0xe2, 0xdf, 0x18, 0x01, 0x08, 0x82, 0x20, 0x08, 0x06, 0x00,
    0x23, 0x06, 0x09, 0x00, 0x82, 0x60, 0x00, 0x69, 0x08, 0x84, 0x61, 0xcb, 0x88, 0x41, 0x02, 0x80,
    0x20, 0x18, 0x18, 0xde, 0xa1, 0x65, 0x92, 0x31, 0x62, 0x90, 0x00, 0x20, 0x08, 0x06, 0xc6, 0x87,
    0x6c, 0x1a, 0x73, 0x8c, 0x18, 0x24, 0x00, 0x08, 0x82, 0x81, 0x01, 0x06, 0xc9, 0xb6, 0x51, 0xc8,
    0x88, 0x41, 0x02, 0x80, 0x20, 0x18, 0x18, 0x61, 0xa0, 0x70, 0x9c, 0x93, 0x8c, 0x18, 0x1c, 0x00,
    0x08, 0x82, 0x41, 0x03, 0x06, 0x4e, 0xd1, 0x8d, 0x26, 0x04, 0x80, 0x11, 0x01, 0x7d, 0x2c, 0x48,
    0xe4, 0x63, 0x01, 0x03, 0x9f, 0xd1, 0x84, 0x22, 0xb0, 0x23, 0xa0, 0x8f, 0x05, 0x8d, 0x7c, 0xec,
    0x09, 0xe2, 0x33, 0x62, 0x90, 0x00, 0x20, 0x08, 0x06, 0x88, 0x1a, 0x54, 0x66, 0x60, 0x06, 0x5f,
    0x31, 0x62, 0x90, 0x00, 0x20, 0x08, 0x06, 0x88, 0x1a, 0x54, 0x66, 0x60, 0x06, 0x58, 0x30, 0x62,
    0x90, 0x00, 0x20, 0x08, 0x06, 0x88, 0x1a, 0x54, 0x66, 0x60, 0x06, 0x9e, 0x34, 0x62, 0x90, 0x00,
    0x20, 0x08, 0x06, 0x88, 0x1a, 0x54, 0x66, 0x60, 0x06, 0x1d, 0x34, 0x62, 0x90, 0x00, 0x20, 0x08,
    0x06, 0x88, 0x1a, 0x54, 0x67, 0x60, 0x06, 0x5f, 0x33, 0x62, 0x90, 0x00, 0x20, 0x08, 0x06, 0x88,
    0x1a, 0x54, 0x67, 0x60, 0x06, 0x18, 0x83, 0x00, 0x00, 0x00, 0x00, 0x00
};

static const char k_vs_quad_msl[] =
    "#include <metal_stdlib>\n"
    "#include <simd/simd.h>\n"
    "\n"
    "using namespace metal;\n"
    "\n"
    "struct Screen\n"
    "{\n"
    "    float2 size;\n"
    "    float2 pad;\n"
    "};\n"
    "\n"
    "struct type_ScreenUBO\n"
    "{\n"
    "    Screen screen;\n"
    "};\n"
    "\n"
    "struct main0_out\n"
    "{\n"
    "    float2 out_var_TEXCOORD0 [[user(locn0)]];\n"
    "    float4 gl_Position [[position]];\n"
    "};\n"
    "\n"
    "struct main0_in\n"
    "{\n"
    "    float2 in_var_TEXCOORD0 [[attribute(0)]];\n"
    "    float2 in_var_TEXCOORD1 [[attribute(1)]];\n"
    "};\n"
    "\n"
    "vertex main0_out main0(main0_in in [[stage_in]], constant type_ScreenUBO& ScreenUBO [[buffer(0)]])\n"
    "{\n"
    "    main0_out out = {};\n"
    "    out.gl_Position = float4(((in.in_var_TEXCOORD0.x / ScreenUBO.screen.size.x) * 2.0) - 1.0, 1.0 - ((in.in_var_TEXCOORD0.y / ScreenUBO.screen.size.y) * 2.0), 0.0, 1.0);\n"
    "    out.out_var_TEXCOORD0 = in.in_var_TEXCOORD1;\n"
    "    return out;\n"
    "}\n"
    "\n"
    "";

static const unsigned char k_ps_quad_spv[] = {
    0x03, 0x02, 0x23, 0x07, 0x00, 0x00, 0x01, 0x00, 0x00, 0x00, 0x0e, 0x00, 0x20, 0x00, 0x00, 0x00,
    0x00, 0x00, 0x00, 0x00, 0x11, 0x00, 0x02, 0x00, 0x01, 0x00, 0x00, 0x00, 0x0e, 0x00, 0x03, 0x00,
    0x00, 0x00, 0x00, 0x00, 0x01, 0x00, 0x00, 0x00, 0x0f, 0x00, 0x07, 0x00, 0x04, 0x00, 0x00, 0x00,
    0x01, 0x00, 0x00, 0x00, 0x6d, 0x61, 0x69, 0x6e, 0x00, 0x00, 0x00, 0x00, 0x02, 0x00, 0x00, 0x00,
    0x03, 0x00, 0x00, 0x00, 0x10, 0x00, 0x03, 0x00, 0x01, 0x00, 0x00, 0x00, 0x07, 0x00, 0x00, 0x00,
    0x03, 0x00, 0x03, 0x00, 0x05, 0x00, 0x00, 0x00, 0x58, 0x02, 0x00, 0x00, 0x05, 0x00, 0x06, 0x00,
    0x04, 0x00, 0x00, 0x00, 0x74, 0x79, 0x70, 0x65, 0x2e, 0x32, 0x64, 0x2e, 0x69, 0x6d, 0x61, 0x67,
    0x65, 0x00, 0x00, 0x00, 0x05, 0x00, 0x05, 0x00, 0x05, 0x00, 0x00, 0x00, 0x6c, 0x61, 0x79, 0x65,
    0x72, 0x5f, 0x74, 0x65, 0x78, 0x00, 0x00, 0x00, 0x05, 0x00, 0x07, 0x00, 0x02, 0x00, 0x00, 0x00,
    0x69, 0x6e, 0x2e, 0x76, 0x61, 0x72, 0x2e, 0x54, 0x45, 0x58, 0x43, 0x4f, 0x4f, 0x52, 0x44, 0x30,
    0x00, 0x00, 0x00, 0x00, 0x05, 0x00, 0x07, 0x00, 0x03, 0x00, 0x00, 0x00, 0x6f, 0x75, 0x74, 0x2e,
    0x76, 0x61, 0x72, 0x2e, 0x53, 0x56, 0x5f, 0x54, 0x61, 0x72, 0x67, 0x65, 0x74, 0x00, 0x00, 0x00,
    0x05, 0x00, 0x04, 0x00, 0x01, 0x00, 0x00, 0x00, 0x70, 0x73, 0x5f, 0x71, 0x75, 0x61, 0x64, 0x00,
    0x05, 0x00, 0x07, 0x00, 0x06, 0x00, 0x00, 0x00, 0x74, 0x79, 0x70, 0x65, 0x2e, 0x73, 0x61, 0x6d,
    0x70, 0x6c, 0x65, 0x64, 0x2e, 0x69, 0x6d, 0x61, 0x67, 0x65, 0x00, 0x00, 0x47, 0x00, 0x04, 0x00,
    0x02, 0x00, 0x00, 0x00, 0x1e, 0x00, 0x00, 0x00, 0x00, 0x00, 0x00, 0x00, 0x47, 0x00, 0x04, 0x00,
    0x03, 0x00, 0x00, 0x00, 0x1e, 0x00, 0x00, 0x00, 0x00, 0x00, 0x00, 0x00, 0x47, 0x00, 0x04, 0x00,
    0x05, 0x00, 0x00, 0x00, 0x22, 0x00, 0x00, 0x00, 0x02, 0x00, 0x00, 0x00, 0x47, 0x00, 0x04, 0x00,
    0x05, 0x00, 0x00, 0x00, 0x21, 0x00, 0x00, 0x00, 0x00, 0x00, 0x00, 0x00, 0x16, 0x00, 0x03, 0x00,
    0x07, 0x00, 0x00, 0x00, 0x20, 0x00, 0x00, 0x00, 0x2b, 0x00, 0x04, 0x00, 0x07, 0x00, 0x00, 0x00,
    0x08, 0x00, 0x00, 0x00, 0x00, 0x00, 0x00, 0x00, 0x17, 0x00, 0x04, 0x00, 0x09, 0x00, 0x00, 0x00,
    0x07, 0x00, 0x00, 0x00, 0x04, 0x00, 0x00, 0x00, 0x2c, 0x00, 0x07, 0x00, 0x09, 0x00, 0x00, 0x00,
    0x0a, 0x00, 0x00, 0x00, 0x08, 0x00, 0x00, 0x00, 0x08, 0x00, 0x00, 0x00, 0x08, 0x00, 0x00, 0x00,
    0x08, 0x00, 0x00, 0x00, 0x2b, 0x00, 0x04, 0x00, 0x07, 0x00, 0x00, 0x00, 0x0b, 0x00, 0x00, 0x00,
    0x00, 0x00, 0x80, 0x3f, 0x17, 0x00, 0x04, 0x00, 0x0c, 0x00, 0x00, 0x00, 0x07, 0x00, 0x00, 0x00,
    0x02, 0x00, 0x00, 0x00, 0x19, 0x00, 0x09, 0x00, 0x04, 0x00, 0x00, 0x00, 0x07, 0x00, 0x00, 0x00,
    0x01, 0x00, 0x00, 0x00, 0x02, 0x00, 0x00, 0x00, 0x00, 0x00, 0x00, 0x00, 0x00, 0x00, 0x00, 0x00,
    0x01, 0x00, 0x00, 0x00, 0x00, 0x00, 0x00, 0x00, 0x20, 0x00, 0x04, 0x00, 0x0d, 0x00, 0x00, 0x00,
    0x01, 0x00, 0x00, 0x00, 0x0c, 0x00, 0x00, 0x00, 0x20, 0x00, 0x04, 0x00, 0x0e, 0x00, 0x00, 0x00,
    0x03, 0x00, 0x00, 0x00, 0x09, 0x00, 0x00, 0x00, 0x13, 0x00, 0x02, 0x00, 0x0f, 0x00, 0x00, 0x00,
    0x21, 0x00, 0x03, 0x00, 0x10, 0x00, 0x00, 0x00, 0x0f, 0x00, 0x00, 0x00, 0x1b, 0x00, 0x03, 0x00,
    0x06, 0x00, 0x00, 0x00, 0x04, 0x00, 0x00, 0x00, 0x14, 0x00, 0x02, 0x00, 0x11, 0x00, 0x00, 0x00,
    0x17, 0x00, 0x04, 0x00, 0x12, 0x00, 0x00, 0x00, 0x11, 0x00, 0x00, 0x00, 0x04, 0x00, 0x00, 0x00,
    0x3b, 0x00, 0x04, 0x00, 0x0d, 0x00, 0x00, 0x00, 0x02, 0x00, 0x00, 0x00, 0x01, 0x00, 0x00, 0x00,
    0x3b, 0x00, 0x04, 0x00, 0x0e, 0x00, 0x00, 0x00, 0x03, 0x00, 0x00, 0x00, 0x03, 0x00, 0x00, 0x00,
    0x20, 0x00, 0x04, 0x00, 0x13, 0x00, 0x00, 0x00, 0x00, 0x00, 0x00, 0x00, 0x06, 0x00, 0x00, 0x00,
    0x3b, 0x00, 0x04, 0x00, 0x13, 0x00, 0x00, 0x00, 0x05, 0x00, 0x00, 0x00, 0x00, 0x00, 0x00, 0x00,
    0x36, 0x00, 0x05, 0x00, 0x0f, 0x00, 0x00, 0x00, 0x01, 0x00, 0x00, 0x00, 0x00, 0x00, 0x00, 0x00,
    0x10, 0x00, 0x00, 0x00, 0xf8, 0x00, 0x02, 0x00, 0x14, 0x00, 0x00, 0x00, 0x3d, 0x00, 0x04, 0x00,
    0x0c, 0x00, 0x00, 0x00, 0x15, 0x00, 0x00, 0x00, 0x02, 0x00, 0x00, 0x00, 0x3d, 0x00, 0x04, 0x00,
    0x06, 0x00, 0x00, 0x00, 0x16, 0x00, 0x00, 0x00, 0x05, 0x00, 0x00, 0x00, 0x57, 0x00, 0x06, 0x00,
    0x09, 0x00, 0x00, 0x00, 0x17, 0x00, 0x00, 0x00, 0x16, 0x00, 0x00, 0x00, 0x15, 0x00, 0x00, 0x00,
    0x00, 0x00, 0x00, 0x00, 0xb4, 0x00, 0x05, 0x00, 0x12, 0x00, 0x00, 0x00, 0x18, 0x00, 0x00, 0x00,
    0x17, 0x00, 0x00, 0x00, 0x0a, 0x00, 0x00, 0x00, 0x9b, 0x00, 0x04, 0x00, 0x11, 0x00, 0x00, 0x00,
    0x19, 0x00, 0x00, 0x00, 0x18, 0x00, 0x00, 0x00, 0xf7, 0x00, 0x03, 0x00, 0x1a, 0x00, 0x00, 0x00,
    0x00, 0x00, 0x00, 0x00, 0xfa, 0x00, 0x04, 0x00, 0x19, 0x00, 0x00, 0x00, 0x1b, 0x00, 0x00, 0x00,
    0x1a, 0x00, 0x00, 0x00, 0xf8, 0x00, 0x02, 0x00, 0x1b, 0x00, 0x00, 0x00, 0xfc, 0x00, 0x01, 0x00,
    0xf8, 0x00, 0x02, 0x00, 0x1a, 0x00, 0x00, 0x00, 0x51, 0x00, 0x05, 0x00, 0x07, 0x00, 0x00, 0x00,
    0x1c, 0x00, 0x00, 0x00, 0x17, 0x00, 0x00, 0x00, 0x00, 0x00, 0x00, 0x00, 0x51, 0x00, 0x05, 0x00,
    0x07, 0x00, 0x00, 0x00, 0x1d, 0x00, 0x00, 0x00, 0x17, 0x00, 0x00, 0x00, 0x01, 0x00, 0x00, 0x00,
    0x51, 0x00, 0x05, 0x00, 0x07, 0x00, 0x00, 0x00, 0x1e, 0x00, 0x00, 0x00, 0x17, 0x00, 0x00, 0x00,
    0x02, 0x00, 0x00, 0x00, 0x50, 0x00, 0x07, 0x00, 0x09, 0x00, 0x00, 0x00, 0x1f, 0x00, 0x00, 0x00,
    0x1c, 0x00, 0x00, 0x00, 0x1d, 0x00, 0x00, 0x00, 0x1e, 0x00, 0x00, 0x00, 0x0b, 0x00, 0x00, 0x00,
    0x3e, 0x00, 0x03, 0x00, 0x03, 0x00, 0x00, 0x00, 0x1f, 0x00, 0x00, 0x00, 0xfd, 0x00, 0x01, 0x00,
    0x38, 0x00, 0x01, 0x00
};

static const unsigned char k_ps_quad_dxil[] = {
    0x44, 0x58, 0x42, 0x43, 0x63, 0x81, 0x4b, 0x85, 0x42, 0x3a, 0xae, 0xff, 0x8f, 0x77, 0xb7, 0xa6,
    0xa6, 0xba, 0x80, 0xc6, 0x01, 0x00, 0x00, 0x00, 0xb4, 0x0f, 0x00, 0x00, 0x07, 0x00, 0x00, 0x00,
    0x3c, 0x00, 0x00, 0x00, 0x4c, 0x00, 0x00, 0x00, 0xb4, 0x00, 0x00, 0x00, 0xf0, 0x00, 0x00, 0x00,
    0xdc, 0x01, 0x00, 0x00, 0x94, 0x08, 0x00, 0x00, 0xb0, 0x08, 0x00, 0x00, 0x53, 0x46, 0x49, 0x30,
    0x08, 0x00, 0x00, 0x00, 0x00, 0x00, 0x00, 0x00, 0x00, 0x00, 0x00, 0x00, 0x49, 0x53, 0x47, 0x31,
    0x60, 0x00, 0x00, 0x00, 0x02, 0x00, 0x00, 0x00, 0x08, 0x00, 0x00, 0x00, 0x00, 0x00, 0x00, 0x00,
    0x48, 0x00, 0x00, 0x00, 0x00, 0x00, 0x00, 0x00, 0x01, 0x00, 0x00, 0x00, 0x03, 0x00, 0x00, 0x00,
    0x00, 0x00, 0x00, 0x00, 0x0f, 0x00, 0x00, 0x00, 0x00, 0x00, 0x00, 0x00, 0x00, 0x00, 0x00, 0x00,
    0x54, 0x00, 0x00, 0x00, 0x00, 0x00, 0x00, 0x00, 0x00, 0x00, 0x00, 0x00, 0x03, 0x00, 0x00, 0x00,
    0x01, 0x00, 0x00, 0x00, 0x03, 0x03, 0x00, 0x00, 0x00, 0x00, 0x00, 0x00, 0x53, 0x56, 0x5f, 0x50,
    0x6f, 0x73, 0x69, 0x74, 0x69, 0x6f, 0x6e, 0x00, 0x54, 0x45, 0x58, 0x43, 0x4f, 0x4f, 0x52, 0x44,
    0x00, 0x00, 0x00, 0x00, 0x4f, 0x53, 0x47, 0x31, 0x34, 0x00, 0x00, 0x00, 0x01, 0x00, 0x00, 0x00,
    0x08, 0x00, 0x00, 0x00, 0x00, 0x00, 0x00, 0x00, 0x28, 0x00, 0x00, 0x00, 0x00, 0x00, 0x00, 0x00,
    0x40, 0x00, 0x00, 0x00, 0x03, 0x00, 0x00, 0x00, 0x00, 0x00, 0x00, 0x00, 0x0f, 0x00, 0x00, 0x00,
    0x00, 0x00, 0x00, 0x00, 0x53, 0x56, 0x5f, 0x54, 0x61, 0x72, 0x67, 0x65, 0x74, 0x00, 0x00, 0x00,
    0x50, 0x53, 0x56, 0x30, 0xe4, 0x00, 0x00, 0x00, 0x34, 0x00, 0x00, 0x00, 0x00, 0x00, 0x00, 0x00,
    0x00, 0x00, 0x00, 0x00, 0x00, 0x00, 0x00, 0x00, 0x00, 0x00, 0x00, 0x00, 0x00, 0x00, 0x00, 0x00,
    0xff, 0xff, 0xff, 0xff, 0x00, 0x00, 0x00, 0x00, 0x02, 0x01, 0x00, 0x02, 0x01, 0x00, 0x00, 0x00,
    0x00, 0x00, 0x00, 0x00, 0x00, 0x00, 0x00, 0x00, 0x00, 0x00, 0x00, 0x00, 0x0a, 0x00, 0x00, 0x00,
    0x02, 0x00, 0x00, 0x00, 0x18, 0x00, 0x00, 0x00, 0x01, 0x00, 0x00, 0x00, 0x02, 0x00, 0x00, 0x00,
    0x00, 0x00, 0x00, 0x00, 0x00, 0x00, 0x00, 0x00, 0x0e, 0x00, 0x00, 0x00, 0x00, 0x00, 0x00, 0x00,
    0x03, 0x00, 0x00, 0x00, 0x02, 0x00, 0x00, 0x00, 0x00, 0x00, 0x00, 0x00, 0x00, 0x00, 0x00, 0x00,
    0x02, 0x00, 0x00, 0x00, 0x00, 0x00, 0x00, 0x00, 0x14, 0x00, 0x00, 0x00, 0x00, 0x54, 0x45, 0x58,
    0x43, 0x4f, 0x4f, 0x52, 0x44, 0x00, 0x70, 0x73, 0x5f, 0x71, 0x75, 0x61, 0x64, 0x00, 0x00, 0x00,
    0x01, 0x00, 0x00, 0x00, 0x00, 0x00, 0x00, 0x00, 0x10, 0x00, 0x00, 0x00, 0x00, 0x00, 0x00, 0x00,
    0x00, 0x00, 0x00, 0x00, 0x01, 0x00, 0x44, 0x03, 0x03, 0x04, 0x00, 0x00, 0x01, 0x00, 0x00, 0x00,
    0x00, 0x00, 0x00, 0x00, 0x01, 0x01, 0x42, 0x00, 0x03, 0x02, 0x00, 0x00, 0x00, 0x00, 0x00, 0x00,
    0x00, 0x00, 0x00, 0x00, 0x01, 0x00, 0x44, 0x10, 0x03, 0x00, 0x00, 0x00, 0x00, 0x00, 0x00, 0x00,
    0x00, 0x00, 0x00, 0x00, 0x00, 0x00, 0x00, 0x00, 0x00, 0x00, 0x00, 0x00, 0x07, 0x00, 0x00, 0x00,
    0x07, 0x00, 0x00, 0x00, 0x00, 0x00, 0x00, 0x00, 0x00, 0x00, 0x00, 0x00, 0x53, 0x54, 0x41, 0x54,
    0xb0, 0x06, 0x00, 0x00, 0x60, 0x00, 0x00, 0x00, 0xac, 0x01, 0x00, 0x00, 0x44, 0x58, 0x49, 0x4c,
    0x00, 0x01, 0x00, 0x00, 0x10, 0x00, 0x00, 0x00, 0x98, 0x06, 0x00, 0x00, 0x42, 0x43, 0xc0, 0xde,
    0x21, 0x0c, 0x00, 0x00, 0xa3, 0x01, 0x00, 0x00, 0x0b, 0x82, 0x20, 0x00, 0x02, 0x00, 0x00, 0x00,
    0x13, 0x00, 0x00, 0x00, 0x07, 0x81, 0x23, 0x91, 0x41, 0xc8, 0x04, 0x49, 0x06, 0x10, 0x32, 0x39,
    0x92, 0x01, 0x84, 0x0c, 0x25, 0x05, 0x08, 0x19, 0x1e, 0x04, 0x8b, 0x62, 0x80, 0x14, 0x45, 0x02,
    0x42, 0x92, 0x0b, 0x42, 0xa4, 0x10, 0x32, 0x14, 0x38, 0x08, 0x18, 0x4b, 0x0a, 0x32, 0x52, 0x88,
    0x48, 0x90, 0x14, 0x20, 0x43, 0x46, 0x88, 0xa5, 0x00, 0x19, 0x32, 0x42, 0xe4, 0x48, 0x0e, 0x90,
    0x91, 0x22, 0xc4, 0x50, 0x41, 0x51, 0x81, 0x8c, 0xe1, 0x83, 0xe5, 0x8a, 0x04, 0x29, 0x46, 0x06,
    0x51, 0x18, 0x00, 0x00, 0x08, 0x00, 0x00, 0x00, 0x1b, 0x8c, 0xe0, 0xff, 0xff, 0xff, 0xff, 0x07,
    0x40, 0x02, 0xa8, 0x0d, 0x84, 0xf0, 0xff, 0xff, 0xff, 0xff, 0x03, 0x20, 0x6d, 0x30, 0x86, 0xff,
    0xff, 0xff, 0xff, 0x1f, 0x00, 0x09, 0xa8, 0x00, 0x49, 0x18, 0x00, 0x00, 0x03, 0x00, 0x00, 0x00,
    0x13, 0x82, 0x60, 0x42, 0x20, 0x4c, 0x08, 0x06, 0x00, 0x00, 0x00, 0x00, 0x89, 0x20, 0x00, 0x00,
    0x44, 0x00, 0x00, 0x00, 0x32, 0x22, 0x48, 0x09, 0x20, 0x64, 0x85, 0x04, 0x93, 0x22, 0xa4, 0x84,
    0x04, 0x93, 0x22, 0xe3, 0x84, 0xa1, 0x90, 0x14, 0x12, 0x4c, 0x8a, 0x8c, 0x0b, 0x84, 0xa4, 0x4c,
    0x10, 0x70, 0x23, 0x00, 0x25, 0x00, 0x14, 0x66, 0x00, 0xe6, 0x08, 0xc0, 0x60, 0x8e, 0x00, 0x29,
    0xc6, 0x20, 0x84, 0x14, 0x42, 0xa6, 0x18, 0x80, 0x10, 0x52, 0x06, 0xa1, 0x39, 0x82, 0xa0, 0x0c,
    0x80, 0x28, 0x5a, 0x37, 0x0d, 0x97, 0x3f, 0x61, 0x0f, 0x21, 0xf9, 0x2b, 0x21, 0xad, 0xc4, 0xe4,
    0x17, 0xb7, 0x8d, 0x8a, 0x31, 0xc6, 0x20, 0x54, 0xee, 0x19, 0x2e, 0x7f, 0xc2, 0x1e, 0x42, 0xf2,
    0x43, 0xa0, 0x19, 0x16, 0x02, 0x05, 0xae, 0x30, 0x8d, 0xbc, 0x37, 0xc6, 0x18, 0x84, 0x90, 0x41,
    0xb0, 0x18, 0x8f, 0x14, 0x42, 0x14, 0xc9, 0x81, 0x80, 0x61, 0x04, 0x62, 0x98, 0xa9, 0x0d, 0xc6,
    0x81, 0x1d, 0xc2, 0x61, 0x1e, 0xe6, 0xc1, 0x0d, 0x68, 0xa1, 0x1c, 0xf0, 0x81, 0x1e, 0xea, 0x41,
    0x1e, 0xca, 0x41, 0x0e, 0x48, 0x81, 0x0f, 0xec, 0xa1, 0x1c, 0xc6, 0x81, 0x1e, 0xde, 0x41, 0x1e,
    0xf8, 0xc0, 0x1c, 0xd8, 0xe1, 0x1d, 0xc2, 0x81, 0x1e, 0xd8, 0x00, 0x0c, 0xe8, 0xc0, 0x0f, 0xc0,
    0xc0, 0x0f, 0xf4, 0x40, 0x0f, 0xda, 0x21, 0x1d, 0xe0, 0x61, 0x1e, 0x7e, 0x81, 0x1e, 0xf2, 0x01,
    0x1e, 0xca, 0x01, 0x05, 0x64, 0x26, 0x31, 0x18, 0x07, 0x76, 0x08, 0x87, 0x79, 0x98, 0x07, 0x37,
    0xa0, 0x85, 0x72, 0xc0, 0x07, 0x7a, 0xa8, 0x07, 0x79, 0x28, 0x07, 0x39, 0x20, 0x05, 0x3e, 0xb0,
    0x87, 0x72, 0x18, 0x07, 0x7a, 0x78, 0x07, 0x79, 0xe0, 0x03, 0x73, 0x60, 0x87, 0x77, 0x08, 0x07,
    0x7a, 0x60, 0x03, 0x30, 0xa0, 0x03, 0x3f, 0x00, 0x03, 0x3f, 0x40, 0x42, 0xb5, 0x74, 0x6f, 0x92,
    0xa6, 0x88, 0x12, 0x26, 0x9f, 0x05, 0x98, 0x67, 0x21, 0x22, 0x76, 0x02, 0x26, 0x02, 0x05, 0x84,
    0x72, 0x22, 0x10, 0x00, 0x13, 0x14, 0x72, 0xc0, 0x87, 0x74, 0x60, 0x87, 0x36, 0x68, 0x87, 0x79,
    0x68, 0x03, 0x72, 0xc0, 0x87, 0x0d, 0xaf, 0x50, 0x0e, 0x6d, 0xd0, 0x0e, 0x7a, 0x50, 0x0e, 0x6d,
    0x00, 0x0f, 0x7a, 0x30, 0x07, 0x72, 0xa0, 0x07, 0x73, 0x20, 0x07, 0x6d, 0x90, 0x0e, 0x71, 0xa0,
    0x07, 0x73, 0x20, 0x07, 0x6d, 0x90, 0x0e, 0x78, 0xa0, 0x07, 0x73, 0x20, 0x07, 0x6d, 0x90, 0x0e,
    0x71, 0x60, 0x07, 0x7a, 0x30, 0x07, 0x72, 0xd0, 0x06, 0xe9, 0x30, 0x07, 0x72, 0xa0, 0x07, 0x73,
    0x20, 0x07, 0x6d, 0x90, 0x0e, 0x76, 0x40, 0x07, 0x7a, 0x60, 0x07, 0x74, 0xd0, 0x06, 0xe6, 0x10,
    0x07, 0x76, 0xa0, 0x07, 0x73, 0x20, 0x07, 0x6d, 0x60, 0x0e, 0x73, 0x20, 0x07, 0x7a, 0x30, 0x07,
    0x72, 0xd0, 0x06, 0xe6, 0x60, 0x07, 0x74, 0xa0, 0x07, 0x76, 0x40, 0x07, 0x6d, 0xe0, 0x0e, 0x78,
    0xa0, 0x07, 0x71, 0x60, 0x07, 0x7a, 0x30, 0x07, 0x72, 0xa0, 0x07, 0x76, 0x40, 0x07, 0x43, 0x9e,
    0x00, 0x08, 0x00, 0x00, 0x00, 0x00, 0x00, 0x00, 0x00, 0x00, 0x00, 0x86, 0x3c, 0x06, 0x10, 0x00,
    0x01, 0x00, 0x00, 0x00, 0x00, 0x00, 0x00, 0x00, 0x0c, 0x79, 0x10, 0x20, 0x00, 0x04, 0x00, 0x00,
    0x00, 0x00, 0x00, 0x00, 0x00, 0x18, 0xf2, 0x2c, 0x40, 0x00, 0x08, 0x00, 0x00, 0x00, 0x00, 0x00,
    0x00, 0x00, 0x30, 0xe4, 0x81, 0x80, 0x00, 0x18, 0x00, 0x00, 0x00, 0x00, 0x00, 0x00, 0x00, 0x60,
    0xc8, 0x23, 0x01, 0x01, 0x30, 0x00, 0x00, 0x00, 0x00, 0x00, 0x00, 0x00, 0x40, 0x16, 0x08, 0x00,
    0x0f, 0x00, 0x00, 0x00, 0x32, 0x1e, 0x98, 0x14, 0x19, 0x11, 0x4c, 0x90, 0x8c, 0x09, 0x26, 0x47,
    0xc6, 0x04, 0x43, 0x22, 0x25, 0x30, 0x02, 0x50, 0x0c, 0x45, 0x50, 0x12, 0x65, 0x50, 0x1e, 0x85,
    0x50, 0x30, 0x54, 0x4a, 0xa2, 0x0c, 0x0a, 0x61, 0x04, 0xa0, 0x08, 0x0a, 0x84, 0xf0, 0x0c, 0x00,
    0xe9, 0x19, 0x00, 0xda, 0x63, 0x21, 0x06, 0x01, 0x00, 0x00, 0x70, 0x1c, 0x00, 0x00, 0x00, 0x00,
    0x79, 0x18, 0x00, 0x00, 0x83, 0x00, 0x00, 0x00, 0x1a, 0x03, 0x4c, 0x90, 0x46, 0x02, 0x13, 0xc4,
    0x8e, 0x0c, 0x6f, 0xec, 0xed, 0x4d, 0x0c, 0x24, 0xc6, 0x25, 0xc7, 0x45, 0xc6, 0x06, 0x26, 0xc7,
    0xa5, 0x06, 0x04, 0x05, 0x26, 0x46, 0xcc, 0x46, 0x26, 0x8c, 0x8c, 0xe6, 0x26, 0x65, 0x43, 0x10,
    0x4c, 0x10, 0x08, 0x63, 0x82, 0x40, 0x1c, 0x1b, 0x84, 0x81, 0xd8, 0x20, 0x10, 0x04, 0x05, 0xb8,
    0xb9, 0x09, 0x02, 0x81, 0x6c, 0x18, 0x0e, 0x84, 0x98, 0x20, 0x60, 0x15, 0x13, 0xb6, 0xb0, 0xbc,
    0x32, 0xb9, 0x2f, 0xba, 0x32, 0xbc, 0x09, 0x02, 0x91, 0x4c, 0x10, 0x08, 0x65, 0x83, 0x40, 0x34,
    0x1b, 0x12, 0x42, 0x59, 0x18, 0x62, 0x60, 0x08, 0x67, 0x43, 0xf0, 0x4c, 0x10, 0x34, 0x8b, 0x09,
    0x5b, 0x58, 0x5e, 0x99, 0xdc, 0xd7, 0x5c, 0x1b, 0xdc, 0x06, 0x84, 0x88, 0x24, 0x86, 0x18, 0x08,
    0x60, 0x43, 0x30, 0x6d, 0x20, 0x20, 0x00, 0xa0, 0x26, 0x08, 0x02, 0xb0, 0x01, 0xd8, 0x30, 0x10,
    0xd7, 0xb5, 0x21, 0xc0, 0x36, 0x0c, 0x83, 0x95, 0x4d, 0x10, 0xb6, 0x6b, 0x43, 0xb0, 0xf1, 0x80,
    0x9b, 0xfb, 0x8a, 0xab, 0x0b, 0x23, 0xe3, 0x32, 0x65, 0xf5, 0x05, 0xf5, 0x36, 0x97, 0x46, 0x97,
    0xf6, 0xe6, 0x36, 0x41, 0x28, 0x9e, 0x09, 0x42, 0x01, 0x6d, 0x08, 0x88, 0x09, 0x42, 0x11, 0x4d,
    0x10, 0x0a, 0x69, 0xc3, 0x42, 0x78, 0x1f, 0x18, 0x84, 0x81, 0x18, 0x0c, 0x62, 0x40, 0x8c, 0x01,
    0x40, 0x84, 0xaa, 0x08, 0x6b, 0xe8, 0xe9, 0x49, 0x8a, 0x68, 0x82, 0x50, 0x4c, 0x13, 0x04, 0x62,
    0xd9, 0x20, 0x9c, 0xc1, 0x19, 0x6c, 0x58, 0x86, 0x32, 0xf8, 0xc6, 0x20, 0x0c, 0xcc, 0x60, 0x30,
    0x83, 0x61, 0x0c, 0xd0, 0x60, 0x83, 0x40, 0x06, 0x69, 0xc0, 0x64, 0xca, 0xea, 0x8b, 0x2a, 0x4c,
    0xee, 0xac, 0x8c, 0x6e, 0x82, 0x50, 0x50, 0x13, 0x04, 0x82, 0xd9, 0x20, 0x9c, 0x41, 0x1b, 0x6c,
    0x58, 0x88, 0x35, 0xf8, 0xd8, 0x20, 0x0c, 0xc6, 0x60, 0x10, 0x03, 0x62, 0x0c, 0xdc, 0x60, 0x43,
    0xf0, 0x06, 0x1b, 0x06, 0x35, 0x80, 0x03, 0x60, 0x43, 0x61, 0x75, 0x71, 0x50, 0x01, 0x44, 0xc4,
    0xe4, 0xc2, 0xdc, 0xc6, 0xd0, 0xca, 0xe6, 0x68, 0x98, 0xb1, 0xbd, 0x85, 0xd1, 0xcd, 0x4d, 0x10,
    0x88, 0x86, 0x45, 0x9a, 0xdb, 0x1c, 0xdd, 0xdc, 0x04, 0x81, 0x70, 0x68, 0xcc, 0xa5, 0x9d, 0x7d,
    0xb1, 0x91, 0xd1, 0x98, 0x4b, 0x3b, 0xfb, 0x9a, 0xa3, 0x23, 0x42, 0x57, 0x86, 0xf7, 0xe5, 0xf6,
    0x26, 0xd7, 0xc6, 0xa2, 0x2e, 0xcd, 0x8d, 0x6e, 0x6e, 0x83, 0x33, 0x07, 0x03, 0x1d, 0xd4, 0x81,
    0x1d, 0xdc, 0x01, 0x1e, 0x30, 0x79, 0x50, 0x07, 0x7a, 0x30, 0xec, 0xc1, 0x19, 0x54, 0x61, 0x63,
    0xb3, 0x6b, 0x73, 0x49, 0x23, 0x2b, 0x73, 0xa3, 0x9b, 0x12, 0x04, 0x55, 0xc8, 0xf0, 0x5c, 0xec,
    0xca, 0xe4, 0xe6, 0xd2, 0xde, 0xdc, 0xa6, 0x04, 0x44, 0x13, 0x32, 0x3c, 0x17, 0xbb, 0x30, 0x36,
    0xbb, 0x32, 0xb9, 0x29, 0x41, 0x51, 0x87, 0x0c, 0xcf, 0x65, 0x0e, 0x2d, 0x8c, 0xac, 0x4c, 0xae,
    0xe9, 0x8d, 0xac, 0x8c, 0x6d, 0x4a, 0x80, 0x94, 0x21, 0xc3, 0x73, 0x91, 0x2b, 0x9b, 0x7b, 0xab,
    0x93, 0x1b, 0x2b, 0x9b, 0x9b, 0x12, 0x50, 0x95, 0xc8, 0xf0, 0x5c, 0xe8, 0xf2, 0xe0, 0xca, 0x82,
    0xdc, 0xdc, 0xde, 0xe8, 0xc2, 0xe8, 0xd2, 0xde, 0xdc, 0xe6, 0xa6, 0x04, 0x59, 0x1d, 0x32, 0x3c,
    0x17, 0xbb, 0xb4, 0xb2, 0xbb, 0x24, 0xb2, 0x29, 0xba, 0x30, 0xba, 0xb2, 0x29, 0xc1, 0x56, 0x87,
    0x0c, 0xcf, 0xa5, 0xcc, 0x8d, 0x4e, 0x2e, 0x0f, 0xea, 0x2d, 0xcd, 0x8d, 0x6e, 0x6e, 0x4a, 0x10,
    0x07, 0x5d, 0xc8, 0xf0, 0x5c, 0xc6, 0xde, 0xea, 0xdc, 0xe8, 0xca, 0xe4, 0xe6, 0xa6, 0x04, 0x7b,
    0x00, 0x00, 0x00, 0x00, 0x79, 0x18, 0x00, 0x00, 0x51, 0x00, 0x00, 0x00, 0x33, 0x08, 0x80, 0x1c,
    0xc4, 0xe1, 0x1c, 0x66, 0x14, 0x01, 0x3d, 0x88, 0x43, 0x38, 0x84, 0xc3, 0x8c, 0x42, 0x80, 0x07,
    0x79, 0x78, 0x07, 0x73, 0x98, 0x71, 0x0c, 0xe6, 0x00, 0x0f, 0xed, 0x10, 0x0e, 0xf4, 0x80, 0x0e,
    0x33, 0x0c, 0x42, 0x1e, 0xc2, 0xc1, 0x1d, 0xce, 0xa1, 0x1c, 0x66, 0x30, 0x05, 0x3d, 0x88, 0x43,
    0x38, 0x84, 0x83, 0x1b, 0xcc, 0x03, 0x3d, 0xc8, 0x43, 0x3d, 0x8c, 0x03, 0x3d, 0xcc, 0x78, 0x8c,
    0x74, 0x70, 0x07, 0x7b, 0x08, 0x07, 0x79, 0x48, 0x87, 0x70, 0x70, 0x07, 0x7a, 0x70, 0x03, 0x76,
    0x78, 0x87, 0x70, 0x20, 0x87, 0x19, 0xcc, 0x11, 0x0e, 0xec, 0x90, 0x0e, 0xe1, 0x30, 0x0f, 0x6e,
    0x30, 0x0f, 0xe3, 0xf0, 0x0e, 0xf0, 0x50, 0x0e, 0x33, 0x10, 0xc4, 0x1d, 0xde, 0x21, 0x1c, 0xd8,
    0x21, 0x1d, 0xc2, 0x61, 0x1e, 0x66, 0x30, 0x89, 0x3b, 0xbc, 0x83, 0x3b, 0xd0, 0x43, 0x39, 0xb4,
    0x03, 0x3c, 0xbc, 0x83, 0x3c, 0x84, 0x03, 0x3b, 0xcc, 0xf0, 0x14, 0x76, 0x60, 0x07, 0x7b, 0x68,
    0x07, 0x37, 0x68, 0x87, 0x72, 0x68, 0x07, 0x37, 0x80, 0x87, 0x70, 0x90, 0x87, 0x70, 0x60, 0x07,
    0x76, 0x28, 0x07, 0x76, 0xf8, 0x05, 0x76, 0x78, 0x87, 0x77, 0x80, 0x87, 0x5f, 0x08, 0x87, 0x71,
    0x18, 0x87, 0x72, 0x98, 0x87, 0x79, 0x98, 0x81, 0x2c, 0xee, 0xf0, 0x0e, 0xee, 0xe0, 0x0e, 0xf5,
    0xc0, 0x0e, 0xec, 0x30, 0x03, 0x62, 0xc8, 0xa1, 0x1c, 0xe4, 0xa1, 0x1c, 0xcc, 0xa1, 0x1c, 0xe4,
    0xa1, 0x1c, 0xdc, 0x61, 0x1c, 0xca, 0x21, 0x1c, 0xc4, 0x81, 0x1d, 0xca, 0x61, 0x06, 0xd6, 0x90,
    0x43, 0x39, 0xc8, 0x43, 0x39, 0x98, 0x43, 0x39, 0xc8, 0x43, 0x39, 0xb8, 0xc3, 0x38, 0x94, 0x43,
    0x38, 0x88, 0x03, 0x3b, 0x94, 0xc3, 0x2f, 0xbc, 0x83, 0x3c, 0xfc, 0x82, 0x3b, 0xd4, 0x03, 0x3b,
    0xb0, 0xc3, 0x0c, 0xc4, 0x21, 0x07, 0x7c, 0x70, 0x03, 0x7a, 0x28, 0x87, 0x76, 0x80, 0x87, 0x19,
    0xd1, 0x43, 0x0e, 0xf8, 0xe0, 0x06, 0xe4, 0x20, 0x0e, 0xe7, 0xe0, 0x06, 0xf6, 0x10, 0x0e, 0xf2,
    0xc0, 0x0e, 0xe1, 0x90, 0x0f, 0xef, 0x50, 0x0f, 0xf4, 0x30, 0x83, 0x81, 0xc8, 0x01, 0x1f, 0xdc,
    0x40, 0x1c, 0xe4, 0xa1, 0x1c, 0xc2, 0x61, 0x1d, 0xdc, 0x40, 0x1c, 0xe4, 0x01, 0x00, 0x00, 0x00,
    0x71, 0x20, 0x00, 0x00, 0x16, 0x00, 0x00, 0x00, 0x56, 0x20, 0x0d, 0x97, 0xef, 0x3c, 0xbe, 0x10,
    0x11, 0xc0, 0x44, 0x84, 0x40, 0x33, 0x2c, 0x84, 0x0d, 0x34, 0xc3, 0xe5, 0x3b, 0x8f, 0x3f, 0x20,
    0x92, 0x00, 0x44, 0x83, 0x05, 0x4c, 0xc3, 0xe5, 0x3b, 0x8f, 0xbf, 0x38, 0xc0, 0x20, 0x36, 0x0f,
    0x35, 0xf9, 0xc5, 0x6d, 0x1b, 0x01, 0x34, 0x5c, 0xbe, 0xf3, 0xf8, 0x12, 0xc0, 0x3c, 0x0b, 0xe1,
    0x17, 0xb7, 0x6d, 0x02, 0xd5, 0x70, 0xf9, 0xce, 0xe3, 0x4b, 0x93, 0x13, 0x11, 0x28, 0x35, 0x3d,
    0xd4, 0xe4, 0x17, 0xb7, 0x6d, 0x00, 0xc7, 0x23, 0xfd, 0x10, 0x05, 0x0c, 0x00, 0x00, 0x00, 0x00,
    0x00, 0x00, 0x00, 0x00, 0x48, 0x41, 0x53, 0x48, 0x14, 0x00, 0x00, 0x00, 0x00, 0x00, 0x00, 0x00,
    0x9e, 0xf7, 0xe9, 0xf2, 0xba, 0x6d, 0xf9, 0x97, 0x4c, 0xcd, 0xc1, 0xf4, 0x1a, 0x22, 0x5d, 0x72,
    0x44, 0x58, 0x49, 0x4c, 0xfc, 0x06, 0x00, 0x00, 0x60, 0x00, 0x00, 0x00, 0xbf, 0x01, 0x00, 0x00,
    0x44, 0x58, 0x49, 0x4c, 0x00, 0x01, 0x00, 0x00, 0x10, 0x00, 0x00, 0x00, 0xe4, 0x06, 0x00, 0x00,
    0x42, 0x43, 0xc0, 0xde, 0x21, 0x0c, 0x00, 0x00, 0xb6, 0x01, 0x00, 0x00, 0x0b, 0x82, 0x20, 0x00,
    0x02, 0x00, 0x00, 0x00, 0x13, 0x00, 0x00, 0x00, 0x07, 0x81, 0x23, 0x91, 0x41, 0xc8, 0x04, 0x49,
    0x06, 0x10, 0x32, 0x39, 0x92, 0x01, 0x84, 0x0c, 0x25, 0x05, 0x08, 0x19, 0x1e, 0x04, 0x8b, 0x62,
    0x80, 0x14, 0x45, 0x02, 0x42, 0x92, 0x0b, 0x42, 0xa4, 0x10, 0x32, 0x14, 0x38, 0x08, 0x18, 0x4b,
    0x0a, 0x32, 0x52, 0x88, 0x48, 0x90, 0x14, 0x20, 0x43, 0x46, 0x88, 0xa5, 0x00, 0x19, 0x32, 0x42,
    0xe4, 0x48, 0x0e, 0x90, 0x91, 0x22, 0xc4, 0x50, 0x41, 0x51, 0x81, 0x8c, 0xe1, 0x83, 0xe5, 0x8a,
    0x04, 0x29, 0x46, 0x06, 0x51, 0x18, 0x00, 0x00, 0x08, 0x00, 0x00, 0x00, 0x1b, 0x8c, 0xe0, 0xff,
    0xff, 0xff, 0xff, 0x07, 0x40, 0x02, 0xa8, 0x0d, 0x84, 0xf0, 0xff, 0xff, 0xff, 0xff, 0x03, 0x20,
    0x6d, 0x30, 0x86, 0xff, 0xff, 0xff, 0xff, 0x1f, 0x00, 0x09, 0xa8, 0x00, 0x49, 0x18, 0x00, 0x00,
    0x03, 0x00, 0x00, 0x00, 0x13, 0x82, 0x60, 0x42, 0x20, 0x4c, 0x08, 0x06, 0x00, 0x00, 0x00, 0x00,
    0x89, 0x20, 0x00, 0x00, 0x45, 0x00, 0x00, 0x00, 0x32, 0x22, 0x48, 0x09, 0x20, 0x64, 0x85, 0x04,
    0x93, 0x22, 0xa4, 0x84, 0x04, 0x93, 0x22, 0xe3, 0x84, 0xa1, 0x90, 0x14, 0x12, 0x4c, 0x8a, 0x8c,
    0x0b, 0x84, 0xa4, 0x4c, 0x10, 0x74, 0x23, 0x00, 0x25, 0x00, 0x14, 0x66, 0x00, 0xe6, 0x08, 0xc0,
    0x60, 0x8e, 0x00, 0x29, 0xc6, 0x20, 0x84, 0x14, 0x42, 0xa6, 0x18, 0x80, 0x10, 0x52, 0x06, 0xa1,
    0x39, 0x82, 0xa0, 0x0c, 0x80, 0x28, 0x5a, 0x37, 0x0d, 0x97, 0x3f, 0x61, 0x0f, 0x21, 0xf9, 0x2b,
    0x21, 0xad, 0xc4, 0xe4, 0x17, 0xb7, 0x8d, 0x8a, 0x31, 0xc6, 0x20, 0x54, 0xee, 0x19, 0x2e, 0x7f,
    0xc2, 0x1e, 0x42, 0xf2, 0x43, 0xa0, 0x19, 0x16, 0x02, 0x05, 0xae, 0x30, 0x8d, 0xbc, 0x37, 0xc6,
    0x18, 0x84, 0x90, 0x41, 0xb0, 0x18, 0x8f, 0x14, 0x42, 0x14, 0xc9, 0x81, 0x80, 0x61, 0x04, 0x62,
    0x98, 0xa9, 0x0d, 0xc6, 0x81, 0x1d, 0xc2, 0x61, 0x1e, 0xe6, 0xc1, 0x0d, 0x68, 0xa1, 0x1c, 0xf0,
    0x81, 0x1e, 0xea, 0x41, 0x1e, 0xca, 0x41, 0x0e, 0x48, 0x81, 0x0f, 0xec, 0xa1, 0x1c, 0xc6, 0x81,
    0x1e, 0xde, 0x41, 0x1e, 0xf8, 0xc0, 0x1c, 0xd8, 0xe1, 0x1d, 0xc2, 0x81, 0x1e, 0xd8, 0x00, 0x0c,
    0xe8, 0xc0, 0x0f, 0xc0, 0xc0, 0x0f, 0xf4, 0x40, 0x0f, 0xda, 0x21, 0x1d, 0xe0, 0x61, 0x1e, 0x7e,
    0x81, 0x1e, 0xf2, 0x01, 0x1e, 0xca, 0x01, 0x05, 0x64, 0x26, 0x31, 0x18, 0x07, 0x76, 0x08, 0x87,
    0x79, 0x98, 0x07, 0x37, 0xa0, 0x85, 0x72, 0xc0, 0x07, 0x7a, 0xa8, 0x07, 0x79, 0x28, 0x07, 0x39,
    0x20, 0x05, 0x3e, 0xb0, 0x87, 0x72, 0x18, 0x07, 0x7a, 0x78, 0x07, 0x79, 0xe0, 0x03, 0x73, 0x60,
    0x87, 0x77, 0x08, 0x07, 0x7a, 0x60, 0x03, 0x30, 0xa0, 0x03, 0x3f, 0x00, 0x03, 0x3f, 0x40, 0x42,
    0xb5, 0x74, 0x6f, 0x92, 0xa6, 0x88, 0x12, 0x26, 0x9f, 0x05, 0x98, 0x67, 0x21, 0x22, 0x76, 0x02,
    0x26, 0x02, 0x05, 0x84, 0x72, 0x22, 0x90, 0x29, 0x00, 0x00, 0x00, 0x00, 0x13, 0x14, 0x72, 0xc0,
    0x87, 0x74, 0x60, 0x87, 0x36, 0x68, 0x87, 0x79, 0x68, 0x03, 0x72, 0xc0, 0x87, 0x0d, 0xaf, 0x50,
    0x0e, 0x6d, 0xd0, 0x0e, 0x7a, 0x50, 0x0e, 0x6d, 0x00, 0x0f, 0x7a, 0x30, 0x07, 0x72, 0xa0, 0x07,
    0x73, 0x20, 0x07, 0x6d, 0x90, 0x0e, 0x71, 0xa0, 0x07, 0x73, 0x20, 0x07, 0x6d, 0x90, 0x0e, 0x78,
    0xa0, 0x07, 0x73, 0x20, 0x07, 0x6d, 0x90, 0x0e, 0x71, 0x60, 0x07, 0x7a, 0x30, 0x07, 0x72, 0xd0,
    0x06, 0xe9, 0x30, 0x07, 0x72, 0xa0, 0x07, 0x73, 0x20, 0x07, 0x6d, 0x90, 0x0e, 0x76, 0x40, 0x07,
    0x7a, 0x60, 0x07, 0x74, 0xd0, 0x06, 0xe6, 0x10, 0x07, 0x76, 0xa0, 0x07, 0x73, 0x20, 0x07, 0x6d,
    0x60, 0x0e, 0x73, 0x20, 0x07, 0x7a, 0x30, 0x07, 0x72, 0xd0, 0x06, 0xe6, 0x60, 0x07, 0x74, 0xa0,
    0x07, 0x76, 0x40, 0x07, 0x6d, 0xe0, 0x0e, 0x78, 0xa0, 0x07, 0x71, 0x60, 0x07, 0x7a, 0x30, 0x07,
    0x72, 0xa0, 0x07, 0x76, 0x40, 0x07, 0x43, 0x9e, 0x00, 0x00, 0x00, 0x00, 0x00, 0x00, 0x00, 0x00,
    0x00, 0x00, 0x00, 0x86, 0x3c, 0x06, 0x10, 0x00, 0x01, 0x00, 0x00, 0x00, 0x00, 0x00, 0x00, 0x00,
    0x0c, 0x79, 0x10, 0x20, 0x00, 0x04, 0x00, 0x00, 0x00, 0x00, 0x00, 0x00, 0x00, 0x18, 0xf2, 0x2c,
    0x40, 0x00, 0x08, 0x00, 0x00, 0x00, 0x00, 0x00, 0x00, 0x00, 0x30, 0xe4, 0x81, 0x80, 0x00, 0x18,
    0x00, 0x00, 0x00, 0x00, 0x00, 0x00, 0x00, 0x60, 0xc8, 0x23, 0x01, 0x01, 0x30, 0x00, 0x00, 0x00,
    0x00, 0x00, 0x00, 0x00, 0x40, 0x16, 0x08, 0x00, 0x0e, 0x00, 0x00, 0x00, 0x32, 0x1e, 0x98, 0x14,
    0x19, 0x11, 0x4c, 0x90, 0x8c, 0x09, 0x26, 0x47, 0xc6, 0x04, 0x43, 0x22, 0x25, 0x30, 0x02, 0x50,
    0x12, 0xc5, 0x50, 0x04, 0x65, 0x50, 0x1e, 0x54, 0x4a, 0xa2, 0x0c, 0x0a, 0x61, 0x04, 0xa0, 0x08,
    0x0a, 0x84, 0xf0, 0x0c, 0x00, 0xe9, 0x19, 0x00, 0xda, 0x63, 0x21, 0x06, 0x01, 0x00, 0x00, 0x70,
    0x1c, 0x00, 0x00, 0x00, 0x79, 0x18, 0x00, 0x00, 0x5b, 0x00, 0x00, 0x00, 0x1a, 0x03, 0x4c, 0x90,
    0x46, 0x02, 0x13, 0xc4, 0x8e, 0x0c, 0x6f, 0xec, 0xed, 0x4d, 0x0c, 0x24, 0xc6, 0x25, 0xc7, 0x45,
    0xc6, 0x06, 0x26, 0xc7, 0xa5, 0x06, 0x04, 0x05, 0x26, 0x46, 0xcc, 0x46, 0x26, 0x8c, 0x8c, 0xe6,
    0x26, 0x65, 0x43, 0x10, 0x4c, 0x10, 0x08, 0x63, 0x82, 0x40, 0x1c, 0x1b, 0x84, 0x81, 0x98, 0x20,
    0x10, 0xc8, 0x06, 0x61, 0x30, 0x28, 0xc0, 0xcd, 0x4d, 0x10, 0x88, 0x64, 0xc3, 0x80, 0x24, 0xc4,
    0x04, 0x01, 0x9b, 0x08, 0x4c, 0x10, 0x08, 0x65, 0x83, 0x40, 0x18, 0x1b, 0x12, 0x62, 0x61, 0x1a,
    0x62, 0x68, 0x08, 0x67, 0x43, 0xf0, 0x4c, 0x10, 0x34, 0x6a, 0x03, 0x42, 0x44, 0x4c, 0x43, 0x0c,
    0x04, 0xb0, 0x21, 0x90, 0x36, 0x10, 0x10, 0x00, 0x4c, 0x13, 0x84, 0xad, 0xda, 0x10, 0x54, 0x13,
    0x04, 0x01, 0xe0, 0x01, 0x37, 0xf7, 0x15, 0x57, 0x17, 0x46, 0xc6, 0x65, 0xca, 0xea, 0x0b, 0xea,
    0x6d, 0x2e, 0x8d, 0x2e, 0xed, 0xcd, 0x6d, 0x82, 0x50, 0x34, 0x13, 0x84, 0xc2, 0xd9, 0x10, 0x10,
    0x13, 0x84, 0xe2, 0x99, 0x20, 0x14, 0xd0, 0x86, 0x85, 0xc8, 0xb4, 0x8d, 0xeb, 0x86, 0x8e, 0xf0,
    0x00, 0x22, 0x54, 0x45, 0x58, 0x43, 0x4f, 0x4f, 0x52, 0x44, 0x13, 0x84, 0x22, 0x9a, 0x20, 0x10,
    0xcb, 0x06, 0x41, 0x0c, 0xc4, 0x60, 0xc3, 0x32, 0x80, 0x81, 0xe6, 0x71, 0x61, 0x30, 0x84, 0xc1,
    0xe0, 0x8d, 0xc1, 0x06, 0xe1, 0x23, 0x03, 0x26, 0x53, 0x56, 0x5f, 0x54, 0x61, 0x72, 0x67, 0x65,
    0x74, 0x13, 0x84, 0x42, 0x9a, 0x20, 0x10, 0xcc, 0x06, 0x41, 0x0c, 0xd0, 0x60, 0xc3, 0x42, 0x98,
    0x81, 0x76, 0x06, 0x9c, 0x37, 0x74, 0x84, 0x97, 0x06, 0x1b, 0x02, 0x35, 0xd8, 0x30, 0x94, 0xc1,
    0x1a, 0x00, 0x1b, 0x8a, 0x0b, 0x63, 0x03, 0x0a, 0xa8, 0xc2, 0xc6, 0x66, 0xd7, 0xe6, 0x92, 0x46,
    0x56, 0xe6, 0x46, 0x37, 0x25, 0x08, 0xaa, 0x90, 0xe1, 0xb9, 0xd8, 0x95, 0xc9, 0xcd, 0xa5, 0xbd,
    0xb9, 0x4d, 0x09, 0x88, 0x26, 0x64, 0x78, 0x2e, 0x76, 0x61, 0x6c, 0x76, 0x65, 0x72, 0x53, 0x02,
    0xa3, 0x0e, 0x19, 0x9e, 0xcb, 0x1c, 0x5a, 0x18, 0x59, 0x99, 0x5c, 0xd3, 0x1b, 0x59, 0x19, 0xdb,
    0x94, 0x20, 0x29, 0x43, 0x86, 0xe7, 0x22, 0x57, 0x36, 0xf7, 0x56, 0x27, 0x37, 0x56, 0x36, 0x37,
    0x25, 0x98, 0xea, 0x90, 0xe1, 0xb9, 0xd8, 0xa5, 0x95, 0xdd, 0x25, 0x91, 0x4d, 0xd1, 0x85, 0xd1,
    0x95, 0x4d, 0x09, 0xaa, 0x3a, 0x64, 0x78, 0x2e, 0x65, 0x6e, 0x74, 0x72, 0x79, 0x50, 0x6f, 0x69,
    0x6e, 0x74, 0x73, 0x53, 0x02, 0x36, 0x00, 0x00, 0x79, 0x18, 0x00, 0x00, 0x51, 0x00, 0x00, 0x00,
    0x33, 0x08, 0x80, 0x1c, 0xc4, 0xe1, 0x1c, 0x66, 0x14, 0x01, 0x3d, 0x88, 0x43, 0x38, 0x84, 0xc3,
    0x8c, 0x42, 0x80, 0x07, 0x79, 0x78, 0x07, 0x73, 0x98, 0x71, 0x0c, 0xe6, 0x00, 0x0f, 0xed, 0x10,
    0x0e, 0xf4, 0x80, 0x0e, 0x33, 0x0c, 0x42, 0x1e, 0xc2, 0xc1, 0x1d, 0xce, 0xa1, 0x1c, 0x66, 0x30,
    0x05, 0x3d, 0x88, 0x43, 0x38, 0x84, 0x83, 0x1b, 0xcc, 0x03, 0x3d, 0xc8, 0x43, 0x3d, 0x8c, 0x03,
    0x3d, 0xcc, 0x78, 0x8c, 0x74, 0x70, 0x07, 0x7b, 0x08, 0x07, 0x79, 0x48, 0x87, 0x70, 0x70, 0x07,
    0x7a, 0x70, 0x03, 0x76, 0x78, 0x87, 0x70, 0x20, 0x87, 0x19, 0xcc, 0x11, 0x0e, 0xec, 0x90, 0x0e,
    0xe1, 0x30, 0x0f, 0x6e, 0x30, 0x0f, 0xe3, 0xf0, 0x0e, 0xf0, 0x50, 0x0e, 0x33, 0x10, 0xc4, 0x1d,
    0xde, 0x21, 0x1c, 0xd8, 0x21, 0x1d, 0xc2, 0x61, 0x1e, 0x66, 0x30, 0x89, 0x3b, 0xbc, 0x83, 0x3b,
    0xd0, 0x43, 0x39, 0xb4, 0x03, 0x3c, 0xbc, 0x83, 0x3c, 0x84, 0x03, 0x3b, 0xcc, 0xf0, 0x14, 0x76,
    0x60, 0x07, 0x7b, 0x68, 0x07, 0x37, 0x68, 0x87, 0x72, 0x68, 0x07, 0x37, 0x80, 0x87, 0x70, 0x90,
    0x87, 0x70, 0x60, 0x07, 0x76, 0x28, 0x07, 0x76, 0xf8, 0x05, 0x76, 0x78, 0x87, 0x77, 0x80, 0x87,
    0x5f, 0x08, 0x87, 0x71, 0x18, 0x87, 0x72, 0x98, 0x87, 0x79, 0x98, 0x81, 0x2c, 0xee, 0xf0, 0x0e,
    0xee, 0xe0, 0x0e, 0xf5, 0xc0, 0x0e, 0xec, 0x30, 0x03, 0x62, 0xc8, 0xa1, 0x1c, 0xe4, 0xa1, 0x1c,
    0xcc, 0xa1, 0x1c, 0xe4, 0xa1, 0x1c, 0xdc, 0x61, 0x1c, 0xca, 0x21, 0x1c, 0xc4, 0x81, 0x1d, 0xca,
    0x61, 0x06, 0xd6, 0x90, 0x43, 0x39, 0xc8, 0x43, 0x39, 0x98, 0x43, 0x39, 0xc8, 0x43, 0x39, 0xb8,
    0xc3, 0x38, 0x94, 0x43, 0x38, 0x88, 0x03, 0x3b, 0x94, 0xc3, 0x2f, 0xbc, 0x83, 0x3c, 0xfc, 0x82,
    0x3b, 0xd4, 0x03, 0x3b, 0xb0, 0xc3, 0x0c, 0xc4, 0x21, 0x07, 0x7c, 0x70, 0x03, 0x7a, 0x28, 0x87,
    0x76, 0x80, 0x87, 0x19, 0xd1, 0x43, 0x0e, 0xf8, 0xe0, 0x06, 0xe4, 0x20, 0x0e, 0xe7, 0xe0, 0x06,
    0xf6, 0x10, 0x0e, 0xf2, 0xc0, 0x0e, 0xe1, 0x90, 0x0f, 0xef, 0x50, 0x0f, 0xf4, 0x30, 0x83, 0x81,
    0xc8, 0x01, 0x1f, 0xdc, 0x40, 0x1c, 0xe4, 0xa1, 0x1c, 0xc2, 0x61, 0x1d, 0xdc, 0x40, 0x1c, 0xe4,
    0x01, 0x00, 0x00, 0x00, 0x71, 0x20, 0x00, 0x00, 0x16, 0x00, 0x00, 0x00, 0x56, 0x20, 0x0d, 0x97,
    0xef, 0x3c, 0xbe, 0x10, 0x11, 0xc0, 0x44, 0x84, 0x40, 0x33, 0x2c, 0x84, 0x0d, 0x34, 0xc3, 0xe5,
    0x3b, 0x8f, 0x3f, 0x20, 0x92, 0x00, 0x44, 0x83, 0x05, 0x4c, 0xc3, 0xe5, 0x3b, 0x8f, 0xbf, 0x38,
    0xc0, 0x20, 0x36, 0x0f, 0x35, 0xf9, 0xc5, 0x6d, 0x1b, 0x01, 0x34, 0x5c, 0xbe, 0xf3, 0xf8, 0x12,
    0xc0, 0x3c, 0x0b, 0xe1, 0x17, 0xb7, 0x6d, 0x02, 0xd5, 0x70, 0xf9, 0xce, 0xe3, 0x4b, 0x93, 0x13,
    0x11, 0x28, 0x35, 0x3d, 0xd4, 0xe4, 0x17, 0xb7, 0x6d, 0x00, 0xc7, 0x23, 0xfd, 0x10, 0x05, 0x0c,
    0x00, 0x00, 0x00, 0x00, 0x61, 0x20, 0x00, 0x00, 0x39, 0x00, 0x00, 0x00, 0x13, 0x04, 0x43, 0x2c,
    0x10, 0x00, 0x00, 0x00, 0x08, 0x00, 0x00, 0x00, 0xa4, 0x6a, 0x60, 0x04, 0x80, 0x4a, 0x09, 0x10,
    0x29, 0x85, 0x19, 0x80, 0x92, 0x2b, 0x84, 0xc2, 0x2b, 0xd2, 0x00, 0x1a, 0x63, 0x04, 0x20, 0x08,
    0x82, 0xf8, 0x37, 0x03, 0x30, 0x02, 0x00, 0x00, 0x23, 0x06, 0x09, 0x00, 0x82, 0x60, 0x20, 0x75,
    0x87, 0xb4, 0x6d, 0xcb, 0x88, 0x41, 0x02, 0x80, 0x20, 0x18, 0x48, 0x1e, 0x52, 0x71, 0x1c, 0x33,
    0x62, 0x90, 0x00, 0x20, 0x08, 0x06, 0xc6, 0x18, 0x20, 0x5e, 0x47, 0x29, 0x23, 0x06, 0x09, 0x00,
    0x82, 0x60, 0x60, 0x90, 0x41, 0xf2, 0x79, 0xcd, 0x32, 0x62, 0xf0, 0x00, 0x20, 0x08, 0x06, 0x90,
    0x18, 0x24, 0xc4, 0x20, 0x04, 0x86, 0xf1, 0x7d, 0x8c, 0x31, 0x9a, 0x10, 0x00, 0xa3, 0x09, 0x42,
    0x30, 0x9a, 0x30, 0x08, 0xa3, 0x09, 0xc4, 0x30, 0x1c, 0x41, 0x28, 0xc1, 0x37, 0x1c, 0x41, 0x2c,
    0xc1, 0x37, 0x1c, 0x41, 0x30, 0xc1, 0x37, 0x1c, 0x41, 0x34, 0xc1, 0x57, 0xc4, 0xa0, 0x35, 0x04,
    0x5a, 0x43, 0xa0, 0xb3, 0x0c, 0x81, 0x10, 0x8c, 0x18, 0x18, 0x00, 0x08, 0x82, 0xc1, 0xf2, 0x06,
    0x14, 0x37, 0x4b, 0x20, 0x8c, 0x18, 0x24, 0x00, 0x08, 0x82, 0x01, 0x02, 0x07, 0xd9, 0x1a, 0xac,
    0x81, 0x18, 0x2c, 0x23, 0x06, 0x09, 0x00, 0x82, 0x60, 0x80, 0xc0, 0x41, 0xb6, 0x06, 0x6b, 0xa0,
    0x29, 0x23, 0x06, 0x09, 0x00, 0x82, 0x60, 0x80, 0xc0, 0x41, 0xb6, 0x06, 0x6b, 0x10, 0x06, 0xc9,
    0x88, 0x41, 0x02, 0x80, 0x20, 0x18, 0x20, 0x70, 0x90, 0xad, 0xc1, 0x1a, 0x90, 0xc1, 0x84, 0x00,
    0x00, 0x00, 0x00, 0x00
};

static const char k_ps_quad_msl[] =
    "#include <metal_stdlib>\n"
    "#include <simd/simd.h>\n"
    "\n"
    "using namespace metal;\n"
    "\n"
    "struct main0_out\n"
    "{\n"
    "    float4 out_var_SV_Target [[color(0)]];\n"
    "};\n"
    "\n"
    "struct main0_in\n"
    "{\n"
    "    float2 in_var_TEXCOORD0 [[user(locn0)]];\n"
    "};\n"
    "\n"
    "fragment main0_out main0(main0_in in [[stage_in]], texture2d<float> layer_tex [[texture(0)]], sampler layer_texSmplr [[sampler(0)]])\n"
    "{\n"
    "    main0_out out = {};\n"
    "    float4 _23 = layer_tex.sample(layer_texSmplr, in.in_var_TEXCOORD0);\n"
    "    if (all(_23 == float4(0.0)))\n"
    "    {\n"
    "        discard_fragment();\n"
    "    }\n"
    "    out.out_var_SV_Target = float4(_23.xyz, 1.0);\n"
    "    return out;\n"
    "}\n"
    "\n"
    "";

static const unsigned char k_ps_tiles_back_spv[] = {
    0x03, 0x02, 0x23, 0x07, 0x00, 0x00, 0x01, 0x00, 0x00, 0x00, 0x0e, 0x00, 0x15, 0x08, 0x00, 0x00,
    0x00, 0x00, 0x00, 0x00, 0x11, 0x00, 0x02, 0x00, 0x01, 0x00, 0x00, 0x00, 0x0b, 0x00, 0x06, 0x00,
    0x01, 0x00, 0x00, 0x00, 0x47, 0x4c, 0x53, 0x4c, 0x2e, 0x73, 0x74, 0x64, 0x2e, 0x34, 0x35, 0x30,
    0x00, 0x00, 0x00, 0x00, 0x0e, 0x00, 0x03, 0x00, 0x00, 0x00, 0x00, 0x00, 0x01, 0x00, 0x00, 0x00,
    0x0f, 0x00, 0x07, 0x00, 0x04, 0x00, 0x00, 0x00, 0x02, 0x00, 0x00, 0x00, 0x6d, 0x61, 0x69, 0x6e,
    0x00, 0x00, 0x00, 0x00, 0x03, 0x00, 0x00, 0x00, 0x04, 0x00, 0x00, 0x00, 0x10, 0x00, 0x03, 0x00,
    0x02, 0x00, 0x00, 0x00, 0x07, 0x00, 0x00, 0x00, 0x03, 0x00, 0x03, 0x00, 0x05, 0x00, 0x00, 0x00,
    0x58, 0x02, 0x00, 0x00, 0x05, 0x00, 0x09, 0x00, 0x05, 0x00, 0x00, 0x00, 0x74, 0x79, 0x70, 0x65,
    0x2e, 0x53, 0x74, 0x72, 0x75, 0x63, 0x74, 0x75, 0x72, 0x65, 0x64, 0x42, 0x75, 0x66, 0x66, 0x65,
    0x72, 0x2e, 0x75, 0x69, 0x6e, 0x74, 0x00, 0x00, 0x05, 0x00, 0x04, 0x00, 0x06, 0x00, 0x00, 0x00,
    0x74, 0x69, 0x6c, 0x65, 0x70, 0x69, 0x78, 0x00, 0x05, 0x00, 0x05, 0x00, 0x07, 0x00, 0x00, 0x00,
    0x74, 0x69, 0x6c, 0x65, 0x64, 0x61, 0x74, 0x61, 0x00, 0x00, 0x00, 0x00, 0x05, 0x00, 0x07, 0x00,
    0x04, 0x00, 0x00, 0x00, 0x6f, 0x75, 0x74, 0x2e, 0x76, 0x61, 0x72, 0x2e, 0x53, 0x56, 0x5f, 0x54,
    0x61, 0x72, 0x67, 0x65, 0x74, 0x00, 0x00, 0x00, 0x05, 0x00, 0x06, 0x00, 0x02, 0x00, 0x00, 0x00,
    0x70, 0x73, 0x5f, 0x74, 0x69, 0x6c, 0x65, 0x73, 0x5f, 0x62, 0x61, 0x63, 0x6b, 0x00, 0x00, 0x00,
    0x47, 0x00, 0x04, 0x00, 0x03, 0x00, 0x00, 0x00, 0x0b, 0x00, 0x00, 0x00, 0x0f, 0x00, 0x00, 0x00,
    0x47, 0x00, 0x04, 0x00, 0x04, 0x00, 0x00, 0x00, 0x1e, 0x00, 0x00, 0x00, 0x00, 0x00, 0x00, 0x00,
    0x47, 0x00, 0x04, 0x00, 0x06, 0x00, 0x00, 0x00, 0x22, 0x00, 0x00, 0x00, 0x02, 0x00, 0x00, 0x00,
    0x47, 0x00, 0x04, 0x00, 0x06, 0x00, 0x00, 0x00, 0x21, 0x00, 0x00, 0x00, 0x00, 0x00, 0x00, 0x00,
    0x47, 0x00, 0x04, 0x00, 0x07, 0x00, 0x00, 0x00, 0x22, 0x00, 0x00, 0x00, 0x02, 0x00, 0x00, 0x00,
    0x47, 0x00, 0x04, 0x00, 0x07, 0x00, 0x00, 0x00, 0x21, 0x00, 0x00, 0x00, 0x01, 0x00, 0x00, 0x00,
    0x47, 0x00, 0x04, 0x00, 0x08, 0x00, 0x00, 0x00, 0x06, 0x00, 0x00, 0x00, 0x04, 0x00, 0x00, 0x00,
    0x48, 0x00, 0x05, 0x00, 0x05, 0x00, 0x00, 0x00, 0x00, 0x00, 0x00, 0x00, 0x23, 0x00, 0x00, 0x00,
    0x00, 0x00, 0x00, 0x00, 0x48, 0x00, 0x04, 0x00, 0x05, 0x00, 0x00, 0x00, 0x00, 0x00, 0x00, 0x00,
    0x18, 0x00, 0x00, 0x00, 0x47, 0x00, 0x03, 0x00, 0x05, 0x00, 0x00, 0x00, 0x03, 0x00, 0x00, 0x00,
    0x15, 0x00, 0x04, 0x00, 0x09, 0x00, 0x00, 0x00, 0x20, 0x00, 0x00, 0x00, 0x00, 0x00, 0x00, 0x00,
    0x2b, 0x00, 0x04, 0x00, 0x09, 0x00, 0x00, 0x00, 0x0a, 0x00, 0x00, 0x00, 0x10, 0x00, 0x00, 0x00,
    0x2b, 0x00, 0x04, 0x00, 0x09, 0x00, 0x00, 0x00, 0x0b, 0x00, 0x00, 0x00, 0x10, 0x10, 0x00, 0x00,
    0x15, 0x00, 0x04, 0x00, 0x0c, 0x00, 0x00, 0x00, 0x20, 0x00, 0x00, 0x00, 0x01, 0x00, 0x00, 0x00,
    0x2b, 0x00, 0x04, 0x00, 0x0c, 0x00, 0x00, 0x00, 0x0d, 0x00, 0x00, 0x00, 0xf0, 0x01, 0x00, 0x00,
    0x2b, 0x00, 0x04, 0x00, 0x09, 0x00, 0x00, 0x00, 0x0e, 0x00, 0x00, 0x00, 0x00, 0x00, 0x00, 0x00,
    0x2b, 0x00, 0x04, 0x00, 0x09, 0x00, 0x00, 0x00, 0x0f, 0x00, 0x00, 0x00, 0x02, 0x00, 0x00, 0x00,
    0x2b, 0x00, 0x04, 0x00, 0x09, 0x00, 0x00, 0x00, 0x10, 0x00, 0x00, 0x00, 0x08, 0x00, 0x00, 0x00,
    0x2b, 0x00, 0x04, 0x00, 0x0c, 0x00, 0x00, 0x00, 0x11, 0x00, 0x00, 0x00, 0x00, 0x00, 0x00, 0x00,
    0x2b, 0x00, 0x04, 0x00, 0x09, 0x00, 0x00, 0x00, 0x12, 0x00, 0x00, 0x00, 0x01, 0x00, 0x00, 0x00,
    0x2b, 0x00, 0x04, 0x00, 0x0c, 0x00, 0x00, 0x00, 0x13, 0x00, 0x00, 0x00, 0x02, 0x00, 0x00, 0x00,
    0x2b, 0x00, 0x04, 0x00, 0x0c, 0x00, 0x00, 0x00, 0x14, 0x00, 0x00, 0x00, 0x01, 0x00, 0x00, 0x00,
    0x14, 0x00, 0x02, 0x00, 0x15, 0x00, 0x00, 0x00, 0x2a, 0x00, 0x03, 0x00, 0x15, 0x00, 0x00, 0x00,
    0x16, 0x00, 0x00, 0x00, 0x16, 0x00, 0x03, 0x00, 0x17, 0x00, 0x00, 0x00, 0x20, 0x00, 0x00, 0x00,
    0x2b, 0x00, 0x04, 0x00, 0x17, 0x00, 0x00, 0x00, 0x18, 0x00, 0x00, 0x00, 0x00, 0x00, 0x00, 0x3f,
    0x2b, 0x00, 0x04, 0x00, 0x17, 0x00, 0x00, 0x00, 0x19, 0x00, 0x00, 0x00, 0x00, 0x00, 0xf8, 0x43,
    0x2b, 0x00, 0x04, 0x00, 0x17, 0x00, 0x00, 0x00, 0x1a, 0x00, 0x00, 0x00, 0x00, 0x00, 0x00, 0x00,
    0x2b, 0x00, 0x04, 0x00, 0x17, 0x00, 0x00, 0x00, 0x1b, 0x00, 0x00, 0x00, 0x00, 0x80, 0xf7, 0x43,
    0x2b, 0x00, 0x04, 0x00, 0x09, 0x00, 0x00, 0x00, 0x1c, 0x00, 0x00, 0x00, 0x18, 0x00, 0x00, 0x00,
    0x2b, 0x00, 0x04, 0x00, 0x09, 0x00, 0x00, 0x00, 0x1d, 0x00, 0x00, 0x00, 0x1f, 0x00, 0x00, 0x00,
    0x2b, 0x00, 0x04, 0x00, 0x09, 0x00, 0x00, 0x00, 0x1e, 0x00, 0x00, 0x00, 0xff, 0x00, 0x00, 0x00,
    0x2b, 0x00, 0x04, 0x00, 0x17, 0x00, 0x00, 0x00, 0x1f, 0x00, 0x00, 0x00, 0x00, 0x00, 0x80, 0x3f,
    0x29, 0x00, 0x03, 0x00, 0x15, 0x00, 0x00, 0x00, 0x20, 0x00, 0x00, 0x00, 0x2b, 0x00, 0x04, 0x00,
    0x09, 0x00, 0x00, 0x00, 0x21, 0x00, 0x00, 0x00, 0x04, 0x00, 0x00, 0x00, 0x2b, 0x00, 0x04, 0x00,
    0x17, 0x00, 0x00, 0x00, 0x22, 0x00, 0x00, 0x00, 0x00, 0x00, 0x7f, 0x43, 0x17, 0x00, 0x04, 0x00,
    0x23, 0x00, 0x00, 0x00, 0x17, 0x00, 0x00, 0x00, 0x04, 0x00, 0x00, 0x00, 0x2b, 0x00, 0x04, 0x00,
    0x09, 0x00, 0x00, 0x00, 0x24, 0x00, 0x00, 0x00, 0x00, 0x80, 0x00, 0x00, 0x2b, 0x00, 0x04, 0x00,
    0x09, 0x00, 0x00, 0x00, 0x25, 0x00, 0x00, 0x00, 0x00, 0x60, 0x00, 0x00, 0x2b, 0x00, 0x04, 0x00,
    0x09, 0x00, 0x00, 0x00, 0x26, 0x00, 0x00, 0x00, 0x0d, 0x00, 0x00, 0x00, 0x2b, 0x00, 0x04, 0x00,
    0x09, 0x00, 0x00, 0x00, 0x27, 0x00, 0x00, 0x00, 0xff, 0x01, 0x00, 0x00, 0x2b, 0x00, 0x04, 0x00,
    0x09, 0x00, 0x00, 0x00, 0x28, 0x00, 0x00, 0x00, 0x00, 0x02, 0x00, 0x00, 0x2b, 0x00, 0x04, 0x00,
    0x09, 0x00, 0x00, 0x00, 0x29, 0x00, 0x00, 0x00, 0x00, 0x40, 0x00, 0x00, 0x2b, 0x00, 0x04, 0x00,
    0x09, 0x00, 0x00, 0x00, 0x2a, 0x00, 0x00, 0x00, 0x0f, 0x00, 0x00, 0x00, 0x2b, 0x00, 0x04, 0x00,
    0x09, 0x00, 0x00, 0x00, 0x2b, 0x00, 0x00, 0x00, 0xff, 0x0f, 0x00, 0x00, 0x2b, 0x00, 0x04, 0x00,
    0x09, 0x00, 0x00, 0x00, 0x2c, 0x00, 0x00, 0x00, 0x00, 0x68, 0x00, 0x00, 0x2b, 0x00, 0x04, 0x00,
    0x0c, 0x00, 0x00, 0x00, 0x2d, 0x00, 0x00, 0x00, 0x07, 0x00, 0x00, 0x00, 0x2b, 0x00, 0x04, 0x00,
    0x0c, 0x00, 0x00, 0x00, 0x2e, 0x00, 0x00, 0x00, 0x03, 0x00, 0x00, 0x00, 0x2b, 0x00, 0x04, 0x00,
    0x0c, 0x00, 0x00, 0x00, 0x2f, 0x00, 0x00, 0x00, 0x0f, 0x00, 0x00, 0x00, 0x2b, 0x00, 0x04, 0x00,
    0x09, 0x00, 0x00, 0x00, 0x30, 0x00, 0x00, 0x00, 0xff, 0xff, 0x00, 0x00, 0x2b, 0x00, 0x04, 0x00,
    0x09, 0x00, 0x00, 0x00, 0x31, 0x00, 0x00, 0x00, 0x00, 0x00, 0x04, 0x00, 0x2b, 0x00, 0x04, 0x00,
    0x0c, 0x00, 0x00, 0x00, 0x32, 0x00, 0x00, 0x00, 0xff, 0x01, 0x00, 0x00, 0x1d, 0x00, 0x03, 0x00,
    0x08, 0x00, 0x00, 0x00, 0x09, 0x00, 0x00, 0x00, 0x1e, 0x00, 0x03, 0x00, 0x05, 0x00, 0x00, 0x00,
    0x08, 0x00, 0x00, 0x00, 0x20, 0x00, 0x04, 0x00, 0x33, 0x00, 0x00, 0x00, 0x02, 0x00, 0x00, 0x00,
    0x05, 0x00, 0x00, 0x00, 0x20, 0x00, 0x04, 0x00, 0x34, 0x00, 0x00, 0x00, 0x01, 0x00, 0x00, 0x00,
    0x23, 0x00, 0x00, 0x00, 0x20, 0x00, 0x04, 0x00, 0x35, 0x00, 0x00, 0x00, 0x03, 0x00, 0x00, 0x00,
    0x23, 0x00, 0x00, 0x00, 0x13, 0x00, 0x02, 0x00, 0x36, 0x00, 0x00, 0x00, 0x21, 0x00, 0x03, 0x00,
    0x37, 0x00, 0x00, 0x00, 0x36, 0x00, 0x00, 0x00, 0x20, 0x00, 0x04, 0x00, 0x38, 0x00, 0x00, 0x00,
    0x02, 0x00, 0x00, 0x00, 0x09, 0x00, 0x00, 0x00, 0x3b, 0x00, 0x04, 0x00, 0x33, 0x00, 0x00, 0x00,
    0x06, 0x00, 0x00, 0x00, 0x02, 0x00, 0x00, 0x00, 0x3b, 0x00, 0x04, 0x00, 0x33, 0x00, 0x00, 0x00,
    0x07, 0x00, 0x00, 0x00, 0x02, 0x00, 0x00, 0x00, 0x3b, 0x00, 0x04, 0x00, 0x34, 0x00, 0x00, 0x00,
    0x03, 0x00, 0x00, 0x00, 0x01, 0x00, 0x00, 0x00, 0x3b, 0x00, 0x04, 0x00, 0x35, 0x00, 0x00, 0x00,
    0x04, 0x00, 0x00, 0x00, 0x03, 0x00, 0x00, 0x00, 0x2b, 0x00, 0x04, 0x00, 0x0c, 0x00, 0x00, 0x00,
    0x39, 0x00, 0x00, 0x00, 0xef, 0x01, 0x00, 0x00, 0x2b, 0x00, 0x04, 0x00, 0x09, 0x00, 0x00, 0x00,
    0x3a, 0x00, 0x00, 0x00, 0x10, 0x18, 0x00, 0x00, 0x2b, 0x00, 0x04, 0x00, 0x09, 0x00, 0x00, 0x00,
    0x3b, 0x00, 0x00, 0x00, 0x12, 0x18, 0x00, 0x00, 0x2b, 0x00, 0x04, 0x00, 0x09, 0x00, 0x00, 0x00,
    0x3c, 0x00, 0x00, 0x00, 0x11, 0x18, 0x00, 0x00, 0x2b, 0x00, 0x04, 0x00, 0x09, 0x00, 0x00, 0x00,
    0x3d, 0x00, 0x00, 0x00, 0x13, 0x18, 0x00, 0x00, 0x2b, 0x00, 0x04, 0x00, 0x09, 0x00, 0x00, 0x00,
    0x3e, 0x00, 0x00, 0x00, 0x03, 0x00, 0x00, 0x00, 0x2b, 0x00, 0x04, 0x00, 0x09, 0x00, 0x00, 0x00,
    0x3f, 0x00, 0x00, 0x00, 0x00, 0x04, 0x00, 0x00, 0x2b, 0x00, 0x04, 0x00, 0x09, 0x00, 0x00, 0x00,
    0x40, 0x00, 0x00, 0x00, 0x00, 0x00, 0x08, 0x00, 0x2b, 0x00, 0x04, 0x00, 0x09, 0x00, 0x00, 0x00,
    0x41, 0x00, 0x00, 0x00, 0x00, 0x06, 0x00, 0x00, 0x2b, 0x00, 0x04, 0x00, 0x09, 0x00, 0x00, 0x00,
    0x42, 0x00, 0x00, 0x00, 0x00, 0x00, 0x0c, 0x00, 0x2b, 0x00, 0x04, 0x00, 0x17, 0x00, 0x00, 0x00,
    0x43, 0x00, 0x00, 0x00, 0x81, 0x80, 0x80, 0x3b, 0x2c, 0x00, 0x07, 0x00, 0x23, 0x00, 0x00, 0x00,
    0x44, 0x00, 0x00, 0x00, 0x43, 0x00, 0x00, 0x00, 0x43, 0x00, 0x00, 0x00, 0x43, 0x00, 0x00, 0x00,
    0x43, 0x00, 0x00, 0x00, 0x20, 0x00, 0x04, 0x00, 0x45, 0x00, 0x00, 0x00, 0x01, 0x00, 0x00, 0x00,
    0x17, 0x00, 0x00, 0x00, 0x36, 0x00, 0x05, 0x00, 0x36, 0x00, 0x00, 0x00, 0x02, 0x00, 0x00, 0x00,
    0x00, 0x00, 0x00, 0x00, 0x37, 0x00, 0x00, 0x00, 0xf8, 0x00, 0x02, 0x00, 0x46, 0x00, 0x00, 0x00,
    0xf7, 0x00, 0x03, 0x00, 0x47, 0x00, 0x00, 0x00, 0x00, 0x00, 0x00, 0x00, 0xfb, 0x00, 0x03, 0x00,
    0x0e, 0x00, 0x00, 0x00, 0x48, 0x00, 0x00, 0x00, 0xf8, 0x00, 0x02, 0x00, 0x48, 0x00, 0x00, 0x00,
    0x41, 0x00, 0x06, 0x00, 0x38, 0x00, 0x00, 0x00, 0x49, 0x00, 0x00, 0x00, 0x07, 0x00, 0x00, 0x00,
    0x11, 0x00, 0x00, 0x00, 0x0e, 0x00, 0x00, 0x00, 0x3d, 0x00, 0x04, 0x00, 0x09, 0x00, 0x00, 0x00,
    0x4a, 0x00, 0x00, 0x00, 0x49, 0x00, 0x00, 0x00, 0x7c, 0x00, 0x04, 0x00, 0x0c, 0x00, 0x00, 0x00,
    0x4b, 0x00, 0x00, 0x00, 0x4a, 0x00, 0x00, 0x00, 0x41, 0x00, 0x06, 0x00, 0x38, 0x00, 0x00, 0x00,
    0x4c, 0x00, 0x00, 0x00, 0x07, 0x00, 0x00, 0x00, 0x11, 0x00, 0x00, 0x00, 0x12, 0x00, 0x00, 0x00,
    0x3d, 0x00, 0x04, 0x00, 0x09, 0x00, 0x00, 0x00, 0x4d, 0x00, 0x00, 0x00, 0x4c, 0x00, 0x00, 0x00,
    0x84, 0x00, 0x05, 0x00, 0x0c, 0x00, 0x00, 0x00, 0x4e, 0x00, 0x00, 0x00, 0x13, 0x00, 0x00, 0x00,
    0x4b, 0x00, 0x00, 0x00, 0x80, 0x00, 0x05, 0x00, 0x0c, 0x00, 0x00, 0x00, 0x4f, 0x00, 0x00, 0x00,
    0x0d, 0x00, 0x00, 0x00, 0x4e, 0x00, 0x00, 0x00, 0x41, 0x00, 0x05, 0x00, 0x45, 0x00, 0x00, 0x00,
    0x50, 0x00, 0x00, 0x00, 0x03, 0x00, 0x00, 0x00, 0x11, 0x00, 0x00, 0x00, 0x3d, 0x00, 0x04, 0x00,
    0x17, 0x00, 0x00, 0x00, 0x51, 0x00, 0x00, 0x00, 0x50, 0x00, 0x00, 0x00, 0x6e, 0x00, 0x04, 0x00,
    0x0c, 0x00, 0x00, 0x00, 0x52, 0x00, 0x00, 0x00, 0x51, 0x00, 0x00, 0x00, 0x82, 0x00, 0x05, 0x00,
    0x0c, 0x00, 0x00, 0x00, 0x53, 0x00, 0x00, 0x00, 0x52, 0x00, 0x00, 0x00, 0x4b, 0x00, 0x00, 0x00,
    0x41, 0x00, 0x05, 0x00, 0x45, 0x00, 0x00, 0x00, 0x54, 0x00, 0x00, 0x00, 0x03, 0x00, 0x00, 0x00,
    0x14, 0x00, 0x00, 0x00, 0x3d, 0x00, 0x04, 0x00, 0x17, 0x00, 0x00, 0x00, 0x55, 0x00, 0x00, 0x00,
    0x54, 0x00, 0x00, 0x00, 0x6e, 0x00, 0x04, 0x00, 0x0c, 0x00, 0x00, 0x00, 0x56, 0x00, 0x00, 0x00,
    0x55, 0x00, 0x00, 0x00, 0xad, 0x00, 0x05, 0x00, 0x15, 0x00, 0x00, 0x00, 0x57, 0x00, 0x00, 0x00,
    0x4b, 0x00, 0x00, 0x00, 0x11, 0x00, 0x00, 0x00, 0xf7, 0x00, 0x03, 0x00, 0x58, 0x00, 0x00, 0x00,
    0x00, 0x00, 0x00, 0x00, 0xfa, 0x00, 0x04, 0x00, 0x57, 0x00, 0x00, 0x00, 0x59, 0x00, 0x00, 0x00,
    0x58, 0x00, 0x00, 0x00, 0xf8, 0x00, 0x02, 0x00, 0x59, 0x00, 0x00, 0x00, 0xaa, 0x00, 0x05, 0x00,
    0x15, 0x00, 0x00, 0x00, 0x5a, 0x00, 0x00, 0x00, 0x4d, 0x00, 0x00, 0x00, 0x0f, 0x00, 0x00, 0x00,
    0xf9, 0x00, 0x02, 0x00, 0x58, 0x00, 0x00, 0x00, 0xf8, 0x00, 0x02, 0x00, 0x58, 0x00, 0x00, 0x00,
    0xf5, 0x00, 0x07, 0x00, 0x15, 0x00, 0x00, 0x00, 0x5b, 0x00, 0x00, 0x00, 0x16, 0x00, 0x00, 0x00,
    0x48, 0x00, 0x00, 0x00, 0x5a, 0x00, 0x00, 0x00, 0x59, 0x00, 0x00, 0x00, 0xf7, 0x00, 0x03, 0x00,
    0x5c, 0x00, 0x00, 0x00, 0x00, 0x00, 0x00, 0x00, 0xfa, 0x00, 0x04, 0x00, 0x5b, 0x00, 0x00, 0x00,
    0x5d, 0x00, 0x00, 0x00, 0x5c, 0x00, 0x00, 0x00, 0xf8, 0x00, 0x02, 0x00, 0x5d, 0x00, 0x00, 0x00,
    0x6f, 0x00, 0x04, 0x00, 0x17, 0x00, 0x00, 0x00, 0x5e, 0x00, 0x00, 0x00, 0x52, 0x00, 0x00, 0x00,
    0x81, 0x00, 0x05, 0x00, 0x17, 0x00, 0x00, 0x00, 0x5f, 0x00, 0x00, 0x00, 0x5e, 0x00, 0x00, 0x00,
    0x18, 0x00, 0x00, 0x00, 0x85, 0x00, 0x05, 0x00, 0x17, 0x00, 0x00, 0x00, 0x60, 0x00, 0x00, 0x00,
    0x5f, 0x00, 0x00, 0x00, 0x19, 0x00, 0x00, 0x00, 0x6f, 0x00, 0x04, 0x00, 0x17, 0x00, 0x00, 0x00,
    0x61, 0x00, 0x00, 0x00, 0x4f, 0x00, 0x00, 0x00, 0x88, 0x00, 0x05, 0x00, 0x17, 0x00, 0x00, 0x00,
    0x62, 0x00, 0x00, 0x00, 0x60, 0x00, 0x00, 0x00, 0x61, 0x00, 0x00, 0x00, 0x83, 0x00, 0x05, 0x00,
    0x17, 0x00, 0x00, 0x00, 0x63, 0x00, 0x00, 0x00, 0x62, 0x00, 0x00, 0x00, 0x18, 0x00, 0x00, 0x00,
    0x0c, 0x00, 0x08, 0x00, 0x17, 0x00, 0x00, 0x00, 0x64, 0x00, 0x00, 0x00, 0x01, 0x00, 0x00, 0x00,
    0x2b, 0x00, 0x00, 0x00, 0x63, 0x00, 0x00, 0x00, 0x1a, 0x00, 0x00, 0x00, 0x1b, 0x00, 0x00, 0x00,
    0x6e, 0x00, 0x04, 0x00, 0x0c, 0x00, 0x00, 0x00, 0x65, 0x00, 0x00, 0x00, 0x64, 0x00, 0x00, 0x00,
    0x80, 0x00, 0x05, 0x00, 0x0c, 0x00, 0x00, 0x00, 0x66, 0x00, 0x00, 0x00, 0x65, 0x00, 0x00, 0x00,
    0x14, 0x00, 0x00, 0x00, 0x0c, 0x00, 0x07, 0x00, 0x0c, 0x00, 0x00, 0x00, 0x67, 0x00, 0x00, 0x00,
    0x01, 0x00, 0x00, 0x00, 0x27, 0x00, 0x00, 0x00, 0x66, 0x00, 0x00, 0x00, 0x39, 0x00, 0x00, 0x00,
    0x6f, 0x00, 0x04, 0x00, 0x17, 0x00, 0x00, 0x00, 0x68, 0x00, 0x00, 0x00, 0x65, 0x00, 0x00, 0x00,
    0x83, 0x00, 0x05, 0x00, 0x17, 0x00, 0x00, 0x00, 0x69, 0x00, 0x00, 0x00, 0x64, 0x00, 0x00, 0x00,
    0x68, 0x00, 0x00, 0x00, 0xf7, 0x00, 0x03, 0x00, 0x6a, 0x00, 0x00, 0x00, 0x00, 0x00, 0x00, 0x00,
    0xfb, 0x00, 0x03, 0x00, 0x0e, 0x00, 0x00, 0x00, 0x6b, 0x00, 0x00, 0x00, 0xf8, 0x00, 0x02, 0x00,
    0x6b, 0x00, 0x00, 0x00, 0xf7, 0x00, 0x03, 0x00, 0x6c, 0x00, 0x00, 0x00, 0x00, 0x00, 0x00, 0x00,
    0xfb, 0x00, 0x03, 0x00, 0x0e, 0x00, 0x00, 0x00, 0x6d, 0x00, 0x00, 0x00, 0xf8, 0x00, 0x02, 0x00,
    0x6d, 0x00, 0x00, 0x00, 0x41, 0x00, 0x06, 0x00, 0x38, 0x00, 0x00, 0x00, 0x6e, 0x00, 0x00, 0x00,
    0x07, 0x00, 0x00, 0x00, 0x11, 0x00, 0x00, 0x00, 0x3a, 0x00, 0x00, 0x00, 0x3d, 0x00, 0x04, 0x00,
    0x09, 0x00, 0x00, 0x00, 0x6f, 0x00, 0x00, 0x00, 0x6e, 0x00, 0x00, 0x00, 0xc7, 0x00, 0x05, 0x00,
    0x09, 0x00, 0x00, 0x00, 0x70, 0x00, 0x00, 0x00, 0x6f, 0x00, 0x00, 0x00, 0x30, 0x00, 0x00, 0x00,
    0x41, 0x00, 0x06, 0x00, 0x38, 0x00, 0x00, 0x00, 0x71, 0x00, 0x00, 0x00, 0x07, 0x00, 0x00, 0x00,
    0x11, 0x00, 0x00, 0x00, 0x3b, 0x00, 0x00, 0x00, 0x3d, 0x00, 0x04, 0x00, 0x09, 0x00, 0x00, 0x00,
    0x72, 0x00, 0x00, 0x00, 0x71, 0x00, 0x00, 0x00, 0xc7, 0x00, 0x05, 0x00, 0x09, 0x00, 0x00, 0x00,
    0x73, 0x00, 0x00, 0x00, 0x72, 0x00, 0x00, 0x00, 0x30, 0x00, 0x00, 0x00, 0x3d, 0x00, 0x04, 0x00,
    0x09, 0x00, 0x00, 0x00, 0x74, 0x00, 0x00, 0x00, 0x71, 0x00, 0x00, 0x00, 0xc7, 0x00, 0x05, 0x00,
    0x09, 0x00, 0x00, 0x00, 0x75, 0x00, 0x00, 0x00, 0x72, 0x00, 0x00, 0x00, 0x24, 0x00, 0x00, 0x00,
    0xab, 0x00, 0x05, 0x00, 0x15, 0x00, 0x00, 0x00, 0x76, 0x00, 0x00, 0x00, 0x75, 0x00, 0x00, 0x00,
    0x0e, 0x00, 0x00, 0x00, 0xf7, 0x00, 0x03, 0x00, 0x77, 0x00, 0x00, 0x00, 0x00, 0x00, 0x00, 0x00,
    0xfa, 0x00, 0x04, 0x00, 0x76, 0x00, 0x00, 0x00, 0x78, 0x00, 0x00, 0x00, 0x77, 0x00, 0x00, 0x00,
    0xf8, 0x00, 0x02, 0x00, 0x78, 0x00, 0x00, 0x00, 0xf9, 0x00, 0x02, 0x00, 0x6c, 0x00, 0x00, 0x00,
    0xf8, 0x00, 0x02, 0x00, 0x77, 0x00, 0x00, 0x00, 0xc7, 0x00, 0x05, 0x00, 0x09, 0x00, 0x00, 0x00,
    0x79, 0x00, 0x00, 0x00, 0x74, 0x00, 0x00, 0x00, 0x25, 0x00, 0x00, 0x00, 0xab, 0x00, 0x05, 0x00,
    0x15, 0x00, 0x00, 0x00, 0x7a, 0x00, 0x00, 0x00, 0x79, 0x00, 0x00, 0x00, 0x0e, 0x00, 0x00, 0x00,
    0xf7, 0x00, 0x03, 0x00, 0x7b, 0x00, 0x00, 0x00, 0x00, 0x00, 0x00, 0x00, 0xfa, 0x00, 0x04, 0x00,
    0x7a, 0x00, 0x00, 0x00, 0x7c, 0x00, 0x00, 0x00, 0x7b, 0x00, 0x00, 0x00, 0xf8, 0x00, 0x02, 0x00,
    0x7c, 0x00, 0x00, 0x00, 0xc2, 0x00, 0x05, 0x00, 0x09, 0x00, 0x00, 0x00, 0x7d, 0x00, 0x00, 0x00,
    0x79, 0x00, 0x00, 0x00, 0x26, 0x00, 0x00, 0x00, 0xc7, 0x00, 0x05, 0x00, 0x09, 0x00, 0x00, 0x00,
    0x7e, 0x00, 0x00, 0x00, 0x72, 0x00, 0x00, 0x00, 0x27, 0x00, 0x00, 0x00, 0x7c, 0x00, 0x04, 0x00,
    0x0c, 0x00, 0x00, 0x00, 0x7f, 0x00, 0x00, 0x00, 0x7e, 0x00, 0x00, 0x00, 0x82, 0x00, 0x05, 0x00,
    0x09, 0x00, 0x00, 0x00, 0x80, 0x00, 0x00, 0x00, 0x0e, 0x00, 0x00, 0x00, 0x73, 0x00, 0x00, 0x00,
    0xc7, 0x00, 0x05, 0x00, 0x09, 0x00, 0x00, 0x00, 0x81, 0x00, 0x00, 0x00, 0x80, 0x00, 0x00, 0x00,
    0x27, 0x00, 0x00, 0x00, 0x7c, 0x00, 0x04, 0x00, 0x0c, 0x00, 0x00, 0x00, 0x82, 0x00, 0x00, 0x00,
    0x81, 0x00, 0x00, 0x00, 0xc7, 0x00, 0x05, 0x00, 0x09, 0x00, 0x00, 0x00, 0x83, 0x00, 0x00, 0x00,
    0x80, 0x00, 0x00, 0x00, 0x28, 0x00, 0x00, 0x00, 0xab, 0x00, 0x05, 0x00, 0x15, 0x00, 0x00, 0x00,
    0x84, 0x00, 0x00, 0x00, 0x83, 0x00, 0x00, 0x00, 0x0e, 0x00, 0x00, 0x00, 0xa9, 0x00, 0x06, 0x00,
    0x09, 0x00, 0x00, 0x00, 0x85, 0x00, 0x00, 0x00, 0x84, 0x00, 0x00, 0x00, 0x0e, 0x00, 0x00, 0x00,
    0x12, 0x00, 0x00, 0x00, 0xc7, 0x00, 0x05, 0x00, 0x09, 0x00, 0x00, 0x00, 0x86, 0x00, 0x00, 0x00,
    0x6f, 0x00, 0x00, 0x00, 0x24, 0x00, 0x00, 0x00, 0xab, 0x00, 0x05, 0x00, 0x15, 0x00, 0x00, 0x00,
    0x87, 0x00, 0x00, 0x00, 0x86, 0x00, 0x00, 0x00, 0x0e, 0x00, 0x00, 0x00, 0xf7, 0x00, 0x03, 0x00,
    0x88, 0x00, 0x00, 0x00, 0x00, 0x00, 0x00, 0x00, 0xfa, 0x00, 0x04, 0x00, 0x87, 0x00, 0x00, 0x00,
    0x89, 0x00, 0x00, 0x00, 0x8a, 0x00, 0x00, 0x00, 0xf8, 0x00, 0x02, 0x00, 0x8a, 0x00, 0x00, 0x00,
    0xc7, 0x00, 0x05, 0x00, 0x09, 0x00, 0x00, 0x00, 0x8b, 0x00, 0x00, 0x00, 0x6f, 0x00, 0x00, 0x00,
    0x27, 0x00, 0x00, 0x00, 0x7c, 0x00, 0x04, 0x00, 0x0c, 0x00, 0x00, 0x00, 0x8c, 0x00, 0x00, 0x00,
    0x8b, 0x00, 0x00, 0x00, 0x7e, 0x00, 0x04, 0x00, 0x0c, 0x00, 0x00, 0x00, 0x8d, 0x00, 0x00, 0x00,
    0x8c, 0x00, 0x00, 0x00, 0xaa, 0x00, 0x05, 0x00, 0x15, 0x00, 0x00, 0x00, 0x8e, 0x00, 0x00, 0x00,
    0x7d, 0x00, 0x00, 0x00, 0x12, 0x00, 0x00, 0x00, 0xf7, 0x00, 0x03, 0x00, 0x8f, 0x00, 0x00, 0x00,
    0x00, 0x00, 0x00, 0x00, 0xfa, 0x00, 0x04, 0x00, 0x8e, 0x00, 0x00, 0x00, 0x90, 0x00, 0x00, 0x00,
    0x91, 0x00, 0x00, 0x00, 0xf8, 0x00, 0x02, 0x00, 0x91, 0x00, 0x00, 0x00, 0xc7, 0x00, 0x05, 0x00,
    0x09, 0x00, 0x00, 0x00, 0x92, 0x00, 0x00, 0x00, 0x6f, 0x00, 0x00, 0x00, 0x28, 0x00, 0x00, 0x00,
    0xab, 0x00, 0x05, 0x00, 0x15, 0x00, 0x00, 0x00, 0x93, 0x00, 0x00, 0x00, 0x92, 0x00, 0x00, 0x00,
    0x0e, 0x00, 0x00, 0x00, 0xa9, 0x00, 0x06, 0x00, 0x09, 0x00, 0x00, 0x00, 0x94, 0x00, 0x00, 0x00,
    0x93, 0x00, 0x00, 0x00, 0x0e, 0x00, 0x00, 0x00, 0x12, 0x00, 0x00, 0x00, 0xb1, 0x00, 0x05, 0x00,
    0x15, 0x00, 0x00, 0x00, 0x95, 0x00, 0x00, 0x00, 0x65, 0x00, 0x00, 0x00, 0x8c, 0x00, 0x00, 0x00,
    0xf7, 0x00, 0x03, 0x00, 0x96, 0x00, 0x00, 0x00, 0x00, 0x00, 0x00, 0x00, 0xfa, 0x00, 0x04, 0x00,
    0x95, 0x00, 0x00, 0x00, 0x97, 0x00, 0x00, 0x00, 0x98, 0x00, 0x00, 0x00, 0xf8, 0x00, 0x02, 0x00,
    0x98, 0x00, 0x00, 0x00, 0x53, 0x00, 0x04, 0x00, 0x09, 0x00, 0x00, 0x00, 0x99, 0x00, 0x00, 0x00,
    0x12, 0x00, 0x00, 0x00, 0x53, 0x00, 0x04, 0x00, 0x09, 0x00, 0x00, 0x00, 0x9a, 0x00, 0x00, 0x00,
    0x0e, 0x00, 0x00, 0x00, 0xa9, 0x00, 0x06, 0x00, 0x09, 0x00, 0x00, 0x00, 0x9b, 0x00, 0x00, 0x00,
    0x93, 0x00, 0x00, 0x00, 0x12, 0x00, 0x00, 0x00, 0x0e, 0x00, 0x00, 0x00, 0xf9, 0x00, 0x02, 0x00,
    0x96, 0x00, 0x00, 0x00, 0xf8, 0x00, 0x02, 0x00, 0x97, 0x00, 0x00, 0x00, 0xf9, 0x00, 0x02, 0x00,
    0x96, 0x00, 0x00, 0x00, 0xf8, 0x00, 0x02, 0x00, 0x96, 0x00, 0x00, 0x00, 0xf5, 0x00, 0x07, 0x00,
    0x09, 0x00, 0x00, 0x00, 0x9c, 0x00, 0x00, 0x00, 0x94, 0x00, 0x00, 0x00, 0x97, 0x00, 0x00, 0x00,
    0x9b, 0x00, 0x00, 0x00, 0x98, 0x00, 0x00, 0x00, 0xf9, 0x00, 0x02, 0x00, 0x8f, 0x00, 0x00, 0x00,
    0xf8, 0x00, 0x02, 0x00, 0x90, 0x00, 0x00, 0x00, 0xb1, 0x00, 0x05, 0x00, 0x15, 0x00, 0x00, 0x00,
    0x9d, 0x00, 0x00, 0x00, 0x56, 0x00, 0x00, 0x00, 0x82, 0x00, 0x00, 0x00, 0xf7, 0x00, 0x03, 0x00,
    0x9e, 0x00, 0x00, 0x00, 0x00, 0x00, 0x00, 0x00, 0xfa, 0x00, 0x04, 0x00, 0x9d, 0x00, 0x00, 0x00,
    0x9f, 0x00, 0x00, 0x00, 0xa0, 0x00, 0x00, 0x00, 0xf8, 0x00, 0x02, 0x00, 0xa0, 0x00, 0x00, 0x00,
    0x53, 0x00, 0x04, 0x00, 0x09, 0x00, 0x00, 0x00, 0xa1, 0x00, 0x00, 0x00, 0x12, 0x00, 0x00, 0x00,
    0x53, 0x00, 0x04, 0x00, 0x09, 0x00, 0x00, 0x00, 0xa2, 0x00, 0x00, 0x00, 0x0e, 0x00, 0x00, 0x00,
    0xa9, 0x00, 0x06, 0x00, 0x09, 0x00, 0x00, 0x00, 0xa3, 0x00, 0x00, 0x00, 0x84, 0x00, 0x00, 0x00,
    0x12, 0x00, 0x00, 0x00, 0x0e, 0x00, 0x00, 0x00, 0xf9, 0x00, 0x02, 0x00, 0x9e, 0x00, 0x00, 0x00,
    0xf8, 0x00, 0x02, 0x00, 0x9f, 0x00, 0x00, 0x00, 0xf9, 0x00, 0x02, 0x00, 0x9e, 0x00, 0x00, 0x00,
    0xf8, 0x00, 0x02, 0x00, 0x9e, 0x00, 0x00, 0x00, 0xf5, 0x00, 0x07, 0x00, 0x09, 0x00, 0x00, 0x00,
    0xa4, 0x00, 0x00, 0x00, 0x85, 0x00, 0x00, 0x00, 0x9f, 0x00, 0x00, 0x00, 0xa3, 0x00, 0x00, 0x00,
    0xa0, 0x00, 0x00, 0x00, 0xf9, 0x00, 0x02, 0x00, 0x8f, 0x00, 0x00, 0x00, 0xf8, 0x00, 0x02, 0x00,
    0x8f, 0x00, 0x00, 0x00, 0xf5, 0x00, 0x07, 0x00, 0x09, 0x00, 0x00, 0x00, 0xa5, 0x00, 0x00, 0x00,
    0xa4, 0x00, 0x00, 0x00, 0x9e, 0x00, 0x00, 0x00, 0x9c, 0x00, 0x00, 0x00, 0x96, 0x00, 0x00, 0x00,
    0xf9, 0x00, 0x02, 0x00, 0x88, 0x00, 0x00, 0x00, 0xf8, 0x00, 0x02, 0x00, 0x89, 0x00, 0x00, 0x00,
    0x7c, 0x00, 0x04, 0x00, 0x09, 0x00, 0x00, 0x00, 0xa6, 0x00, 0x00, 0x00, 0x56, 0x00, 0x00, 0x00,
    0xc2, 0x00, 0x05, 0x00, 0x09, 0x00, 0x00, 0x00, 0xa7, 0x00, 0x00, 0x00, 0xa6, 0x00, 0x00, 0x00,
    0x12, 0x00, 0x00, 0x00, 0x80, 0x00, 0x05, 0x00, 0x09, 0x00, 0x00, 0x00, 0xa8, 0x00, 0x00, 0x00,
    0x0b, 0x00, 0x00, 0x00, 0xa7, 0x00, 0x00, 0x00, 0x41, 0x00, 0x06, 0x00, 0x38, 0x00, 0x00, 0x00,
    0xa9, 0x00, 0x00, 0x00, 0x07, 0x00, 0x00, 0x00, 0x11, 0x00, 0x00, 0x00, 0xa8, 0x00, 0x00, 0x00,
    0x3d, 0x00, 0x04, 0x00, 0x09, 0x00, 0x00, 0x00, 0xaa, 0x00, 0x00, 0x00, 0xa9, 0x00, 0x00, 0x00,
    0xc7, 0x00, 0x05, 0x00, 0x09, 0x00, 0x00, 0x00, 0xab, 0x00, 0x00, 0x00, 0xa6, 0x00, 0x00, 0x00,
    0x12, 0x00, 0x00, 0x00, 0xab, 0x00, 0x05, 0x00, 0x15, 0x00, 0x00, 0x00, 0xac, 0x00, 0x00, 0x00,
    0xab, 0x00, 0x00, 0x00, 0x0e, 0x00, 0x00, 0x00, 0xf7, 0x00, 0x03, 0x00, 0xad, 0x00, 0x00, 0x00,
    0x00, 0x00, 0x00, 0x00, 0xfa, 0x00, 0x04, 0x00, 0xac, 0x00, 0x00, 0x00, 0xae, 0x00, 0x00, 0x00,
    0xaf, 0x00, 0x00, 0x00, 0xf8, 0x00, 0x02, 0x00, 0xaf, 0x00, 0x00, 0x00, 0xc7, 0x00, 0x05, 0x00,
    0x09, 0x00, 0x00, 0x00, 0xb0, 0x00, 0x00, 0x00, 0xaa, 0x00, 0x00, 0x00, 0x30, 0x00, 0x00, 0x00,
    0xf9, 0x00, 0x02, 0x00, 0xad, 0x00, 0x00, 0x00, 0xf8, 0x00, 0x02, 0x00, 0xae, 0x00, 0x00, 0x00,
    0xc2, 0x00, 0x05, 0x00, 0x09, 0x00, 0x00, 0x00, 0xb1, 0x00, 0x00, 0x00, 0xaa, 0x00, 0x00, 0x00,
    0x0a, 0x00, 0x00, 0x00, 0xf9, 0x00, 0x02, 0x00, 0xad, 0x00, 0x00, 0x00, 0xf8, 0x00, 0x02, 0x00,
    0xad, 0x00, 0x00, 0x00, 0xf5, 0x00, 0x07, 0x00, 0x09, 0x00, 0x00, 0x00, 0xb2, 0x00, 0x00, 0x00,
    0xb1, 0x00, 0x00, 0x00, 0xae, 0x00, 0x00, 0x00, 0xb0, 0x00, 0x00, 0x00, 0xaf, 0x00, 0x00, 0x00,
    0xc7, 0x00, 0x05, 0x00, 0x09, 0x00, 0x00, 0x00, 0xb3, 0x00, 0x00, 0x00, 0xb2, 0x00, 0x00, 0x00,
    0x27, 0x00, 0x00, 0x00, 0x7c, 0x00, 0x04, 0x00, 0x0c, 0x00, 0x00, 0x00, 0xb4, 0x00, 0x00, 0x00,
    0xb3, 0x00, 0x00, 0x00, 0x7e, 0x00, 0x04, 0x00, 0x0c, 0x00, 0x00, 0x00, 0xb5, 0x00, 0x00, 0x00,
    0xb4, 0x00, 0x00, 0x00, 0xaa, 0x00, 0x05, 0x00, 0x15, 0x00, 0x00, 0x00, 0xb6, 0x00, 0x00, 0x00,
    0x7d, 0x00, 0x00, 0x00, 0x12, 0x00, 0x00, 0x00, 0xf7, 0x00, 0x03, 0x00, 0xb7, 0x00, 0x00, 0x00,
    0x00, 0x00, 0x00, 0x00, 0xfa, 0x00, 0x04, 0x00, 0xb6, 0x00, 0x00, 0x00, 0xb8, 0x00, 0x00, 0x00,
    0xb9, 0x00, 0x00, 0x00, 0xf8, 0x00, 0x02, 0x00, 0xb9, 0x00, 0x00, 0x00, 0xc7, 0x00, 0x05, 0x00,
    0x09, 0x00, 0x00, 0x00, 0xba, 0x00, 0x00, 0x00, 0xb2, 0x00, 0x00, 0x00, 0x28, 0x00, 0x00, 0x00,
    0xab, 0x00, 0x05, 0x00, 0x15, 0x00, 0x00, 0x00, 0xbb, 0x00, 0x00, 0x00, 0xba, 0x00, 0x00, 0x00,
    0x0e, 0x00, 0x00, 0x00, 0xa9, 0x00, 0x06, 0x00, 0x09, 0x00, 0x00, 0x00, 0xbc, 0x00, 0x00, 0x00,
    0xbb, 0x00, 0x00, 0x00, 0x0e, 0x00, 0x00, 0x00, 0x12, 0x00, 0x00, 0x00, 0x82, 0x00, 0x05, 0x00,
    0x0c, 0x00, 0x00, 0x00, 0xbd, 0x00, 0x00, 0x00, 0xb4, 0x00, 0x00, 0x00, 0x14, 0x00, 0x00, 0x00,
    0xb3, 0x00, 0x05, 0x00, 0x15, 0x00, 0x00, 0x00, 0xbe, 0x00, 0x00, 0x00, 0x65, 0x00, 0x00, 0x00,
    0xbd, 0x00, 0x00, 0x00, 0xf7, 0x00, 0x03, 0x00, 0xbf, 0x00, 0x00, 0x00, 0x00, 0x00, 0x00, 0x00,
    0xfa, 0x00, 0x04, 0x00, 0xbe, 0x00, 0x00, 0x00, 0xc0, 0x00, 0x00, 0x00, 0xc1, 0x00, 0x00, 0x00,
    0xf8, 0x00, 0x02, 0x00, 0xc1, 0x00, 0x00, 0x00, 0x53, 0x00, 0x04, 0x00, 0x09, 0x00, 0x00, 0x00,
    0xc2, 0x00, 0x00, 0x00, 0x12, 0x00, 0x00, 0x00, 0x53, 0x00, 0x04, 0x00, 0x09, 0x00, 0x00, 0x00,
    0xc3, 0x00, 0x00, 0x00, 0x0e, 0x00, 0x00, 0x00, 0xa9, 0x00, 0x06, 0x00, 0x09, 0x00, 0x00, 0x00,
    0xc4, 0x00, 0x00, 0x00, 0xbb, 0x00, 0x00, 0x00, 0x12, 0x00, 0x00, 0x00, 0x0e, 0x00, 0x00, 0x00,
    0xf9, 0x00, 0x02, 0x00, 0xbf, 0x00, 0x00, 0x00, 0xf8, 0x00, 0x02, 0x00, 0xc0, 0x00, 0x00, 0x00,
    0xf9, 0x00, 0x02, 0x00, 0xbf, 0x00, 0x00, 0x00, 0xf8, 0x00, 0x02, 0x00, 0xbf, 0x00, 0x00, 0x00,
    0xf5, 0x00, 0x07, 0x00, 0x09, 0x00, 0x00, 0x00, 0xc5, 0x00, 0x00, 0x00, 0xbc, 0x00, 0x00, 0x00,
    0xc0, 0x00, 0x00, 0x00, 0xc4, 0x00, 0x00, 0x00, 0xc1, 0x00, 0x00, 0x00, 0xf9, 0x00, 0x02, 0x00,
    0xb7, 0x00, 0x00, 0x00, 0xf8, 0x00, 0x02, 0x00, 0xb8, 0x00, 0x00, 0x00, 0xaf, 0x00, 0x05, 0x00,
    0x15, 0x00, 0x00, 0x00, 0xc6, 0x00, 0x00, 0x00, 0x56, 0x00, 0x00, 0x00, 0x82, 0x00, 0x00, 0x00,
    0xf7, 0x00, 0x03, 0x00, 0xc7, 0x00, 0x00, 0x00, 0x00, 0x00, 0x00, 0x00, 0xfa, 0x00, 0x04, 0x00,
    0xc6, 0x00, 0x00, 0x00, 0xc8, 0x00, 0x00, 0x00, 0xc9, 0x00, 0x00, 0x00, 0xf8, 0x00, 0x02, 0x00,
    0xc9, 0x00, 0x00, 0x00, 0xf9, 0x00, 0x02, 0x00, 0xc7, 0x00, 0x00, 0x00, 0xf8, 0x00, 0x02, 0x00,
    0xc8, 0x00, 0x00, 0x00, 0x53, 0x00, 0x04, 0x00, 0x09, 0x00, 0x00, 0x00, 0xca, 0x00, 0x00, 0x00,
    0x12, 0x00, 0x00, 0x00, 0x53, 0x00, 0x04, 0x00, 0x09, 0x00, 0x00, 0x00, 0xcb, 0x00, 0x00, 0x00,
    0x0e, 0x00, 0x00, 0x00, 0xa9, 0x00, 0x06, 0x00, 0x09, 0x00, 0x00, 0x00, 0xcc, 0x00, 0x00, 0x00,
    0x84, 0x00, 0x00, 0x00, 0x12, 0x00, 0x00, 0x00, 0x0e, 0x00, 0x00, 0x00, 0xf9, 0x00, 0x02, 0x00,
    0xc7, 0x00, 0x00, 0x00, 0xf8, 0x00, 0x02, 0x00, 0xc7, 0x00, 0x00, 0x00, 0xf5, 0x00, 0x07, 0x00,
    0x09, 0x00, 0x00, 0x00, 0xcd, 0x00, 0x00, 0x00, 0xcc, 0x00, 0x00, 0x00, 0xc8, 0x00, 0x00, 0x00,
    0x85, 0x00, 0x00, 0x00, 0xc9, 0x00, 0x00, 0x00, 0xf9, 0x00, 0x02, 0x00, 0xb7, 0x00, 0x00, 0x00,
    0xf8, 0x00, 0x02, 0x00, 0xb7, 0x00, 0x00, 0x00, 0xf5, 0x00, 0x07, 0x00, 0x09, 0x00, 0x00, 0x00,
    0xce, 0x00, 0x00, 0x00, 0xcd, 0x00, 0x00, 0x00, 0xc7, 0x00, 0x00, 0x00, 0xc5, 0x00, 0x00, 0x00,
    0xbf, 0x00, 0x00, 0x00, 0xf9, 0x00, 0x02, 0x00, 0x88, 0x00, 0x00, 0x00, 0xf8, 0x00, 0x02, 0x00,
    0x88, 0x00, 0x00, 0x00, 0xf5, 0x00, 0x07, 0x00, 0x0c, 0x00, 0x00, 0x00, 0xcf, 0x00, 0x00, 0x00,
    0xb5, 0x00, 0x00, 0x00, 0xb7, 0x00, 0x00, 0x00, 0x8d, 0x00, 0x00, 0x00, 0x8f, 0x00, 0x00, 0x00,
    0xf5, 0x00, 0x07, 0x00, 0x09, 0x00, 0x00, 0x00, 0xd0, 0x00, 0x00, 0x00, 0xce, 0x00, 0x00, 0x00,
    0xb7, 0x00, 0x00, 0x00, 0xa5, 0x00, 0x00, 0x00, 0x8f, 0x00, 0x00, 0x00, 0x80, 0x00, 0x05, 0x00,
    0x0c, 0x00, 0x00, 0x00, 0xd1, 0x00, 0x00, 0x00, 0x65, 0x00, 0x00, 0x00, 0xcf, 0x00, 0x00, 0x00,
    0x80, 0x00, 0x05, 0x00, 0x0c, 0x00, 0x00, 0x00, 0xd2, 0x00, 0x00, 0x00, 0x56, 0x00, 0x00, 0x00,
    0x7f, 0x00, 0x00, 0x00, 0x84, 0x00, 0x05, 0x00, 0x09, 0x00, 0x00, 0x00, 0xd3, 0x00, 0x00, 0x00,
    0xd0, 0x00, 0x00, 0x00, 0x31, 0x00, 0x00, 0x00, 0xc7, 0x00, 0x05, 0x00, 0x0c, 0x00, 0x00, 0x00,
    0xd4, 0x00, 0x00, 0x00, 0xd2, 0x00, 0x00, 0x00, 0x32, 0x00, 0x00, 0x00, 0x7c, 0x00, 0x04, 0x00,
    0x09, 0x00, 0x00, 0x00, 0xd5, 0x00, 0x00, 0x00, 0xd4, 0x00, 0x00, 0x00, 0x84, 0x00, 0x05, 0x00,
    0x09, 0x00, 0x00, 0x00, 0xd6, 0x00, 0x00, 0x00, 0xd5, 0x00, 0x00, 0x00, 0x28, 0x00, 0x00, 0x00,
    0x80, 0x00, 0x05, 0x00, 0x09, 0x00, 0x00, 0x00, 0xd7, 0x00, 0x00, 0x00, 0xd3, 0x00, 0x00, 0x00,
    0xd6, 0x00, 0x00, 0x00, 0xc7, 0x00, 0x05, 0x00, 0x0c, 0x00, 0x00, 0x00, 0xd8, 0x00, 0x00, 0x00,
    0xd1, 0x00, 0x00, 0x00, 0x32, 0x00, 0x00, 0x00, 0x7c, 0x00, 0x04, 0x00, 0x09, 0x00, 0x00, 0x00,
    0xd9, 0x00, 0x00, 0x00, 0xd8, 0x00, 0x00, 0x00, 0x80, 0x00, 0x05, 0x00, 0x09, 0x00, 0x00, 0x00,
    0xda, 0x00, 0x00, 0x00, 0xd7, 0x00, 0x00, 0x00, 0xd9, 0x00, 0x00, 0x00, 0xc2, 0x00, 0x05, 0x00,
    0x09, 0x00, 0x00, 0x00, 0xdb, 0x00, 0x00, 0x00, 0xda, 0x00, 0x00, 0x00, 0x12, 0x00, 0x00, 0x00,
    0x41, 0x00, 0x06, 0x00, 0x38, 0x00, 0x00, 0x00, 0xdc, 0x00, 0x00, 0x00, 0x06, 0x00, 0x00, 0x00,
    0x11, 0x00, 0x00, 0x00, 0xdb, 0x00, 0x00, 0x00, 0x3d, 0x00, 0x04, 0x00, 0x09, 0x00, 0x00, 0x00,
    0xdd, 0x00, 0x00, 0x00, 0xdc, 0x00, 0x00, 0x00, 0xc7, 0x00, 0x05, 0x00, 0x09, 0x00, 0x00, 0x00,
    0xde, 0x00, 0x00, 0x00, 0xda, 0x00, 0x00, 0x00, 0x12, 0x00, 0x00, 0x00, 0xab, 0x00, 0x05, 0x00,
    0x15, 0x00, 0x00, 0x00, 0xdf, 0x00, 0x00, 0x00, 0xde, 0x00, 0x00, 0x00, 0x0e, 0x00, 0x00, 0x00,
    0xf7, 0x00, 0x03, 0x00, 0xe0, 0x00, 0x00, 0x00, 0x00, 0x00, 0x00, 0x00, 0xfa, 0x00, 0x04, 0x00,
    0xdf, 0x00, 0x00, 0x00, 0xe1, 0x00, 0x00, 0x00, 0xe2, 0x00, 0x00, 0x00, 0xf8, 0x00, 0x02, 0x00,
    0xe2, 0x00, 0x00, 0x00, 0xc7, 0x00, 0x05, 0x00, 0x09, 0x00, 0x00, 0x00, 0xe3, 0x00, 0x00, 0x00,
    0xdd, 0x00, 0x00, 0x00, 0x30, 0x00, 0x00, 0x00, 0xf9, 0x00, 0x02, 0x00, 0xe0, 0x00, 0x00, 0x00,
    0xf8, 0x00, 0x02, 0x00, 0xe1, 0x00, 0x00, 0x00, 0xc2, 0x00, 0x05, 0x00, 0x09, 0x00, 0x00, 0x00,
    0xe4, 0x00, 0x00, 0x00, 0xdd, 0x00, 0x00, 0x00, 0x0a, 0x00, 0x00, 0x00, 0xf9, 0x00, 0x02, 0x00,
    0xe0, 0x00, 0x00, 0x00, 0xf8, 0x00, 0x02, 0x00, 0xe0, 0x00, 0x00, 0x00, 0xf5, 0x00, 0x07, 0x00,
    0x09, 0x00, 0x00, 0x00, 0xe5, 0x00, 0x00, 0x00, 0xe4, 0x00, 0x00, 0x00, 0xe1, 0x00, 0x00, 0x00,
    0xe3, 0x00, 0x00, 0x00, 0xe2, 0x00, 0x00, 0x00, 0xc2, 0x00, 0x05, 0x00, 0x09, 0x00, 0x00, 0x00,
    0xe6, 0x00, 0x00, 0x00, 0xe5, 0x00, 0x00, 0x00, 0x2a, 0x00, 0x00, 0x00, 0xaa, 0x00, 0x05, 0x00,
    0x15, 0x00, 0x00, 0x00, 0xe7, 0x00, 0x00, 0x00, 0xe6, 0x00, 0x00, 0x00, 0x0e, 0x00, 0x00, 0x00,
    0xf7, 0x00, 0x03, 0x00, 0xe8, 0x00, 0x00, 0x00, 0x00, 0x00, 0x00, 0x00, 0xfa, 0x00, 0x04, 0x00,
    0xe7, 0x00, 0x00, 0x00, 0xe9, 0x00, 0x00, 0x00, 0xe8, 0x00, 0x00, 0x00, 0xf8, 0x00, 0x02, 0x00,
    0xe9, 0x00, 0x00, 0x00, 0xc7, 0x00, 0x05, 0x00, 0x09, 0x00, 0x00, 0x00, 0xea, 0x00, 0x00, 0x00,
    0xe5, 0x00, 0x00, 0x00, 0x2a, 0x00, 0x00, 0x00, 0xaa, 0x00, 0x05, 0x00, 0x15, 0x00, 0x00, 0x00,
    0xeb, 0x00, 0x00, 0x00, 0xea, 0x00, 0x00, 0x00, 0x0e, 0x00, 0x00, 0x00, 0xf9, 0x00, 0x02, 0x00,
    0xe8, 0x00, 0x00, 0x00, 0xf8, 0x00, 0x02, 0x00, 0xe8, 0x00, 0x00, 0x00, 0xf5, 0x00, 0x07, 0x00,
    0x15, 0x00, 0x00, 0x00, 0xec, 0x00, 0x00, 0x00, 0x20, 0x00, 0x00, 0x00, 0xe0, 0x00, 0x00, 0x00,
    0xeb, 0x00, 0x00, 0x00, 0xe9, 0x00, 0x00, 0x00, 0xf7, 0x00, 0x03, 0x00, 0xed, 0x00, 0x00, 0x00,
    0x00, 0x00, 0x00, 0x00, 0xfa, 0x00, 0x04, 0x00, 0xec, 0x00, 0x00, 0x00, 0xee, 0x00, 0x00, 0x00,
    0xed, 0x00, 0x00, 0x00, 0xf8, 0x00, 0x02, 0x00, 0xee, 0x00, 0x00, 0x00, 0xf9, 0x00, 0x02, 0x00,
    0x6c, 0x00, 0x00, 0x00, 0xf8, 0x00, 0x02, 0x00, 0xed, 0x00, 0x00, 0x00, 0xc7, 0x00, 0x05, 0x00,
    0x09, 0x00, 0x00, 0x00, 0xef, 0x00, 0x00, 0x00, 0xe5, 0x00, 0x00, 0x00, 0x2b, 0x00, 0x00, 0x00,
    0xf9, 0x00, 0x02, 0x00, 0x6c, 0x00, 0x00, 0x00, 0xf8, 0x00, 0x02, 0x00, 0x7b, 0x00, 0x00, 0x00,
    0x7c, 0x00, 0x04, 0x00, 0x09, 0x00, 0x00, 0x00, 0xf0, 0x00, 0x00, 0x00, 0x56, 0x00, 0x00, 0x00,
    0x84, 0x00, 0x05, 0x00, 0x09, 0x00, 0x00, 0x00, 0xf1, 0x00, 0x00, 0x00, 0xf0, 0x00, 0x00, 0x00,
    0x21, 0x00, 0x00, 0x00, 0x80, 0x00, 0x05, 0x00, 0x09, 0x00, 0x00, 0x00, 0xf2, 0x00, 0x00, 0x00,
    0x25, 0x00, 0x00, 0x00, 0xf1, 0x00, 0x00, 0x00, 0xc3, 0x00, 0x05, 0x00, 0x0c, 0x00, 0x00, 0x00,
    0xf3, 0x00, 0x00, 0x00, 0x65, 0x00, 0x00, 0x00, 0x2d, 0x00, 0x00, 0x00, 0x7c, 0x00, 0x04, 0x00,
    0x09, 0x00, 0x00, 0x00, 0xf4, 0x00, 0x00, 0x00, 0xf3, 0x00, 0x00, 0x00, 0x80, 0x00, 0x05, 0x00,
    0x09, 0x00, 0x00, 0x00, 0xf5, 0x00, 0x00, 0x00, 0xf2, 0x00, 0x00, 0x00, 0xf4, 0x00, 0x00, 0x00,
    0x82, 0x00, 0x05, 0x00, 0x09, 0x00, 0x00, 0x00, 0xf6, 0x00, 0x00, 0x00, 0xf5, 0x00, 0x00, 0x00,
    0x29, 0x00, 0x00, 0x00, 0xc2, 0x00, 0x05, 0x00, 0x09, 0x00, 0x00, 0x00, 0xf7, 0x00, 0x00, 0x00,
    0xf6, 0x00, 0x00, 0x00, 0x12, 0x00, 0x00, 0x00, 0x80, 0x00, 0x05, 0x00, 0x09, 0x00, 0x00, 0x00,
    0xf8, 0x00, 0x00, 0x00, 0x0b, 0x00, 0x00, 0x00, 0xf7, 0x00, 0x00, 0x00, 0x41, 0x00, 0x06, 0x00,
    0x38, 0x00, 0x00, 0x00, 0xf9, 0x00, 0x00, 0x00, 0x07, 0x00, 0x00, 0x00, 0x11, 0x00, 0x00, 0x00,
    0xf8, 0x00, 0x00, 0x00, 0x3d, 0x00, 0x04, 0x00, 0x09, 0x00, 0x00, 0x00, 0xfa, 0x00, 0x00, 0x00,
    0xf9, 0x00, 0x00, 0x00, 0xc7, 0x00, 0x05, 0x00, 0x09, 0x00, 0x00, 0x00, 0xfb, 0x00, 0x00, 0x00,
    0xf5, 0x00, 0x00, 0x00, 0x12, 0x00, 0x00, 0x00, 0xab, 0x00, 0x05, 0x00, 0x15, 0x00, 0x00, 0x00,
    0xfc, 0x00, 0x00, 0x00, 0xfb, 0x00, 0x00, 0x00, 0x0e, 0x00, 0x00, 0x00, 0xf7, 0x00, 0x03, 0x00,
    0xfd, 0x00, 0x00, 0x00, 0x00, 0x00, 0x00, 0x00, 0xfa, 0x00, 0x04, 0x00, 0xfc, 0x00, 0x00, 0x00,
    0xfe, 0x00, 0x00, 0x00, 0xff, 0x00, 0x00, 0x00, 0xf8, 0x00, 0x02, 0x00, 0xff, 0x00, 0x00, 0x00,
    0xc7, 0x00, 0x05, 0x00, 0x09, 0x00, 0x00, 0x00, 0x00, 0x01, 0x00, 0x00, 0xfa, 0x00, 0x00, 0x00,
    0x30, 0x00, 0x00, 0x00, 0xf9, 0x00, 0x02, 0x00, 0xfd, 0x00, 0x00, 0x00, 0xf8, 0x00, 0x02, 0x00,
    0xfe, 0x00, 0x00, 0x00, 0xc2, 0x00, 0x05, 0x00, 0x09, 0x00, 0x00, 0x00, 0x01, 0x01, 0x00, 0x00,
    0xfa, 0x00, 0x00, 0x00, 0x0a, 0x00, 0x00, 0x00, 0xf9, 0x00, 0x02, 0x00, 0xfd, 0x00, 0x00, 0x00,
    0xf8, 0x00, 0x02, 0x00, 0xfd, 0x00, 0x00, 0x00, 0xf5, 0x00, 0x07, 0x00, 0x09, 0x00, 0x00, 0x00,
    0x02, 0x01, 0x00, 0x00, 0x01, 0x01, 0x00, 0x00, 0xfe, 0x00, 0x00, 0x00, 0x00, 0x01, 0x00, 0x00,
    0xff, 0x00, 0x00, 0x00, 0xc3, 0x00, 0x05, 0x00, 0x0c, 0x00, 0x00, 0x00, 0x03, 0x01, 0x00, 0x00,
    0x65, 0x00, 0x00, 0x00, 0x2e, 0x00, 0x00, 0x00, 0xc7, 0x00, 0x05, 0x00, 0x0c, 0x00, 0x00, 0x00,
    0x04, 0x01, 0x00, 0x00, 0x03, 0x01, 0x00, 0x00, 0x2f, 0x00, 0x00, 0x00, 0x7c, 0x00, 0x04, 0x00,
    0x09, 0x00, 0x00, 0x00, 0x05, 0x01, 0x00, 0x00, 0x04, 0x01, 0x00, 0x00, 0xc7, 0x00, 0x05, 0x00,
    0x09, 0x00, 0x00, 0x00, 0x06, 0x01, 0x00, 0x00, 0x05, 0x01, 0x00, 0x00, 0x1d, 0x00, 0x00, 0x00,
    0xc2, 0x00, 0x05, 0x00, 0x09, 0x00, 0x00, 0x00, 0x07, 0x01, 0x00, 0x00, 0x24, 0x00, 0x00, 0x00,
    0x06, 0x01, 0x00, 0x00, 0xc7, 0x00, 0x05, 0x00, 0x09, 0x00, 0x00, 0x00, 0x08, 0x01, 0x00, 0x00,
    0x02, 0x01, 0x00, 0x00, 0x07, 0x01, 0x00, 0x00, 0xab, 0x00, 0x05, 0x00, 0x15, 0x00, 0x00, 0x00,
    0x09, 0x01, 0x00, 0x00, 0x08, 0x01, 0x00, 0x00, 0x0e, 0x00, 0x00, 0x00, 0xf7, 0x00, 0x03, 0x00,
    0x0a, 0x01, 0x00, 0x00, 0x00, 0x00, 0x00, 0x00, 0xfa, 0x00, 0x04, 0x00, 0x09, 0x01, 0x00, 0x00,
    0x0b, 0x01, 0x00, 0x00, 0x0a, 0x01, 0x00, 0x00, 0xf8, 0x00, 0x02, 0x00, 0x0b, 0x01, 0x00, 0x00,
    0xf9, 0x00, 0x02, 0x00, 0x6c, 0x00, 0x00, 0x00, 0xf8, 0x00, 0x02, 0x00, 0x0a, 0x01, 0x00, 0x00,
    0xc7, 0x00, 0x05, 0x00, 0x09, 0x00, 0x00, 0x00, 0x0c, 0x01, 0x00, 0x00, 0x6f, 0x00, 0x00, 0x00,
    0x24, 0x00, 0x00, 0x00, 0xab, 0x00, 0x05, 0x00, 0x15, 0x00, 0x00, 0x00, 0x0d, 0x01, 0x00, 0x00,
    0x0c, 0x01, 0x00, 0x00, 0x0e, 0x00, 0x00, 0x00, 0xf7, 0x00, 0x03, 0x00, 0x0e, 0x01, 0x00, 0x00,
    0x00, 0x00, 0x00, 0x00, 0xfa, 0x00, 0x04, 0x00, 0x0d, 0x01, 0x00, 0x00, 0x0f, 0x01, 0x00, 0x00,
    0x10, 0x01, 0x00, 0x00, 0xf8, 0x00, 0x02, 0x00, 0x10, 0x01, 0x00, 0x00, 0x82, 0x00, 0x05, 0x00,
    0x09, 0x00, 0x00, 0x00, 0x11, 0x01, 0x00, 0x00, 0x0e, 0x00, 0x00, 0x00, 0x70, 0x00, 0x00, 0x00,
    0xc7, 0x00, 0x05, 0x00, 0x09, 0x00, 0x00, 0x00, 0x12, 0x01, 0x00, 0x00, 0x11, 0x01, 0x00, 0x00,
    0x27, 0x00, 0x00, 0x00, 0x7c, 0x00, 0x04, 0x00, 0x0c, 0x00, 0x00, 0x00, 0x13, 0x01, 0x00, 0x00,
    0x12, 0x01, 0x00, 0x00, 0xf9, 0x00, 0x02, 0x00, 0x0e, 0x01, 0x00, 0x00, 0xf8, 0x00, 0x02, 0x00,
    0x0f, 0x01, 0x00, 0x00, 0xc2, 0x00, 0x05, 0x00, 0x09, 0x00, 0x00, 0x00, 0x14, 0x01, 0x00, 0x00,
    0xf0, 0x00, 0x00, 0x00, 0x12, 0x00, 0x00, 0x00, 0x80, 0x00, 0x05, 0x00, 0x09, 0x00, 0x00, 0x00,
    0x15, 0x01, 0x00, 0x00, 0x0b, 0x00, 0x00, 0x00, 0x14, 0x01, 0x00, 0x00, 0x41, 0x00, 0x06, 0x00,
    0x38, 0x00, 0x00, 0x00, 0x16, 0x01, 0x00, 0x00, 0x07, 0x00, 0x00, 0x00, 0x11, 0x00, 0x00, 0x00,
    0x15, 0x01, 0x00, 0x00, 0x3d, 0x00, 0x04, 0x00, 0x09, 0x00, 0x00, 0x00, 0x17, 0x01, 0x00, 0x00,
    0x16, 0x01, 0x00, 0x00, 0xc7, 0x00, 0x05, 0x00, 0x09, 0x00, 0x00, 0x00, 0x18, 0x01, 0x00, 0x00,
    0xf0, 0x00, 0x00, 0x00, 0x12, 0x00, 0x00, 0x00, 0xab, 0x00, 0x05, 0x00, 0x15, 0x00, 0x00, 0x00,
    0x19, 0x01, 0x00, 0x00, 0x18, 0x01, 0x00, 0x00, 0x0e, 0x00, 0x00, 0x00, 0xf7, 0x00, 0x03, 0x00,
    0x1a, 0x01, 0x00, 0x00, 0x00, 0x00, 0x00, 0x00, 0xfa, 0x00, 0x04, 0x00, 0x19, 0x01, 0x00, 0x00,
    0x1b, 0x01, 0x00, 0x00, 0x1c, 0x01, 0x00, 0x00, 0xf8, 0x00, 0x02, 0x00, 0x1c, 0x01, 0x00, 0x00,
    0xc7, 0x00, 0x05, 0x00, 0x09, 0x00, 0x00, 0x00, 0x1d, 0x01, 0x00, 0x00, 0x17, 0x01, 0x00, 0x00,
    0x30, 0x00, 0x00, 0x00, 0xf9, 0x00, 0x02, 0x00, 0x1a, 0x01, 0x00, 0x00, 0xf8, 0x00, 0x02, 0x00,
    0x1b, 0x01, 0x00, 0x00, 0xc2, 0x00, 0x05, 0x00, 0x09, 0x00, 0x00, 0x00, 0x1e, 0x01, 0x00, 0x00,
    0x17, 0x01, 0x00, 0x00, 0x0a, 0x00, 0x00, 0x00, 0xf9, 0x00, 0x02, 0x00, 0x1a, 0x01, 0x00, 0x00,
    0xf8, 0x00, 0x02, 0x00, 0x1a, 0x01, 0x00, 0x00, 0xf5, 0x00, 0x07, 0x00, 0x09, 0x00, 0x00, 0x00,
    0x1f, 0x01, 0x00, 0x00, 0x1e, 0x01, 0x00, 0x00, 0x1b, 0x01, 0x00, 0x00, 0x1d, 0x01, 0x00, 0x00,
    0x1c, 0x01, 0x00, 0x00, 0x82, 0x00, 0x05, 0x00, 0x09, 0x00, 0x00, 0x00, 0x20, 0x01, 0x00, 0x00,
    0x0e, 0x00, 0x00, 0x00, 0x1f, 0x01, 0x00, 0x00, 0xc7, 0x00, 0x05, 0x00, 0x09, 0x00, 0x00, 0x00,
    0x21, 0x01, 0x00, 0x00, 0x20, 0x01, 0x00, 0x00, 0x27, 0x00, 0x00, 0x00, 0x7c, 0x00, 0x04, 0x00,
    0x0c, 0x00, 0x00, 0x00, 0x22, 0x01, 0x00, 0x00, 0x21, 0x01, 0x00, 0x00, 0xf9, 0x00, 0x02, 0x00,
    0x0e, 0x01, 0x00, 0x00, 0xf8, 0x00, 0x02, 0x00, 0x0e, 0x01, 0x00, 0x00, 0xf5, 0x00, 0x07, 0x00,
    0x0c, 0x00, 0x00, 0x00, 0x23, 0x01, 0x00, 0x00, 0x22, 0x01, 0x00, 0x00, 0x1a, 0x01, 0x00, 0x00,
    0x13, 0x01, 0x00, 0x00, 0x10, 0x01, 0x00, 0x00, 0x80, 0x00, 0x05, 0x00, 0x0c, 0x00, 0x00, 0x00,
    0x24, 0x01, 0x00, 0x00, 0x65, 0x00, 0x00, 0x00, 0x23, 0x01, 0x00, 0x00, 0xc7, 0x00, 0x05, 0x00,
    0x09, 0x00, 0x00, 0x00, 0x25, 0x01, 0x00, 0x00, 0x72, 0x00, 0x00, 0x00, 0x27, 0x00, 0x00, 0x00,
    0x7c, 0x00, 0x04, 0x00, 0x0c, 0x00, 0x00, 0x00, 0x26, 0x01, 0x00, 0x00, 0x25, 0x01, 0x00, 0x00,
    0x80, 0x00, 0x05, 0x00, 0x0c, 0x00, 0x00, 0x00, 0x27, 0x01, 0x00, 0x00, 0x26, 0x01, 0x00, 0x00,
    0x56, 0x00, 0x00, 0x00, 0xc7, 0x00, 0x05, 0x00, 0x0c, 0x00, 0x00, 0x00, 0x28, 0x01, 0x00, 0x00,
    0x27, 0x01, 0x00, 0x00, 0x32, 0x00, 0x00, 0x00, 0x7c, 0x00, 0x04, 0x00, 0x09, 0x00, 0x00, 0x00,
    0x29, 0x01, 0x00, 0x00, 0x28, 0x01, 0x00, 0x00, 0x84, 0x00, 0x05, 0x00, 0x09, 0x00, 0x00, 0x00,
    0x2a, 0x01, 0x00, 0x00, 0x29, 0x01, 0x00, 0x00, 0x28, 0x00, 0x00, 0x00, 0xc7, 0x00, 0x05, 0x00,
    0x0c, 0x00, 0x00, 0x00, 0x2b, 0x01, 0x00, 0x00, 0x24, 0x01, 0x00, 0x00, 0x32, 0x00, 0x00, 0x00,
    0x7c, 0x00, 0x04, 0x00, 0x09, 0x00, 0x00, 0x00, 0x2c, 0x01, 0x00, 0x00, 0x2b, 0x01, 0x00, 0x00,
    0x80, 0x00, 0x05, 0x00, 0x09, 0x00, 0x00, 0x00, 0x2d, 0x01, 0x00, 0x00, 0x2a, 0x01, 0x00, 0x00,
    0x2c, 0x01, 0x00, 0x00, 0xc2, 0x00, 0x05, 0x00, 0x09, 0x00, 0x00, 0x00, 0x2e, 0x01, 0x00, 0x00,
    0x2d, 0x01, 0x00, 0x00, 0x12, 0x00, 0x00, 0x00, 0x41, 0x00, 0x06, 0x00, 0x38, 0x00, 0x00, 0x00,
    0x2f, 0x01, 0x00, 0x00, 0x06, 0x00, 0x00, 0x00, 0x11, 0x00, 0x00, 0x00, 0x2e, 0x01, 0x00, 0x00,
    0x3d, 0x00, 0x04, 0x00, 0x09, 0x00, 0x00, 0x00, 0x30, 0x01, 0x00, 0x00, 0x2f, 0x01, 0x00, 0x00,
    0xc7, 0x00, 0x05, 0x00, 0x09, 0x00, 0x00, 0x00, 0x31, 0x01, 0x00, 0x00, 0x2d, 0x01, 0x00, 0x00,
    0x12, 0x00, 0x00, 0x00, 0xab, 0x00, 0x05, 0x00, 0x15, 0x00, 0x00, 0x00, 0x32, 0x01, 0x00, 0x00,
    0x31, 0x01, 0x00, 0x00, 0x0e, 0x00, 0x00, 0x00, 0xf7, 0x00, 0x03, 0x00, 0x33, 0x01, 0x00, 0x00,
    0x00, 0x00, 0x00, 0x00, 0xfa, 0x00, 0x04, 0x00, 0x32, 0x01, 0x00, 0x00, 0x34, 0x01, 0x00, 0x00,
    0x35, 0x01, 0x00, 0x00, 0xf8, 0x00, 0x02, 0x00, 0x35, 0x01, 0x00, 0x00, 0xc7, 0x00, 0x05, 0x00,
    0x09, 0x00, 0x00, 0x00, 0x36, 0x01, 0x00, 0x00, 0x30, 0x01, 0x00, 0x00, 0x30, 0x00, 0x00, 0x00,
    0xf9, 0x00, 0x02, 0x00, 0x33, 0x01, 0x00, 0x00, 0xf8, 0x00, 0x02, 0x00, 0x34, 0x01, 0x00, 0x00,
    0xc2, 0x00, 0x05, 0x00, 0x09, 0x00, 0x00, 0x00, 0x37, 0x01, 0x00, 0x00, 0x30, 0x01, 0x00, 0x00,
    0x0a, 0x00, 0x00, 0x00, 0xf9, 0x00, 0x02, 0x00, 0x33, 0x01, 0x00, 0x00, 0xf8, 0x00, 0x02, 0x00,
    0x33, 0x01, 0x00, 0x00, 0xf5, 0x00, 0x07, 0x00, 0x09, 0x00, 0x00, 0x00, 0x38, 0x01, 0x00, 0x00,
    0x37, 0x01, 0x00, 0x00, 0x34, 0x01, 0x00, 0x00, 0x36, 0x01, 0x00, 0x00, 0x35, 0x01, 0x00, 0x00,
    0xc2, 0x00, 0x05, 0x00, 0x09, 0x00, 0x00, 0x00, 0x39, 0x01, 0x00, 0x00, 0x38, 0x01, 0x00, 0x00,
    0x2a, 0x00, 0x00, 0x00, 0xaa, 0x00, 0x05, 0x00, 0x15, 0x00, 0x00, 0x00, 0x3a, 0x01, 0x00, 0x00,
    0x39, 0x01, 0x00, 0x00, 0x0e, 0x00, 0x00, 0x00, 0xf7, 0x00, 0x03, 0x00, 0x3b, 0x01, 0x00, 0x00,
    0x00, 0x00, 0x00, 0x00, 0xfa, 0x00, 0x04, 0x00, 0x3a, 0x01, 0x00, 0x00, 0x3c, 0x01, 0x00, 0x00,
    0x3b, 0x01, 0x00, 0x00, 0xf8, 0x00, 0x02, 0x00, 0x3c, 0x01, 0x00, 0x00, 0xc7, 0x00, 0x05, 0x00,
    0x09, 0x00, 0x00, 0x00, 0x3d, 0x01, 0x00, 0x00, 0x38, 0x01, 0x00, 0x00, 0x2a, 0x00, 0x00, 0x00,
    0xaa, 0x00, 0x05, 0x00, 0x15, 0x00, 0x00, 0x00, 0x3e, 0x01, 0x00, 0x00, 0x3d, 0x01, 0x00, 0x00,
    0x0e, 0x00, 0x00, 0x00, 0xf9, 0x00, 0x02, 0x00, 0x3b, 0x01, 0x00, 0x00, 0xf8, 0x00, 0x02, 0x00,
    0x3b, 0x01, 0x00, 0x00, 0xf5, 0x00, 0x07, 0x00, 0x15, 0x00, 0x00, 0x00, 0x3f, 0x01, 0x00, 0x00,
    0x20, 0x00, 0x00, 0x00, 0x33, 0x01, 0x00, 0x00, 0x3e, 0x01, 0x00, 0x00, 0x3c, 0x01, 0x00, 0x00,
    0xf7, 0x00, 0x03, 0x00, 0x40, 0x01, 0x00, 0x00, 0x00, 0x00, 0x00, 0x00, 0xfa, 0x00, 0x04, 0x00,
    0x3f, 0x01, 0x00, 0x00, 0x41, 0x01, 0x00, 0x00, 0x40, 0x01, 0x00, 0x00, 0xf8, 0x00, 0x02, 0x00,
    0x41, 0x01, 0x00, 0x00, 0xf9, 0x00, 0x02, 0x00, 0x6c, 0x00, 0x00, 0x00, 0xf8, 0x00, 0x02, 0x00,
    0x40, 0x01, 0x00, 0x00, 0xc7, 0x00, 0x05, 0x00, 0x09, 0x00, 0x00, 0x00, 0x42, 0x01, 0x00, 0x00,
    0x38, 0x01, 0x00, 0x00, 0x2b, 0x00, 0x00, 0x00, 0xf9, 0x00, 0x02, 0x00, 0x6c, 0x00, 0x00, 0x00,
    0xf8, 0x00, 0x02, 0x00, 0x6c, 0x00, 0x00, 0x00, 0xf5, 0x00, 0x0f, 0x00, 0x09, 0x00, 0x00, 0x00,
    0x43, 0x01, 0x00, 0x00, 0x0e, 0x00, 0x00, 0x00, 0x78, 0x00, 0x00, 0x00, 0x0e, 0x00, 0x00, 0x00,
    0xee, 0x00, 0x00, 0x00, 0xef, 0x00, 0x00, 0x00, 0xed, 0x00, 0x00, 0x00, 0x0e, 0x00, 0x00, 0x00,
    0x0b, 0x01, 0x00, 0x00, 0x0e, 0x00, 0x00, 0x00, 0x41, 0x01, 0x00, 0x00, 0x42, 0x01, 0x00, 0x00,
    0x40, 0x01, 0x00, 0x00, 0xf5, 0x00, 0x0f, 0x00, 0x15, 0x00, 0x00, 0x00, 0x44, 0x01, 0x00, 0x00,
    0x16, 0x00, 0x00, 0x00, 0x78, 0x00, 0x00, 0x00, 0x16, 0x00, 0x00, 0x00, 0xee, 0x00, 0x00, 0x00,
    0x20, 0x00, 0x00, 0x00, 0xed, 0x00, 0x00, 0x00, 0x16, 0x00, 0x00, 0x00, 0x0b, 0x01, 0x00, 0x00,
    0x16, 0x00, 0x00, 0x00, 0x41, 0x01, 0x00, 0x00, 0x20, 0x00, 0x00, 0x00, 0x40, 0x01, 0x00, 0x00,
    0xf7, 0x00, 0x03, 0x00, 0x45, 0x01, 0x00, 0x00, 0x00, 0x00, 0x00, 0x00, 0xfa, 0x00, 0x04, 0x00,
    0x44, 0x01, 0x00, 0x00, 0x46, 0x01, 0x00, 0x00, 0x45, 0x01, 0x00, 0x00, 0xf8, 0x00, 0x02, 0x00,
    0x46, 0x01, 0x00, 0x00, 0xf9, 0x00, 0x02, 0x00, 0x6a, 0x00, 0x00, 0x00, 0xf8, 0x00, 0x02, 0x00,
    0x45, 0x01, 0x00, 0x00, 0xf7, 0x00, 0x03, 0x00, 0x47, 0x01, 0x00, 0x00, 0x00, 0x00, 0x00, 0x00,
    0xfb, 0x00, 0x03, 0x00, 0x0e, 0x00, 0x00, 0x00, 0x48, 0x01, 0x00, 0x00, 0xf8, 0x00, 0x02, 0x00,
    0x48, 0x01, 0x00, 0x00, 0x3d, 0x00, 0x04, 0x00, 0x09, 0x00, 0x00, 0x00, 0x49, 0x01, 0x00, 0x00,
    0x6e, 0x00, 0x00, 0x00, 0xc2, 0x00, 0x05, 0x00, 0x09, 0x00, 0x00, 0x00, 0x4a, 0x01, 0x00, 0x00,
    0x49, 0x01, 0x00, 0x00, 0x0a, 0x00, 0x00, 0x00, 0x3d, 0x00, 0x04, 0x00, 0x09, 0x00, 0x00, 0x00,
    0x4b, 0x01, 0x00, 0x00, 0x71, 0x00, 0x00, 0x00, 0xc2, 0x00, 0x05, 0x00, 0x09, 0x00, 0x00, 0x00,
    0x4c, 0x01, 0x00, 0x00, 0x4b, 0x01, 0x00, 0x00, 0x0a, 0x00, 0x00, 0x00, 0x3d, 0x00, 0x04, 0x00,
    0x09, 0x00, 0x00, 0x00, 0x4d, 0x01, 0x00, 0x00, 0x71, 0x00, 0x00, 0x00, 0xc7, 0x00, 0x05, 0x00,
    0x09, 0x00, 0x00, 0x00, 0x4e, 0x01, 0x00, 0x00, 0x4c, 0x01, 0x00, 0x00, 0x24, 0x00, 0x00, 0x00,
    0xab, 0x00, 0x05, 0x00, 0x15, 0x00, 0x00, 0x00, 0x4f, 0x01, 0x00, 0x00, 0x4e, 0x01, 0x00, 0x00,
    0x0e, 0x00, 0x00, 0x00, 0xf7, 0x00, 0x03, 0x00, 0x50, 0x01, 0x00, 0x00, 0x00, 0x00, 0x00, 0x00,
    0xfa, 0x00, 0x04, 0x00, 0x4f, 0x01, 0x00, 0x00, 0x51, 0x01, 0x00, 0x00, 0x50, 0x01, 0x00, 0x00,
    0xf8, 0x00, 0x02, 0x00, 0x51, 0x01, 0x00, 0x00, 0xf9, 0x00, 0x02, 0x00, 0x47, 0x01, 0x00, 0x00,
    0xf8, 0x00, 0x02, 0x00, 0x50, 0x01, 0x00, 0x00, 0xc7, 0x00, 0x05, 0x00, 0x09, 0x00, 0x00, 0x00,
    0x52, 0x01, 0x00, 0x00, 0x4d, 0x01, 0x00, 0x00, 0x25, 0x00, 0x00, 0x00, 0xab, 0x00, 0x05, 0x00,
    0x15, 0x00, 0x00, 0x00, 0x53, 0x01, 0x00, 0x00, 0x52, 0x01, 0x00, 0x00, 0x0e, 0x00, 0x00, 0x00,
    0xf7, 0x00, 0x03, 0x00, 0x54, 0x01, 0x00, 0x00, 0x00, 0x00, 0x00, 0x00, 0xfa, 0x00, 0x04, 0x00,
    0x53, 0x01, 0x00, 0x00, 0x55, 0x01, 0x00, 0x00, 0x54, 0x01, 0x00, 0x00, 0xf8, 0x00, 0x02, 0x00,
    0x55, 0x01, 0x00, 0x00, 0xf9, 0x00, 0x02, 0x00, 0x47, 0x01, 0x00, 0x00, 0xf8, 0x00, 0x02, 0x00,
    0x54, 0x01, 0x00, 0x00, 0x7c, 0x00, 0x04, 0x00, 0x09, 0x00, 0x00, 0x00, 0x56, 0x01, 0x00, 0x00,
    0x56, 0x00, 0x00, 0x00, 0x84, 0x00, 0x05, 0x00, 0x09, 0x00, 0x00, 0x00, 0x57, 0x01, 0x00, 0x00,
    0x56, 0x01, 0x00, 0x00, 0x21, 0x00, 0x00, 0x00, 0x80, 0x00, 0x05, 0x00, 0x09, 0x00, 0x00, 0x00,
    0x58, 0x01, 0x00, 0x00, 0x25, 0x00, 0x00, 0x00, 0x57, 0x01, 0x00, 0x00, 0xc3, 0x00, 0x05, 0x00,
    0x0c, 0x00, 0x00, 0x00, 0x59, 0x01, 0x00, 0x00, 0x65, 0x00, 0x00, 0x00, 0x2d, 0x00, 0x00, 0x00,
    0x7c, 0x00, 0x04, 0x00, 0x09, 0x00, 0x00, 0x00, 0x5a, 0x01, 0x00, 0x00, 0x59, 0x01, 0x00, 0x00,
    0x80, 0x00, 0x05, 0x00, 0x09, 0x00, 0x00, 0x00, 0x5b, 0x01, 0x00, 0x00, 0x58, 0x01, 0x00, 0x00,
    0x5a, 0x01, 0x00, 0x00, 0x82, 0x00, 0x05, 0x00, 0x09, 0x00, 0x00, 0x00, 0x5c, 0x01, 0x00, 0x00,
    0x5b, 0x01, 0x00, 0x00, 0x29, 0x00, 0x00, 0x00, 0xc2, 0x00, 0x05, 0x00, 0x09, 0x00, 0x00, 0x00,
    0x5d, 0x01, 0x00, 0x00, 0x5c, 0x01, 0x00, 0x00, 0x12, 0x00, 0x00, 0x00, 0x80, 0x00, 0x05, 0x00,
    0x09, 0x00, 0x00, 0x00, 0x5e, 0x01, 0x00, 0x00, 0x0b, 0x00, 0x00, 0x00, 0x5d, 0x01, 0x00, 0x00,
    0x41, 0x00, 0x06, 0x00, 0x38, 0x00, 0x00, 0x00, 0x5f, 0x01, 0x00, 0x00, 0x07, 0x00, 0x00, 0x00,
    0x11, 0x00, 0x00, 0x00, 0x5e, 0x01, 0x00, 0x00, 0x3d, 0x00, 0x04, 0x00, 0x09, 0x00, 0x00, 0x00,
    0x60, 0x01, 0x00, 0x00, 0x5f, 0x01, 0x00, 0x00, 0xc7, 0x00, 0x05, 0x00, 0x09, 0x00, 0x00, 0x00,
    0x61, 0x01, 0x00, 0x00, 0x5b, 0x01, 0x00, 0x00, 0x12, 0x00, 0x00, 0x00, 0xab, 0x00, 0x05, 0x00,
    0x15, 0x00, 0x00, 0x00, 0x62, 0x01, 0x00, 0x00, 0x61, 0x01, 0x00, 0x00, 0x0e, 0x00, 0x00, 0x00,
    0xf7, 0x00, 0x03, 0x00, 0x63, 0x01, 0x00, 0x00, 0x00, 0x00, 0x00, 0x00, 0xfa, 0x00, 0x04, 0x00,
    0x62, 0x01, 0x00, 0x00, 0x64, 0x01, 0x00, 0x00, 0x65, 0x01, 0x00, 0x00, 0xf8, 0x00, 0x02, 0x00,
    0x65, 0x01, 0x00, 0x00, 0xc7, 0x00, 0x05, 0x00, 0x09, 0x00, 0x00, 0x00, 0x66, 0x01, 0x00, 0x00,
    0x60, 0x01, 0x00, 0x00, 0x30, 0x00, 0x00, 0x00, 0xf9, 0x00, 0x02, 0x00, 0x63, 0x01, 0x00, 0x00,
    0xf8, 0x00, 0x02, 0x00, 0x64, 0x01, 0x00, 0x00, 0xc2, 0x00, 0x05, 0x00, 0x09, 0x00, 0x00, 0x00,
    0x67, 0x01, 0x00, 0x00, 0x60, 0x01, 0x00, 0x00, 0x0a, 0x00, 0x00, 0x00, 0xf9, 0x00, 0x02, 0x00,
    0x63, 0x01, 0x00, 0x00, 0xf8, 0x00, 0x02, 0x00, 0x63, 0x01, 0x00, 0x00, 0xf5, 0x00, 0x07, 0x00,
    0x09, 0x00, 0x00, 0x00, 0x68, 0x01, 0x00, 0x00, 0x67, 0x01, 0x00, 0x00, 0x64, 0x01, 0x00, 0x00,
    0x66, 0x01, 0x00, 0x00, 0x65, 0x01, 0x00, 0x00, 0xc8, 0x00, 0x04, 0x00, 0x09, 0x00, 0x00, 0x00,
    0x69, 0x01, 0x00, 0x00, 0x68, 0x01, 0x00, 0x00, 0xc3, 0x00, 0x05, 0x00, 0x0c, 0x00, 0x00, 0x00,
    0x6a, 0x01, 0x00, 0x00, 0x65, 0x00, 0x00, 0x00, 0x2e, 0x00, 0x00, 0x00, 0xc7, 0x00, 0x05, 0x00,
    0x0c, 0x00, 0x00, 0x00, 0x6b, 0x01, 0x00, 0x00, 0x6a, 0x01, 0x00, 0x00, 0x2f, 0x00, 0x00, 0x00,
    0x7c, 0x00, 0x04, 0x00, 0x09, 0x00, 0x00, 0x00, 0x6c, 0x01, 0x00, 0x00, 0x6b, 0x01, 0x00, 0x00,
    0xc7, 0x00, 0x05, 0x00, 0x09, 0x00, 0x00, 0x00, 0x6d, 0x01, 0x00, 0x00, 0x6c, 0x01, 0x00, 0x00,
    0x1d, 0x00, 0x00, 0x00, 0xc2, 0x00, 0x05, 0x00, 0x09, 0x00, 0x00, 0x00, 0x6e, 0x01, 0x00, 0x00,
    0x24, 0x00, 0x00, 0x00, 0x6d, 0x01, 0x00, 0x00, 0xc7, 0x00, 0x05, 0x00, 0x09, 0x00, 0x00, 0x00,
    0x6f, 0x01, 0x00, 0x00, 0x69, 0x01, 0x00, 0x00, 0x6e, 0x01, 0x00, 0x00, 0xab, 0x00, 0x05, 0x00,
    0x15, 0x00, 0x00, 0x00, 0x70, 0x01, 0x00, 0x00, 0x6f, 0x01, 0x00, 0x00, 0x0e, 0x00, 0x00, 0x00,
    0xf7, 0x00, 0x03, 0x00, 0x71, 0x01, 0x00, 0x00, 0x00, 0x00, 0x00, 0x00, 0xfa, 0x00, 0x04, 0x00,
    0x70, 0x01, 0x00, 0x00, 0x72, 0x01, 0x00, 0x00, 0x71, 0x01, 0x00, 0x00, 0xf8, 0x00, 0x02, 0x00,
    0x72, 0x01, 0x00, 0x00, 0xf9, 0x00, 0x02, 0x00, 0x47, 0x01, 0x00, 0x00, 0xf8, 0x00, 0x02, 0x00,
    0x71, 0x01, 0x00, 0x00, 0xc7, 0x00, 0x05, 0x00, 0x09, 0x00, 0x00, 0x00, 0x73, 0x01, 0x00, 0x00,
    0x4a, 0x01, 0x00, 0x00, 0x24, 0x00, 0x00, 0x00, 0xab, 0x00, 0x05, 0x00, 0x15, 0x00, 0x00, 0x00,
    0x74, 0x01, 0x00, 0x00, 0x73, 0x01, 0x00, 0x00, 0x0e, 0x00, 0x00, 0x00, 0xf7, 0x00, 0x03, 0x00,
    0x75, 0x01, 0x00, 0x00, 0x00, 0x00, 0x00, 0x00, 0xfa, 0x00, 0x04, 0x00, 0x74, 0x01, 0x00, 0x00,
    0x76, 0x01, 0x00, 0x00, 0x77, 0x01, 0x00, 0x00, 0xf8, 0x00, 0x02, 0x00, 0x77, 0x01, 0x00, 0x00,
    0x82, 0x00, 0x05, 0x00, 0x09, 0x00, 0x00, 0x00, 0x78, 0x01, 0x00, 0x00, 0x0e, 0x00, 0x00, 0x00,
    0x4a, 0x01, 0x00, 0x00, 0xc7, 0x00, 0x05, 0x00, 0x09, 0x00, 0x00, 0x00, 0x79, 0x01, 0x00, 0x00,
    0x78, 0x01, 0x00, 0x00, 0x27, 0x00, 0x00, 0x00, 0x7c, 0x00, 0x04, 0x00, 0x0c, 0x00, 0x00, 0x00,
    0x7a, 0x01, 0x00, 0x00, 0x79, 0x01, 0x00, 0x00, 0xf9, 0x00, 0x02, 0x00, 0x75, 0x01, 0x00, 0x00,
    0xf8, 0x00, 0x02, 0x00, 0x76, 0x01, 0x00, 0x00, 0x80, 0x00, 0x05, 0x00, 0x09, 0x00, 0x00, 0x00,
    0x7b, 0x01, 0x00, 0x00, 0x56, 0x01, 0x00, 0x00, 0x28, 0x00, 0x00, 0x00, 0xc2, 0x00, 0x05, 0x00,
    0x09, 0x00, 0x00, 0x00, 0x7c, 0x01, 0x00, 0x00, 0x7b, 0x01, 0x00, 0x00, 0x12, 0x00, 0x00, 0x00,
    0x80, 0x00, 0x05, 0x00, 0x09, 0x00, 0x00, 0x00, 0x7d, 0x01, 0x00, 0x00, 0x0b, 0x00, 0x00, 0x00,
    0x7c, 0x01, 0x00, 0x00, 0x41, 0x00, 0x06, 0x00, 0x38, 0x00, 0x00, 0x00, 0x7e, 0x01, 0x00, 0x00,
    0x07, 0x00, 0x00, 0x00, 0x11, 0x00, 0x00, 0x00, 0x7d, 0x01, 0x00, 0x00, 0x3d, 0x00, 0x04, 0x00,
    0x09, 0x00, 0x00, 0x00, 0x7f, 0x01, 0x00, 0x00, 0x7e, 0x01, 0x00, 0x00, 0xc7, 0x00, 0x05, 0x00,
    0x09, 0x00, 0x00, 0x00, 0x80, 0x01, 0x00, 0x00, 0x56, 0x01, 0x00, 0x00, 0x12, 0x00, 0x00, 0x00,
    0xab, 0x00, 0x05, 0x00, 0x15, 0x00, 0x00, 0x00, 0x81, 0x01, 0x00, 0x00, 0x80, 0x01, 0x00, 0x00,
    0x0e, 0x00, 0x00, 0x00, 0xf7, 0x00, 0x03, 0x00, 0x82, 0x01, 0x00, 0x00, 0x00, 0x00, 0x00, 0x00,
    0xfa, 0x00, 0x04, 0x00, 0x81, 0x01, 0x00, 0x00, 0x83, 0x01, 0x00, 0x00, 0x84, 0x01, 0x00, 0x00,
    0xf8, 0x00, 0x02, 0x00, 0x84, 0x01, 0x00, 0x00, 0xc7, 0x00, 0x05, 0x00, 0x09, 0x00, 0x00, 0x00,
    0x85, 0x01, 0x00, 0x00, 0x7f, 0x01, 0x00, 0x00, 0x30, 0x00, 0x00, 0x00, 0xf9, 0x00, 0x02, 0x00,
    0x82, 0x01, 0x00, 0x00, 0xf8, 0x00, 0x02, 0x00, 0x83, 0x01, 0x00, 0x00, 0xc2, 0x00, 0x05, 0x00,
    0x09, 0x00, 0x00, 0x00, 0x86, 0x01, 0x00, 0x00, 0x7f, 0x01, 0x00, 0x00, 0x0a, 0x00, 0x00, 0x00,
    0xf9, 0x00, 0x02, 0x00, 0x82, 0x01, 0x00, 0x00, 0xf8, 0x00, 0x02, 0x00, 0x82, 0x01, 0x00, 0x00,
    0xf5, 0x00, 0x07, 0x00, 0x09, 0x00, 0x00, 0x00, 0x87, 0x01, 0x00, 0x00, 0x86, 0x01, 0x00, 0x00,
    0x83, 0x01, 0x00, 0x00, 0x85, 0x01, 0x00, 0x00, 0x84, 0x01, 0x00, 0x00, 0x82, 0x00, 0x05, 0x00,
    0x09, 0x00, 0x00, 0x00, 0x88, 0x01, 0x00, 0x00, 0x0e, 0x00, 0x00, 0x00, 0x87, 0x01, 0x00, 0x00,
    0xc7, 0x00, 0x05, 0x00, 0x09, 0x00, 0x00, 0x00, 0x89, 0x01, 0x00, 0x00, 0x88, 0x01, 0x00, 0x00,
    0x27, 0x00, 0x00, 0x00, 0x7c, 0x00, 0x04, 0x00, 0x0c, 0x00, 0x00, 0x00, 0x8a, 0x01, 0x00, 0x00,
    0x89, 0x01, 0x00, 0x00, 0xf9, 0x00, 0x02, 0x00, 0x75, 0x01, 0x00, 0x00, 0xf8, 0x00, 0x02, 0x00,
    0x75, 0x01, 0x00, 0x00, 0xf5, 0x00, 0x07, 0x00, 0x0c, 0x00, 0x00, 0x00, 0x8b, 0x01, 0x00, 0x00,
    0x8a, 0x01, 0x00, 0x00, 0x82, 0x01, 0x00, 0x00, 0x7a, 0x01, 0x00, 0x00, 0x77, 0x01, 0x00, 0x00,
    0x80, 0x00, 0x05, 0x00, 0x0c, 0x00, 0x00, 0x00, 0x8c, 0x01, 0x00, 0x00, 0x65, 0x00, 0x00, 0x00,
    0x8b, 0x01, 0x00, 0x00, 0xc7, 0x00, 0x05, 0x00, 0x09, 0x00, 0x00, 0x00, 0x8d, 0x01, 0x00, 0x00,
    0x4c, 0x01, 0x00, 0x00, 0x27, 0x00, 0x00, 0x00, 0x7c, 0x00, 0x04, 0x00, 0x0c, 0x00, 0x00, 0x00,
    0x8e, 0x01, 0x00, 0x00, 0x8d, 0x01, 0x00, 0x00, 0x80, 0x00, 0x05, 0x00, 0x0c, 0x00, 0x00, 0x00,
    0x8f, 0x01, 0x00, 0x00, 0x8e, 0x01, 0x00, 0x00, 0x56, 0x00, 0x00, 0x00, 0xc7, 0x00, 0x05, 0x00,
    0x0c, 0x00, 0x00, 0x00, 0x90, 0x01, 0x00, 0x00, 0x8f, 0x01, 0x00, 0x00, 0x32, 0x00, 0x00, 0x00,
    0x7c, 0x00, 0x04, 0x00, 0x09, 0x00, 0x00, 0x00, 0x91, 0x01, 0x00, 0x00, 0x90, 0x01, 0x00, 0x00,
    0x84, 0x00, 0x05, 0x00, 0x09, 0x00, 0x00, 0x00, 0x92, 0x01, 0x00, 0x00, 0x91, 0x01, 0x00, 0x00,
    0x28, 0x00, 0x00, 0x00, 0x80, 0x00, 0x05, 0x00, 0x09, 0x00, 0x00, 0x00, 0x93, 0x01, 0x00, 0x00,
    0x31, 0x00, 0x00, 0x00, 0x92, 0x01, 0x00, 0x00, 0xc7, 0x00, 0x05, 0x00, 0x0c, 0x00, 0x00, 0x00,
    0x94, 0x01, 0x00, 0x00, 0x8c, 0x01, 0x00, 0x00, 0x32, 0x00, 0x00, 0x00, 0x7c, 0x00, 0x04, 0x00,
    0x09, 0x00, 0x00, 0x00, 0x95, 0x01, 0x00, 0x00, 0x94, 0x01, 0x00, 0x00, 0x80, 0x00, 0x05, 0x00,
    0x09, 0x00, 0x00, 0x00, 0x96, 0x01, 0x00, 0x00, 0x93, 0x01, 0x00, 0x00, 0x95, 0x01, 0x00, 0x00,
    0xc2, 0x00, 0x05, 0x00, 0x09, 0x00, 0x00, 0x00, 0x97, 0x01, 0x00, 0x00, 0x96, 0x01, 0x00, 0x00,
    0x12, 0x00, 0x00, 0x00, 0x41, 0x00, 0x06, 0x00, 0x38, 0x00, 0x00, 0x00, 0x98, 0x01, 0x00, 0x00,
    0x06, 0x00, 0x00, 0x00, 0x11, 0x00, 0x00, 0x00, 0x97, 0x01, 0x00, 0x00, 0x3d, 0x00, 0x04, 0x00,
    0x09, 0x00, 0x00, 0x00, 0x99, 0x01, 0x00, 0x00, 0x98, 0x01, 0x00, 0x00, 0xc7, 0x00, 0x05, 0x00,
    0x09, 0x00, 0x00, 0x00, 0x9a, 0x01, 0x00, 0x00, 0x96, 0x01, 0x00, 0x00, 0x12, 0x00, 0x00, 0x00,
    0xab, 0x00, 0x05, 0x00, 0x15, 0x00, 0x00, 0x00, 0x9b, 0x01, 0x00, 0x00, 0x9a, 0x01, 0x00, 0x00,
    0x0e, 0x00, 0x00, 0x00, 0xf7, 0x00, 0x03, 0x00, 0x9c, 0x01, 0x00, 0x00, 0x00, 0x00, 0x00, 0x00,
    0xfa, 0x00, 0x04, 0x00, 0x9b, 0x01, 0x00, 0x00, 0x9d, 0x01, 0x00, 0x00, 0x9e, 0x01, 0x00, 0x00,
    0xf8, 0x00, 0x02, 0x00, 0x9e, 0x01, 0x00, 0x00, 0xc7, 0x00, 0x05, 0x00, 0x09, 0x00, 0x00, 0x00,
    0x9f, 0x01, 0x00, 0x00, 0x99, 0x01, 0x00, 0x00, 0x30, 0x00, 0x00, 0x00, 0xf9, 0x00, 0x02, 0x00,
    0x9c, 0x01, 0x00, 0x00, 0xf8, 0x00, 0x02, 0x00, 0x9d, 0x01, 0x00, 0x00, 0xc2, 0x00, 0x05, 0x00,
    0x09, 0x00, 0x00, 0x00, 0xa0, 0x01, 0x00, 0x00, 0x99, 0x01, 0x00, 0x00, 0x0a, 0x00, 0x00, 0x00,
    0xf9, 0x00, 0x02, 0x00, 0x9c, 0x01, 0x00, 0x00, 0xf8, 0x00, 0x02, 0x00, 0x9c, 0x01, 0x00, 0x00,
    0xf5, 0x00, 0x07, 0x00, 0x09, 0x00, 0x00, 0x00, 0xa1, 0x01, 0x00, 0x00, 0xa0, 0x01, 0x00, 0x00,
    0x9d, 0x01, 0x00, 0x00, 0x9f, 0x01, 0x00, 0x00, 0x9e, 0x01, 0x00, 0x00, 0xc2, 0x00, 0x05, 0x00,
    0x09, 0x00, 0x00, 0x00, 0xa2, 0x01, 0x00, 0x00, 0xa1, 0x01, 0x00, 0x00, 0x2a, 0x00, 0x00, 0x00,
    0xaa, 0x00, 0x05, 0x00, 0x15, 0x00, 0x00, 0x00, 0xa3, 0x01, 0x00, 0x00, 0xa2, 0x01, 0x00, 0x00,
    0x0e, 0x00, 0x00, 0x00, 0xf7, 0x00, 0x03, 0x00, 0xa4, 0x01, 0x00, 0x00, 0x00, 0x00, 0x00, 0x00,
    0xfa, 0x00, 0x04, 0x00, 0xa3, 0x01, 0x00, 0x00, 0xa5, 0x01, 0x00, 0x00, 0xa4, 0x01, 0x00, 0x00,
    0xf8, 0x00, 0x02, 0x00, 0xa5, 0x01, 0x00, 0x00, 0xc7, 0x00, 0x05, 0x00, 0x09, 0x00, 0x00, 0x00,
    0xa6, 0x01, 0x00, 0x00, 0xa1, 0x01, 0x00, 0x00, 0x2a, 0x00, 0x00, 0x00, 0xaa, 0x00, 0x05, 0x00,
    0x15, 0x00, 0x00, 0x00, 0xa7, 0x01, 0x00, 0x00, 0xa6, 0x01, 0x00, 0x00, 0x0e, 0x00, 0x00, 0x00,
    0xf9, 0x00, 0x02, 0x00, 0xa4, 0x01, 0x00, 0x00, 0xf8, 0x00, 0x02, 0x00, 0xa4, 0x01, 0x00, 0x00,
    0xf5, 0x00, 0x07, 0x00, 0x15, 0x00, 0x00, 0x00, 0xa8, 0x01, 0x00, 0x00, 0x20, 0x00, 0x00, 0x00,
    0x9c, 0x01, 0x00, 0x00, 0xa7, 0x01, 0x00, 0x00, 0xa5, 0x01, 0x00, 0x00, 0xf7, 0x00, 0x03, 0x00,
    0xa9, 0x01, 0x00, 0x00, 0x00, 0x00, 0x00, 0x00, 0xfa, 0x00, 0x04, 0x00, 0xa8, 0x01, 0x00, 0x00,
    0xaa, 0x01, 0x00, 0x00, 0xa9, 0x01, 0x00, 0x00, 0xf8, 0x00, 0x02, 0x00, 0xaa, 0x01, 0x00, 0x00,
    0xf9, 0x00, 0x02, 0x00, 0x47, 0x01, 0x00, 0x00, 0xf8, 0x00, 0x02, 0x00, 0xa9, 0x01, 0x00, 0x00,
    0xc7, 0x00, 0x05, 0x00, 0x09, 0x00, 0x00, 0x00, 0xab, 0x01, 0x00, 0x00, 0xa1, 0x01, 0x00, 0x00,
    0x2b, 0x00, 0x00, 0x00, 0xf9, 0x00, 0x02, 0x00, 0x47, 0x01, 0x00, 0x00, 0xf8, 0x00, 0x02, 0x00,
    0x47, 0x01, 0x00, 0x00, 0xf5, 0x00, 0x0d, 0x00, 0x09, 0x00, 0x00, 0x00, 0xac, 0x01, 0x00, 0x00,
    0x0e, 0x00, 0x00, 0x00, 0x51, 0x01, 0x00, 0x00, 0x0e, 0x00, 0x00, 0x00, 0x55, 0x01, 0x00, 0x00,
    0x0e, 0x00, 0x00, 0x00, 0x72, 0x01, 0x00, 0x00, 0x0e, 0x00, 0x00, 0x00, 0xaa, 0x01, 0x00, 0x00,
    0xab, 0x01, 0x00, 0x00, 0xa9, 0x01, 0x00, 0x00, 0xf5, 0x00, 0x0d, 0x00, 0x15, 0x00, 0x00, 0x00,
    0xad, 0x01, 0x00, 0x00, 0x16, 0x00, 0x00, 0x00, 0x51, 0x01, 0x00, 0x00, 0x16, 0x00, 0x00, 0x00,
    0x55, 0x01, 0x00, 0x00, 0x16, 0x00, 0x00, 0x00, 0x72, 0x01, 0x00, 0x00, 0x16, 0x00, 0x00, 0x00,
    0xaa, 0x01, 0x00, 0x00, 0x20, 0x00, 0x00, 0x00, 0xa9, 0x01, 0x00, 0x00, 0xf7, 0x00, 0x03, 0x00,
    0xae, 0x01, 0x00, 0x00, 0x00, 0x00, 0x00, 0x00, 0xfa, 0x00, 0x04, 0x00, 0xad, 0x01, 0x00, 0x00,
    0xaf, 0x01, 0x00, 0x00, 0xae, 0x01, 0x00, 0x00, 0xf8, 0x00, 0x02, 0x00, 0xaf, 0x01, 0x00, 0x00,
    0xf9, 0x00, 0x02, 0x00, 0x6a, 0x00, 0x00, 0x00, 0xf8, 0x00, 0x02, 0x00, 0xae, 0x01, 0x00, 0x00,
    0xf7, 0x00, 0x03, 0x00, 0xb0, 0x01, 0x00, 0x00, 0x00, 0x00, 0x00, 0x00, 0xfb, 0x00, 0x03, 0x00,
    0x0e, 0x00, 0x00, 0x00, 0xb1, 0x01, 0x00, 0x00, 0xf8, 0x00, 0x02, 0x00, 0xb1, 0x01, 0x00, 0x00,
    0x41, 0x00, 0x06, 0x00, 0x38, 0x00, 0x00, 0x00, 0xb2, 0x01, 0x00, 0x00, 0x07, 0x00, 0x00, 0x00,
    0x11, 0x00, 0x00, 0x00, 0x3c, 0x00, 0x00, 0x00, 0x3d, 0x00, 0x04, 0x00, 0x09, 0x00, 0x00, 0x00,
    0xb3, 0x01, 0x00, 0x00, 0xb2, 0x01, 0x00, 0x00, 0xc7, 0x00, 0x05, 0x00, 0x09, 0x00, 0x00, 0x00,
    0xb4, 0x01, 0x00, 0x00, 0xb3, 0x01, 0x00, 0x00, 0x30, 0x00, 0x00, 0x00, 0x41, 0x00, 0x06, 0x00,
    0x38, 0x00, 0x00, 0x00, 0xb5, 0x01, 0x00, 0x00, 0x07, 0x00, 0x00, 0x00, 0x11, 0x00, 0x00, 0x00,
    0x3d, 0x00, 0x00, 0x00, 0x3d, 0x00, 0x04, 0x00, 0x09, 0x00, 0x00, 0x00, 0xb6, 0x01, 0x00, 0x00,
    0xb5, 0x01, 0x00, 0x00, 0xc7, 0x00, 0x05, 0x00, 0x09, 0x00, 0x00, 0x00, 0xb7, 0x01, 0x00, 0x00,
    0xb6, 0x01, 0x00, 0x00, 0x30, 0x00, 0x00, 0x00, 0x3d, 0x00, 0x04, 0x00, 0x09, 0x00, 0x00, 0x00,
    0xb8, 0x01, 0x00, 0x00, 0xb5, 0x01, 0x00, 0x00, 0xc7, 0x00, 0x05, 0x00, 0x09, 0x00, 0x00, 0x00,
    0xb9, 0x01, 0x00, 0x00, 0xb6, 0x01, 0x00, 0x00, 0x24, 0x00, 0x00, 0x00, 0xab, 0x00, 0x05, 0x00,
    0x15, 0x00, 0x00, 0x00, 0xba, 0x01, 0x00, 0x00, 0xb9, 0x01, 0x00, 0x00, 0x0e, 0x00, 0x00, 0x00,
    0xf7, 0x00, 0x03, 0x00, 0xbb, 0x01, 0x00, 0x00, 0x00, 0x00, 0x00, 0x00, 0xfa, 0x00, 0x04, 0x00,
    0xba, 0x01, 0x00, 0x00, 0xbc, 0x01, 0x00, 0x00, 0xbb, 0x01, 0x00, 0x00, 0xf8, 0x00, 0x02, 0x00,
    0xbc, 0x01, 0x00, 0x00, 0xf9, 0x00, 0x02, 0x00, 0xb0, 0x01, 0x00, 0x00, 0xf8, 0x00, 0x02, 0x00,
    0xbb, 0x01, 0x00, 0x00, 0xc7, 0x00, 0x05, 0x00, 0x09, 0x00, 0x00, 0x00, 0xbd, 0x01, 0x00, 0x00,
    0xb8, 0x01, 0x00, 0x00, 0x25, 0x00, 0x00, 0x00, 0xab, 0x00, 0x05, 0x00, 0x15, 0x00, 0x00, 0x00,
    0xbe, 0x01, 0x00, 0x00, 0xbd, 0x01, 0x00, 0x00, 0x0e, 0x00, 0x00, 0x00, 0xf7, 0x00, 0x03, 0x00,
    0xbf, 0x01, 0x00, 0x00, 0x00, 0x00, 0x00, 0x00, 0xfa, 0x00, 0x04, 0x00, 0xbe, 0x01, 0x00, 0x00,
    0xc0, 0x01, 0x00, 0x00, 0xbf, 0x01, 0x00, 0x00, 0xf8, 0x00, 0x02, 0x00, 0xc0, 0x01, 0x00, 0x00,
    0xc2, 0x00, 0x05, 0x00, 0x09, 0x00, 0x00, 0x00, 0xc1, 0x01, 0x00, 0x00, 0xbd, 0x01, 0x00, 0x00,
    0x26, 0x00, 0x00, 0x00, 0xc7, 0x00, 0x05, 0x00, 0x09, 0x00, 0x00, 0x00, 0xc2, 0x01, 0x00, 0x00,
    0xb6, 0x01, 0x00, 0x00, 0x27, 0x00, 0x00, 0x00, 0x7c, 0x00, 0x04, 0x00, 0x0c, 0x00, 0x00, 0x00,
    0xc3, 0x01, 0x00, 0x00, 0xc2, 0x01, 0x00, 0x00, 0x82, 0x00, 0x05, 0x00, 0x09, 0x00, 0x00, 0x00,
    0xc4, 0x01, 0x00, 0x00, 0x0e, 0x00, 0x00, 0x00, 0xb7, 0x01, 0x00, 0x00, 0xc7, 0x00, 0x05, 0x00,
    0x09, 0x00, 0x00, 0x00, 0xc5, 0x01, 0x00, 0x00, 0xc4, 0x01, 0x00, 0x00, 0x27, 0x00, 0x00, 0x00,
    0x7c, 0x00, 0x04, 0x00, 0x0c, 0x00, 0x00, 0x00, 0xc6, 0x01, 0x00, 0x00, 0xc5, 0x01, 0x00, 0x00,
    0xc7, 0x00, 0x05, 0x00, 0x09, 0x00, 0x00, 0x00, 0xc7, 0x01, 0x00, 0x00, 0xc4, 0x01, 0x00, 0x00,
    0x28, 0x00, 0x00, 0x00, 0xab, 0x00, 0x05, 0x00, 0x15, 0x00, 0x00, 0x00, 0xc8, 0x01, 0x00, 0x00,
    0xc7, 0x01, 0x00, 0x00, 0x0e, 0x00, 0x00, 0x00, 0xa9, 0x00, 0x06, 0x00, 0x09, 0x00, 0x00, 0x00,
    0xc9, 0x01, 0x00, 0x00, 0xc8, 0x01, 0x00, 0x00, 0x0f, 0x00, 0x00, 0x00, 0x3e, 0x00, 0x00, 0x00,
    0xc7, 0x00, 0x05, 0x00, 0x09, 0x00, 0x00, 0x00, 0xca, 0x01, 0x00, 0x00, 0xb3, 0x01, 0x00, 0x00,
    0x24, 0x00, 0x00, 0x00, 0xab, 0x00, 0x05, 0x00, 0x15, 0x00, 0x00, 0x00, 0xcb, 0x01, 0x00, 0x00,
    0xca, 0x01, 0x00, 0x00, 0x0e, 0x00, 0x00, 0x00, 0xf7, 0x00, 0x03, 0x00, 0xcc, 0x01, 0x00, 0x00,
    0x00, 0x00, 0x00, 0x00, 0xfa, 0x00, 0x04, 0x00, 0xcb, 0x01, 0x00, 0x00, 0xcd, 0x01, 0x00, 0x00,
    0xce, 0x01, 0x00, 0x00, 0xf8, 0x00, 0x02, 0x00, 0xce, 0x01, 0x00, 0x00, 0xc7, 0x00, 0x05, 0x00,
    0x09, 0x00, 0x00, 0x00, 0xcf, 0x01, 0x00, 0x00, 0xb3, 0x01, 0x00, 0x00, 0x27, 0x00, 0x00, 0x00,
    0x7c, 0x00, 0x04, 0x00, 0x0c, 0x00, 0x00, 0x00, 0xd0, 0x01, 0x00, 0x00, 0xcf, 0x01, 0x00, 0x00,
    0x7e, 0x00, 0x04, 0x00, 0x0c, 0x00, 0x00, 0x00, 0xd1, 0x01, 0x00, 0x00, 0xd0, 0x01, 0x00, 0x00,
    0xaa, 0x00, 0x05, 0x00, 0x15, 0x00, 0x00, 0x00, 0xd2, 0x01, 0x00, 0x00, 0xc1, 0x01, 0x00, 0x00,
    0x12, 0x00, 0x00, 0x00, 0xf7, 0x00, 0x03, 0x00, 0xd3, 0x01, 0x00, 0x00, 0x00, 0x00, 0x00, 0x00,
    0xfa, 0x00, 0x04, 0x00, 0xd2, 0x01, 0x00, 0x00, 0xd4, 0x01, 0x00, 0x00, 0xd5, 0x01, 0x00, 0x00,
    0xf8, 0x00, 0x02, 0x00, 0xd5, 0x01, 0x00, 0x00, 0xc7, 0x00, 0x05, 0x00, 0x09, 0x00, 0x00, 0x00,
    0xd6, 0x01, 0x00, 0x00, 0xb3, 0x01, 0x00, 0x00, 0x28, 0x00, 0x00, 0x00, 0xab, 0x00, 0x05, 0x00,
    0x15, 0x00, 0x00, 0x00, 0xd7, 0x01, 0x00, 0x00, 0xd6, 0x01, 0x00, 0x00, 0x0e, 0x00, 0x00, 0x00,
    0xa9, 0x00, 0x06, 0x00, 0x09, 0x00, 0x00, 0x00, 0xd8, 0x01, 0x00, 0x00, 0xd7, 0x01, 0x00, 0x00,
    0x0f, 0x00, 0x00, 0x00, 0x3e, 0x00, 0x00, 0x00, 0xb1, 0x00, 0x05, 0x00, 0x15, 0x00, 0x00, 0x00,
    0xd9, 0x01, 0x00, 0x00, 0x65, 0x00, 0x00, 0x00, 0xd0, 0x01, 0x00, 0x00, 0xf7, 0x00, 0x03, 0x00,
    0xda, 0x01, 0x00, 0x00, 0x00, 0x00, 0x00, 0x00, 0xfa, 0x00, 0x04, 0x00, 0xd9, 0x01, 0x00, 0x00,
    0xdb, 0x01, 0x00, 0x00, 0xdc, 0x01, 0x00, 0x00, 0xf8, 0x00, 0x02, 0x00, 0xdc, 0x01, 0x00, 0x00,
    0x53, 0x00, 0x04, 0x00, 0x09, 0x00, 0x00, 0x00, 0xdd, 0x01, 0x00, 0x00, 0x3e, 0x00, 0x00, 0x00,
    0x53, 0x00, 0x04, 0x00, 0x09, 0x00, 0x00, 0x00, 0xde, 0x01, 0x00, 0x00, 0x0f, 0x00, 0x00, 0x00,
    0xa9, 0x00, 0x06, 0x00, 0x09, 0x00, 0x00, 0x00, 0xdf, 0x01, 0x00, 0x00, 0xd7, 0x01, 0x00, 0x00,
    0x3e, 0x00, 0x00, 0x00, 0x0f, 0x00, 0x00, 0x00, 0xf9, 0x00, 0x02, 0x00, 0xda, 0x01, 0x00, 0x00,
    0xf8, 0x00, 0x02, 0x00, 0xdb, 0x01, 0x00, 0x00, 0xf9, 0x00, 0x02, 0x00, 0xda, 0x01, 0x00, 0x00,
    0xf8, 0x00, 0x02, 0x00, 0xda, 0x01, 0x00, 0x00, 0xf5, 0x00, 0x07, 0x00, 0x09, 0x00, 0x00, 0x00,
    0xe0, 0x01, 0x00, 0x00, 0xd8, 0x01, 0x00, 0x00, 0xdb, 0x01, 0x00, 0x00, 0xdf, 0x01, 0x00, 0x00,
    0xdc, 0x01, 0x00, 0x00, 0xf9, 0x00, 0x02, 0x00, 0xd3, 0x01, 0x00, 0x00, 0xf8, 0x00, 0x02, 0x00,
    0xd4, 0x01, 0x00, 0x00, 0xb1, 0x00, 0x05, 0x00, 0x15, 0x00, 0x00, 0x00, 0xe1, 0x01, 0x00, 0x00,
    0x56, 0x00, 0x00, 0x00, 0xc6, 0x01, 0x00, 0x00, 0xf7, 0x00, 0x03, 0x00, 0xe2, 0x01, 0x00, 0x00,
    0x00, 0x00, 0x00, 0x00, 0xfa, 0x00, 0x04, 0x00, 0xe1, 0x01, 0x00, 0x00, 0xe3, 0x01, 0x00, 0x00,
    0xe4, 0x01, 0x00, 0x00, 0xf8, 0x00, 0x02, 0x00, 0xe4, 0x01, 0x00, 0x00, 0x53, 0x00, 0x04, 0x00,
    0x09, 0x00, 0x00, 0x00, 0xe5, 0x01, 0x00, 0x00, 0x3e, 0x00, 0x00, 0x00, 0x53, 0x00, 0x04, 0x00,
    0x09, 0x00, 0x00, 0x00, 0xe6, 0x01, 0x00, 0x00, 0x0f, 0x00, 0x00, 0x00, 0xa9, 0x00, 0x06, 0x00,
    0x09, 0x00, 0x00, 0x00, 0xe7, 0x01, 0x00, 0x00, 0xc8, 0x01, 0x00, 0x00, 0x3e, 0x00, 0x00, 0x00,
    0x0f, 0x00, 0x00, 0x00, 0xf9, 0x00, 0x02, 0x00, 0xe2, 0x01, 0x00, 0x00, 0xf8, 0x00, 0x02, 0x00,
    0xe3, 0x01, 0x00, 0x00, 0xf9, 0x00, 0x02, 0x00, 0xe2, 0x01, 0x00, 0x00, 0xf8, 0x00, 0x02, 0x00,
    0xe2, 0x01, 0x00, 0x00, 0xf5, 0x00, 0x07, 0x00, 0x09, 0x00, 0x00, 0x00, 0xe8, 0x01, 0x00, 0x00,
    0xc9, 0x01, 0x00, 0x00, 0xe3, 0x01, 0x00, 0x00, 0xe7, 0x01, 0x00, 0x00, 0xe4, 0x01, 0x00, 0x00,
    0xf9, 0x00, 0x02, 0x00, 0xd3, 0x01, 0x00, 0x00, 0xf8, 0x00, 0x02, 0x00, 0xd3, 0x01, 0x00, 0x00,
    0xf5, 0x00, 0x07, 0x00, 0x09, 0x00, 0x00, 0x00, 0xe9, 0x01, 0x00, 0x00, 0xe8, 0x01, 0x00, 0x00,
    0xe2, 0x01, 0x00, 0x00, 0xe0, 0x01, 0x00, 0x00, 0xda, 0x01, 0x00, 0x00, 0xf9, 0x00, 0x02, 0x00,
    0xcc, 0x01, 0x00, 0x00, 0xf8, 0x00, 0x02, 0x00, 0xcd, 0x01, 0x00, 0x00, 0x7c, 0x00, 0x04, 0x00,
    0x09, 0x00, 0x00, 0x00, 0xea, 0x01, 0x00, 0x00, 0x56, 0x00, 0x00, 0x00, 0x80, 0x00, 0x05, 0x00,
    0x09, 0x00, 0x00, 0x00, 0xeb, 0x01, 0x00, 0x00, 0xea, 0x01, 0x00, 0x00, 0x3f, 0x00, 0x00, 0x00,
    0xc2, 0x00, 0x05, 0x00, 0x09, 0x00, 0x00, 0x00, 0xec, 0x01, 0x00, 0x00, 0xeb, 0x01, 0x00, 0x00,
    0x12, 0x00, 0x00, 0x00, 0x80, 0x00, 0x05, 0x00, 0x09, 0x00, 0x00, 0x00, 0xed, 0x01, 0x00, 0x00,
    0x0b, 0x00, 0x00, 0x00, 0xec, 0x01, 0x00, 0x00, 0x41, 0x00, 0x06, 0x00, 0x38, 0x00, 0x00, 0x00,
    0xee, 0x01, 0x00, 0x00, 0x07, 0x00, 0x00, 0x00, 0x11, 0x00, 0x00, 0x00, 0xed, 0x01, 0x00, 0x00,
    0x3d, 0x00, 0x04, 0x00, 0x09, 0x00, 0x00, 0x00, 0xef, 0x01, 0x00, 0x00, 0xee, 0x01, 0x00, 0x00,
    0xc7, 0x00, 0x05, 0x00, 0x09, 0x00, 0x00, 0x00, 0xf0, 0x01, 0x00, 0x00, 0xea, 0x01, 0x00, 0x00,
    0x12, 0x00, 0x00, 0x00, 0xab, 0x00, 0x05, 0x00, 0x15, 0x00, 0x00, 0x00, 0xf1, 0x01, 0x00, 0x00,
    0xf0, 0x01, 0x00, 0x00, 0x0e, 0x00, 0x00, 0x00, 0xf7, 0x00, 0x03, 0x00, 0xf2, 0x01, 0x00, 0x00,
    0x00, 0x00, 0x00, 0x00, 0xfa, 0x00, 0x04, 0x00, 0xf1, 0x01, 0x00, 0x00, 0xf3, 0x01, 0x00, 0x00,
    0xf4, 0x01, 0x00, 0x00, 0xf8, 0x00, 0x02, 0x00, 0xf4, 0x01, 0x00, 0x00, 0xc7, 0x00, 0x05, 0x00,
    0x09, 0x00, 0x00, 0x00, 0xf5, 0x01, 0x00, 0x00, 0xef, 0x01, 0x00, 0x00, 0x30, 0x00, 0x00, 0x00,
    0xf9, 0x00, 0x02, 0x00, 0xf2, 0x01, 0x00, 0x00, 0xf8, 0x00, 0x02, 0x00, 0xf3, 0x01, 0x00, 0x00,
    0xc2, 0x00, 0x05, 0x00, 0x09, 0x00, 0x00, 0x00, 0xf6, 0x01, 0x00, 0x00, 0xef, 0x01, 0x00, 0x00,
    0x0a, 0x00, 0x00, 0x00, 0xf9, 0x00, 0x02, 0x00, 0xf2, 0x01, 0x00, 0x00, 0xf8, 0x00, 0x02, 0x00,
    0xf2, 0x01, 0x00, 0x00, 0xf5, 0x00, 0x07, 0x00, 0x09, 0x00, 0x00, 0x00, 0xf7, 0x01, 0x00, 0x00,
    0xf6, 0x01, 0x00, 0x00, 0xf3, 0x01, 0x00, 0x00, 0xf5, 0x01, 0x00, 0x00, 0xf4, 0x01, 0x00, 0x00,
    0xc7, 0x00, 0x05, 0x00, 0x09, 0x00, 0x00, 0x00, 0xf8, 0x01, 0x00, 0x00, 0xf7, 0x01, 0x00, 0x00,
    0x27, 0x00, 0x00, 0x00, 0x7c, 0x00, 0x04, 0x00, 0x0c, 0x00, 0x00, 0x00, 0xf9, 0x01, 0x00, 0x00,
    0xf8, 0x01, 0x00, 0x00, 0x7e, 0x00, 0x04, 0x00, 0x0c, 0x00, 0x00, 0x00, 0xfa, 0x01, 0x00, 0x00,
    0xf9, 0x01, 0x00, 0x00, 0xaa, 0x00, 0x05, 0x00, 0x15, 0x00, 0x00, 0x00, 0xfb, 0x01, 0x00, 0x00,
    0xc1, 0x01, 0x00, 0x00, 0x12, 0x00, 0x00, 0x00, 0xf7, 0x00, 0x03, 0x00, 0xfc, 0x01, 0x00, 0x00,
    0x00, 0x00, 0x00, 0x00, 0xfa, 0x00, 0x04, 0x00, 0xfb, 0x01, 0x00, 0x00, 0xfd, 0x01, 0x00, 0x00,
    0xfe, 0x01, 0x00, 0x00, 0xf8, 0x00, 0x02, 0x00, 0xfe, 0x01, 0x00, 0x00, 0xc7, 0x00, 0x05, 0x00,
    0x09, 0x00, 0x00, 0x00, 0xff, 0x01, 0x00, 0x00, 0xf7, 0x01, 0x00, 0x00, 0x28, 0x00, 0x00, 0x00,
    0xab, 0x00, 0x05, 0x00, 0x15, 0x00, 0x00, 0x00, 0x00, 0x02, 0x00, 0x00, 0xff, 0x01, 0x00, 0x00,
    0x0e, 0x00, 0x00, 0x00, 0xa9, 0x00, 0x06, 0x00, 0x09, 0x00, 0x00, 0x00, 0x01, 0x02, 0x00, 0x00,
    0x00, 0x02, 0x00, 0x00, 0x0f, 0x00, 0x00, 0x00, 0x3e, 0x00, 0x00, 0x00, 0x82, 0x00, 0x05, 0x00,
    0x0c, 0x00, 0x00, 0x00, 0x02, 0x02, 0x00, 0x00, 0xf9, 0x01, 0x00, 0x00, 0x14, 0x00, 0x00, 0x00,
    0xb3, 0x00, 0x05, 0x00, 0x15, 0x00, 0x00, 0x00, 0x03, 0x02, 0x00, 0x00, 0x65, 0x00, 0x00, 0x00,
    0x02, 0x02, 0x00, 0x00, 0xf7, 0x00, 0x03, 0x00, 0x04, 0x02, 0x00, 0x00, 0x00, 0x00, 0x00, 0x00,
    0xfa, 0x00, 0x04, 0x00, 0x03, 0x02, 0x00, 0x00, 0x05, 0x02, 0x00, 0x00, 0x06, 0x02, 0x00, 0x00,
    0xf8, 0x00, 0x02, 0x00, 0x06, 0x02, 0x00, 0x00, 0x53, 0x00, 0x04, 0x00, 0x09, 0x00, 0x00, 0x00,
    0x07, 0x02, 0x00, 0x00, 0x3e, 0x00, 0x00, 0x00, 0x53, 0x00, 0x04, 0x00, 0x09, 0x00, 0x00, 0x00,
    0x08, 0x02, 0x00, 0x00, 0x0f, 0x00, 0x00, 0x00, 0xa9, 0x00, 0x06, 0x00, 0x09, 0x00, 0x00, 0x00,
    0x09, 0x02, 0x00, 0x00, 0x00, 0x02, 0x00, 0x00, 0x3e, 0x00, 0x00, 0x00, 0x0f, 0x00, 0x00, 0x00,
    0xf9, 0x00, 0x02, 0x00, 0x04, 0x02, 0x00, 0x00, 0xf8, 0x00, 0x02, 0x00, 0x05, 0x02, 0x00, 0x00,
    0xf9, 0x00, 0x02, 0x00, 0x04, 0x02, 0x00, 0x00, 0xf8, 0x00, 0x02, 0x00, 0x04, 0x02, 0x00, 0x00,
    0xf5, 0x00, 0x07, 0x00, 0x09, 0x00, 0x00, 0x00, 0x0a, 0x02, 0x00, 0x00, 0x01, 0x02, 0x00, 0x00,
    0x05, 0x02, 0x00, 0x00, 0x09, 0x02, 0x00, 0x00, 0x06, 0x02, 0x00, 0x00, 0xf9, 0x00, 0x02, 0x00,
    0xfc, 0x01, 0x00, 0x00, 0xf8, 0x00, 0x02, 0x00, 0xfd, 0x01, 0x00, 0x00, 0xaf, 0x00, 0x05, 0x00,
    0x15, 0x00, 0x00, 0x00, 0x0b, 0x02, 0x00, 0x00, 0x56, 0x00, 0x00, 0x00, 0xc6, 0x01, 0x00, 0x00,
    0xf7, 0x00, 0x03, 0x00, 0x0c, 0x02, 0x00, 0x00, 0x00, 0x00, 0x00, 0x00, 0xfa, 0x00, 0x04, 0x00,
    0x0b, 0x02, 0x00, 0x00, 0x0d, 0x02, 0x00, 0x00, 0x0e, 0x02, 0x00, 0x00, 0xf8, 0x00, 0x02, 0x00,
    0x0e, 0x02, 0x00, 0x00, 0xf9, 0x00, 0x02, 0x00, 0x0c, 0x02, 0x00, 0x00, 0xf8, 0x00, 0x02, 0x00,
    0x0d, 0x02, 0x00, 0x00, 0x53, 0x00, 0x04, 0x00, 0x09, 0x00, 0x00, 0x00, 0x0f, 0x02, 0x00, 0x00,
    0x3e, 0x00, 0x00, 0x00, 0x53, 0x00, 0x04, 0x00, 0x09, 0x00, 0x00, 0x00, 0x10, 0x02, 0x00, 0x00,
    0x0f, 0x00, 0x00, 0x00, 0xa9, 0x00, 0x06, 0x00, 0x09, 0x00, 0x00, 0x00, 0x11, 0x02, 0x00, 0x00,
    0xc8, 0x01, 0x00, 0x00, 0x3e, 0x00, 0x00, 0x00, 0x0f, 0x00, 0x00, 0x00, 0xf9, 0x00, 0x02, 0x00,
    0x0c, 0x02, 0x00, 0x00, 0xf8, 0x00, 0x02, 0x00, 0x0c, 0x02, 0x00, 0x00, 0xf5, 0x00, 0x07, 0x00,
    0x09, 0x00, 0x00, 0x00, 0x12, 0x02, 0x00, 0x00, 0x11, 0x02, 0x00, 0x00, 0x0d, 0x02, 0x00, 0x00,
    0xc9, 0x01, 0x00, 0x00, 0x0e, 0x02, 0x00, 0x00, 0xf9, 0x00, 0x02, 0x00, 0xfc, 0x01, 0x00, 0x00,
    0xf8, 0x00, 0x02, 0x00, 0xfc, 0x01, 0x00, 0x00, 0xf5, 0x00, 0x07, 0x00, 0x09, 0x00, 0x00, 0x00,
    0x13, 0x02, 0x00, 0x00, 0x12, 0x02, 0x00, 0x00, 0x0c, 0x02, 0x00, 0x00, 0x0a, 0x02, 0x00, 0x00,
    0x04, 0x02, 0x00, 0x00, 0xf9, 0x00, 0x02, 0x00, 0xcc, 0x01, 0x00, 0x00, 0xf8, 0x00, 0x02, 0x00,
    0xcc, 0x01, 0x00, 0x00, 0xf5, 0x00, 0x07, 0x00, 0x0c, 0x00, 0x00, 0x00, 0x14, 0x02, 0x00, 0x00,
    0xfa, 0x01, 0x00, 0x00, 0xfc, 0x01, 0x00, 0x00, 0xd1, 0x01, 0x00, 0x00, 0xd3, 0x01, 0x00, 0x00,
    0xf5, 0x00, 0x07, 0x00, 0x09, 0x00, 0x00, 0x00, 0x15, 0x02, 0x00, 0x00, 0x13, 0x02, 0x00, 0x00,
    0xfc, 0x01, 0x00, 0x00, 0xe9, 0x01, 0x00, 0x00, 0xd3, 0x01, 0x00, 0x00, 0x80, 0x00, 0x05, 0x00,
    0x0c, 0x00, 0x00, 0x00, 0x16, 0x02, 0x00, 0x00, 0x65, 0x00, 0x00, 0x00, 0x14, 0x02, 0x00, 0x00,
    0x80, 0x00, 0x05, 0x00, 0x0c, 0x00, 0x00, 0x00, 0x17, 0x02, 0x00, 0x00, 0x56, 0x00, 0x00, 0x00,
    0xc3, 0x01, 0x00, 0x00, 0x84, 0x00, 0x05, 0x00, 0x09, 0x00, 0x00, 0x00, 0x18, 0x02, 0x00, 0x00,
    0x15, 0x02, 0x00, 0x00, 0x31, 0x00, 0x00, 0x00, 0xc7, 0x00, 0x05, 0x00, 0x0c, 0x00, 0x00, 0x00,
    0x19, 0x02, 0x00, 0x00, 0x17, 0x02, 0x00, 0x00, 0x32, 0x00, 0x00, 0x00, 0x7c, 0x00, 0x04, 0x00,
    0x09, 0x00, 0x00, 0x00, 0x1a, 0x02, 0x00, 0x00, 0x19, 0x02, 0x00, 0x00, 0x84, 0x00, 0x05, 0x00,
    0x09, 0x00, 0x00, 0x00, 0x1b, 0x02, 0x00, 0x00, 0x1a, 0x02, 0x00, 0x00, 0x28, 0x00, 0x00, 0x00,
    0x80, 0x00, 0x05, 0x00, 0x09, 0x00, 0x00, 0x00, 0x1c, 0x02, 0x00, 0x00, 0x18, 0x02, 0x00, 0x00,
    0x1b, 0x02, 0x00, 0x00, 0xc7, 0x00, 0x05, 0x00, 0x0c, 0x00, 0x00, 0x00, 0x1d, 0x02, 0x00, 0x00,
    0x16, 0x02, 0x00, 0x00, 0x32, 0x00, 0x00, 0x00, 0x7c, 0x00, 0x04, 0x00, 0x09, 0x00, 0x00, 0x00,
    0x1e, 0x02, 0x00, 0x00, 0x1d, 0x02, 0x00, 0x00, 0x80, 0x00, 0x05, 0x00, 0x09, 0x00, 0x00, 0x00,
    0x1f, 0x02, 0x00, 0x00, 0x1c, 0x02, 0x00, 0x00, 0x1e, 0x02, 0x00, 0x00, 0xc2, 0x00, 0x05, 0x00,
    0x09, 0x00, 0x00, 0x00, 0x20, 0x02, 0x00, 0x00, 0x1f, 0x02, 0x00, 0x00, 0x12, 0x00, 0x00, 0x00,
    0x41, 0x00, 0x06, 0x00, 0x38, 0x00, 0x00, 0x00, 0x21, 0x02, 0x00, 0x00, 0x06, 0x00, 0x00, 0x00,
    0x11, 0x00, 0x00, 0x00, 0x20, 0x02, 0x00, 0x00, 0x3d, 0x00, 0x04, 0x00, 0x09, 0x00, 0x00, 0x00,
    0x22, 0x02, 0x00, 0x00, 0x21, 0x02, 0x00, 0x00, 0xc7, 0x00, 0x05, 0x00, 0x09, 0x00, 0x00, 0x00,
    0x23, 0x02, 0x00, 0x00, 0x1f, 0x02, 0x00, 0x00, 0x12, 0x00, 0x00, 0x00, 0xab, 0x00, 0x05, 0x00,
    0x15, 0x00, 0x00, 0x00, 0x24, 0x02, 0x00, 0x00, 0x23, 0x02, 0x00, 0x00, 0x0e, 0x00, 0x00, 0x00,
    0xf7, 0x00, 0x03, 0x00, 0x25, 0x02, 0x00, 0x00, 0x00, 0x00, 0x00, 0x00, 0xfa, 0x00, 0x04, 0x00,
    0x24, 0x02, 0x00, 0x00, 0x26, 0x02, 0x00, 0x00, 0x27, 0x02, 0x00, 0x00, 0xf8, 0x00, 0x02, 0x00,
    0x27, 0x02, 0x00, 0x00, 0xc7, 0x00, 0x05, 0x00, 0x09, 0x00, 0x00, 0x00, 0x28, 0x02, 0x00, 0x00,
    0x22, 0x02, 0x00, 0x00, 0x30, 0x00, 0x00, 0x00, 0xf9, 0x00, 0x02, 0x00, 0x25, 0x02, 0x00, 0x00,
    0xf8, 0x00, 0x02, 0x00, 0x26, 0x02, 0x00, 0x00, 0xc2, 0x00, 0x05, 0x00, 0x09, 0x00, 0x00, 0x00,
    0x29, 0x02, 0x00, 0x00, 0x22, 0x02, 0x00, 0x00, 0x0a, 0x00, 0x00, 0x00, 0xf9, 0x00, 0x02, 0x00,
    0x25, 0x02, 0x00, 0x00, 0xf8, 0x00, 0x02, 0x00, 0x25, 0x02, 0x00, 0x00, 0xf5, 0x00, 0x07, 0x00,
    0x09, 0x00, 0x00, 0x00, 0x2a, 0x02, 0x00, 0x00, 0x29, 0x02, 0x00, 0x00, 0x26, 0x02, 0x00, 0x00,
    0x28, 0x02, 0x00, 0x00, 0x27, 0x02, 0x00, 0x00, 0xc2, 0x00, 0x05, 0x00, 0x09, 0x00, 0x00, 0x00,
    0x2b, 0x02, 0x00, 0x00, 0x2a, 0x02, 0x00, 0x00, 0x2a, 0x00, 0x00, 0x00, 0xaa, 0x00, 0x05, 0x00,
    0x15, 0x00, 0x00, 0x00, 0x2c, 0x02, 0x00, 0x00, 0x2b, 0x02, 0x00, 0x00, 0x0e, 0x00, 0x00, 0x00,
    0xab, 0x00, 0x05, 0x00, 0x15, 0x00, 0x00, 0x00, 0x2d, 0x02, 0x00, 0x00, 0x2b, 0x02, 0x00, 0x00,
    0x0e, 0x00, 0x00, 0x00, 0xf7, 0x00, 0x03, 0x00, 0x2e, 0x02, 0x00, 0x00, 0x00, 0x00, 0x00, 0x00,
    0xfa, 0x00, 0x04, 0x00, 0x2d, 0x02, 0x00, 0x00, 0x2f, 0x02, 0x00, 0x00, 0x2e, 0x02, 0x00, 0x00,
    0xf8, 0x00, 0x02, 0x00, 0x2f, 0x02, 0x00, 0x00, 0xf9, 0x00, 0x02, 0x00, 0xb0, 0x01, 0x00, 0x00,
    0xf8, 0x00, 0x02, 0x00, 0x2e, 0x02, 0x00, 0x00, 0xc7, 0x00, 0x05, 0x00, 0x09, 0x00, 0x00, 0x00,
    0x30, 0x02, 0x00, 0x00, 0x2a, 0x02, 0x00, 0x00, 0x2b, 0x00, 0x00, 0x00, 0xf9, 0x00, 0x02, 0x00,
    0xb0, 0x01, 0x00, 0x00, 0xf8, 0x00, 0x02, 0x00, 0xbf, 0x01, 0x00, 0x00, 0x7c, 0x00, 0x04, 0x00,
    0x09, 0x00, 0x00, 0x00, 0x31, 0x02, 0x00, 0x00, 0x56, 0x00, 0x00, 0x00, 0x84, 0x00, 0x05, 0x00,
    0x09, 0x00, 0x00, 0x00, 0x32, 0x02, 0x00, 0x00, 0x31, 0x02, 0x00, 0x00, 0x21, 0x00, 0x00, 0x00,
    0x80, 0x00, 0x05, 0x00, 0x09, 0x00, 0x00, 0x00, 0x33, 0x02, 0x00, 0x00, 0x2c, 0x00, 0x00, 0x00,
    0x32, 0x02, 0x00, 0x00, 0xc3, 0x00, 0x05, 0x00, 0x0c, 0x00, 0x00, 0x00, 0x34, 0x02, 0x00, 0x00,
    0x65, 0x00, 0x00, 0x00, 0x2d, 0x00, 0x00, 0x00, 0x7c, 0x00, 0x04, 0x00, 0x09, 0x00, 0x00, 0x00,
    0x35, 0x02, 0x00, 0x00, 0x34, 0x02, 0x00, 0x00, 0x80, 0x00, 0x05, 0x00, 0x09, 0x00, 0x00, 0x00,
    0x36, 0x02, 0x00, 0x00, 0x33, 0x02, 0x00, 0x00, 0x35, 0x02, 0x00, 0x00, 0x82, 0x00, 0x05, 0x00,
    0x09, 0x00, 0x00, 0x00, 0x37, 0x02, 0x00, 0x00, 0x36, 0x02, 0x00, 0x00, 0x29, 0x00, 0x00, 0x00,
    0xc2, 0x00, 0x05, 0x00, 0x09, 0x00, 0x00, 0x00, 0x38, 0x02, 0x00, 0x00, 0x37, 0x02, 0x00, 0x00,
    0x12, 0x00, 0x00, 0x00, 0x80, 0x00, 0x05, 0x00, 0x09, 0x00, 0x00, 0x00, 0x39, 0x02, 0x00, 0x00,
    0x0b, 0x00, 0x00, 0x00, 0x38, 0x02, 0x00, 0x00, 0x41, 0x00, 0x06, 0x00, 0x38, 0x00, 0x00, 0x00,
    0x3a, 0x02, 0x00, 0x00, 0x07, 0x00, 0x00, 0x00, 0x11, 0x00, 0x00, 0x00, 0x39, 0x02, 0x00, 0x00,
    0x3d, 0x00, 0x04, 0x00, 0x09, 0x00, 0x00, 0x00, 0x3b, 0x02, 0x00, 0x00, 0x3a, 0x02, 0x00, 0x00,
    0xc7, 0x00, 0x05, 0x00, 0x09, 0x00, 0x00, 0x00, 0x3c, 0x02, 0x00, 0x00, 0x36, 0x02, 0x00, 0x00,
    0x12, 0x00, 0x00, 0x00, 0xab, 0x00, 0x05, 0x00, 0x15, 0x00, 0x00, 0x00, 0x3d, 0x02, 0x00, 0x00,
    0x3c, 0x02, 0x00, 0x00, 0x0e, 0x00, 0x00, 0x00, 0xf7, 0x00, 0x03, 0x00, 0x3e, 0x02, 0x00, 0x00,
    0x00, 0x00, 0x00, 0x00, 0xfa, 0x00, 0x04, 0x00, 0x3d, 0x02, 0x00, 0x00, 0x3f, 0x02, 0x00, 0x00,
    0x40, 0x02, 0x00, 0x00, 0xf8, 0x00, 0x02, 0x00, 0x40, 0x02, 0x00, 0x00, 0xc7, 0x00, 0x05, 0x00,
    0x09, 0x00, 0x00, 0x00, 0x41, 0x02, 0x00, 0x00, 0x3b, 0x02, 0x00, 0x00, 0x30, 0x00, 0x00, 0x00,
    0xf9, 0x00, 0x02, 0x00, 0x3e, 0x02, 0x00, 0x00, 0xf8, 0x00, 0x02, 0x00, 0x3f, 0x02, 0x00, 0x00,
    0xc2, 0x00, 0x05, 0x00, 0x09, 0x00, 0x00, 0x00, 0x42, 0x02, 0x00, 0x00, 0x3b, 0x02, 0x00, 0x00,
    0x0a, 0x00, 0x00, 0x00, 0xf9, 0x00, 0x02, 0x00, 0x3e, 0x02, 0x00, 0x00, 0xf8, 0x00, 0x02, 0x00,
    0x3e, 0x02, 0x00, 0x00, 0xf5, 0x00, 0x07, 0x00, 0x09, 0x00, 0x00, 0x00, 0x43, 0x02, 0x00, 0x00,
    0x42, 0x02, 0x00, 0x00, 0x3f, 0x02, 0x00, 0x00, 0x41, 0x02, 0x00, 0x00, 0x40, 0x02, 0x00, 0x00,
    0xc3, 0x00, 0x05, 0x00, 0x0c, 0x00, 0x00, 0x00, 0x44, 0x02, 0x00, 0x00, 0x65, 0x00, 0x00, 0x00,
    0x2e, 0x00, 0x00, 0x00, 0xc7, 0x00, 0x05, 0x00, 0x0c, 0x00, 0x00, 0x00, 0x45, 0x02, 0x00, 0x00,
    0x44, 0x02, 0x00, 0x00, 0x2f, 0x00, 0x00, 0x00, 0x7c, 0x00, 0x04, 0x00, 0x09, 0x00, 0x00, 0x00,
    0x46, 0x02, 0x00, 0x00, 0x45, 0x02, 0x00, 0x00, 0xc7, 0x00, 0x05, 0x00, 0x09, 0x00, 0x00, 0x00,
    0x47, 0x02, 0x00, 0x00, 0x46, 0x02, 0x00, 0x00, 0x1d, 0x00, 0x00, 0x00, 0xc2, 0x00, 0x05, 0x00,
    0x09, 0x00, 0x00, 0x00, 0x48, 0x02, 0x00, 0x00, 0x24, 0x00, 0x00, 0x00, 0x47, 0x02, 0x00, 0x00,
    0xc7, 0x00, 0x05, 0x00, 0x09, 0x00, 0x00, 0x00, 0x49, 0x02, 0x00, 0x00, 0x43, 0x02, 0x00, 0x00,
    0x48, 0x02, 0x00, 0x00, 0xab, 0x00, 0x05, 0x00, 0x15, 0x00, 0x00, 0x00, 0x4a, 0x02, 0x00, 0x00,
    0x49, 0x02, 0x00, 0x00, 0x0e, 0x00, 0x00, 0x00, 0xf7, 0x00, 0x03, 0x00, 0x4b, 0x02, 0x00, 0x00,
    0x00, 0x00, 0x00, 0x00, 0xfa, 0x00, 0x04, 0x00, 0x4a, 0x02, 0x00, 0x00, 0x4c, 0x02, 0x00, 0x00,
    0x4b, 0x02, 0x00, 0x00, 0xf8, 0x00, 0x02, 0x00, 0x4c, 0x02, 0x00, 0x00, 0xf9, 0x00, 0x02, 0x00,
    0xb0, 0x01, 0x00, 0x00, 0xf8, 0x00, 0x02, 0x00, 0x4b, 0x02, 0x00, 0x00, 0xc7, 0x00, 0x05, 0x00,
    0x09, 0x00, 0x00, 0x00, 0x4d, 0x02, 0x00, 0x00, 0xb3, 0x01, 0x00, 0x00, 0x24, 0x00, 0x00, 0x00,
    0xab, 0x00, 0x05, 0x00, 0x15, 0x00, 0x00, 0x00, 0x4e, 0x02, 0x00, 0x00, 0x4d, 0x02, 0x00, 0x00,
    0x0e, 0x00, 0x00, 0x00, 0xf7, 0x00, 0x03, 0x00, 0x4f, 0x02, 0x00, 0x00, 0x00, 0x00, 0x00, 0x00,
    0xfa, 0x00, 0x04, 0x00, 0x4e, 0x02, 0x00, 0x00, 0x50, 0x02, 0x00, 0x00, 0x51, 0x02, 0x00, 0x00,
    0xf8, 0x00, 0x02, 0x00, 0x51, 0x02, 0x00, 0x00, 0x82, 0x00, 0x05, 0x00, 0x09, 0x00, 0x00, 0x00,
    0x52, 0x02, 0x00, 0x00, 0x0e, 0x00, 0x00, 0x00, 0xb4, 0x01, 0x00, 0x00, 0xc7, 0x00, 0x05, 0x00,
    0x09, 0x00, 0x00, 0x00, 0x53, 0x02, 0x00, 0x00, 0x52, 0x02, 0x00, 0x00, 0x27, 0x00, 0x00, 0x00,
    0x7c, 0x00, 0x04, 0x00, 0x0c, 0x00, 0x00, 0x00, 0x54, 0x02, 0x00, 0x00, 0x53, 0x02, 0x00, 0x00,
    0xf9, 0x00, 0x02, 0x00, 0x4f, 0x02, 0x00, 0x00, 0xf8, 0x00, 0x02, 0x00, 0x50, 0x02, 0x00, 0x00,
    0x80, 0x00, 0x05, 0x00, 0x09, 0x00, 0x00, 0x00, 0x55, 0x02, 0x00, 0x00, 0x31, 0x02, 0x00, 0x00,
    0x3f, 0x00, 0x00, 0x00, 0xc2, 0x00, 0x05, 0x00, 0x09, 0x00, 0x00, 0x00, 0x56, 0x02, 0x00, 0x00,
    0x55, 0x02, 0x00, 0x00, 0x12, 0x00, 0x00, 0x00, 0x80, 0x00, 0x05, 0x00, 0x09, 0x00, 0x00, 0x00,
    0x57, 0x02, 0x00, 0x00, 0x0b, 0x00, 0x00, 0x00, 0x56, 0x02, 0x00, 0x00, 0x41, 0x00, 0x06, 0x00,
    0x38, 0x00, 0x00, 0x00, 0x58, 0x02, 0x00, 0x00, 0x07, 0x00, 0x00, 0x00, 0x11, 0x00, 0x00, 0x00,
    0x57, 0x02, 0x00, 0x00, 0x3d, 0x00, 0x04, 0x00, 0x09, 0x00, 0x00, 0x00, 0x59, 0x02, 0x00, 0x00,
    0x58, 0x02, 0x00, 0x00, 0xc7, 0x00, 0x05, 0x00, 0x09, 0x00, 0x00, 0x00, 0x5a, 0x02, 0x00, 0x00,
    0x31, 0x02, 0x00, 0x00, 0x12, 0x00, 0x00, 0x00, 0xab, 0x00, 0x05, 0x00, 0x15, 0x00, 0x00, 0x00,
    0x5b, 0x02, 0x00, 0x00, 0x5a, 0x02, 0x00, 0x00, 0x0e, 0x00, 0x00, 0x00, 0xf7, 0x00, 0x03, 0x00,
    0x5c, 0x02, 0x00, 0x00, 0x00, 0x00, 0x00, 0x00, 0xfa, 0x00, 0x04, 0x00, 0x5b, 0x02, 0x00, 0x00,
    0x5d, 0x02, 0x00, 0x00, 0x5e, 0x02, 0x00, 0x00, 0xf8, 0x00, 0x02, 0x00, 0x5e, 0x02, 0x00, 0x00,
    0xc7, 0x00, 0x05, 0x00, 0x09, 0x00, 0x00, 0x00, 0x5f, 0x02, 0x00, 0x00, 0x59, 0x02, 0x00, 0x00,
    0x30, 0x00, 0x00, 0x00, 0xf9, 0x00, 0x02, 0x00, 0x5c, 0x02, 0x00, 0x00, 0xf8, 0x00, 0x02, 0x00,
    0x5d, 0x02, 0x00, 0x00, 0xc2, 0x00, 0x05, 0x00, 0x09, 0x00, 0x00, 0x00, 0x60, 0x02, 0x00, 0x00,
    0x59, 0x02, 0x00, 0x00, 0x0a, 0x00, 0x00, 0x00, 0xf9, 0x00, 0x02, 0x00, 0x5c, 0x02, 0x00, 0x00,
    0xf8, 0x00, 0x02, 0x00, 0x5c, 0x02, 0x00, 0x00, 0xf5, 0x00, 0x07, 0x00, 0x09, 0x00, 0x00, 0x00,
    0x61, 0x02, 0x00, 0x00, 0x60, 0x02, 0x00, 0x00, 0x5d, 0x02, 0x00, 0x00, 0x5f, 0x02, 0x00, 0x00,
    0x5e, 0x02, 0x00, 0x00, 0x82, 0x00, 0x05, 0x00, 0x09, 0x00, 0x00, 0x00, 0x62, 0x02, 0x00, 0x00,
    0x0e, 0x00, 0x00, 0x00, 0x61, 0x02, 0x00, 0x00, 0xc7, 0x00, 0x05, 0x00, 0x09, 0x00, 0x00, 0x00,
    0x63, 0x02, 0x00, 0x00, 0x62, 0x02, 0x00, 0x00, 0x27, 0x00, 0x00, 0x00, 0x7c, 0x00, 0x04, 0x00,
    0x0c, 0x00, 0x00, 0x00, 0x64, 0x02, 0x00, 0x00, 0x63, 0x02, 0x00, 0x00, 0xf9, 0x00, 0x02, 0x00,
    0x4f, 0x02, 0x00, 0x00, 0xf8, 0x00, 0x02, 0x00, 0x4f, 0x02, 0x00, 0x00, 0xf5, 0x00, 0x07, 0x00,
    0x0c, 0x00, 0x00, 0x00, 0x65, 0x02, 0x00, 0x00, 0x64, 0x02, 0x00, 0x00, 0x5c, 0x02, 0x00, 0x00,
    0x54, 0x02, 0x00, 0x00, 0x51, 0x02, 0x00, 0x00, 0x80, 0x00, 0x05, 0x00, 0x0c, 0x00, 0x00, 0x00,
    0x66, 0x02, 0x00, 0x00, 0x65, 0x00, 0x00, 0x00, 0x65, 0x02, 0x00, 0x00, 0xc7, 0x00, 0x05, 0x00,
    0x09, 0x00, 0x00, 0x00, 0x67, 0x02, 0x00, 0x00, 0xb6, 0x01, 0x00, 0x00, 0x27, 0x00, 0x00, 0x00,
    0x7c, 0x00, 0x04, 0x00, 0x0c, 0x00, 0x00, 0x00, 0x68, 0x02, 0x00, 0x00, 0x67, 0x02, 0x00, 0x00,
    0x80, 0x00, 0x05, 0x00, 0x0c, 0x00, 0x00, 0x00, 0x69, 0x02, 0x00, 0x00, 0x68, 0x02, 0x00, 0x00,
    0x56, 0x00, 0x00, 0x00, 0xc7, 0x00, 0x05, 0x00, 0x0c, 0x00, 0x00, 0x00, 0x6a, 0x02, 0x00, 0x00,
    0x69, 0x02, 0x00, 0x00, 0x32, 0x00, 0x00, 0x00, 0x7c, 0x00, 0x04, 0x00, 0x09, 0x00, 0x00, 0x00,
    0x6b, 0x02, 0x00, 0x00, 0x6a, 0x02, 0x00, 0x00, 0x84, 0x00, 0x05, 0x00, 0x09, 0x00, 0x00, 0x00,
    0x6c, 0x02, 0x00, 0x00, 0x6b, 0x02, 0x00, 0x00, 0x28, 0x00, 0x00, 0x00, 0x80, 0x00, 0x05, 0x00,
    0x09, 0x00, 0x00, 0x00, 0x6d, 0x02, 0x00, 0x00, 0x40, 0x00, 0x00, 0x00, 0x6c, 0x02, 0x00, 0x00,
    0xc7, 0x00, 0x05, 0x00, 0x0c, 0x00, 0x00, 0x00, 0x6e, 0x02, 0x00, 0x00, 0x66, 0x02, 0x00, 0x00,
    0x32, 0x00, 0x00, 0x00, 0x7c, 0x00, 0x04, 0x00, 0x09, 0x00, 0x00, 0x00, 0x6f, 0x02, 0x00, 0x00,
    0x6e, 0x02, 0x00, 0x00, 0x80, 0x00, 0x05, 0x00, 0x09, 0x00, 0x00, 0x00, 0x70, 0x02, 0x00, 0x00,
    0x6d, 0x02, 0x00, 0x00, 0x6f, 0x02, 0x00, 0x00, 0xc2, 0x00, 0x05, 0x00, 0x09, 0x00, 0x00, 0x00,
    0x71, 0x02, 0x00, 0x00, 0x70, 0x02, 0x00, 0x00, 0x12, 0x00, 0x00, 0x00, 0x41, 0x00, 0x06, 0x00,
    0x38, 0x00, 0x00, 0x00, 0x72, 0x02, 0x00, 0x00, 0x06, 0x00, 0x00, 0x00, 0x11, 0x00, 0x00, 0x00,
    0x71, 0x02, 0x00, 0x00, 0x3d, 0x00, 0x04, 0x00, 0x09, 0x00, 0x00, 0x00, 0x73, 0x02, 0x00, 0x00,
    0x72, 0x02, 0x00, 0x00, 0xc7, 0x00, 0x05, 0x00, 0x09, 0x00, 0x00, 0x00, 0x74, 0x02, 0x00, 0x00,
    0x70, 0x02, 0x00, 0x00, 0x12, 0x00, 0x00, 0x00, 0xab, 0x00, 0x05, 0x00, 0x15, 0x00, 0x00, 0x00,
    0x75, 0x02, 0x00, 0x00, 0x74, 0x02, 0x00, 0x00, 0x0e, 0x00, 0x00, 0x00, 0xf7, 0x00, 0x03, 0x00,
    0x76, 0x02, 0x00, 0x00, 0x00, 0x00, 0x00, 0x00, 0xfa, 0x00, 0x04, 0x00, 0x75, 0x02, 0x00, 0x00,
    0x77, 0x02, 0x00, 0x00, 0x78, 0x02, 0x00, 0x00, 0xf8, 0x00, 0x02, 0x00, 0x78, 0x02, 0x00, 0x00,
    0xc7, 0x00, 0x05, 0x00, 0x09, 0x00, 0x00, 0x00, 0x79, 0x02, 0x00, 0x00, 0x73, 0x02, 0x00, 0x00,
    0x30, 0x00, 0x00, 0x00, 0xf9, 0x00, 0x02, 0x00, 0x76, 0x02, 0x00, 0x00, 0xf8, 0x00, 0x02, 0x00,
    0x77, 0x02, 0x00, 0x00, 0xc2, 0x00, 0x05, 0x00, 0x09, 0x00, 0x00, 0x00, 0x7a, 0x02, 0x00, 0x00,
    0x73, 0x02, 0x00, 0x00, 0x0a, 0x00, 0x00, 0x00, 0xf9, 0x00, 0x02, 0x00, 0x76, 0x02, 0x00, 0x00,
    0xf8, 0x00, 0x02, 0x00, 0x76, 0x02, 0x00, 0x00, 0xf5, 0x00, 0x07, 0x00, 0x09, 0x00, 0x00, 0x00,
    0x7b, 0x02, 0x00, 0x00, 0x7a, 0x02, 0x00, 0x00, 0x77, 0x02, 0x00, 0x00, 0x79, 0x02, 0x00, 0x00,
    0x78, 0x02, 0x00, 0x00, 0xc7, 0x00, 0x05, 0x00, 0x09, 0x00, 0x00, 0x00, 0x7c, 0x02, 0x00, 0x00,
    0x7b, 0x02, 0x00, 0x00, 0x2b, 0x00, 0x00, 0x00, 0xf9, 0x00, 0x02, 0x00, 0xb0, 0x01, 0x00, 0x00,
    0xf8, 0x00, 0x02, 0x00, 0xb0, 0x01, 0x00, 0x00, 0xf5, 0x00, 0x0d, 0x00, 0x09, 0x00, 0x00, 0x00,
    0x7d, 0x02, 0x00, 0x00, 0x0e, 0x00, 0x00, 0x00, 0xbc, 0x01, 0x00, 0x00, 0x0e, 0x00, 0x00, 0x00,
    0x2f, 0x02, 0x00, 0x00, 0x30, 0x02, 0x00, 0x00, 0x2e, 0x02, 0x00, 0x00, 0x0e, 0x00, 0x00, 0x00,
    0x4c, 0x02, 0x00, 0x00, 0x7c, 0x02, 0x00, 0x00, 0x76, 0x02, 0x00, 0x00, 0xf5, 0x00, 0x0d, 0x00,
    0x15, 0x00, 0x00, 0x00, 0x7e, 0x02, 0x00, 0x00, 0x16, 0x00, 0x00, 0x00, 0xbc, 0x01, 0x00, 0x00,
    0x16, 0x00, 0x00, 0x00, 0x2f, 0x02, 0x00, 0x00, 0x20, 0x00, 0x00, 0x00, 0x2e, 0x02, 0x00, 0x00,
    0x16, 0x00, 0x00, 0x00, 0x4c, 0x02, 0x00, 0x00, 0x20, 0x00, 0x00, 0x00, 0x76, 0x02, 0x00, 0x00,
    0xf7, 0x00, 0x03, 0x00, 0x7f, 0x02, 0x00, 0x00, 0x00, 0x00, 0x00, 0x00, 0xfa, 0x00, 0x04, 0x00,
    0x7e, 0x02, 0x00, 0x00, 0x80, 0x02, 0x00, 0x00, 0x7f, 0x02, 0x00, 0x00, 0xf8, 0x00, 0x02, 0x00,
    0x80, 0x02, 0x00, 0x00, 0xf9, 0x00, 0x02, 0x00, 0x6a, 0x00, 0x00, 0x00, 0xf8, 0x00, 0x02, 0x00,
    0x7f, 0x02, 0x00, 0x00, 0xf7, 0x00, 0x03, 0x00, 0x81, 0x02, 0x00, 0x00, 0x00, 0x00, 0x00, 0x00,
    0xfb, 0x00, 0x03, 0x00, 0x0e, 0x00, 0x00, 0x00, 0x82, 0x02, 0x00, 0x00, 0xf8, 0x00, 0x02, 0x00,
    0x82, 0x02, 0x00, 0x00, 0x3d, 0x00, 0x04, 0x00, 0x09, 0x00, 0x00, 0x00, 0x83, 0x02, 0x00, 0x00,
    0xb2, 0x01, 0x00, 0x00, 0xc2, 0x00, 0x05, 0x00, 0x09, 0x00, 0x00, 0x00, 0x84, 0x02, 0x00, 0x00,
    0x83, 0x02, 0x00, 0x00, 0x0a, 0x00, 0x00, 0x00, 0x3d, 0x00, 0x04, 0x00, 0x09, 0x00, 0x00, 0x00,
    0x85, 0x02, 0x00, 0x00, 0xb5, 0x01, 0x00, 0x00, 0xc2, 0x00, 0x05, 0x00, 0x09, 0x00, 0x00, 0x00,
    0x86, 0x02, 0x00, 0x00, 0x85, 0x02, 0x00, 0x00, 0x0a, 0x00, 0x00, 0x00, 0x3d, 0x00, 0x04, 0x00,
    0x09, 0x00, 0x00, 0x00, 0x87, 0x02, 0x00, 0x00, 0xb5, 0x01, 0x00, 0x00, 0xc7, 0x00, 0x05, 0x00,
    0x09, 0x00, 0x00, 0x00, 0x88, 0x02, 0x00, 0x00, 0x86, 0x02, 0x00, 0x00, 0x24, 0x00, 0x00, 0x00,
    0xab, 0x00, 0x05, 0x00, 0x15, 0x00, 0x00, 0x00, 0x89, 0x02, 0x00, 0x00, 0x88, 0x02, 0x00, 0x00,
    0x0e, 0x00, 0x00, 0x00, 0xf7, 0x00, 0x03, 0x00, 0x8a, 0x02, 0x00, 0x00, 0x00, 0x00, 0x00, 0x00,
    0xfa, 0x00, 0x04, 0x00, 0x89, 0x02, 0x00, 0x00, 0x8b, 0x02, 0x00, 0x00, 0x8a, 0x02, 0x00, 0x00,
    0xf8, 0x00, 0x02, 0x00, 0x8b, 0x02, 0x00, 0x00, 0xf9, 0x00, 0x02, 0x00, 0x81, 0x02, 0x00, 0x00,
    0xf8, 0x00, 0x02, 0x00, 0x8a, 0x02, 0x00, 0x00, 0xc7, 0x00, 0x05, 0x00, 0x09, 0x00, 0x00, 0x00,
    0x8c, 0x02, 0x00, 0x00, 0x87, 0x02, 0x00, 0x00, 0x25, 0x00, 0x00, 0x00, 0xab, 0x00, 0x05, 0x00,
    0x15, 0x00, 0x00, 0x00, 0x8d, 0x02, 0x00, 0x00, 0x8c, 0x02, 0x00, 0x00, 0x0e, 0x00, 0x00, 0x00,
    0xf7, 0x00, 0x03, 0x00, 0x8e, 0x02, 0x00, 0x00, 0x00, 0x00, 0x00, 0x00, 0xfa, 0x00, 0x04, 0x00,
    0x8d, 0x02, 0x00, 0x00, 0x8f, 0x02, 0x00, 0x00, 0x8e, 0x02, 0x00, 0x00, 0xf8, 0x00, 0x02, 0x00,
    0x8f, 0x02, 0x00, 0x00, 0xf9, 0x00, 0x02, 0x00, 0x81, 0x02, 0x00, 0x00, 0xf8, 0x00, 0x02, 0x00,
    0x8e, 0x02, 0x00, 0x00, 0x7c, 0x00, 0x04, 0x00, 0x09, 0x00, 0x00, 0x00, 0x90, 0x02, 0x00, 0x00,
    0x56, 0x00, 0x00, 0x00, 0x84, 0x00, 0x05, 0x00, 0x09, 0x00, 0x00, 0x00, 0x91, 0x02, 0x00, 0x00,
    0x90, 0x02, 0x00, 0x00, 0x21, 0x00, 0x00, 0x00, 0x80, 0x00, 0x05, 0x00, 0x09, 0x00, 0x00, 0x00,
    0x92, 0x02, 0x00, 0x00, 0x2c, 0x00, 0x00, 0x00, 0x91, 0x02, 0x00, 0x00, 0xc3, 0x00, 0x05, 0x00,
    0x0c, 0x00, 0x00, 0x00, 0x93, 0x02, 0x00, 0x00, 0x65, 0x00, 0x00, 0x00, 0x2d, 0x00, 0x00, 0x00,
    0x7c, 0x00, 0x04, 0x00, 0x09, 0x00, 0x00, 0x00, 0x94, 0x02, 0x00, 0x00, 0x93, 0x02, 0x00, 0x00,
    0x80, 0x00, 0x05, 0x00, 0x09, 0x00, 0x00, 0x00, 0x95, 0x02, 0x00, 0x00, 0x92, 0x02, 0x00, 0x00,
    0x94, 0x02, 0x00, 0x00, 0x82, 0x00, 0x05, 0x00, 0x09, 0x00, 0x00, 0x00, 0x96, 0x02, 0x00, 0x00,
    0x95, 0x02, 0x00, 0x00, 0x29, 0x00, 0x00, 0x00, 0xc2, 0x00, 0x05, 0x00, 0x09, 0x00, 0x00, 0x00,
    0x97, 0x02, 0x00, 0x00, 0x96, 0x02, 0x00, 0x00, 0x12, 0x00, 0x00, 0x00, 0x80, 0x00, 0x05, 0x00,
    0x09, 0x00, 0x00, 0x00, 0x98, 0x02, 0x00, 0x00, 0x0b, 0x00, 0x00, 0x00, 0x97, 0x02, 0x00, 0x00,
    0x41, 0x00, 0x06, 0x00, 0x38, 0x00, 0x00, 0x00, 0x99, 0x02, 0x00, 0x00, 0x07, 0x00, 0x00, 0x00,
    0x11, 0x00, 0x00, 0x00, 0x98, 0x02, 0x00, 0x00, 0x3d, 0x00, 0x04, 0x00, 0x09, 0x00, 0x00, 0x00,
    0x9a, 0x02, 0x00, 0x00, 0x99, 0x02, 0x00, 0x00, 0xc7, 0x00, 0x05, 0x00, 0x09, 0x00, 0x00, 0x00,
    0x9b, 0x02, 0x00, 0x00, 0x95, 0x02, 0x00, 0x00, 0x12, 0x00, 0x00, 0x00, 0xab, 0x00, 0x05, 0x00,
    0x15, 0x00, 0x00, 0x00, 0x9c, 0x02, 0x00, 0x00, 0x9b, 0x02, 0x00, 0x00, 0x0e, 0x00, 0x00, 0x00,
    0xf7, 0x00, 0x03, 0x00, 0x9d, 0x02, 0x00, 0x00, 0x00, 0x00, 0x00, 0x00, 0xfa, 0x00, 0x04, 0x00,
    0x9c, 0x02, 0x00, 0x00, 0x9e, 0x02, 0x00, 0x00, 0x9f, 0x02, 0x00, 0x00, 0xf8, 0x00, 0x02, 0x00,
    0x9f, 0x02, 0x00, 0x00, 0xc7, 0x00, 0x05, 0x00, 0x09, 0x00, 0x00, 0x00, 0xa0, 0x02, 0x00, 0x00,
    0x9a, 0x02, 0x00, 0x00, 0x30, 0x00, 0x00, 0x00, 0xf9, 0x00, 0x02, 0x00, 0x9d, 0x02, 0x00, 0x00,
    0xf8, 0x00, 0x02, 0x00, 0x9e, 0x02, 0x00, 0x00, 0xc2, 0x00, 0x05, 0x00, 0x09, 0x00, 0x00, 0x00,
    0xa1, 0x02, 0x00, 0x00, 0x9a, 0x02, 0x00, 0x00, 0x0a, 0x00, 0x00, 0x00, 0xf9, 0x00, 0x02, 0x00,
    0x9d, 0x02, 0x00, 0x00, 0xf8, 0x00, 0x02, 0x00, 0x9d, 0x02, 0x00, 0x00, 0xf5, 0x00, 0x07, 0x00,
    0x09, 0x00, 0x00, 0x00, 0xa2, 0x02, 0x00, 0x00, 0xa1, 0x02, 0x00, 0x00, 0x9e, 0x02, 0x00, 0x00,
    0xa0, 0x02, 0x00, 0x00, 0x9f, 0x02, 0x00, 0x00, 0xc8, 0x00, 0x04, 0x00, 0x09, 0x00, 0x00, 0x00,
    0xa3, 0x02, 0x00, 0x00, 0xa2, 0x02, 0x00, 0x00, 0xc3, 0x00, 0x05, 0x00, 0x0c, 0x00, 0x00, 0x00,
    0xa4, 0x02, 0x00, 0x00, 0x65, 0x00, 0x00, 0x00, 0x2e, 0x00, 0x00, 0x00, 0xc7, 0x00, 0x05, 0x00,
    0x0c, 0x00, 0x00, 0x00, 0xa5, 0x02, 0x00, 0x00, 0xa4, 0x02, 0x00, 0x00, 0x2f, 0x00, 0x00, 0x00,
    0x7c, 0x00, 0x04, 0x00, 0x09, 0x00, 0x00, 0x00, 0xa6, 0x02, 0x00, 0x00, 0xa5, 0x02, 0x00, 0x00,
    0xc7, 0x00, 0x05, 0x00, 0x09, 0x00, 0x00, 0x00, 0xa7, 0x02, 0x00, 0x00, 0xa6, 0x02, 0x00, 0x00,
    0x1d, 0x00, 0x00, 0x00, 0xc2, 0x00, 0x05, 0x00, 0x09, 0x00, 0x00, 0x00, 0xa8, 0x02, 0x00, 0x00,
    0x24, 0x00, 0x00, 0x00, 0xa7, 0x02, 0x00, 0x00, 0xc7, 0x00, 0x05, 0x00, 0x09, 0x00, 0x00, 0x00,
    0xa9, 0x02, 0x00, 0x00, 0xa3, 0x02, 0x00, 0x00, 0xa8, 0x02, 0x00, 0x00, 0xab, 0x00, 0x05, 0x00,
    0x15, 0x00, 0x00, 0x00, 0xaa, 0x02, 0x00, 0x00, 0xa9, 0x02, 0x00, 0x00, 0x0e, 0x00, 0x00, 0x00,
    0xf7, 0x00, 0x03, 0x00, 0xab, 0x02, 0x00, 0x00, 0x00, 0x00, 0x00, 0x00, 0xfa, 0x00, 0x04, 0x00,
    0xaa, 0x02, 0x00, 0x00, 0xac, 0x02, 0x00, 0x00, 0xab, 0x02, 0x00, 0x00, 0xf8, 0x00, 0x02, 0x00,
    0xac, 0x02, 0x00, 0x00, 0xf9, 0x00, 0x02, 0x00, 0x81, 0x02, 0x00, 0x00, 0xf8, 0x00, 0x02, 0x00,
    0xab, 0x02, 0x00, 0x00, 0xc7, 0x00, 0x05, 0x00, 0x09, 0x00, 0x00, 0x00, 0xad, 0x02, 0x00, 0x00,
    0x84, 0x02, 0x00, 0x00, 0x24, 0x00, 0x00, 0x00, 0xab, 0x00, 0x05, 0x00, 0x15, 0x00, 0x00, 0x00,
    0xae, 0x02, 0x00, 0x00, 0xad, 0x02, 0x00, 0x00, 0x0e, 0x00, 0x00, 0x00, 0xf7, 0x00, 0x03, 0x00,
    0xaf, 0x02, 0x00, 0x00, 0x00, 0x00, 0x00, 0x00, 0xfa, 0x00, 0x04, 0x00, 0xae, 0x02, 0x00, 0x00,
    0xb0, 0x02, 0x00, 0x00, 0xb1, 0x02, 0x00, 0x00, 0xf8, 0x00, 0x02, 0x00, 0xb1, 0x02, 0x00, 0x00,
    0x82, 0x00, 0x05, 0x00, 0x09, 0x00, 0x00, 0x00, 0xb2, 0x02, 0x00, 0x00, 0x0e, 0x00, 0x00, 0x00,
    0x84, 0x02, 0x00, 0x00, 0xc7, 0x00, 0x05, 0x00, 0x09, 0x00, 0x00, 0x00, 0xb3, 0x02, 0x00, 0x00,
    0xb2, 0x02, 0x00, 0x00, 0x27, 0x00, 0x00, 0x00, 0x7c, 0x00, 0x04, 0x00, 0x0c, 0x00, 0x00, 0x00,
    0xb4, 0x02, 0x00, 0x00, 0xb3, 0x02, 0x00, 0x00, 0xf9, 0x00, 0x02, 0x00, 0xaf, 0x02, 0x00, 0x00,
    0xf8, 0x00, 0x02, 0x00, 0xb0, 0x02, 0x00, 0x00, 0x80, 0x00, 0x05, 0x00, 0x09, 0x00, 0x00, 0x00,
    0xb5, 0x02, 0x00, 0x00, 0x90, 0x02, 0x00, 0x00, 0x41, 0x00, 0x00, 0x00, 0xc2, 0x00, 0x05, 0x00,
    0x09, 0x00, 0x00, 0x00, 0xb6, 0x02, 0x00, 0x00, 0xb5, 0x02, 0x00, 0x00, 0x12, 0x00, 0x00, 0x00,
    0x80, 0x00, 0x05, 0x00, 0x09, 0x00, 0x00, 0x00, 0xb7, 0x02, 0x00, 0x00, 0x0b, 0x00, 0x00, 0x00,
    0xb6, 0x02, 0x00, 0x00, 0x41, 0x00, 0x06, 0x00, 0x38, 0x00, 0x00, 0x00, 0xb8, 0x02, 0x00, 0x00,
    0x07, 0x00, 0x00, 0x00, 0x11, 0x00, 0x00, 0x00, 0xb7, 0x02, 0x00, 0x00, 0x3d, 0x00, 0x04, 0x00,
    0x09, 0x00, 0x00, 0x00, 0xb9, 0x02, 0x00, 0x00, 0xb8, 0x02, 0x00, 0x00, 0xc7, 0x00, 0x05, 0x00,
    0x09, 0x00, 0x00, 0x00, 0xba, 0x02, 0x00, 0x00, 0x90, 0x02, 0x00, 0x00, 0x12, 0x00, 0x00, 0x00,
    0xab, 0x00, 0x05, 0x00, 0x15, 0x00, 0x00, 0x00, 0xbb, 0x02, 0x00, 0x00, 0xba, 0x02, 0x00, 0x00,
    0x0e, 0x00, 0x00, 0x00, 0xf7, 0x00, 0x03, 0x00, 0xbc, 0x02, 0x00, 0x00, 0x00, 0x00, 0x00, 0x00,
    0xfa, 0x00, 0x04, 0x00, 0xbb, 0x02, 0x00, 0x00, 0xbd, 0x02, 0x00, 0x00, 0xbe, 0x02, 0x00, 0x00,
    0xf8, 0x00, 0x02, 0x00, 0xbe, 0x02, 0x00, 0x00, 0xc7, 0x00, 0x05, 0x00, 0x09, 0x00, 0x00, 0x00,
    0xbf, 0x02, 0x00, 0x00, 0xb9, 0x02, 0x00, 0x00, 0x30, 0x00, 0x00, 0x00, 0xf9, 0x00, 0x02, 0x00,
    0xbc, 0x02, 0x00, 0x00, 0xf8, 0x00, 0x02, 0x00, 0xbd, 0x02, 0x00, 0x00, 0xc2, 0x00, 0x05, 0x00,
    0x09, 0x00, 0x00, 0x00, 0xc0, 0x02, 0x00, 0x00, 0xb9, 0x02, 0x00, 0x00, 0x0a, 0x00, 0x00, 0x00,
    0xf9, 0x00, 0x02, 0x00, 0xbc, 0x02, 0x00, 0x00, 0xf8, 0x00, 0x02, 0x00, 0xbc, 0x02, 0x00, 0x00,
    0xf5, 0x00, 0x07, 0x00, 0x09, 0x00, 0x00, 0x00, 0xc1, 0x02, 0x00, 0x00, 0xc0, 0x02, 0x00, 0x00,
    0xbd, 0x02, 0x00, 0x00, 0xbf, 0x02, 0x00, 0x00, 0xbe, 0x02, 0x00, 0x00, 0x82, 0x00, 0x05, 0x00,
    0x09, 0x00, 0x00, 0x00, 0xc2, 0x02, 0x00, 0x00, 0x0e, 0x00, 0x00, 0x00, 0xc1, 0x02, 0x00, 0x00,
    0xc7, 0x00, 0x05, 0x00, 0x09, 0x00, 0x00, 0x00, 0xc3, 0x02, 0x00, 0x00, 0xc2, 0x02, 0x00, 0x00,
    0x27, 0x00, 0x00, 0x00, 0x7c, 0x00, 0x04, 0x00, 0x0c, 0x00, 0x00, 0x00, 0xc4, 0x02, 0x00, 0x00,
    0xc3, 0x02, 0x00, 0x00, 0xf9, 0x00, 0x02, 0x00, 0xaf, 0x02, 0x00, 0x00, 0xf8, 0x00, 0x02, 0x00,
    0xaf, 0x02, 0x00, 0x00, 0xf5, 0x00, 0x07, 0x00, 0x0c, 0x00, 0x00, 0x00, 0xc5, 0x02, 0x00, 0x00,
    0xc4, 0x02, 0x00, 0x00, 0xbc, 0x02, 0x00, 0x00, 0xb4, 0x02, 0x00, 0x00, 0xb1, 0x02, 0x00, 0x00,
    0x80, 0x00, 0x05, 0x00, 0x0c, 0x00, 0x00, 0x00, 0xc6, 0x02, 0x00, 0x00, 0x65, 0x00, 0x00, 0x00,
    0xc5, 0x02, 0x00, 0x00, 0xc7, 0x00, 0x05, 0x00, 0x09, 0x00, 0x00, 0x00, 0xc7, 0x02, 0x00, 0x00,
    0x86, 0x02, 0x00, 0x00, 0x27, 0x00, 0x00, 0x00, 0x7c, 0x00, 0x04, 0x00, 0x0c, 0x00, 0x00, 0x00,
    0xc8, 0x02, 0x00, 0x00, 0xc7, 0x02, 0x00, 0x00, 0x80, 0x00, 0x05, 0x00, 0x0c, 0x00, 0x00, 0x00,
    0xc9, 0x02, 0x00, 0x00, 0xc8, 0x02, 0x00, 0x00, 0x56, 0x00, 0x00, 0x00, 0xc7, 0x00, 0x05, 0x00,
    0x0c, 0x00, 0x00, 0x00, 0xca, 0x02, 0x00, 0x00, 0xc9, 0x02, 0x00, 0x00, 0x32, 0x00, 0x00, 0x00,
    0x7c, 0x00, 0x04, 0x00, 0x09, 0x00, 0x00, 0x00, 0xcb, 0x02, 0x00, 0x00, 0xca, 0x02, 0x00, 0x00,
    0x84, 0x00, 0x05, 0x00, 0x09, 0x00, 0x00, 0x00, 0xcc, 0x02, 0x00, 0x00, 0xcb, 0x02, 0x00, 0x00,
    0x28, 0x00, 0x00, 0x00, 0x80, 0x00, 0x05, 0x00, 0x09, 0x00, 0x00, 0x00, 0xcd, 0x02, 0x00, 0x00,
    0x42, 0x00, 0x00, 0x00, 0xcc, 0x02, 0x00, 0x00, 0xc7, 0x00, 0x05, 0x00, 0x0c, 0x00, 0x00, 0x00,
    0xce, 0x02, 0x00, 0x00, 0xc6, 0x02, 0x00, 0x00, 0x32, 0x00, 0x00, 0x00, 0x7c, 0x00, 0x04, 0x00,
    0x09, 0x00, 0x00, 0x00, 0xcf, 0x02, 0x00, 0x00, 0xce, 0x02, 0x00, 0x00, 0x80, 0x00, 0x05, 0x00,
    0x09, 0x00, 0x00, 0x00, 0xd0, 0x02, 0x00, 0x00, 0xcd, 0x02, 0x00, 0x00, 0xcf, 0x02, 0x00, 0x00,
    0xc2, 0x00, 0x05, 0x00, 0x09, 0x00, 0x00, 0x00, 0xd1, 0x02, 0x00, 0x00, 0xd0, 0x02, 0x00, 0x00,
    0x12, 0x00, 0x00, 0x00, 0x41, 0x00, 0x06, 0x00, 0x38, 0x00, 0x00, 0x00, 0xd2, 0x02, 0x00, 0x00,
    0x06, 0x00, 0x00, 0x00, 0x11, 0x00, 0x00, 0x00, 0xd1, 0x02, 0x00, 0x00, 0x3d, 0x00, 0x04, 0x00,
    0x09, 0x00, 0x00, 0x00, 0xd3, 0x02, 0x00, 0x00, 0xd2, 0x02, 0x00, 0x00, 0xc7, 0x00, 0x05, 0x00,
    0x09, 0x00, 0x00, 0x00, 0xd4, 0x02, 0x00, 0x00, 0xd0, 0x02, 0x00, 0x00, 0x12, 0x00, 0x00, 0x00,
    0xab, 0x00, 0x05, 0x00, 0x15, 0x00, 0x00, 0x00, 0xd5, 0x02, 0x00, 0x00, 0xd4, 0x02, 0x00, 0x00,
    0x0e, 0x00, 0x00, 0x00, 0xf7, 0x00, 0x03, 0x00, 0xd6, 0x02, 0x00, 0x00, 0x00, 0x00, 0x00, 0x00,
    0xfa, 0x00, 0x04, 0x00, 0xd5, 0x02, 0x00, 0x00, 0xd7, 0x02, 0x00, 0x00, 0xd8, 0x02, 0x00, 0x00,
    0xf8, 0x00, 0x02, 0x00, 0xd8, 0x02, 0x00, 0x00, 0xc7, 0x00, 0x05, 0x00, 0x09, 0x00, 0x00, 0x00,
    0xd9, 0x02, 0x00, 0x00, 0xd3, 0x02, 0x00, 0x00, 0x30, 0x00, 0x00, 0x00, 0xf9, 0x00, 0x02, 0x00,
    0xd6, 0x02, 0x00, 0x00, 0xf8, 0x00, 0x02, 0x00, 0xd7, 0x02, 0x00, 0x00, 0xc2, 0x00, 0x05, 0x00,
    0x09, 0x00, 0x00, 0x00, 0xda, 0x02, 0x00, 0x00, 0xd3, 0x02, 0x00, 0x00, 0x0a, 0x00, 0x00, 0x00,
    0xf9, 0x00, 0x02, 0x00, 0xd6, 0x02, 0x00, 0x00, 0xf8, 0x00, 0x02, 0x00, 0xd6, 0x02, 0x00, 0x00,
    0xf5, 0x00, 0x07, 0x00, 0x09, 0x00, 0x00, 0x00, 0xdb, 0x02, 0x00, 0x00, 0xda, 0x02, 0x00, 0x00,
    0xd7, 0x02, 0x00, 0x00, 0xd9, 0x02, 0x00, 0x00, 0xd8, 0x02, 0x00, 0x00, 0xc7, 0x00, 0x05, 0x00,
    0x09, 0x00, 0x00, 0x00, 0xdc, 0x02, 0x00, 0x00, 0xdb, 0x02, 0x00, 0x00, 0x2b, 0x00, 0x00, 0x00,
    0xf9, 0x00, 0x02, 0x00, 0x81, 0x02, 0x00, 0x00, 0xf8, 0x00, 0x02, 0x00, 0x81, 0x02, 0x00, 0x00,
    0xf5, 0x00, 0x0b, 0x00, 0x09, 0x00, 0x00, 0x00, 0xdd, 0x02, 0x00, 0x00, 0x0e, 0x00, 0x00, 0x00,
    0x8b, 0x02, 0x00, 0x00, 0x0e, 0x00, 0x00, 0x00, 0x8f, 0x02, 0x00, 0x00, 0x0e, 0x00, 0x00, 0x00,
    0xac, 0x02, 0x00, 0x00, 0xdc, 0x02, 0x00, 0x00, 0xd6, 0x02, 0x00, 0x00, 0xf5, 0x00, 0x0b, 0x00,
    0x15, 0x00, 0x00, 0x00, 0xde, 0x02, 0x00, 0x00, 0x16, 0x00, 0x00, 0x00, 0x8b, 0x02, 0x00, 0x00,
    0x16, 0x00, 0x00, 0x00, 0x8f, 0x02, 0x00, 0x00, 0x16, 0x00, 0x00, 0x00, 0xac, 0x02, 0x00, 0x00,
    0x20, 0x00, 0x00, 0x00, 0xd6, 0x02, 0x00, 0x00, 0xf7, 0x00, 0x03, 0x00, 0xdf, 0x02, 0x00, 0x00,
    0x00, 0x00, 0x00, 0x00, 0xfa, 0x00, 0x04, 0x00, 0xde, 0x02, 0x00, 0x00, 0xe0, 0x02, 0x00, 0x00,
    0xdf, 0x02, 0x00, 0x00, 0xf8, 0x00, 0x02, 0x00, 0xe0, 0x02, 0x00, 0x00, 0xf9, 0x00, 0x02, 0x00,
    0x6a, 0x00, 0x00, 0x00, 0xf8, 0x00, 0x02, 0x00, 0xdf, 0x02, 0x00, 0x00, 0xf9, 0x00, 0x02, 0x00,
    0x6a, 0x00, 0x00, 0x00, 0xf8, 0x00, 0x02, 0x00, 0x6a, 0x00, 0x00, 0x00, 0xf5, 0x00, 0x0d, 0x00,
    0x09, 0x00, 0x00, 0x00, 0xe1, 0x02, 0x00, 0x00, 0x43, 0x01, 0x00, 0x00, 0x46, 0x01, 0x00, 0x00,
    0xac, 0x01, 0x00, 0x00, 0xaf, 0x01, 0x00, 0x00, 0x7d, 0x02, 0x00, 0x00, 0x80, 0x02, 0x00, 0x00,
    0xdd, 0x02, 0x00, 0x00, 0xe0, 0x02, 0x00, 0x00, 0x0e, 0x00, 0x00, 0x00, 0xdf, 0x02, 0x00, 0x00,
    0x80, 0x00, 0x05, 0x00, 0x09, 0x00, 0x00, 0x00, 0xe2, 0x02, 0x00, 0x00, 0x0a, 0x00, 0x00, 0x00,
    0xe1, 0x02, 0x00, 0x00, 0x41, 0x00, 0x06, 0x00, 0x38, 0x00, 0x00, 0x00, 0xe3, 0x02, 0x00, 0x00,
    0x07, 0x00, 0x00, 0x00, 0x11, 0x00, 0x00, 0x00, 0xe2, 0x02, 0x00, 0x00, 0x3d, 0x00, 0x04, 0x00,
    0x09, 0x00, 0x00, 0x00, 0xe4, 0x02, 0x00, 0x00, 0xe3, 0x02, 0x00, 0x00, 0xf7, 0x00, 0x03, 0x00,
    0xe5, 0x02, 0x00, 0x00, 0x00, 0x00, 0x00, 0x00, 0xfb, 0x00, 0x03, 0x00, 0x0e, 0x00, 0x00, 0x00,
    0xe6, 0x02, 0x00, 0x00, 0xf8, 0x00, 0x02, 0x00, 0xe6, 0x02, 0x00, 0x00, 0xf7, 0x00, 0x03, 0x00,
    0xe7, 0x02, 0x00, 0x00, 0x00, 0x00, 0x00, 0x00, 0xfb, 0x00, 0x03, 0x00, 0x0e, 0x00, 0x00, 0x00,
    0xe8, 0x02, 0x00, 0x00, 0xf8, 0x00, 0x02, 0x00, 0xe8, 0x02, 0x00, 0x00, 0x3d, 0x00, 0x04, 0x00,
    0x09, 0x00, 0x00, 0x00, 0xe9, 0x02, 0x00, 0x00, 0x6e, 0x00, 0x00, 0x00, 0xc7, 0x00, 0x05, 0x00,
    0x09, 0x00, 0x00, 0x00, 0xea, 0x02, 0x00, 0x00, 0xe9, 0x02, 0x00, 0x00, 0x30, 0x00, 0x00, 0x00,
    0x3d, 0x00, 0x04, 0x00, 0x09, 0x00, 0x00, 0x00, 0xeb, 0x02, 0x00, 0x00, 0x71, 0x00, 0x00, 0x00,
    0xc7, 0x00, 0x05, 0x00, 0x09, 0x00, 0x00, 0x00, 0xec, 0x02, 0x00, 0x00, 0xeb, 0x02, 0x00, 0x00,
    0x30, 0x00, 0x00, 0x00, 0x3d, 0x00, 0x04, 0x00, 0x09, 0x00, 0x00, 0x00, 0xed, 0x02, 0x00, 0x00,
    0x71, 0x00, 0x00, 0x00, 0xc7, 0x00, 0x05, 0x00, 0x09, 0x00, 0x00, 0x00, 0xee, 0x02, 0x00, 0x00,
    0xeb, 0x02, 0x00, 0x00, 0x24, 0x00, 0x00, 0x00, 0xab, 0x00, 0x05, 0x00, 0x15, 0x00, 0x00, 0x00,
    0xef, 0x02, 0x00, 0x00, 0xee, 0x02, 0x00, 0x00, 0x0e, 0x00, 0x00, 0x00, 0xf7, 0x00, 0x03, 0x00,
    0xf0, 0x02, 0x00, 0x00, 0x00, 0x00, 0x00, 0x00, 0xfa, 0x00, 0x04, 0x00, 0xef, 0x02, 0x00, 0x00,
    0xf1, 0x02, 0x00, 0x00, 0xf0, 0x02, 0x00, 0x00, 0xf8, 0x00, 0x02, 0x00, 0xf1, 0x02, 0x00, 0x00,
    0xf9, 0x00, 0x02, 0x00, 0xe7, 0x02, 0x00, 0x00, 0xf8, 0x00, 0x02, 0x00, 0xf0, 0x02, 0x00, 0x00,
    0xc7, 0x00, 0x05, 0x00, 0x09, 0x00, 0x00, 0x00, 0xf2, 0x02, 0x00, 0x00, 0xed, 0x02, 0x00, 0x00,
    0x25, 0x00, 0x00, 0x00, 0xab, 0x00, 0x05, 0x00, 0x15, 0x00, 0x00, 0x00, 0xf3, 0x02, 0x00, 0x00,
    0xf2, 0x02, 0x00, 0x00, 0x0e, 0x00, 0x00, 0x00, 0xf7, 0x00, 0x03, 0x00, 0xf4, 0x02, 0x00, 0x00,
    0x00, 0x00, 0x00, 0x00, 0xfa, 0x00, 0x04, 0x00, 0xf3, 0x02, 0x00, 0x00, 0xf5, 0x02, 0x00, 0x00,
    0xf4, 0x02, 0x00, 0x00, 0xf8, 0x00, 0x02, 0x00, 0xf5, 0x02, 0x00, 0x00, 0xc2, 0x00, 0x05, 0x00,
    0x09, 0x00, 0x00, 0x00, 0xf6, 0x02, 0x00, 0x00, 0xf2, 0x02, 0x00, 0x00, 0x26, 0x00, 0x00, 0x00,
    0xc7, 0x00, 0x05, 0x00, 0x09, 0x00, 0x00, 0x00, 0xf7, 0x02, 0x00, 0x00, 0xeb, 0x02, 0x00, 0x00,
    0x27, 0x00, 0x00, 0x00, 0x7c, 0x00, 0x04, 0x00, 0x0c, 0x00, 0x00, 0x00, 0xf8, 0x02, 0x00, 0x00,
    0xf7, 0x02, 0x00, 0x00, 0x82, 0x00, 0x05, 0x00, 0x09, 0x00, 0x00, 0x00, 0xf9, 0x02, 0x00, 0x00,
    0x0e, 0x00, 0x00, 0x00, 0xec, 0x02, 0x00, 0x00, 0xc7, 0x00, 0x05, 0x00, 0x09, 0x00, 0x00, 0x00,
    0xfa, 0x02, 0x00, 0x00, 0xf9, 0x02, 0x00, 0x00, 0x27, 0x00, 0x00, 0x00, 0x7c, 0x00, 0x04, 0x00,
    0x0c, 0x00, 0x00, 0x00, 0xfb, 0x02, 0x00, 0x00, 0xfa, 0x02, 0x00, 0x00, 0xc7, 0x00, 0x05, 0x00,
    0x09, 0x00, 0x00, 0x00, 0xfc, 0x02, 0x00, 0x00, 0xf9, 0x02, 0x00, 0x00, 0x28, 0x00, 0x00, 0x00,
    0xab, 0x00, 0x05, 0x00, 0x15, 0x00, 0x00, 0x00, 0xfd, 0x02, 0x00, 0x00, 0xfc, 0x02, 0x00, 0x00,
    0x0e, 0x00, 0x00, 0x00, 0xa9, 0x00, 0x06, 0x00, 0x09, 0x00, 0x00, 0x00, 0xfe, 0x02, 0x00, 0x00,
    0xfd, 0x02, 0x00, 0x00, 0x0e, 0x00, 0x00, 0x00, 0x12, 0x00, 0x00, 0x00, 0xc7, 0x00, 0x05, 0x00,
    0x09, 0x00, 0x00, 0x00, 0xff, 0x02, 0x00, 0x00, 0xe9, 0x02, 0x00, 0x00, 0x24, 0x00, 0x00, 0x00,
    0xab, 0x00, 0x05, 0x00, 0x15, 0x00, 0x00, 0x00, 0x00, 0x03, 0x00, 0x00, 0xff, 0x02, 0x00, 0x00,
    0x0e, 0x00, 0x00, 0x00, 0xf7, 0x00, 0x03, 0x00, 0x01, 0x03, 0x00, 0x00, 0x00, 0x00, 0x00, 0x00,
    0xfa, 0x00, 0x04, 0x00, 0x00, 0x03, 0x00, 0x00, 0x02, 0x03, 0x00, 0x00, 0x03, 0x03, 0x00, 0x00,
    0xf8, 0x00, 0x02, 0x00, 0x03, 0x03, 0x00, 0x00, 0xc7, 0x00, 0x05, 0x00, 0x09, 0x00, 0x00, 0x00,
    0x04, 0x03, 0x00, 0x00, 0xe9, 0x02, 0x00, 0x00, 0x27, 0x00, 0x00, 0x00, 0x7c, 0x00, 0x04, 0x00,
    0x0c, 0x00, 0x00, 0x00, 0x05, 0x03, 0x00, 0x00, 0x04, 0x03, 0x00, 0x00, 0x7e, 0x00, 0x04, 0x00,
    0x0c, 0x00, 0x00, 0x00, 0x06, 0x03, 0x00, 0x00, 0x05, 0x03, 0x00, 0x00, 0xaa, 0x00, 0x05, 0x00,
    0x15, 0x00, 0x00, 0x00, 0x07, 0x03, 0x00, 0x00, 0xf6, 0x02, 0x00, 0x00, 0x12, 0x00, 0x00, 0x00,
    0xf7, 0x00, 0x03, 0x00, 0x08, 0x03, 0x00, 0x00, 0x00, 0x00, 0x00, 0x00, 0xfa, 0x00, 0x04, 0x00,
    0x07, 0x03, 0x00, 0x00, 0x09, 0x03, 0x00, 0x00, 0x0a, 0x03, 0x00, 0x00, 0xf8, 0x00, 0x02, 0x00,
    0x0a, 0x03, 0x00, 0x00, 0xc7, 0x00, 0x05, 0x00, 0x09, 0x00, 0x00, 0x00, 0x0b, 0x03, 0x00, 0x00,
    0xe9, 0x02, 0x00, 0x00, 0x28, 0x00, 0x00, 0x00, 0xab, 0x00, 0x05, 0x00, 0x15, 0x00, 0x00, 0x00,
    0x0c, 0x03, 0x00, 0x00, 0x0b, 0x03, 0x00, 0x00, 0x0e, 0x00, 0x00, 0x00, 0xa9, 0x00, 0x06, 0x00,
    0x09, 0x00, 0x00, 0x00, 0x0d, 0x03, 0x00, 0x00, 0x0c, 0x03, 0x00, 0x00, 0x0e, 0x00, 0x00, 0x00,
    0x12, 0x00, 0x00, 0x00, 0xb1, 0x00, 0x05, 0x00, 0x15, 0x00, 0x00, 0x00, 0x0e, 0x03, 0x00, 0x00,
    0x67, 0x00, 0x00, 0x00, 0x05, 0x03, 0x00, 0x00, 0xf7, 0x00, 0x03, 0x00, 0x0f, 0x03, 0x00, 0x00,
    0x00, 0x00, 0x00, 0x00, 0xfa, 0x00, 0x04, 0x00, 0x0e, 0x03, 0x00, 0x00, 0x10, 0x03, 0x00, 0x00,
    0x11, 0x03, 0x00, 0x00, 0xf8, 0x00, 0x02, 0x00, 0x11, 0x03, 0x00, 0x00, 0x53, 0x00, 0x04, 0x00,
    0x09, 0x00, 0x00, 0x00, 0x12, 0x03, 0x00, 0x00, 0x12, 0x00, 0x00, 0x00, 0x53, 0x00, 0x04, 0x00,
    0x09, 0x00, 0x00, 0x00, 0x13, 0x03, 0x00, 0x00, 0x0e, 0x00, 0x00, 0x00, 0xa9, 0x00, 0x06, 0x00,
    0x09, 0x00, 0x00, 0x00, 0x14, 0x03, 0x00, 0x00, 0x0c, 0x03, 0x00, 0x00, 0x12, 0x00, 0x00, 0x00,
    0x0e, 0x00, 0x00, 0x00, 0xf9, 0x00, 0x02, 0x00, 0x0f, 0x03, 0x00, 0x00, 0xf8, 0x00, 0x02, 0x00,
    0x10, 0x03, 0x00, 0x00, 0xf9, 0x00, 0x02, 0x00, 0x0f, 0x03, 0x00, 0x00, 0xf8, 0x00, 0x02, 0x00,
    0x0f, 0x03, 0x00, 0x00, 0xf5, 0x00, 0x07, 0x00, 0x09, 0x00, 0x00, 0x00, 0x15, 0x03, 0x00, 0x00,
    0x0d, 0x03, 0x00, 0x00, 0x10, 0x03, 0x00, 0x00, 0x14, 0x03, 0x00, 0x00, 0x11, 0x03, 0x00, 0x00,
    0xf9, 0x00, 0x02, 0x00, 0x08, 0x03, 0x00, 0x00, 0xf8, 0x00, 0x02, 0x00, 0x09, 0x03, 0x00, 0x00,
    0xb1, 0x00, 0x05, 0x00, 0x15, 0x00, 0x00, 0x00, 0x16, 0x03, 0x00, 0x00, 0x56, 0x00, 0x00, 0x00,
    0xfb, 0x02, 0x00, 0x00, 0xf7, 0x00, 0x03, 0x00, 0x17, 0x03, 0x00, 0x00, 0x00, 0x00, 0x00, 0x00,
    0xfa, 0x00, 0x04, 0x00, 0x16, 0x03, 0x00, 0x00, 0x18, 0x03, 0x00, 0x00, 0x19, 0x03, 0x00, 0x00,
    0xf8, 0x00, 0x02, 0x00, 0x19, 0x03, 0x00, 0x00, 0x53, 0x00, 0x04, 0x00, 0x09, 0x00, 0x00, 0x00,
    0x1a, 0x03, 0x00, 0x00, 0x12, 0x00, 0x00, 0x00, 0x53, 0x00, 0x04, 0x00, 0x09, 0x00, 0x00, 0x00,
    0x1b, 0x03, 0x00, 0x00, 0x0e, 0x00, 0x00, 0x00, 0xa9, 0x00, 0x06, 0x00, 0x09, 0x00, 0x00, 0x00,
    0x1c, 0x03, 0x00, 0x00, 0xfd, 0x02, 0x00, 0x00, 0x12, 0x00, 0x00, 0x00, 0x0e, 0x00, 0x00, 0x00,
    0xf9, 0x00, 0x02, 0x00, 0x17, 0x03, 0x00, 0x00, 0xf8, 0x00, 0x02, 0x00, 0x18, 0x03, 0x00, 0x00,
    0xf9, 0x00, 0x02, 0x00, 0x17, 0x03, 0x00, 0x00, 0xf8, 0x00, 0x02, 0x00, 0x17, 0x03, 0x00, 0x00,
    0xf5, 0x00, 0x07, 0x00, 0x09, 0x00, 0x00, 0x00, 0x1d, 0x03, 0x00, 0x00, 0xfe, 0x02, 0x00, 0x00,
    0x18, 0x03, 0x00, 0x00, 0x1c, 0x03, 0x00, 0x00, 0x19, 0x03, 0x00, 0x00, 0xf9, 0x00, 0x02, 0x00,
    0x08, 0x03, 0x00, 0x00, 0xf8, 0x00, 0x02, 0x00, 0x08, 0x03, 0x00, 0x00, 0xf5, 0x00, 0x07, 0x00,
    0x09, 0x00, 0x00, 0x00, 0x1e, 0x03, 0x00, 0x00, 0x1d, 0x03, 0x00, 0x00, 0x17, 0x03, 0x00, 0x00,
    0x15, 0x03, 0x00, 0x00, 0x0f, 0x03, 0x00, 0x00, 0xf9, 0x00, 0x02, 0x00, 0x01, 0x03, 0x00, 0x00,
    0xf8, 0x00, 0x02, 0x00, 0x02, 0x03, 0x00, 0x00, 0x7c, 0x00, 0x04, 0x00, 0x09, 0x00, 0x00, 0x00,
    0x1f, 0x03, 0x00, 0x00, 0x56, 0x00, 0x00, 0x00, 0xc2, 0x00, 0x05, 0x00, 0x09, 0x00, 0x00, 0x00,
    0x20, 0x03, 0x00, 0x00, 0x1f, 0x03, 0x00, 0x00, 0x12, 0x00, 0x00, 0x00, 0x80, 0x00, 0x05, 0x00,
    0x09, 0x00, 0x00, 0x00, 0x21, 0x03, 0x00, 0x00, 0x0b, 0x00, 0x00, 0x00, 0x20, 0x03, 0x00, 0x00,
    0x41, 0x00, 0x06, 0x00, 0x38, 0x00, 0x00, 0x00, 0x22, 0x03, 0x00, 0x00, 0x07, 0x00, 0x00, 0x00,
    0x11, 0x00, 0x00, 0x00, 0x21, 0x03, 0x00, 0x00, 0x3d, 0x00, 0x04, 0x00, 0x09, 0x00, 0x00, 0x00,
    0x23, 0x03, 0x00, 0x00, 0x22, 0x03, 0x00, 0x00, 0xc7, 0x00, 0x05, 0x00, 0x09, 0x00, 0x00, 0x00,
    0x24, 0x03, 0x00, 0x00, 0x1f, 0x03, 0x00, 0x00, 0x12, 0x00, 0x00, 0x00, 0xab, 0x00, 0x05, 0x00,
    0x15, 0x00, 0x00, 0x00, 0x25, 0x03, 0x00, 0x00, 0x24, 0x03, 0x00, 0x00, 0x0e, 0x00, 0x00, 0x00,
    0xf7, 0x00, 0x03, 0x00, 0x26, 0x03, 0x00, 0x00, 0x00, 0x00, 0x00, 0x00, 0xfa, 0x00, 0x04, 0x00,
    0x25, 0x03, 0x00, 0x00, 0x27, 0x03, 0x00, 0x00, 0x28, 0x03, 0x00, 0x00, 0xf8, 0x00, 0x02, 0x00,
    0x28, 0x03, 0x00, 0x00, 0xc7, 0x00, 0x05, 0x00, 0x09, 0x00, 0x00, 0x00, 0x29, 0x03, 0x00, 0x00,
    0x23, 0x03, 0x00, 0x00, 0x30, 0x00, 0x00, 0x00, 0xf9, 0x00, 0x02, 0x00, 0x26, 0x03, 0x00, 0x00,
    0xf8, 0x00, 0x02, 0x00, 0x27, 0x03, 0x00, 0x00, 0xc2, 0x00, 0x05, 0x00, 0x09, 0x00, 0x00, 0x00,
    0x2a, 0x03, 0x00, 0x00, 0x23, 0x03, 0x00, 0x00, 0x0a, 0x00, 0x00, 0x00, 0xf9, 0x00, 0x02, 0x00,
    0x26, 0x03, 0x00, 0x00, 0xf8, 0x00, 0x02, 0x00, 0x26, 0x03, 0x00, 0x00, 0xf5, 0x00, 0x07, 0x00,
    0x09, 0x00, 0x00, 0x00, 0x2b, 0x03, 0x00, 0x00, 0x2a, 0x03, 0x00, 0x00, 0x27, 0x03, 0x00, 0x00,
    0x29, 0x03, 0x00, 0x00, 0x28, 0x03, 0x00, 0x00, 0xc7, 0x00, 0x05, 0x00, 0x09, 0x00, 0x00, 0x00,
    0x2c, 0x03, 0x00, 0x00, 0x2b, 0x03, 0x00, 0x00, 0x27, 0x00, 0x00, 0x00, 0x7c, 0x00, 0x04, 0x00,
    0x0c, 0x00, 0x00, 0x00, 0x2d, 0x03, 0x00, 0x00, 0x2c, 0x03, 0x00, 0x00, 0x7e, 0x00, 0x04, 0x00,
    0x0c, 0x00, 0x00, 0x00, 0x2e, 0x03, 0x00, 0x00, 0x2d, 0x03, 0x00, 0x00, 0xaa, 0x00, 0x05, 0x00,
    0x15, 0x00, 0x00, 0x00, 0x2f, 0x03, 0x00, 0x00, 0xf6, 0x02, 0x00, 0x00, 0x12, 0x00, 0x00, 0x00,
    0xf7, 0x00, 0x03, 0x00, 0x30, 0x03, 0x00, 0x00, 0x00, 0x00, 0x00, 0x00, 0xfa, 0x00, 0x04, 0x00,
    0x2f, 0x03, 0x00, 0x00, 0x31, 0x03, 0x00, 0x00, 0x32, 0x03, 0x00, 0x00, 0xf8, 0x00, 0x02, 0x00,
    0x32, 0x03, 0x00, 0x00, 0xc7, 0x00, 0x05, 0x00, 0x09, 0x00, 0x00, 0x00, 0x33, 0x03, 0x00, 0x00,
    0x2b, 0x03, 0x00, 0x00, 0x28, 0x00, 0x00, 0x00, 0xab, 0x00, 0x05, 0x00, 0x15, 0x00, 0x00, 0x00,
    0x34, 0x03, 0x00, 0x00, 0x33, 0x03, 0x00, 0x00, 0x0e, 0x00, 0x00, 0x00, 0xa9, 0x00, 0x06, 0x00,
    0x09, 0x00, 0x00, 0x00, 0x35, 0x03, 0x00, 0x00, 0x34, 0x03, 0x00, 0x00, 0x0e, 0x00, 0x00, 0x00,
    0x12, 0x00, 0x00, 0x00, 0x82, 0x00, 0x05, 0x00, 0x0c, 0x00, 0x00, 0x00, 0x36, 0x03, 0x00, 0x00,
    0x2d, 0x03, 0x00, 0x00, 0x14, 0x00, 0x00, 0x00, 0xb3, 0x00, 0x05, 0x00, 0x15, 0x00, 0x00, 0x00,
    0x37, 0x03, 0x00, 0x00, 0x67, 0x00, 0x00, 0x00, 0x36, 0x03, 0x00, 0x00, 0xf7, 0x00, 0x03, 0x00,
    0x38, 0x03, 0x00, 0x00, 0x00, 0x00, 0x00, 0x00, 0xfa, 0x00, 0x04, 0x00, 0x37, 0x03, 0x00, 0x00,
    0x39, 0x03, 0x00, 0x00, 0x3a, 0x03, 0x00, 0x00, 0xf8, 0x00, 0x02, 0x00, 0x3a, 0x03, 0x00, 0x00,
    0x53, 0x00, 0x04, 0x00, 0x09, 0x00, 0x00, 0x00, 0x3b, 0x03, 0x00, 0x00, 0x12, 0x00, 0x00, 0x00,
    0x53, 0x00, 0x04, 0x00, 0x09, 0x00, 0x00, 0x00, 0x3c, 0x03, 0x00, 0x00, 0x0e, 0x00, 0x00, 0x00,
    0xa9, 0x00, 0x06, 0x00, 0x09, 0x00, 0x00, 0x00, 0x3d, 0x03, 0x00, 0x00, 0x34, 0x03, 0x00, 0x00,
    0x12, 0x00, 0x00, 0x00, 0x0e, 0x00, 0x00, 0x00, 0xf9, 0x00, 0x02, 0x00, 0x38, 0x03, 0x00, 0x00,
    0xf8, 0x00, 0x02, 0x00, 0x39, 0x03, 0x00, 0x00, 0xf9, 0x00, 0x02, 0x00, 0x38, 0x03, 0x00, 0x00,
    0xf8, 0x00, 0x02, 0x00, 0x38, 0x03, 0x00, 0x00, 0xf5, 0x00, 0x07, 0x00, 0x09, 0x00, 0x00, 0x00,
    0x3e, 0x03, 0x00, 0x00, 0x35, 0x03, 0x00, 0x00, 0x39, 0x03, 0x00, 0x00, 0x3d, 0x03, 0x00, 0x00,
    0x3a, 0x03, 0x00, 0x00, 0xf9, 0x00, 0x02, 0x00, 0x30, 0x03, 0x00, 0x00, 0xf8, 0x00, 0x02, 0x00,
    0x31, 0x03, 0x00, 0x00, 0xaf, 0x00, 0x05, 0x00, 0x15, 0x00, 0x00, 0x00, 0x3f, 0x03, 0x00, 0x00,
    0x56, 0x00, 0x00, 0x00, 0xfb, 0x02, 0x00, 0x00, 0xf7, 0x00, 0x03, 0x00, 0x40, 0x03, 0x00, 0x00,
    0x00, 0x00, 0x00, 0x00, 0xfa, 0x00, 0x04, 0x00, 0x3f, 0x03, 0x00, 0x00, 0x41, 0x03, 0x00, 0x00,
    0x42, 0x03, 0x00, 0x00, 0xf8, 0x00, 0x02, 0x00, 0x42, 0x03, 0x00, 0x00, 0xf9, 0x00, 0x02, 0x00,
    0x40, 0x03, 0x00, 0x00, 0xf8, 0x00, 0x02, 0x00, 0x41, 0x03, 0x00, 0x00, 0x53, 0x00, 0x04, 0x00,
    0x09, 0x00, 0x00, 0x00, 0x43, 0x03, 0x00, 0x00, 0x12, 0x00, 0x00, 0x00, 0x53, 0x00, 0x04, 0x00,
    0x09, 0x00, 0x00, 0x00, 0x44, 0x03, 0x00, 0x00, 0x0e, 0x00, 0x00, 0x00, 0xa9, 0x00, 0x06, 0x00,
    0x09, 0x00, 0x00, 0x00, 0x45, 0x03, 0x00, 0x00, 0xfd, 0x02, 0x00, 0x00, 0x12, 0x00, 0x00, 0x00,
    0x0e, 0x00, 0x00, 0x00, 0xf9, 0x00, 0x02, 0x00, 0x40, 0x03, 0x00, 0x00, 0xf8, 0x00, 0x02, 0x00,
    0x40, 0x03, 0x00, 0x00, 0xf5, 0x00, 0x07, 0x00, 0x09, 0x00, 0x00, 0x00, 0x46, 0x03, 0x00, 0x00,
    0x45, 0x03, 0x00, 0x00, 0x41, 0x03, 0x00, 0x00, 0xfe, 0x02, 0x00, 0x00, 0x42, 0x03, 0x00, 0x00,
    0xf9, 0x00, 0x02, 0x00, 0x30, 0x03, 0x00, 0x00, 0xf8, 0x00, 0x02, 0x00, 0x30, 0x03, 0x00, 0x00,
    0xf5, 0x00, 0x07, 0x00, 0x09, 0x00, 0x00, 0x00, 0x47, 0x03, 0x00, 0x00, 0x46, 0x03, 0x00, 0x00,
    0x40, 0x03, 0x00, 0x00, 0x3e, 0x03, 0x00, 0x00, 0x38, 0x03, 0x00, 0x00, 0xf9, 0x00, 0x02, 0x00,
    0x01, 0x03, 0x00, 0x00, 0xf8, 0x00, 0x02, 0x00, 0x01, 0x03, 0x00, 0x00, 0xf5, 0x00, 0x07, 0x00,
    0x0c, 0x00, 0x00, 0x00, 0x48, 0x03, 0x00, 0x00, 0x2e, 0x03, 0x00, 0x00, 0x30, 0x03, 0x00, 0x00,
    0x06, 0x03, 0x00, 0x00, 0x08, 0x03, 0x00, 0x00, 0xf5, 0x00, 0x07, 0x00, 0x09, 0x00, 0x00, 0x00,
    0x49, 0x03, 0x00, 0x00, 0x47, 0x03, 0x00, 0x00, 0x30, 0x03, 0x00, 0x00, 0x1e, 0x03, 0x00, 0x00,
    0x08, 0x03, 0x00, 0x00, 0x80, 0x00, 0x05, 0x00, 0x0c, 0x00, 0x00, 0x00, 0x4a, 0x03, 0x00, 0x00,
    0x67, 0x00, 0x00, 0x00, 0x48, 0x03, 0x00, 0x00, 0x80, 0x00, 0x05, 0x00, 0x0c, 0x00, 0x00, 0x00,
    0x4b, 0x03, 0x00, 0x00, 0x56, 0x00, 0x00, 0x00, 0xf8, 0x02, 0x00, 0x00, 0x84, 0x00, 0x05, 0x00,
    0x09, 0x00, 0x00, 0x00, 0x4c, 0x03, 0x00, 0x00, 0x49, 0x03, 0x00, 0x00, 0x31, 0x00, 0x00, 0x00,
    0xc7, 0x00, 0x05, 0x00, 0x0c, 0x00, 0x00, 0x00, 0x4d, 0x03, 0x00, 0x00, 0x4b, 0x03, 0x00, 0x00,
    0x32, 0x00, 0x00, 0x00, 0x7c, 0x00, 0x04, 0x00, 0x09, 0x00, 0x00, 0x00, 0x4e, 0x03, 0x00, 0x00,
    0x4d, 0x03, 0x00, 0x00, 0x84, 0x00, 0x05, 0x00, 0x09, 0x00, 0x00, 0x00, 0x4f, 0x03, 0x00, 0x00,
    0x4e, 0x03, 0x00, 0x00, 0x28, 0x00, 0x00, 0x00, 0x80, 0x00, 0x05, 0x00, 0x09, 0x00, 0x00, 0x00,
    0x50, 0x03, 0x00, 0x00, 0x4c, 0x03, 0x00, 0x00, 0x4f, 0x03, 0x00, 0x00, 0xc7, 0x00, 0x05, 0x00,
    0x0c, 0x00, 0x00, 0x00, 0x51, 0x03, 0x00, 0x00, 0x4a, 0x03, 0x00, 0x00, 0x32, 0x00, 0x00, 0x00,
    0x7c, 0x00, 0x04, 0x00, 0x09, 0x00, 0x00, 0x00, 0x52, 0x03, 0x00, 0x00, 0x51, 0x03, 0x00, 0x00,
    0x80, 0x00, 0x05, 0x00, 0x09, 0x00, 0x00, 0x00, 0x53, 0x03, 0x00, 0x00, 0x50, 0x03, 0x00, 0x00,
    0x52, 0x03, 0x00, 0x00, 0xc2, 0x00, 0x05, 0x00, 0x09, 0x00, 0x00, 0x00, 0x54, 0x03, 0x00, 0x00,
    0x53, 0x03, 0x00, 0x00, 0x12, 0x00, 0x00, 0x00, 0x41, 0x00, 0x06, 0x00, 0x38, 0x00, 0x00, 0x00,
    0x55, 0x03, 0x00, 0x00, 0x06, 0x00, 0x00, 0x00, 0x11, 0x00, 0x00, 0x00, 0x54, 0x03, 0x00, 0x00,
    0x3d, 0x00, 0x04, 0x00, 0x09, 0x00, 0x00, 0x00, 0x56, 0x03, 0x00, 0x00, 0x55, 0x03, 0x00, 0x00,
    0xc7, 0x00, 0x05, 0x00, 0x09, 0x00, 0x00, 0x00, 0x57, 0x03, 0x00, 0x00, 0x53, 0x03, 0x00, 0x00,
    0x12, 0x00, 0x00, 0x00, 0xab, 0x00, 0x05, 0x00, 0x15, 0x00, 0x00, 0x00, 0x58, 0x03, 0x00, 0x00,
    0x57, 0x03, 0x00, 0x00, 0x0e, 0x00, 0x00, 0x00, 0xf7, 0x00, 0x03, 0x00, 0x59, 0x03, 0x00, 0x00,
    0x00, 0x00, 0x00, 0x00, 0xfa, 0x00, 0x04, 0x00, 0x58, 0x03, 0x00, 0x00, 0x5a, 0x03, 0x00, 0x00,
    0x5b, 0x03, 0x00, 0x00, 0xf8, 0x00, 0x02, 0x00, 0x5b, 0x03, 0x00, 0x00, 0xc7, 0x00, 0x05, 0x00,
    0x09, 0x00, 0x00, 0x00, 0x5c, 0x03, 0x00, 0x00, 0x56, 0x03, 0x00, 0x00, 0x30, 0x00, 0x00, 0x00,
    0xf9, 0x00, 0x02, 0x00, 0x59, 0x03, 0x00, 0x00, 0xf8, 0x00, 0x02, 0x00, 0x5a, 0x03, 0x00, 0x00,
    0xc2, 0x00, 0x05, 0x00, 0x09, 0x00, 0x00, 0x00, 0x5d, 0x03, 0x00, 0x00, 0x56, 0x03, 0x00, 0x00,
    0x0a, 0x00, 0x00, 0x00, 0xf9, 0x00, 0x02, 0x00, 0x59, 0x03, 0x00, 0x00, 0xf8, 0x00, 0x02, 0x00,
    0x59, 0x03, 0x00, 0x00, 0xf5, 0x00, 0x07, 0x00, 0x09, 0x00, 0x00, 0x00, 0x5e, 0x03, 0x00, 0x00,
    0x5d, 0x03, 0x00, 0x00, 0x5a, 0x03, 0x00, 0x00, 0x5c, 0x03, 0x00, 0x00, 0x5b, 0x03, 0x00, 0x00,
    0xc2, 0x00, 0x05, 0x00, 0x09, 0x00, 0x00, 0x00, 0x5f, 0x03, 0x00, 0x00, 0x5e, 0x03, 0x00, 0x00,
    0x2a, 0x00, 0x00, 0x00, 0xaa, 0x00, 0x05, 0x00, 0x15, 0x00, 0x00, 0x00, 0x60, 0x03, 0x00, 0x00,
    0x5f, 0x03, 0x00, 0x00, 0x0e, 0x00, 0x00, 0x00, 0xf7, 0x00, 0x03, 0x00, 0x61, 0x03, 0x00, 0x00,
    0x00, 0x00, 0x00, 0x00, 0xfa, 0x00, 0x04, 0x00, 0x60, 0x03, 0x00, 0x00, 0x62, 0x03, 0x00, 0x00,
    0x61, 0x03, 0x00, 0x00, 0xf8, 0x00, 0x02, 0x00, 0x62, 0x03, 0x00, 0x00, 0xc7, 0x00, 0x05, 0x00,
    0x09, 0x00, 0x00, 0x00, 0x63, 0x03, 0x00, 0x00, 0x5e, 0x03, 0x00, 0x00, 0x2a, 0x00, 0x00, 0x00,
    0xaa, 0x00, 0x05, 0x00, 0x15, 0x00, 0x00, 0x00, 0x64, 0x03, 0x00, 0x00, 0x63, 0x03, 0x00, 0x00,
    0x0e, 0x00, 0x00, 0x00, 0xf9, 0x00, 0x02, 0x00, 0x61, 0x03, 0x00, 0x00, 0xf8, 0x00, 0x02, 0x00,
    0x61, 0x03, 0x00, 0x00, 0xf5, 0x00, 0x07, 0x00, 0x15, 0x00, 0x00, 0x00, 0x65, 0x03, 0x00, 0x00,
    0x20, 0x00, 0x00, 0x00, 0x59, 0x03, 0x00, 0x00, 0x64, 0x03, 0x00, 0x00, 0x62, 0x03, 0x00, 0x00,
    0xf7, 0x00, 0x03, 0x00, 0x66, 0x03, 0x00, 0x00, 0x00, 0x00, 0x00, 0x00, 0xfa, 0x00, 0x04, 0x00,
    0x65, 0x03, 0x00, 0x00, 0x67, 0x03, 0x00, 0x00, 0x66, 0x03, 0x00, 0x00, 0xf8, 0x00, 0x02, 0x00,
    0x67, 0x03, 0x00, 0x00, 0xf9, 0x00, 0x02, 0x00, 0xe7, 0x02, 0x00, 0x00, 0xf8, 0x00, 0x02, 0x00,
    0x66, 0x03, 0x00, 0x00, 0xc7, 0x00, 0x05, 0x00, 0x09, 0x00, 0x00, 0x00, 0x68, 0x03, 0x00, 0x00,
    0x5e, 0x03, 0x00, 0x00, 0x2b, 0x00, 0x00, 0x00, 0xf9, 0x00, 0x02, 0x00, 0xe7, 0x02, 0x00, 0x00,
    0xf8, 0x00, 0x02, 0x00, 0xf4, 0x02, 0x00, 0x00, 0x7c, 0x00, 0x04, 0x00, 0x09, 0x00, 0x00, 0x00,
    0x69, 0x03, 0x00, 0x00, 0x56, 0x00, 0x00, 0x00, 0x84, 0x00, 0x05, 0x00, 0x09, 0x00, 0x00, 0x00,
    0x6a, 0x03, 0x00, 0x00, 0x69, 0x03, 0x00, 0x00, 0x21, 0x00, 0x00, 0x00, 0x80, 0x00, 0x05, 0x00,
    0x09, 0x00, 0x00, 0x00, 0x6b, 0x03, 0x00, 0x00, 0x25, 0x00, 0x00, 0x00, 0x6a, 0x03, 0x00, 0x00,
    0xc3, 0x00, 0x05, 0x00, 0x0c, 0x00, 0x00, 0x00, 0x6c, 0x03, 0x00, 0x00, 0x67, 0x00, 0x00, 0x00,
    0x2d, 0x00, 0x00, 0x00, 0x7c, 0x00, 0x04, 0x00, 0x09, 0x00, 0x00, 0x00, 0x6d, 0x03, 0x00, 0x00,
    0x6c, 0x03, 0x00, 0x00, 0x80, 0x00, 0x05, 0x00, 0x09, 0x00, 0x00, 0x00, 0x6e, 0x03, 0x00, 0x00,
    0x6b, 0x03, 0x00, 0x00, 0x6d, 0x03, 0x00, 0x00, 0x82, 0x00, 0x05, 0x00, 0x09, 0x00, 0x00, 0x00,
    0x6f, 0x03, 0x00, 0x00, 0x6e, 0x03, 0x00, 0x00, 0x29, 0x00, 0x00, 0x00, 0xc2, 0x00, 0x05, 0x00,
    0x09, 0x00, 0x00, 0x00, 0x70, 0x03, 0x00, 0x00, 0x6f, 0x03, 0x00, 0x00, 0x12, 0x00, 0x00, 0x00,
    0x80, 0x00, 0x05, 0x00, 0x09, 0x00, 0x00, 0x00, 0x71, 0x03, 0x00, 0x00, 0x0b, 0x00, 0x00, 0x00,
    0x70, 0x03, 0x00, 0x00, 0x41, 0x00, 0x06, 0x00, 0x38, 0x00, 0x00, 0x00, 0x72, 0x03, 0x00, 0x00,
    0x07, 0x00, 0x00, 0x00, 0x11, 0x00, 0x00, 0x00, 0x71, 0x03, 0x00, 0x00, 0x3d, 0x00, 0x04, 0x00,
    0x09, 0x00, 0x00, 0x00, 0x73, 0x03, 0x00, 0x00, 0x72, 0x03, 0x00, 0x00, 0xc7, 0x00, 0x05, 0x00,
    0x09, 0x00, 0x00, 0x00, 0x74, 0x03, 0x00, 0x00, 0x6e, 0x03, 0x00, 0x00, 0x12, 0x00, 0x00, 0x00,
    0xab, 0x00, 0x05, 0x00, 0x15, 0x00, 0x00, 0x00, 0x75, 0x03, 0x00, 0x00, 0x74, 0x03, 0x00, 0x00,
    0x0e, 0x00, 0x00, 0x00, 0xf7, 0x00, 0x03, 0x00, 0x76, 0x03, 0x00, 0x00, 0x00, 0x00, 0x00, 0x00,
    0xfa, 0x00, 0x04, 0x00, 0x75, 0x03, 0x00, 0x00, 0x77, 0x03, 0x00, 0x00, 0x78, 0x03, 0x00, 0x00,
    0xf8, 0x00, 0x02, 0x00, 0x78, 0x03, 0x00, 0x00, 0xc7, 0x00, 0x05, 0x00, 0x09, 0x00, 0x00, 0x00,
    0x79, 0x03, 0x00, 0x00, 0x73, 0x03, 0x00, 0x00, 0x30, 0x00, 0x00, 0x00, 0xf9, 0x00, 0x02, 0x00,
    0x76, 0x03, 0x00, 0x00, 0xf8, 0x00, 0x02, 0x00, 0x77, 0x03, 0x00, 0x00, 0xc2, 0x00, 0x05, 0x00,
    0x09, 0x00, 0x00, 0x00, 0x7a, 0x03, 0x00, 0x00, 0x73, 0x03, 0x00, 0x00, 0x0a, 0x00, 0x00, 0x00,
    0xf9, 0x00, 0x02, 0x00, 0x76, 0x03, 0x00, 0x00, 0xf8, 0x00, 0x02, 0x00, 0x76, 0x03, 0x00, 0x00,
    0xf5, 0x00, 0x07, 0x00, 0x09, 0x00, 0x00, 0x00, 0x7b, 0x03, 0x00, 0x00, 0x7a, 0x03, 0x00, 0x00,
    0x77, 0x03, 0x00, 0x00, 0x79, 0x03, 0x00, 0x00, 0x78, 0x03, 0x00, 0x00, 0xc3, 0x00, 0x05, 0x00,
    0x0c, 0x00, 0x00, 0x00, 0x7c, 0x03, 0x00, 0x00, 0x67, 0x00, 0x00, 0x00, 0x2e, 0x00, 0x00, 0x00,
    0xc7, 0x00, 0x05, 0x00, 0x0c, 0x00, 0x00, 0x00, 0x7d, 0x03, 0x00, 0x00, 0x7c, 0x03, 0x00, 0x00,
    0x2f, 0x00, 0x00, 0x00, 0x7c, 0x00, 0x04, 0x00, 0x09, 0x00, 0x00, 0x00, 0x7e, 0x03, 0x00, 0x00,
    0x7d, 0x03, 0x00, 0x00, 0xc7, 0x00, 0x05, 0x00, 0x09, 0x00, 0x00, 0x00, 0x7f, 0x03, 0x00, 0x00,
    0x7e, 0x03, 0x00, 0x00, 0x1d, 0x00, 0x00, 0x00, 0xc2, 0x00, 0x05, 0x00, 0x09, 0x00, 0x00, 0x00,
    0x80, 0x03, 0x00, 0x00, 0x24, 0x00, 0x00, 0x00, 0x7f, 0x03, 0x00, 0x00, 0xc7, 0x00, 0x05, 0x00,
    0x09, 0x00, 0x00, 0x00, 0x81, 0x03, 0x00, 0x00, 0x7b, 0x03, 0x00, 0x00, 0x80, 0x03, 0x00, 0x00,
    0xab, 0x00, 0x05, 0x00, 0x15, 0x00, 0x00, 0x00, 0x82, 0x03, 0x00, 0x00, 0x81, 0x03, 0x00, 0x00,
    0x0e, 0x00, 0x00, 0x00, 0xf7, 0x00, 0x03, 0x00, 0x83, 0x03, 0x00, 0x00, 0x00, 0x00, 0x00, 0x00,
    0xfa, 0x00, 0x04, 0x00, 0x82, 0x03, 0x00, 0x00, 0x84, 0x03, 0x00, 0x00, 0x83, 0x03, 0x00, 0x00,
    0xf8, 0x00, 0x02, 0x00, 0x84, 0x03, 0x00, 0x00, 0xf9, 0x00, 0x02, 0x00, 0xe7, 0x02, 0x00, 0x00,
    0xf8, 0x00, 0x02, 0x00, 0x83, 0x03, 0x00, 0x00, 0xc7, 0x00, 0x05, 0x00, 0x09, 0x00, 0x00, 0x00,
    0x85, 0x03, 0x00, 0x00, 0xe9, 0x02, 0x00, 0x00, 0x24, 0x00, 0x00, 0x00, 0xab, 0x00, 0x05, 0x00,
    0x15, 0x00, 0x00, 0x00, 0x86, 0x03, 0x00, 0x00, 0x85, 0x03, 0x00, 0x00, 0x0e, 0x00, 0x00, 0x00,
    0xf7, 0x00, 0x03, 0x00, 0x87, 0x03, 0x00, 0x00, 0x00, 0x00, 0x00, 0x00, 0xfa, 0x00, 0x04, 0x00,
    0x86, 0x03, 0x00, 0x00, 0x88, 0x03, 0x00, 0x00, 0x89, 0x03, 0x00, 0x00, 0xf8, 0x00, 0x02, 0x00,
    0x89, 0x03, 0x00, 0x00, 0x82, 0x00, 0x05, 0x00, 0x09, 0x00, 0x00, 0x00, 0x8a, 0x03, 0x00, 0x00,
    0x0e, 0x00, 0x00, 0x00, 0xea, 0x02, 0x00, 0x00, 0xc7, 0x00, 0x05, 0x00, 0x09, 0x00, 0x00, 0x00,
    0x8b, 0x03, 0x00, 0x00, 0x8a, 0x03, 0x00, 0x00, 0x27, 0x00, 0x00, 0x00, 0x7c, 0x00, 0x04, 0x00,
    0x0c, 0x00, 0x00, 0x00, 0x8c, 0x03, 0x00, 0x00, 0x8b, 0x03, 0x00, 0x00, 0xf9, 0x00, 0x02, 0x00,
    0x87, 0x03, 0x00, 0x00, 0xf8, 0x00, 0x02, 0x00, 0x88, 0x03, 0x00, 0x00, 0xc2, 0x00, 0x05, 0x00,
    0x09, 0x00, 0x00, 0x00, 0x8d, 0x03, 0x00, 0x00, 0x69, 0x03, 0x00, 0x00, 0x12, 0x00, 0x00, 0x00,
    0x80, 0x00, 0x05, 0x00, 0x09, 0x00, 0x00, 0x00, 0x8e, 0x03, 0x00, 0x00, 0x0b, 0x00, 0x00, 0x00,
    0x8d, 0x03, 0x00, 0x00, 0x41, 0x00, 0x06, 0x00, 0x38, 0x00, 0x00, 0x00, 0x8f, 0x03, 0x00, 0x00,
    0x07, 0x00, 0x00, 0x00, 0x11, 0x00, 0x00, 0x00, 0x8e, 0x03, 0x00, 0x00, 0x3d, 0x00, 0x04, 0x00,
    0x09, 0x00, 0x00, 0x00, 0x90, 0x03, 0x00, 0x00, 0x8f, 0x03, 0x00, 0x00, 0xc7, 0x00, 0x05, 0x00,
    0x09, 0x00, 0x00, 0x00, 0x91, 0x03, 0x00, 0x00, 0x69, 0x03, 0x00, 0x00, 0x12, 0x00, 0x00, 0x00,
    0xab, 0x00, 0x05, 0x00, 0x15, 0x00, 0x00, 0x00, 0x92, 0x03, 0x00, 0x00, 0x91, 0x03, 0x00, 0x00,
    0x0e, 0x00, 0x00, 0x00, 0xf7, 0x00, 0x03, 0x00, 0x93, 0x03, 0x00, 0x00, 0x00, 0x00, 0x00, 0x00,
    0xfa, 0x00, 0x04, 0x00, 0x92, 0x03, 0x00, 0x00, 0x94, 0x03, 0x00, 0x00, 0x95, 0x03, 0x00, 0x00,
    0xf8, 0x00, 0x02, 0x00, 0x95, 0x03, 0x00, 0x00, 0xc7, 0x00, 0x05, 0x00, 0x09, 0x00, 0x00, 0x00,
    0x96, 0x03, 0x00, 0x00, 0x90, 0x03, 0x00, 0x00, 0x30, 0x00, 0x00, 0x00, 0xf9, 0x00, 0x02, 0x00,
    0x93, 0x03, 0x00, 0x00, 0xf8, 0x00, 0x02, 0x00, 0x94, 0x03, 0x00, 0x00, 0xc2, 0x00, 0x05, 0x00,
    0x09, 0x00, 0x00, 0x00, 0x97, 0x03, 0x00, 0x00, 0x90, 0x03, 0x00, 0x00, 0x0a, 0x00, 0x00, 0x00,
    0xf9, 0x00, 0x02, 0x00, 0x93, 0x03, 0x00, 0x00, 0xf8, 0x00, 0x02, 0x00, 0x93, 0x03, 0x00, 0x00,
    0xf5, 0x00, 0x07, 0x00, 0x09, 0x00, 0x00, 0x00, 0x98, 0x03, 0x00, 0x00, 0x97, 0x03, 0x00, 0x00,
    0x94, 0x03, 0x00, 0x00, 0x96, 0x03, 0x00, 0x00, 0x95, 0x03, 0x00, 0x00, 0x82, 0x00, 0x05, 0x00,
    0x09, 0x00, 0x00, 0x00, 0x99, 0x03, 0x00, 0x00, 0x0e, 0x00, 0x00, 0x00, 0x98, 0x03, 0x00, 0x00,
    0xc7, 0x00, 0x05, 0x00, 0x09, 0x00, 0x00, 0x00, 0x9a, 0x03, 0x00, 0x00, 0x99, 0x03, 0x00, 0x00,
    0x27, 0x00, 0x00, 0x00, 0x7c, 0x00, 0x04, 0x00, 0x0c, 0x00, 0x00, 0x00, 0x9b, 0x03, 0x00, 0x00,
    0x9a, 0x03, 0x00, 0x00, 0xf9, 0x00, 0x02, 0x00, 0x87, 0x03, 0x00, 0x00, 0xf8, 0x00, 0x02, 0x00,
    0x87, 0x03, 0x00, 0x00, 0xf5, 0x00, 0x07, 0x00, 0x0c, 0x00, 0x00, 0x00, 0x9c, 0x03, 0x00, 0x00,
    0x9b, 0x03, 0x00, 0x00, 0x93, 0x03, 0x00, 0x00, 0x8c, 0x03, 0x00, 0x00, 0x89, 0x03, 0x00, 0x00,
    0x80, 0x00, 0x05, 0x00, 0x0c, 0x00, 0x00, 0x00, 0x9d, 0x03, 0x00, 0x00, 0x67, 0x00, 0x00, 0x00,
    0x9c, 0x03, 0x00, 0x00, 0xc7, 0x00, 0x05, 0x00, 0x09, 0x00, 0x00, 0x00, 0x9e, 0x03, 0x00, 0x00,
    0xeb, 0x02, 0x00, 0x00, 0x27, 0x00, 0x00, 0x00, 0x7c, 0x00, 0x04, 0x00, 0x0c, 0x00, 0x00, 0x00,
    0x9f, 0x03, 0x00, 0x00, 0x9e, 0x03, 0x00, 0x00, 0x80, 0x00, 0x05, 0x00, 0x0c, 0x00, 0x00, 0x00,
    0xa0, 0x03, 0x00, 0x00, 0x9f, 0x03, 0x00, 0x00, 0x56, 0x00, 0x00, 0x00, 0xc7, 0x00, 0x05, 0x00,
    0x0c, 0x00, 0x00, 0x00, 0xa1, 0x03, 0x00, 0x00, 0xa0, 0x03, 0x00, 0x00, 0x32, 0x00, 0x00, 0x00,
    0x7c, 0x00, 0x04, 0x00, 0x09, 0x00, 0x00, 0x00, 0xa2, 0x03, 0x00, 0x00, 0xa1, 0x03, 0x00, 0x00,
    0x84, 0x00, 0x05, 0x00, 0x09, 0x00, 0x00, 0x00, 0xa3, 0x03, 0x00, 0x00, 0xa2, 0x03, 0x00, 0x00,
    0x28, 0x00, 0x00, 0x00, 0xc7, 0x00, 0x05, 0x00, 0x0c, 0x00, 0x00, 0x00, 0xa4, 0x03, 0x00, 0x00,
    0x9d, 0x03, 0x00, 0x00, 0x32, 0x00, 0x00, 0x00, 0x7c, 0x00, 0x04, 0x00, 0x09, 0x00, 0x00, 0x00,
    0xa5, 0x03, 0x00, 0x00, 0xa4, 0x03, 0x00, 0x00, 0x80, 0x00, 0x05, 0x00, 0x09, 0x00, 0x00, 0x00,
    0xa6, 0x03, 0x00, 0x00, 0xa3, 0x03, 0x00, 0x00, 0xa5, 0x03, 0x00, 0x00, 0xc2, 0x00, 0x05, 0x00,
    0x09, 0x00, 0x00, 0x00, 0xa7, 0x03, 0x00, 0x00, 0xa6, 0x03, 0x00, 0x00, 0x12, 0x00, 0x00, 0x00,
    0x41, 0x00, 0x06, 0x00, 0x38, 0x00, 0x00, 0x00, 0xa8, 0x03, 0x00, 0x00, 0x06, 0x00, 0x00, 0x00,
    0x11, 0x00, 0x00, 0x00, 0xa7, 0x03, 0x00, 0x00, 0x3d, 0x00, 0x04, 0x00, 0x09, 0x00, 0x00, 0x00,
    0xa9, 0x03, 0x00, 0x00, 0xa8, 0x03, 0x00, 0x00, 0xc7, 0x00, 0x05, 0x00, 0x09, 0x00, 0x00, 0x00,
    0xaa, 0x03, 0x00, 0x00, 0xa6, 0x03, 0x00, 0x00, 0x12, 0x00, 0x00, 0x00, 0xab, 0x00, 0x05, 0x00,
    0x15, 0x00, 0x00, 0x00, 0xab, 0x03, 0x00, 0x00, 0xaa, 0x03, 0x00, 0x00, 0x0e, 0x00, 0x00, 0x00,
    0xf7, 0x00, 0x03, 0x00, 0xac, 0x03, 0x00, 0x00, 0x00, 0x00, 0x00, 0x00, 0xfa, 0x00, 0x04, 0x00,
    0xab, 0x03, 0x00, 0x00, 0xad, 0x03, 0x00, 0x00, 0xae, 0x03, 0x00, 0x00, 0xf8, 0x00, 0x02, 0x00,
    0xae, 0x03, 0x00, 0x00, 0xc7, 0x00, 0x05, 0x00, 0x09, 0x00, 0x00, 0x00, 0xaf, 0x03, 0x00, 0x00,
    0xa9, 0x03, 0x00, 0x00, 0x30, 0x00, 0x00, 0x00, 0xf9, 0x00, 0x02, 0x00, 0xac, 0x03, 0x00, 0x00,
    0xf8, 0x00, 0x02, 0x00, 0xad, 0x03, 0x00, 0x00, 0xc2, 0x00, 0x05, 0x00, 0x09, 0x00, 0x00, 0x00,
    0xb0, 0x03, 0x00, 0x00, 0xa9, 0x03, 0x00, 0x00, 0x0a, 0x00, 0x00, 0x00, 0xf9, 0x00, 0x02, 0x00,
    0xac, 0x03, 0x00, 0x00, 0xf8, 0x00, 0x02, 0x00, 0xac, 0x03, 0x00, 0x00, 0xf5, 0x00, 0x07, 0x00,
    0x09, 0x00, 0x00, 0x00, 0xb1, 0x03, 0x00, 0x00, 0xb0, 0x03, 0x00, 0x00, 0xad, 0x03, 0x00, 0x00,
    0xaf, 0x03, 0x00, 0x00, 0xae, 0x03, 0x00, 0x00, 0xc2, 0x00, 0x05, 0x00, 0x09, 0x00, 0x00, 0x00,
    0xb2, 0x03, 0x00, 0x00, 0xb1, 0x03, 0x00, 0x00, 0x2a, 0x00, 0x00, 0x00, 0xaa, 0x00, 0x05, 0x00,
    0x15, 0x00, 0x00, 0x00, 0xb3, 0x03, 0x00, 0x00, 0xb2, 0x03, 0x00, 0x00, 0x0e, 0x00, 0x00, 0x00,
    0xf7, 0x00, 0x03, 0x00, 0xb4, 0x03, 0x00, 0x00, 0x00, 0x00, 0x00, 0x00, 0xfa, 0x00, 0x04, 0x00,
    0xb3, 0x03, 0x00, 0x00, 0xb5, 0x03, 0x00, 0x00, 0xb4, 0x03, 0x00, 0x00, 0xf8, 0x00, 0x02, 0x00,
    0xb5, 0x03, 0x00, 0x00, 0xc7, 0x00, 0x05, 0x00, 0x09, 0x00, 0x00, 0x00, 0xb6, 0x03, 0x00, 0x00,
    0xb1, 0x03, 0x00, 0x00, 0x2a, 0x00, 0x00, 0x00, 0xaa, 0x00, 0x05, 0x00, 0x15, 0x00, 0x00, 0x00,
    0xb7, 0x03, 0x00, 0x00, 0xb6, 0x03, 0x00, 0x00, 0x0e, 0x00, 0x00, 0x00, 0xf9, 0x00, 0x02, 0x00,
    0xb4, 0x03, 0x00, 0x00, 0xf8, 0x00, 0x02, 0x00, 0xb4, 0x03, 0x00, 0x00, 0xf5, 0x00, 0x07, 0x00,
    0x15, 0x00, 0x00, 0x00, 0xb8, 0x03, 0x00, 0x00, 0x20, 0x00, 0x00, 0x00, 0xac, 0x03, 0x00, 0x00,
    0xb7, 0x03, 0x00, 0x00, 0xb5, 0x03, 0x00, 0x00, 0xf7, 0x00, 0x03, 0x00, 0xb9, 0x03, 0x00, 0x00,
    0x00, 0x00, 0x00, 0x00, 0xfa, 0x00, 0x04, 0x00, 0xb8, 0x03, 0x00, 0x00, 0xba, 0x03, 0x00, 0x00,
    0xb9, 0x03, 0x00, 0x00, 0xf8, 0x00, 0x02, 0x00, 0xba, 0x03, 0x00, 0x00, 0xf9, 0x00, 0x02, 0x00,
    0xe7, 0x02, 0x00, 0x00, 0xf8, 0x00, 0x02, 0x00, 0xb9, 0x03, 0x00, 0x00, 0xc7, 0x00, 0x05, 0x00,
    0x09, 0x00, 0x00, 0x00, 0xbb, 0x03, 0x00, 0x00, 0xb1, 0x03, 0x00, 0x00, 0x2b, 0x00, 0x00, 0x00,
    0xf9, 0x00, 0x02, 0x00, 0xe7, 0x02, 0x00, 0x00, 0xf8, 0x00, 0x02, 0x00, 0xe7, 0x02, 0x00, 0x00,
    0xf5, 0x00, 0x0f, 0x00, 0x09, 0x00, 0x00, 0x00, 0xbc, 0x03, 0x00, 0x00, 0x0e, 0x00, 0x00, 0x00,
    0xf1, 0x02, 0x00, 0x00, 0x0e, 0x00, 0x00, 0x00, 0x67, 0x03, 0x00, 0x00, 0x68, 0x03, 0x00, 0x00,
    0x66, 0x03, 0x00, 0x00, 0x0e, 0x00, 0x00, 0x00, 0x84, 0x03, 0x00, 0x00, 0x0e, 0x00, 0x00, 0x00,
    0xba, 0x03, 0x00, 0x00, 0xbb, 0x03, 0x00, 0x00, 0xb9, 0x03, 0x00, 0x00, 0xf5, 0x00, 0x0f, 0x00,
    0x15, 0x00, 0x00, 0x00, 0xbd, 0x03, 0x00, 0x00, 0x16, 0x00, 0x00, 0x00, 0xf1, 0x02, 0x00, 0x00,
    0x16, 0x00, 0x00, 0x00, 0x67, 0x03, 0x00, 0x00, 0x20, 0x00, 0x00, 0x00, 0x66, 0x03, 0x00, 0x00,
    0x16, 0x00, 0x00, 0x00, 0x84, 0x03, 0x00, 0x00, 0x16, 0x00, 0x00, 0x00, 0xba, 0x03, 0x00, 0x00,
    0x20, 0x00, 0x00, 0x00, 0xb9, 0x03, 0x00, 0x00, 0xf7, 0x00, 0x03, 0x00, 0xbe, 0x03, 0x00, 0x00,
    0x00, 0x00, 0x00, 0x00, 0xfa, 0x00, 0x04, 0x00, 0xbd, 0x03, 0x00, 0x00, 0xbf, 0x03, 0x00, 0x00,
    0xbe, 0x03, 0x00, 0x00, 0xf8, 0x00, 0x02, 0x00, 0xbf, 0x03, 0x00, 0x00, 0xf9, 0x00, 0x02, 0x00,
    0xe5, 0x02, 0x00, 0x00, 0xf8, 0x00, 0x02, 0x00, 0xbe, 0x03, 0x00, 0x00, 0xf7, 0x00, 0x03, 0x00,
    0xc0, 0x03, 0x00, 0x00, 0x00, 0x00, 0x00, 0x00, 0xfb, 0x00, 0x03, 0x00, 0x0e, 0x00, 0x00, 0x00,
    0xc1, 0x03, 0x00, 0x00, 0xf8, 0x00, 0x02, 0x00, 0xc1, 0x03, 0x00, 0x00, 0x3d, 0x00, 0x04, 0x00,
    0x09, 0x00, 0x00, 0x00, 0xc2, 0x03, 0x00, 0x00, 0x6e, 0x00, 0x00, 0x00, 0xc2, 0x00, 0x05, 0x00,
    0x09, 0x00, 0x00, 0x00, 0xc3, 0x03, 0x00, 0x00, 0xc2, 0x03, 0x00, 0x00, 0x0a, 0x00, 0x00, 0x00,
    0x3d, 0x00, 0x04, 0x00, 0x09, 0x00, 0x00, 0x00, 0xc4, 0x03, 0x00, 0x00, 0x71, 0x00, 0x00, 0x00,
    0xc2, 0x00, 0x05, 0x00, 0x09, 0x00, 0x00, 0x00, 0xc5, 0x03, 0x00, 0x00, 0xc4, 0x03, 0x00, 0x00,
    0x0a, 0x00, 0x00, 0x00, 0x3d, 0x00, 0x04, 0x00, 0x09, 0x00, 0x00, 0x00, 0xc6, 0x03, 0x00, 0x00,
    0x71, 0x00, 0x00, 0x00, 0xc7, 0x00, 0x05, 0x00, 0x09, 0x00, 0x00, 0x00, 0xc7, 0x03, 0x00, 0x00,
    0xc5, 0x03, 0x00, 0x00, 0x24, 0x00, 0x00, 0x00, 0xab, 0x00, 0x05, 0x00, 0x15, 0x00, 0x00, 0x00,
    0xc8, 0x03, 0x00, 0x00, 0xc7, 0x03, 0x00, 0x00, 0x0e, 0x00, 0x00, 0x00, 0xf7, 0x00, 0x03, 0x00,
    0xc9, 0x03, 0x00, 0x00, 0x00, 0x00, 0x00, 0x00, 0xfa, 0x00, 0x04, 0x00, 0xc8, 0x03, 0x00, 0x00,
    0xca, 0x03, 0x00, 0x00, 0xc9, 0x03, 0x00, 0x00, 0xf8, 0x00, 0x02, 0x00, 0xca, 0x03, 0x00, 0x00,
    0xf9, 0x00, 0x02, 0x00, 0xc0, 0x03, 0x00, 0x00, 0xf8, 0x00, 0x02, 0x00, 0xc9, 0x03, 0x00, 0x00,
    0xc7, 0x00, 0x05, 0x00, 0x09, 0x00, 0x00, 0x00, 0xcb, 0x03, 0x00, 0x00, 0xc6, 0x03, 0x00, 0x00,
    0x25, 0x00, 0x00, 0x00, 0xab, 0x00, 0x05, 0x00, 0x15, 0x00, 0x00, 0x00, 0xcc, 0x03, 0x00, 0x00,
    0xcb, 0x03, 0x00, 0x00, 0x0e, 0x00, 0x00, 0x00, 0xf7, 0x00, 0x03, 0x00, 0xcd, 0x03, 0x00, 0x00,
    0x00, 0x00, 0x00, 0x00, 0xfa, 0x00, 0x04, 0x00, 0xcc, 0x03, 0x00, 0x00, 0xce, 0x03, 0x00, 0x00,
    0xcd, 0x03, 0x00, 0x00, 0xf8, 0x00, 0x02, 0x00, 0xce, 0x03, 0x00, 0x00, 0xf9, 0x00, 0x02, 0x00,
    0xc0, 0x03, 0x00, 0x00, 0xf8, 0x00, 0x02, 0x00, 0xcd, 0x03, 0x00, 0x00, 0x7c, 0x00, 0x04, 0x00,
    0x09, 0x00, 0x00, 0x00, 0xcf, 0x03, 0x00, 0x00, 0x56, 0x00, 0x00, 0x00, 0x84, 0x00, 0x05, 0x00,
    0x09, 0x00, 0x00, 0x00, 0xd0, 0x03, 0x00, 0x00, 0xcf, 0x03, 0x00, 0x00, 0x21, 0x00, 0x00, 0x00,
    0x80, 0x00, 0x05, 0x00, 0x09, 0x00, 0x00, 0x00, 0xd1, 0x03, 0x00, 0x00, 0x25, 0x00, 0x00, 0x00,
    0xd0, 0x03, 0x00, 0x00, 0xc3, 0x00, 0x05, 0x00, 0x0c, 0x00, 0x00, 0x00, 0xd2, 0x03, 0x00, 0x00,
    0x67, 0x00, 0x00, 0x00, 0x2d, 0x00, 0x00, 0x00, 0x7c, 0x00, 0x04, 0x00, 0x09, 0x00, 0x00, 0x00,
    0xd3, 0x03, 0x00, 0x00, 0xd2, 0x03, 0x00, 0x00, 0x80, 0x00, 0x05, 0x00, 0x09, 0x00, 0x00, 0x00,
    0xd4, 0x03, 0x00, 0x00, 0xd1, 0x03, 0x00, 0x00, 0xd3, 0x03, 0x00, 0x00, 0x82, 0x00, 0x05, 0x00,
    0x09, 0x00, 0x00, 0x00, 0xd5, 0x03, 0x00, 0x00, 0xd4, 0x03, 0x00, 0x00, 0x29, 0x00, 0x00, 0x00,
    0xc2, 0x00, 0x05, 0x00, 0x09, 0x00, 0x00, 0x00, 0xd6, 0x03, 0x00, 0x00, 0xd5, 0x03, 0x00, 0x00,
    0x12, 0x00, 0x00, 0x00, 0x80, 0x00, 0x05, 0x00, 0x09, 0x00, 0x00, 0x00, 0xd7, 0x03, 0x00, 0x00,
    0x0b, 0x00, 0x00, 0x00, 0xd6, 0x03, 0x00, 0x00, 0x41, 0x00, 0x06, 0x00, 0x38, 0x00, 0x00, 0x00,
    0xd8, 0x03, 0x00, 0x00, 0x07, 0x00, 0x00, 0x00, 0x11, 0x00, 0x00, 0x00, 0xd7, 0x03, 0x00, 0x00,
    0x3d, 0x00, 0x04, 0x00, 0x09, 0x00, 0x00, 0x00, 0xd9, 0x03, 0x00, 0x00, 0xd8, 0x03, 0x00, 0x00,
    0xc7, 0x00, 0x05, 0x00, 0x09, 0x00, 0x00, 0x00, 0xda, 0x03, 0x00, 0x00, 0xd4, 0x03, 0x00, 0x00,
    0x12, 0x00, 0x00, 0x00, 0xab, 0x00, 0x05, 0x00, 0x15, 0x00, 0x00, 0x00, 0xdb, 0x03, 0x00, 0x00,
    0xda, 0x03, 0x00, 0x00, 0x0e, 0x00, 0x00, 0x00, 0xf7, 0x00, 0x03, 0x00, 0xdc, 0x03, 0x00, 0x00,
    0x00, 0x00, 0x00, 0x00, 0xfa, 0x00, 0x04, 0x00, 0xdb, 0x03, 0x00, 0x00, 0xdd, 0x03, 0x00, 0x00,
    0xde, 0x03, 0x00, 0x00, 0xf8, 0x00, 0x02, 0x00, 0xde, 0x03, 0x00, 0x00, 0xc7, 0x00, 0x05, 0x00,
    0x09, 0x00, 0x00, 0x00, 0xdf, 0x03, 0x00, 0x00, 0xd9, 0x03, 0x00, 0x00, 0x30, 0x00, 0x00, 0x00,
    0xf9, 0x00, 0x02, 0x00, 0xdc, 0x03, 0x00, 0x00, 0xf8, 0x00, 0x02, 0x00, 0xdd, 0x03, 0x00, 0x00,
    0xc2, 0x00, 0x05, 0x00, 0x09, 0x00, 0x00, 0x00, 0xe0, 0x03, 0x00, 0x00, 0xd9, 0x03, 0x00, 0x00,
    0x0a, 0x00, 0x00, 0x00, 0xf9, 0x00, 0x02, 0x00, 0xdc, 0x03, 0x00, 0x00, 0xf8, 0x00, 0x02, 0x00,
    0xdc, 0x03, 0x00, 0x00, 0xf5, 0x00, 0x07, 0x00, 0x09, 0x00, 0x00, 0x00, 0xe1, 0x03, 0x00, 0x00,
    0xe0, 0x03, 0x00, 0x00, 0xdd, 0x03, 0x00, 0x00, 0xdf, 0x03, 0x00, 0x00, 0xde, 0x03, 0x00, 0x00,
    0xc8, 0x00, 0x04, 0x00, 0x09, 0x00, 0x00, 0x00, 0xe2, 0x03, 0x00, 0x00, 0xe1, 0x03, 0x00, 0x00,
    0xc3, 0x00, 0x05, 0x00, 0x0c, 0x00, 0x00, 0x00, 0xe3, 0x03, 0x00, 0x00, 0x67, 0x00, 0x00, 0x00,
    0x2e, 0x00, 0x00, 0x00, 0xc7, 0x00, 0x05, 0x00, 0x0c, 0x00, 0x00, 0x00, 0xe4, 0x03, 0x00, 0x00,
    0xe3, 0x03, 0x00, 0x00, 0x2f, 0x00, 0x00, 0x00, 0x7c, 0x00, 0x04, 0x00, 0x09, 0x00, 0x00, 0x00,
    0xe5, 0x03, 0x00, 0x00, 0xe4, 0x03, 0x00, 0x00, 0xc7, 0x00, 0x05, 0x00, 0x09, 0x00, 0x00, 0x00,
    0xe6, 0x03, 0x00, 0x00, 0xe5, 0x03, 0x00, 0x00, 0x1d, 0x00, 0x00, 0x00, 0xc2, 0x00, 0x05, 0x00,
    0x09, 0x00, 0x00, 0x00, 0xe7, 0x03, 0x00, 0x00, 0x24, 0x00, 0x00, 0x00, 0xe6, 0x03, 0x00, 0x00,
    0xc7, 0x00, 0x05, 0x00, 0x09, 0x00, 0x00, 0x00, 0xe8, 0x03, 0x00, 0x00, 0xe2, 0x03, 0x00, 0x00,
    0xe7, 0x03, 0x00, 0x00, 0xab, 0x00, 0x05, 0x00, 0x15, 0x00, 0x00, 0x00, 0xe9, 0x03, 0x00, 0x00,
    0xe8, 0x03, 0x00, 0x00, 0x0e, 0x00, 0x00, 0x00, 0xf7, 0x00, 0x03, 0x00, 0xea, 0x03, 0x00, 0x00,
    0x00, 0x00, 0x00, 0x00, 0xfa, 0x00, 0x04, 0x00, 0xe9, 0x03, 0x00, 0x00, 0xeb, 0x03, 0x00, 0x00,
    0xea, 0x03, 0x00, 0x00, 0xf8, 0x00, 0x02, 0x00, 0xeb, 0x03, 0x00, 0x00, 0xf9, 0x00, 0x02, 0x00,
    0xc0, 0x03, 0x00, 0x00, 0xf8, 0x00, 0x02, 0x00, 0xea, 0x03, 0x00, 0x00, 0xc7, 0x00, 0x05, 0x00,
    0x09, 0x00, 0x00, 0x00, 0xec, 0x03, 0x00, 0x00, 0xc3, 0x03, 0x00, 0x00, 0x24, 0x00, 0x00, 0x00,
    0xab, 0x00, 0x05, 0x00, 0x15, 0x00, 0x00, 0x00, 0xed, 0x03, 0x00, 0x00, 0xec, 0x03, 0x00, 0x00,
    0x0e, 0x00, 0x00, 0x00, 0xf7, 0x00, 0x03, 0x00, 0xee, 0x03, 0x00, 0x00, 0x00, 0x00, 0x00, 0x00,
    0xfa, 0x00, 0x04, 0x00, 0xed, 0x03, 0x00, 0x00, 0xef, 0x03, 0x00, 0x00, 0xf0, 0x03, 0x00, 0x00,
    0xf8, 0x00, 0x02, 0x00, 0xf0, 0x03, 0x00, 0x00, 0x82, 0x00, 0x05, 0x00, 0x09, 0x00, 0x00, 0x00,
    0xf1, 0x03, 0x00, 0x00, 0x0e, 0x00, 0x00, 0x00, 0xc3, 0x03, 0x00, 0x00, 0xc7, 0x00, 0x05, 0x00,
    0x09, 0x00, 0x00, 0x00, 0xf2, 0x03, 0x00, 0x00, 0xf1, 0x03, 0x00, 0x00, 0x27, 0x00, 0x00, 0x00,
    0x7c, 0x00, 0x04, 0x00, 0x0c, 0x00, 0x00, 0x00, 0xf3, 0x03, 0x00, 0x00, 0xf2, 0x03, 0x00, 0x00,
    0xf9, 0x00, 0x02, 0x00, 0xee, 0x03, 0x00, 0x00, 0xf8, 0x00, 0x02, 0x00, 0xef, 0x03, 0x00, 0x00,
    0x80, 0x00, 0x05, 0x00, 0x09, 0x00, 0x00, 0x00, 0xf4, 0x03, 0x00, 0x00, 0xcf, 0x03, 0x00, 0x00,
    0x28, 0x00, 0x00, 0x00, 0xc2, 0x00, 0x05, 0x00, 0x09, 0x00, 0x00, 0x00, 0xf5, 0x03, 0x00, 0x00,
    0xf4, 0x03, 0x00, 0x00, 0x12, 0x00, 0x00, 0x00, 0x80, 0x00, 0x05, 0x00, 0x09, 0x00, 0x00, 0x00,
    0xf6, 0x03, 0x00, 0x00, 0x0b, 0x00, 0x00, 0x00, 0xf5, 0x03, 0x00, 0x00, 0x41, 0x00, 0x06, 0x00,
    0x38, 0x00, 0x00, 0x00, 0xf7, 0x03, 0x00, 0x00, 0x07, 0x00, 0x00, 0x00, 0x11, 0x00, 0x00, 0x00,
    0xf6, 0x03, 0x00, 0x00, 0x3d, 0x00, 0x04, 0x00, 0x09, 0x00, 0x00, 0x00, 0xf8, 0x03, 0x00, 0x00,
    0xf7, 0x03, 0x00, 0x00, 0xc7, 0x00, 0x05, 0x00, 0x09, 0x00, 0x00, 0x00, 0xf9, 0x03, 0x00, 0x00,
    0xcf, 0x03, 0x00, 0x00, 0x12, 0x00, 0x00, 0x00, 0xab, 0x00, 0x05, 0x00, 0x15, 0x00, 0x00, 0x00,
    0xfa, 0x03, 0x00, 0x00, 0xf9, 0x03, 0x00, 0x00, 0x0e, 0x00, 0x00, 0x00, 0xf7, 0x00, 0x03, 0x00,
    0xfb, 0x03, 0x00, 0x00, 0x00, 0x00, 0x00, 0x00, 0xfa, 0x00, 0x04, 0x00, 0xfa, 0x03, 0x00, 0x00,
    0xfc, 0x03, 0x00, 0x00, 0xfd, 0x03, 0x00, 0x00, 0xf8, 0x00, 0x02, 0x00, 0xfd, 0x03, 0x00, 0x00,
    0xc7, 0x00, 0x05, 0x00, 0x09, 0x00, 0x00, 0x00, 0xfe, 0x03, 0x00, 0x00, 0xf8, 0x03, 0x00, 0x00,
    0x30, 0x00, 0x00, 0x00, 0xf9, 0x00, 0x02, 0x00, 0xfb, 0x03, 0x00, 0x00, 0xf8, 0x00, 0x02, 0x00,
    0xfc, 0x03, 0x00, 0x00, 0xc2, 0x00, 0x05, 0x00, 0x09, 0x00, 0x00, 0x00, 0xff, 0x03, 0x00, 0x00,
    0xf8, 0x03, 0x00, 0x00, 0x0a, 0x00, 0x00, 0x00, 0xf9, 0x00, 0x02, 0x00, 0xfb, 0x03, 0x00, 0x00,
    0xf8, 0x00, 0x02, 0x00, 0xfb, 0x03, 0x00, 0x00, 0xf5, 0x00, 0x07, 0x00, 0x09, 0x00, 0x00, 0x00,
    0x00, 0x04, 0x00, 0x00, 0xff, 0x03, 0x00, 0x00, 0xfc, 0x03, 0x00, 0x00, 0xfe, 0x03, 0x00, 0x00,
    0xfd, 0x03, 0x00, 0x00, 0x82, 0x00, 0x05, 0x00, 0x09, 0x00, 0x00, 0x00, 0x01, 0x04, 0x00, 0x00,
    0x0e, 0x00, 0x00, 0x00, 0x00, 0x04, 0x00, 0x00, 0xc7, 0x00, 0x05, 0x00, 0x09, 0x00, 0x00, 0x00,
    0x02, 0x04, 0x00, 0x00, 0x01, 0x04, 0x00, 0x00, 0x27, 0x00, 0x00, 0x00, 0x7c, 0x00, 0x04, 0x00,
    0x0c, 0x00, 0x00, 0x00, 0x03, 0x04, 0x00, 0x00, 0x02, 0x04, 0x00, 0x00, 0xf9, 0x00, 0x02, 0x00,
    0xee, 0x03, 0x00, 0x00, 0xf8, 0x00, 0x02, 0x00, 0xee, 0x03, 0x00, 0x00, 0xf5, 0x00, 0x07, 0x00,
    0x0c, 0x00, 0x00, 0x00, 0x04, 0x04, 0x00, 0x00, 0x03, 0x04, 0x00, 0x00, 0xfb, 0x03, 0x00, 0x00,
    0xf3, 0x03, 0x00, 0x00, 0xf0, 0x03, 0x00, 0x00, 0x80, 0x00, 0x05, 0x00, 0x0c, 0x00, 0x00, 0x00,
    0x05, 0x04, 0x00, 0x00, 0x67, 0x00, 0x00, 0x00, 0x04, 0x04, 0x00, 0x00, 0xc7, 0x00, 0x05, 0x00,
    0x09, 0x00, 0x00, 0x00, 0x06, 0x04, 0x00, 0x00, 0xc5, 0x03, 0x00, 0x00, 0x27, 0x00, 0x00, 0x00,
    0x7c, 0x00, 0x04, 0x00, 0x0c, 0x00, 0x00, 0x00, 0x07, 0x04, 0x00, 0x00, 0x06, 0x04, 0x00, 0x00,
    0x80, 0x00, 0x05, 0x00, 0x0c, 0x00, 0x00, 0x00, 0x08, 0x04, 0x00, 0x00, 0x07, 0x04, 0x00, 0x00,
    0x56, 0x00, 0x00, 0x00, 0xc7, 0x00, 0x05, 0x00, 0x0c, 0x00, 0x00, 0x00, 0x09, 0x04, 0x00, 0x00,
    0x08, 0x04, 0x00, 0x00, 0x32, 0x00, 0x00, 0x00, 0x7c, 0x00, 0x04, 0x00, 0x09, 0x00, 0x00, 0x00,
    0x0a, 0x04, 0x00, 0x00, 0x09, 0x04, 0x00, 0x00, 0x84, 0x00, 0x05, 0x00, 0x09, 0x00, 0x00, 0x00,
    0x0b, 0x04, 0x00, 0x00, 0x0a, 0x04, 0x00, 0x00, 0x28, 0x00, 0x00, 0x00, 0x80, 0x00, 0x05, 0x00,
    0x09, 0x00, 0x00, 0x00, 0x0c, 0x04, 0x00, 0x00, 0x31, 0x00, 0x00, 0x00, 0x0b, 0x04, 0x00, 0x00,
    0xc7, 0x00, 0x05, 0x00, 0x0c, 0x00, 0x00, 0x00, 0x0d, 0x04, 0x00, 0x00, 0x05, 0x04, 0x00, 0x00,
    0x32, 0x00, 0x00, 0x00, 0x7c, 0x00, 0x04, 0x00, 0x09, 0x00, 0x00, 0x00, 0x0e, 0x04, 0x00, 0x00,
    0x0d, 0x04, 0x00, 0x00, 0x80, 0x00, 0x05, 0x00, 0x09, 0x00, 0x00, 0x00, 0x0f, 0x04, 0x00, 0x00,
    0x0c, 0x04, 0x00, 0x00, 0x0e, 0x04, 0x00, 0x00, 0xc2, 0x00, 0x05, 0x00, 0x09, 0x00, 0x00, 0x00,
    0x10, 0x04, 0x00, 0x00, 0x0f, 0x04, 0x00, 0x00, 0x12, 0x00, 0x00, 0x00, 0x41, 0x00, 0x06, 0x00,
    0x38, 0x00, 0x00, 0x00, 0x11, 0x04, 0x00, 0x00, 0x06, 0x00, 0x00, 0x00, 0x11, 0x00, 0x00, 0x00,
    0x10, 0x04, 0x00, 0x00, 0x3d, 0x00, 0x04, 0x00, 0x09, 0x00, 0x00, 0x00, 0x12, 0x04, 0x00, 0x00,
    0x11, 0x04, 0x00, 0x00, 0xc7, 0x00, 0x05, 0x00, 0x09, 0x00, 0x00, 0x00, 0x13, 0x04, 0x00, 0x00,
    0x0f, 0x04, 0x00, 0x00, 0x12, 0x00, 0x00, 0x00, 0xab, 0x00, 0x05, 0x00, 0x15, 0x00, 0x00, 0x00,
    0x14, 0x04, 0x00, 0x00, 0x13, 0x04, 0x00, 0x00, 0x0e, 0x00, 0x00, 0x00, 0xf7, 0x00, 0x03, 0x00,
    0x15, 0x04, 0x00, 0x00, 0x00, 0x00, 0x00, 0x00, 0xfa, 0x00, 0x04, 0x00, 0x14, 0x04, 0x00, 0x00,
    0x16, 0x04, 0x00, 0x00, 0x17, 0x04, 0x00, 0x00, 0xf8, 0x00, 0x02, 0x00, 0x17, 0x04, 0x00, 0x00,
    0xc7, 0x00, 0x05, 0x00, 0x09, 0x00, 0x00, 0x00, 0x18, 0x04, 0x00, 0x00, 0x12, 0x04, 0x00, 0x00,
    0x30, 0x00, 0x00, 0x00, 0xf9, 0x00, 0x02, 0x00, 0x15, 0x04, 0x00, 0x00, 0xf8, 0x00, 0x02, 0x00,
    0x16, 0x04, 0x00, 0x00, 0xc2, 0x00, 0x05, 0x00, 0x09, 0x00, 0x00, 0x00, 0x19, 0x04, 0x00, 0x00,
    0x12, 0x04, 0x00, 0x00, 0x0a, 0x00, 0x00, 0x00, 0xf9, 0x00, 0x02, 0x00, 0x15, 0x04, 0x00, 0x00,
    0xf8, 0x00, 0x02, 0x00, 0x15, 0x04, 0x00, 0x00, 0xf5, 0x00, 0x07, 0x00, 0x09, 0x00, 0x00, 0x00,
    0x1a, 0x04, 0x00, 0x00, 0x19, 0x04, 0x00, 0x00, 0x16, 0x04, 0x00, 0x00, 0x18, 0x04, 0x00, 0x00,
    0x17, 0x04, 0x00, 0x00, 0xc2, 0x00, 0x05, 0x00, 0x09, 0x00, 0x00, 0x00, 0x1b, 0x04, 0x00, 0x00,
    0x1a, 0x04, 0x00, 0x00, 0x2a, 0x00, 0x00, 0x00, 0xaa, 0x00, 0x05, 0x00, 0x15, 0x00, 0x00, 0x00,
    0x1c, 0x04, 0x00, 0x00, 0x1b, 0x04, 0x00, 0x00, 0x0e, 0x00, 0x00, 0x00, 0xf7, 0x00, 0x03, 0x00,
    0x1d, 0x04, 0x00, 0x00, 0x00, 0x00, 0x00, 0x00, 0xfa, 0x00, 0x04, 0x00, 0x1c, 0x04, 0x00, 0x00,
    0x1e, 0x04, 0x00, 0x00, 0x1d, 0x04, 0x00, 0x00, 0xf8, 0x00, 0x02, 0x00, 0x1e, 0x04, 0x00, 0x00,
    0xc7, 0x00, 0x05, 0x00, 0x09, 0x00, 0x00, 0x00, 0x1f, 0x04, 0x00, 0x00, 0x1a, 0x04, 0x00, 0x00,
    0x2a, 0x00, 0x00, 0x00, 0xaa, 0x00, 0x05, 0x00, 0x15, 0x00, 0x00, 0x00, 0x20, 0x04, 0x00, 0x00,
    0x1f, 0x04, 0x00, 0x00, 0x0e, 0x00, 0x00, 0x00, 0xf9, 0x00, 0x02, 0x00, 0x1d, 0x04, 0x00, 0x00,
    0xf8, 0x00, 0x02, 0x00, 0x1d, 0x04, 0x00, 0x00, 0xf5, 0x00, 0x07, 0x00, 0x15, 0x00, 0x00, 0x00,
    0x21, 0x04, 0x00, 0x00, 0x20, 0x00, 0x00, 0x00, 0x15, 0x04, 0x00, 0x00, 0x20, 0x04, 0x00, 0x00,
    0x1e, 0x04, 0x00, 0x00, 0xf7, 0x00, 0x03, 0x00, 0x22, 0x04, 0x00, 0x00, 0x00, 0x00, 0x00, 0x00,
    0xfa, 0x00, 0x04, 0x00, 0x21, 0x04, 0x00, 0x00, 0x23, 0x04, 0x00, 0x00, 0x22, 0x04, 0x00, 0x00,
    0xf8, 0x00, 0x02, 0x00, 0x23, 0x04, 0x00, 0x00, 0xf9, 0x00, 0x02, 0x00, 0xc0, 0x03, 0x00, 0x00,
    0xf8, 0x00, 0x02, 0x00, 0x22, 0x04, 0x00, 0x00, 0xc7, 0x00, 0x05, 0x00, 0x09, 0x00, 0x00, 0x00,
    0x24, 0x04, 0x00, 0x00, 0x1a, 0x04, 0x00, 0x00, 0x2b, 0x00, 0x00, 0x00, 0xf9, 0x00, 0x02, 0x00,
    0xc0, 0x03, 0x00, 0x00, 0xf8, 0x00, 0x02, 0x00, 0xc0, 0x03, 0x00, 0x00, 0xf5, 0x00, 0x0d, 0x00,
    0x09, 0x00, 0x00, 0x00, 0x25, 0x04, 0x00, 0x00, 0x0e, 0x00, 0x00, 0x00, 0xca, 0x03, 0x00, 0x00,
    0x0e, 0x00, 0x00, 0x00, 0xce, 0x03, 0x00, 0x00, 0x0e, 0x00, 0x00, 0x00, 0xeb, 0x03, 0x00, 0x00,
    0x0e, 0x00, 0x00, 0x00, 0x23, 0x04, 0x00, 0x00, 0x24, 0x04, 0x00, 0x00, 0x22, 0x04, 0x00, 0x00,
    0xf5, 0x00, 0x0d, 0x00, 0x15, 0x00, 0x00, 0x00, 0x26, 0x04, 0x00, 0x00, 0x16, 0x00, 0x00, 0x00,
    0xca, 0x03, 0x00, 0x00, 0x16, 0x00, 0x00, 0x00, 0xce, 0x03, 0x00, 0x00, 0x16, 0x00, 0x00, 0x00,
    0xeb, 0x03, 0x00, 0x00, 0x16, 0x00, 0x00, 0x00, 0x23, 0x04, 0x00, 0x00, 0x20, 0x00, 0x00, 0x00,
    0x22, 0x04, 0x00, 0x00, 0xf7, 0x00, 0x03, 0x00, 0x27, 0x04, 0x00, 0x00, 0x00, 0x00, 0x00, 0x00,
    0xfa, 0x00, 0x04, 0x00, 0x26, 0x04, 0x00, 0x00, 0x28, 0x04, 0x00, 0x00, 0x27, 0x04, 0x00, 0x00,
    0xf8, 0x00, 0x02, 0x00, 0x28, 0x04, 0x00, 0x00, 0xf9, 0x00, 0x02, 0x00, 0xe5, 0x02, 0x00, 0x00,
    0xf8, 0x00, 0x02, 0x00, 0x27, 0x04, 0x00, 0x00, 0xf7, 0x00, 0x03, 0x00, 0x29, 0x04, 0x00, 0x00,
    0x00, 0x00, 0x00, 0x00, 0xfb, 0x00, 0x03, 0x00, 0x0e, 0x00, 0x00, 0x00, 0x2a, 0x04, 0x00, 0x00,
    0xf8, 0x00, 0x02, 0x00, 0x2a, 0x04, 0x00, 0x00, 0x41, 0x00, 0x06, 0x00, 0x38, 0x00, 0x00, 0x00,
    0x2b, 0x04, 0x00, 0x00, 0x07, 0x00, 0x00, 0x00, 0x11, 0x00, 0x00, 0x00, 0x3c, 0x00, 0x00, 0x00,
    0x3d, 0x00, 0x04, 0x00, 0x09, 0x00, 0x00, 0x00, 0x2c, 0x04, 0x00, 0x00, 0x2b, 0x04, 0x00, 0x00,
    0xc7, 0x00, 0x05, 0x00, 0x09, 0x00, 0x00, 0x00, 0x2d, 0x04, 0x00, 0x00, 0x2c, 0x04, 0x00, 0x00,
    0x30, 0x00, 0x00, 0x00, 0x41, 0x00, 0x06, 0x00, 0x38, 0x00, 0x00, 0x00, 0x2e, 0x04, 0x00, 0x00,
    0x07, 0x00, 0x00, 0x00, 0x11, 0x00, 0x00, 0x00, 0x3d, 0x00, 0x00, 0x00, 0x3d, 0x00, 0x04, 0x00,
    0x09, 0x00, 0x00, 0x00, 0x2f, 0x04, 0x00, 0x00, 0x2e, 0x04, 0x00, 0x00, 0xc7, 0x00, 0x05, 0x00,
    0x09, 0x00, 0x00, 0x00, 0x30, 0x04, 0x00, 0x00, 0x2f, 0x04, 0x00, 0x00, 0x30, 0x00, 0x00, 0x00,
    0x3d, 0x00, 0x04, 0x00, 0x09, 0x00, 0x00, 0x00, 0x31, 0x04, 0x00, 0x00, 0x2e, 0x04, 0x00, 0x00,
    0xc7, 0x00, 0x05, 0x00, 0x09, 0x00, 0x00, 0x00, 0x32, 0x04, 0x00, 0x00, 0x2f, 0x04, 0x00, 0x00,
    0x24, 0x00, 0x00, 0x00, 0xab, 0x00, 0x05, 0x00, 0x15, 0x00, 0x00, 0x00, 0x33, 0x04, 0x00, 0x00,
    0x32, 0x04, 0x00, 0x00, 0x0e, 0x00, 0x00, 0x00, 0xf7, 0x00, 0x03, 0x00, 0x34, 0x04, 0x00, 0x00,
    0x00, 0x00, 0x00, 0x00, 0xfa, 0x00, 0x04, 0x00, 0x33, 0x04, 0x00, 0x00, 0x35, 0x04, 0x00, 0x00,
    0x34, 0x04, 0x00, 0x00, 0xf8, 0x00, 0x02, 0x00, 0x35, 0x04, 0x00, 0x00, 0xf9, 0x00, 0x02, 0x00,
    0x29, 0x04, 0x00, 0x00, 0xf8, 0x00, 0x02, 0x00, 0x34, 0x04, 0x00, 0x00, 0xc7, 0x00, 0x05, 0x00,
    0x09, 0x00, 0x00, 0x00, 0x36, 0x04, 0x00, 0x00, 0x31, 0x04, 0x00, 0x00, 0x25, 0x00, 0x00, 0x00,
    0xab, 0x00, 0x05, 0x00, 0x15, 0x00, 0x00, 0x00, 0x37, 0x04, 0x00, 0x00, 0x36, 0x04, 0x00, 0x00,
    0x0e, 0x00, 0x00, 0x00, 0xf7, 0x00, 0x03, 0x00, 0x38, 0x04, 0x00, 0x00, 0x00, 0x00, 0x00, 0x00,
    0xfa, 0x00, 0x04, 0x00, 0x37, 0x04, 0x00, 0x00, 0x39, 0x04, 0x00, 0x00, 0x38, 0x04, 0x00, 0x00,
    0xf8, 0x00, 0x02, 0x00, 0x39, 0x04, 0x00, 0x00, 0xc2, 0x00, 0x05, 0x00, 0x09, 0x00, 0x00, 0x00,
    0x3a, 0x04, 0x00, 0x00, 0x36, 0x04, 0x00, 0x00, 0x26, 0x00, 0x00, 0x00, 0xc7, 0x00, 0x05, 0x00,
    0x09, 0x00, 0x00, 0x00, 0x3b, 0x04, 0x00, 0x00, 0x2f, 0x04, 0x00, 0x00, 0x27, 0x00, 0x00, 0x00,
    0x7c, 0x00, 0x04, 0x00, 0x0c, 0x00, 0x00, 0x00, 0x3c, 0x04, 0x00, 0x00, 0x3b, 0x04, 0x00, 0x00,
    0x82, 0x00, 0x05, 0x00, 0x09, 0x00, 0x00, 0x00, 0x3d, 0x04, 0x00, 0x00, 0x0e, 0x00, 0x00, 0x00,
    0x30, 0x04, 0x00, 0x00, 0xc7, 0x00, 0x05, 0x00, 0x09, 0x00, 0x00, 0x00, 0x3e, 0x04, 0x00, 0x00,
    0x3d, 0x04, 0x00, 0x00, 0x27, 0x00, 0x00, 0x00, 0x7c, 0x00, 0x04, 0x00, 0x0c, 0x00, 0x00, 0x00,
    0x3f, 0x04, 0x00, 0x00, 0x3e, 0x04, 0x00, 0x00, 0xc7, 0x00, 0x05, 0x00, 0x09, 0x00, 0x00, 0x00,
    0x40, 0x04, 0x00, 0x00, 0x3d, 0x04, 0x00, 0x00, 0x28, 0x00, 0x00, 0x00, 0xab, 0x00, 0x05, 0x00,
    0x15, 0x00, 0x00, 0x00, 0x41, 0x04, 0x00, 0x00, 0x40, 0x04, 0x00, 0x00, 0x0e, 0x00, 0x00, 0x00,
    0xa9, 0x00, 0x06, 0x00, 0x09, 0x00, 0x00, 0x00, 0x42, 0x04, 0x00, 0x00, 0x41, 0x04, 0x00, 0x00,
    0x0f, 0x00, 0x00, 0x00, 0x3e, 0x00, 0x00, 0x00, 0xc7, 0x00, 0x05, 0x00, 0x09, 0x00, 0x00, 0x00,
    0x43, 0x04, 0x00, 0x00, 0x2c, 0x04, 0x00, 0x00, 0x24, 0x00, 0x00, 0x00, 0xab, 0x00, 0x05, 0x00,
    0x15, 0x00, 0x00, 0x00, 0x44, 0x04, 0x00, 0x00, 0x43, 0x04, 0x00, 0x00, 0x0e, 0x00, 0x00, 0x00,
    0xf7, 0x00, 0x03, 0x00, 0x45, 0x04, 0x00, 0x00, 0x00, 0x00, 0x00, 0x00, 0xfa, 0x00, 0x04, 0x00,
    0x44, 0x04, 0x00, 0x00, 0x46, 0x04, 0x00, 0x00, 0x47, 0x04, 0x00, 0x00, 0xf8, 0x00, 0x02, 0x00,
    0x47, 0x04, 0x00, 0x00, 0xc7, 0x00, 0x05, 0x00, 0x09, 0x00, 0x00, 0x00, 0x48, 0x04, 0x00, 0x00,
    0x2c, 0x04, 0x00, 0x00, 0x27, 0x00, 0x00, 0x00, 0x7c, 0x00, 0x04, 0x00, 0x0c, 0x00, 0x00, 0x00,
    0x49, 0x04, 0x00, 0x00, 0x48, 0x04, 0x00, 0x00, 0x7e, 0x00, 0x04, 0x00, 0x0c, 0x00, 0x00, 0x00,
    0x4a, 0x04, 0x00, 0x00, 0x49, 0x04, 0x00, 0x00, 0xaa, 0x00, 0x05, 0x00, 0x15, 0x00, 0x00, 0x00,
    0x4b, 0x04, 0x00, 0x00, 0x3a, 0x04, 0x00, 0x00, 0x12, 0x00, 0x00, 0x00, 0xf7, 0x00, 0x03, 0x00,
    0x4c, 0x04, 0x00, 0x00, 0x00, 0x00, 0x00, 0x00, 0xfa, 0x00, 0x04, 0x00, 0x4b, 0x04, 0x00, 0x00,
    0x4d, 0x04, 0x00, 0x00, 0x4e, 0x04, 0x00, 0x00, 0xf8, 0x00, 0x02, 0x00, 0x4e, 0x04, 0x00, 0x00,
    0xc7, 0x00, 0x05, 0x00, 0x09, 0x00, 0x00, 0x00, 0x4f, 0x04, 0x00, 0x00, 0x2c, 0x04, 0x00, 0x00,
    0x28, 0x00, 0x00, 0x00, 0xab, 0x00, 0x05, 0x00, 0x15, 0x00, 0x00, 0x00, 0x50, 0x04, 0x00, 0x00,
    0x4f, 0x04, 0x00, 0x00, 0x0e, 0x00, 0x00, 0x00, 0xa9, 0x00, 0x06, 0x00, 0x09, 0x00, 0x00, 0x00,
    0x51, 0x04, 0x00, 0x00, 0x50, 0x04, 0x00, 0x00, 0x0f, 0x00, 0x00, 0x00, 0x3e, 0x00, 0x00, 0x00,
    0xb1, 0x00, 0x05, 0x00, 0x15, 0x00, 0x00, 0x00, 0x52, 0x04, 0x00, 0x00, 0x67, 0x00, 0x00, 0x00,
    0x49, 0x04, 0x00, 0x00, 0xf7, 0x00, 0x03, 0x00, 0x53, 0x04, 0x00, 0x00, 0x00, 0x00, 0x00, 0x00,
    0xfa, 0x00, 0x04, 0x00, 0x52, 0x04, 0x00, 0x00, 0x54, 0x04, 0x00, 0x00, 0x55, 0x04, 0x00, 0x00,
    0xf8, 0x00, 0x02, 0x00, 0x55, 0x04, 0x00, 0x00, 0x53, 0x00, 0x04, 0x00, 0x09, 0x00, 0x00, 0x00,
    0x56, 0x04, 0x00, 0x00, 0x3e, 0x00, 0x00, 0x00, 0x53, 0x00, 0x04, 0x00, 0x09, 0x00, 0x00, 0x00,
    0x57, 0x04, 0x00, 0x00, 0x0f, 0x00, 0x00, 0x00, 0xa9, 0x00, 0x06, 0x00, 0x09, 0x00, 0x00, 0x00,
    0x58, 0x04, 0x00, 0x00, 0x50, 0x04, 0x00, 0x00, 0x3e, 0x00, 0x00, 0x00, 0x0f, 0x00, 0x00, 0x00,
    0xf9, 0x00, 0x02, 0x00, 0x53, 0x04, 0x00, 0x00, 0xf8, 0x00, 0x02, 0x00, 0x54, 0x04, 0x00, 0x00,
    0xf9, 0x00, 0x02, 0x00, 0x53, 0x04, 0x00, 0x00, 0xf8, 0x00, 0x02, 0x00, 0x53, 0x04, 0x00, 0x00,
    0xf5, 0x00, 0x07, 0x00, 0x09, 0x00, 0x00, 0x00, 0x59, 0x04, 0x00, 0x00, 0x51, 0x04, 0x00, 0x00,
    0x54, 0x04, 0x00, 0x00, 0x58, 0x04, 0x00, 0x00, 0x55, 0x04, 0x00, 0x00, 0xf9, 0x00, 0x02, 0x00,
    0x4c, 0x04, 0x00, 0x00, 0xf8, 0x00, 0x02, 0x00, 0x4d, 0x04, 0x00, 0x00, 0xb1, 0x00, 0x05, 0x00,
    0x15, 0x00, 0x00, 0x00, 0x5a, 0x04, 0x00, 0x00, 0x56, 0x00, 0x00, 0x00, 0x3f, 0x04, 0x00, 0x00,
    0xf7, 0x00, 0x03, 0x00, 0x5b, 0x04, 0x00, 0x00, 0x00, 0x00, 0x00, 0x00, 0xfa, 0x00, 0x04, 0x00,
    0x5a, 0x04, 0x00, 0x00, 0x5c, 0x04, 0x00, 0x00, 0x5d, 0x04, 0x00, 0x00, 0xf8, 0x00, 0x02, 0x00,
    0x5d, 0x04, 0x00, 0x00, 0x53, 0x00, 0x04, 0x00, 0x09, 0x00, 0x00, 0x00, 0x5e, 0x04, 0x00, 0x00,
    0x3e, 0x00, 0x00, 0x00, 0x53, 0x00, 0x04, 0x00, 0x09, 0x00, 0x00, 0x00, 0x5f, 0x04, 0x00, 0x00,
    0x0f, 0x00, 0x00, 0x00, 0xa9, 0x00, 0x06, 0x00, 0x09, 0x00, 0x00, 0x00, 0x60, 0x04, 0x00, 0x00,
    0x41, 0x04, 0x00, 0x00, 0x3e, 0x00, 0x00, 0x00, 0x0f, 0x00, 0x00, 0x00, 0xf9, 0x00, 0x02, 0x00,
    0x5b, 0x04, 0x00, 0x00, 0xf8, 0x00, 0x02, 0x00, 0x5c, 0x04, 0x00, 0x00, 0xf9, 0x00, 0x02, 0x00,
    0x5b, 0x04, 0x00, 0x00, 0xf8, 0x00, 0x02, 0x00, 0x5b, 0x04, 0x00, 0x00, 0xf5, 0x00, 0x07, 0x00,
    0x09, 0x00, 0x00, 0x00, 0x61, 0x04, 0x00, 0x00, 0x42, 0x04, 0x00, 0x00, 0x5c, 0x04, 0x00, 0x00,
    0x60, 0x04, 0x00, 0x00, 0x5d, 0x04, 0x00, 0x00, 0xf9, 0x00, 0x02, 0x00, 0x4c, 0x04, 0x00, 0x00,
    0xf8, 0x00, 0x02, 0x00, 0x4c, 0x04, 0x00, 0x00, 0xf5, 0x00, 0x07, 0x00, 0x09, 0x00, 0x00, 0x00,
    0x62, 0x04, 0x00, 0x00, 0x61, 0x04, 0x00, 0x00, 0x5b, 0x04, 0x00, 0x00, 0x59, 0x04, 0x00, 0x00,
    0x53, 0x04, 0x00, 0x00, 0xf9, 0x00, 0x02, 0x00, 0x45, 0x04, 0x00, 0x00, 0xf8, 0x00, 0x02, 0x00,
    0x46, 0x04, 0x00, 0x00, 0x7c, 0x00, 0x04, 0x00, 0x09, 0x00, 0x00, 0x00, 0x63, 0x04, 0x00, 0x00,
    0x56, 0x00, 0x00, 0x00, 0x80, 0x00, 0x05, 0x00, 0x09, 0x00, 0x00, 0x00, 0x64, 0x04, 0x00, 0x00,
    0x63, 0x04, 0x00, 0x00, 0x3f, 0x00, 0x00, 0x00, 0xc2, 0x00, 0x05, 0x00, 0x09, 0x00, 0x00, 0x00,
    0x65, 0x04, 0x00, 0x00, 0x64, 0x04, 0x00, 0x00, 0x12, 0x00, 0x00, 0x00, 0x80, 0x00, 0x05, 0x00,
    0x09, 0x00, 0x00, 0x00, 0x66, 0x04, 0x00, 0x00, 0x0b, 0x00, 0x00, 0x00, 0x65, 0x04, 0x00, 0x00,
    0x41, 0x00, 0x06, 0x00, 0x38, 0x00, 0x00, 0x00, 0x67, 0x04, 0x00, 0x00, 0x07, 0x00, 0x00, 0x00,
    0x11, 0x00, 0x00, 0x00, 0x66, 0x04, 0x00, 0x00, 0x3d, 0x00, 0x04, 0x00, 0x09, 0x00, 0x00, 0x00,
    0x68, 0x04, 0x00, 0x00, 0x67, 0x04, 0x00, 0x00, 0xc7, 0x00, 0x05, 0x00, 0x09, 0x00, 0x00, 0x00,
    0x69, 0x04, 0x00, 0x00, 0x63, 0x04, 0x00, 0x00, 0x12, 0x00, 0x00, 0x00, 0xab, 0x00, 0x05, 0x00,
    0x15, 0x00, 0x00, 0x00, 0x6a, 0x04, 0x00, 0x00, 0x69, 0x04, 0x00, 0x00, 0x0e, 0x00, 0x00, 0x00,
    0xf7, 0x00, 0x03, 0x00, 0x6b, 0x04, 0x00, 0x00, 0x00, 0x00, 0x00, 0x00, 0xfa, 0x00, 0x04, 0x00,
    0x6a, 0x04, 0x00, 0x00, 0x6c, 0x04, 0x00, 0x00, 0x6d, 0x04, 0x00, 0x00, 0xf8, 0x00, 0x02, 0x00,
    0x6d, 0x04, 0x00, 0x00, 0xc7, 0x00, 0x05, 0x00, 0x09, 0x00, 0x00, 0x00, 0x6e, 0x04, 0x00, 0x00,
    0x68, 0x04, 0x00, 0x00, 0x30, 0x00, 0x00, 0x00, 0xf9, 0x00, 0x02, 0x00, 0x6b, 0x04, 0x00, 0x00,
    0xf8, 0x00, 0x02, 0x00, 0x6c, 0x04, 0x00, 0x00, 0xc2, 0x00, 0x05, 0x00, 0x09, 0x00, 0x00, 0x00,
    0x6f, 0x04, 0x00, 0x00, 0x68, 0x04, 0x00, 0x00, 0x0a, 0x00, 0x00, 0x00, 0xf9, 0x00, 0x02, 0x00,
    0x6b, 0x04, 0x00, 0x00, 0xf8, 0x00, 0x02, 0x00, 0x6b, 0x04, 0x00, 0x00, 0xf5, 0x00, 0x07, 0x00,
    0x09, 0x00, 0x00, 0x00, 0x70, 0x04, 0x00, 0x00, 0x6f, 0x04, 0x00, 0x00, 0x6c, 0x04, 0x00, 0x00,
    0x6e, 0x04, 0x00, 0x00, 0x6d, 0x04, 0x00, 0x00, 0xc7, 0x00, 0x05, 0x00, 0x09, 0x00, 0x00, 0x00,
    0x71, 0x04, 0x00, 0x00, 0x70, 0x04, 0x00, 0x00, 0x27, 0x00, 0x00, 0x00, 0x7c, 0x00, 0x04, 0x00,
    0x0c, 0x00, 0x00, 0x00, 0x72, 0x04, 0x00, 0x00, 0x71, 0x04, 0x00, 0x00, 0x7e, 0x00, 0x04, 0x00,
    0x0c, 0x00, 0x00, 0x00, 0x73, 0x04, 0x00, 0x00, 0x72, 0x04, 0x00, 0x00, 0xaa, 0x00, 0x05, 0x00,
    0x15, 0x00, 0x00, 0x00, 0x74, 0x04, 0x00, 0x00, 0x3a, 0x04, 0x00, 0x00, 0x12, 0x00, 0x00, 0x00,
    0xf7, 0x00, 0x03, 0x00, 0x75, 0x04, 0x00, 0x00, 0x00, 0x00, 0x00, 0x00, 0xfa, 0x00, 0x04, 0x00,
    0x74, 0x04, 0x00, 0x00, 0x76, 0x04, 0x00, 0x00, 0x77, 0x04, 0x00, 0x00, 0xf8, 0x00, 0x02, 0x00,
    0x77, 0x04, 0x00, 0x00, 0xc7, 0x00, 0x05, 0x00, 0x09, 0x00, 0x00, 0x00, 0x78, 0x04, 0x00, 0x00,
    0x70, 0x04, 0x00, 0x00, 0x28, 0x00, 0x00, 0x00, 0xab, 0x00, 0x05, 0x00, 0x15, 0x00, 0x00, 0x00,
    0x79, 0x04, 0x00, 0x00, 0x78, 0x04, 0x00, 0x00, 0x0e, 0x00, 0x00, 0x00, 0xa9, 0x00, 0x06, 0x00,
    0x09, 0x00, 0x00, 0x00, 0x7a, 0x04, 0x00, 0x00, 0x79, 0x04, 0x00, 0x00, 0x0f, 0x00, 0x00, 0x00,
    0x3e, 0x00, 0x00, 0x00, 0x82, 0x00, 0x05, 0x00, 0x0c, 0x00, 0x00, 0x00, 0x7b, 0x04, 0x00, 0x00,
    0x72, 0x04, 0x00, 0x00, 0x14, 0x00, 0x00, 0x00, 0xb3, 0x00, 0x05, 0x00, 0x15, 0x00, 0x00, 0x00,
    0x7c, 0x04, 0x00, 0x00, 0x67, 0x00, 0x00, 0x00, 0x7b, 0x04, 0x00, 0x00, 0xf7, 0x00, 0x03, 0x00,
    0x7d, 0x04, 0x00, 0x00, 0x00, 0x00, 0x00, 0x00, 0xfa, 0x00, 0x04, 0x00, 0x7c, 0x04, 0x00, 0x00,
    0x7e, 0x04, 0x00, 0x00, 0x7f, 0x04, 0x00, 0x00, 0xf8, 0x00, 0x02, 0x00, 0x7f, 0x04, 0x00, 0x00,
    0x53, 0x00, 0x04, 0x00, 0x09, 0x00, 0x00, 0x00, 0x80, 0x04, 0x00, 0x00, 0x3e, 0x00, 0x00, 0x00,
    0x53, 0x00, 0x04, 0x00, 0x09, 0x00, 0x00, 0x00, 0x81, 0x04, 0x00, 0x00, 0x0f, 0x00, 0x00, 0x00,
    0xa9, 0x00, 0x06, 0x00, 0x09, 0x00, 0x00, 0x00, 0x82, 0x04, 0x00, 0x00, 0x79, 0x04, 0x00, 0x00,
    0x3e, 0x00, 0x00, 0x00, 0x0f, 0x00, 0x00, 0x00, 0xf9, 0x00, 0x02, 0x00, 0x7d, 0x04, 0x00, 0x00,
    0xf8, 0x00, 0x02, 0x00, 0x7e, 0x04, 0x00, 0x00, 0xf9, 0x00, 0x02, 0x00, 0x7d, 0x04, 0x00, 0x00,
    0xf8, 0x00, 0x02, 0x00, 0x7d, 0x04, 0x00, 0x00, 0xf5, 0x00, 0x07, 0x00, 0x09, 0x00, 0x00, 0x00,
    0x83, 0x04, 0x00, 0x00, 0x7a, 0x04, 0x00, 0x00, 0x7e, 0x04, 0x00, 0x00, 0x82, 0x04, 0x00, 0x00,
    0x7f, 0x04, 0x00, 0x00, 0xf9, 0x00, 0x02, 0x00, 0x75, 0x04, 0x00, 0x00, 0xf8, 0x00, 0x02, 0x00,
    0x76, 0x04, 0x00, 0x00, 0xaf, 0x00, 0x05, 0x00, 0x15, 0x00, 0x00, 0x00, 0x84, 0x04, 0x00, 0x00,
    0x56, 0x00, 0x00, 0x00, 0x3f, 0x04, 0x00, 0x00, 0xf7, 0x00, 0x03, 0x00, 0x85, 0x04, 0x00, 0x00,
    0x00, 0x00, 0x00, 0x00, 0xfa, 0x00, 0x04, 0x00, 0x84, 0x04, 0x00, 0x00, 0x86, 0x04, 0x00, 0x00,
    0x87, 0x04, 0x00, 0x00, 0xf8, 0x00, 0x02, 0x00, 0x87, 0x04, 0x00, 0x00, 0xf9, 0x00, 0x02, 0x00,
    0x85, 0x04, 0x00, 0x00, 0xf8, 0x00, 0x02, 0x00, 0x86, 0x04, 0x00, 0x00, 0x53, 0x00, 0x04, 0x00,
    0x09, 0x00, 0x00, 0x00, 0x88, 0x04, 0x00, 0x00, 0x3e, 0x00, 0x00, 0x00, 0x53, 0x00, 0x04, 0x00,
    0x09, 0x00, 0x00, 0x00, 0x89, 0x04, 0x00, 0x00, 0x0f, 0x00, 0x00, 0x00, 0xa9, 0x00, 0x06, 0x00,
    0x09, 0x00, 0x00, 0x00, 0x8a, 0x04, 0x00, 0x00, 0x41, 0x04, 0x00, 0x00, 0x3e, 0x00, 0x00, 0x00,
    0x0f, 0x00, 0x00, 0x00, 0xf9, 0x00, 0x02, 0x00, 0x85, 0x04, 0x00, 0x00, 0xf8, 0x00, 0x02, 0x00,
    0x85, 0x04, 0x00, 0x00, 0xf5, 0x00, 0x07, 0x00, 0x09, 0x00, 0x00, 0x00, 0x8b, 0x04, 0x00, 0x00,
    0x8a, 0x04, 0x00, 0x00, 0x86, 0x04, 0x00, 0x00, 0x42, 0x04, 0x00, 0x00, 0x87, 0x04, 0x00, 0x00,
    0xf9, 0x00, 0x02, 0x00, 0x75, 0x04, 0x00, 0x00, 0xf8, 0x00, 0x02, 0x00, 0x75, 0x04, 0x00, 0x00,
    0xf5, 0x00, 0x07, 0x00, 0x09, 0x00, 0x00, 0x00, 0x8c, 0x04, 0x00, 0x00, 0x8b, 0x04, 0x00, 0x00,
    0x85, 0x04, 0x00, 0x00, 0x83, 0x04, 0x00, 0x00, 0x7d, 0x04, 0x00, 0x00, 0xf9, 0x00, 0x02, 0x00,
    0x45, 0x04, 0x00, 0x00, 0xf8, 0x00, 0x02, 0x00, 0x45, 0x04, 0x00, 0x00, 0xf5, 0x00, 0x07, 0x00,
    0x0c, 0x00, 0x00, 0x00, 0x8d, 0x04, 0x00, 0x00, 0x73, 0x04, 0x00, 0x00, 0x75, 0x04, 0x00, 0x00,
    0x4a, 0x04, 0x00, 0x00, 0x4c, 0x04, 0x00, 0x00, 0xf5, 0x00, 0x07, 0x00, 0x09, 0x00, 0x00, 0x00,
    0x8e, 0x04, 0x00, 0x00, 0x8c, 0x04, 0x00, 0x00, 0x75, 0x04, 0x00, 0x00, 0x62, 0x04, 0x00, 0x00,
    0x4c, 0x04, 0x00, 0x00, 0x80, 0x00, 0x05, 0x00, 0x0c, 0x00, 0x00, 0x00, 0x8f, 0x04, 0x00, 0x00,
    0x67, 0x00, 0x00, 0x00, 0x8d, 0x04, 0x00, 0x00, 0x80, 0x00, 0x05, 0x00, 0x0c, 0x00, 0x00, 0x00,
    0x90, 0x04, 0x00, 0x00, 0x56, 0x00, 0x00, 0x00, 0x3c, 0x04, 0x00, 0x00, 0x84, 0x00, 0x05, 0x00,
    0x09, 0x00, 0x00, 0x00, 0x91, 0x04, 0x00, 0x00, 0x8e, 0x04, 0x00, 0x00, 0x31, 0x00, 0x00, 0x00,
    0xc7, 0x00, 0x05, 0x00, 0x0c, 0x00, 0x00, 0x00, 0x92, 0x04, 0x00, 0x00, 0x90, 0x04, 0x00, 0x00,
    0x32, 0x00, 0x00, 0x00, 0x7c, 0x00, 0x04, 0x00, 0x09, 0x00, 0x00, 0x00, 0x93, 0x04, 0x00, 0x00,
    0x92, 0x04, 0x00, 0x00, 0x84, 0x00, 0x05, 0x00, 0x09, 0x00, 0x00, 0x00, 0x94, 0x04, 0x00, 0x00,
    0x93, 0x04, 0x00, 0x00, 0x28, 0x00, 0x00, 0x00, 0x80, 0x00, 0x05, 0x00, 0x09, 0x00, 0x00, 0x00,
    0x95, 0x04, 0x00, 0x00, 0x91, 0x04, 0x00, 0x00, 0x94, 0x04, 0x00, 0x00, 0xc7, 0x00, 0x05, 0x00,
    0x0c, 0x00, 0x00, 0x00, 0x96, 0x04, 0x00, 0x00, 0x8f, 0x04, 0x00, 0x00, 0x32, 0x00, 0x00, 0x00,
    0x7c, 0x00, 0x04, 0x00, 0x09, 0x00, 0x00, 0x00, 0x97, 0x04, 0x00, 0x00, 0x96, 0x04, 0x00, 0x00,
    0x80, 0x00, 0x05, 0x00, 0x09, 0x00, 0x00, 0x00, 0x98, 0x04, 0x00, 0x00, 0x95, 0x04, 0x00, 0x00,
    0x97, 0x04, 0x00, 0x00, 0xc2, 0x00, 0x05, 0x00, 0x09, 0x00, 0x00, 0x00, 0x99, 0x04, 0x00, 0x00,
    0x98, 0x04, 0x00, 0x00, 0x12, 0x00, 0x00, 0x00, 0x41, 0x00, 0x06, 0x00, 0x38, 0x00, 0x00, 0x00,
    0x9a, 0x04, 0x00, 0x00, 0x06, 0x00, 0x00, 0x00, 0x11, 0x00, 0x00, 0x00, 0x99, 0x04, 0x00, 0x00,
    0x3d, 0x00, 0x04, 0x00, 0x09, 0x00, 0x00, 0x00, 0x9b, 0x04, 0x00, 0x00, 0x9a, 0x04, 0x00, 0x00,
    0xc7, 0x00, 0x05, 0x00, 0x09, 0x00, 0x00, 0x00, 0x9c, 0x04, 0x00, 0x00, 0x98, 0x04, 0x00, 0x00,
    0x12, 0x00, 0x00, 0x00, 0xab, 0x00, 0x05, 0x00, 0x15, 0x00, 0x00, 0x00, 0x9d, 0x04, 0x00, 0x00,
    0x9c, 0x04, 0x00, 0x00, 0x0e, 0x00, 0x00, 0x00, 0xf7, 0x00, 0x03, 0x00, 0x9e, 0x04, 0x00, 0x00,
    0x00, 0x00, 0x00, 0x00, 0xfa, 0x00, 0x04, 0x00, 0x9d, 0x04, 0x00, 0x00, 0x9f, 0x04, 0x00, 0x00,
    0xa0, 0x04, 0x00, 0x00, 0xf8, 0x00, 0x02, 0x00, 0xa0, 0x04, 0x00, 0x00, 0xc7, 0x00, 0x05, 0x00,
    0x09, 0x00, 0x00, 0x00, 0xa1, 0x04, 0x00, 0x00, 0x9b, 0x04, 0x00, 0x00, 0x30, 0x00, 0x00, 0x00,
    0xf9, 0x00, 0x02, 0x00, 0x9e, 0x04, 0x00, 0x00, 0xf8, 0x00, 0x02, 0x00, 0x9f, 0x04, 0x00, 0x00,
    0xc2, 0x00, 0x05, 0x00, 0x09, 0x00, 0x00, 0x00, 0xa2, 0x04, 0x00, 0x00, 0x9b, 0x04, 0x00, 0x00,
    0x0a, 0x00, 0x00, 0x00, 0xf9, 0x00, 0x02, 0x00, 0x9e, 0x04, 0x00, 0x00, 0xf8, 0x00, 0x02, 0x00,
    0x9e, 0x04, 0x00, 0x00, 0xf5, 0x00, 0x07, 0x00, 0x09, 0x00, 0x00, 0x00, 0xa3, 0x04, 0x00, 0x00,
    0xa2, 0x04, 0x00, 0x00, 0x9f, 0x04, 0x00, 0x00, 0xa1, 0x04, 0x00, 0x00, 0xa0, 0x04, 0x00, 0x00,
    0xc2, 0x00, 0x05, 0x00, 0x09, 0x00, 0x00, 0x00, 0xa4, 0x04, 0x00, 0x00, 0xa3, 0x04, 0x00, 0x00,
    0x2a, 0x00, 0x00, 0x00, 0xaa, 0x00, 0x05, 0x00, 0x15, 0x00, 0x00, 0x00, 0xa5, 0x04, 0x00, 0x00,
    0xa4, 0x04, 0x00, 0x00, 0x0e, 0x00, 0x00, 0x00, 0xab, 0x00, 0x05, 0x00, 0x15, 0x00, 0x00, 0x00,
    0xa6, 0x04, 0x00, 0x00, 0xa4, 0x04, 0x00, 0x00, 0x0e, 0x00, 0x00, 0x00, 0xf7, 0x00, 0x03, 0x00,
    0xa7, 0x04, 0x00, 0x00, 0x00, 0x00, 0x00, 0x00, 0xfa, 0x00, 0x04, 0x00, 0xa6, 0x04, 0x00, 0x00,
    0xa8, 0x04, 0x00, 0x00, 0xa7, 0x04, 0x00, 0x00, 0xf8, 0x00, 0x02, 0x00, 0xa8, 0x04, 0x00, 0x00,
    0xf9, 0x00, 0x02, 0x00, 0x29, 0x04, 0x00, 0x00, 0xf8, 0x00, 0x02, 0x00, 0xa7, 0x04, 0x00, 0x00,
    0xc7, 0x00, 0x05, 0x00, 0x09, 0x00, 0x00, 0x00, 0xa9, 0x04, 0x00, 0x00, 0xa3, 0x04, 0x00, 0x00,
    0x2b, 0x00, 0x00, 0x00, 0xf9, 0x00, 0x02, 0x00, 0x29, 0x04, 0x00, 0x00, 0xf8, 0x00, 0x02, 0x00,
    0x38, 0x04, 0x00, 0x00, 0x7c, 0x00, 0x04, 0x00, 0x09, 0x00, 0x00, 0x00, 0xaa, 0x04, 0x00, 0x00,
    0x56, 0x00, 0x00, 0x00, 0x84, 0x00, 0x05, 0x00, 0x09, 0x00, 0x00, 0x00, 0xab, 0x04, 0x00, 0x00,
    0xaa, 0x04, 0x00, 0x00, 0x21, 0x00, 0x00, 0x00, 0x80, 0x00, 0x05, 0x00, 0x09, 0x00, 0x00, 0x00,
    0xac, 0x04, 0x00, 0x00, 0x2c, 0x00, 0x00, 0x00, 0xab, 0x04, 0x00, 0x00, 0xc3, 0x00, 0x05, 0x00,
    0x0c, 0x00, 0x00, 0x00, 0xad, 0x04, 0x00, 0x00, 0x67, 0x00, 0x00, 0x00, 0x2d, 0x00, 0x00, 0x00,
    0x7c, 0x00, 0x04, 0x00, 0x09, 0x00, 0x00, 0x00, 0xae, 0x04, 0x00, 0x00, 0xad, 0x04, 0x00, 0x00,
    0x80, 0x00, 0x05, 0x00, 0x09, 0x00, 0x00, 0x00, 0xaf, 0x04, 0x00, 0x00, 0xac, 0x04, 0x00, 0x00,
    0xae, 0x04, 0x00, 0x00, 0x82, 0x00, 0x05, 0x00, 0x09, 0x00, 0x00, 0x00, 0xb0, 0x04, 0x00, 0x00,
    0xaf, 0x04, 0x00, 0x00, 0x29, 0x00, 0x00, 0x00, 0xc2, 0x00, 0x05, 0x00, 0x09, 0x00, 0x00, 0x00,
    0xb1, 0x04, 0x00, 0x00, 0xb0, 0x04, 0x00, 0x00, 0x12, 0x00, 0x00, 0x00, 0x80, 0x00, 0x05, 0x00,
    0x09, 0x00, 0x00, 0x00, 0xb2, 0x04, 0x00, 0x00, 0x0b, 0x00, 0x00, 0x00, 0xb1, 0x04, 0x00, 0x00,
    0x41, 0x00, 0x06, 0x00, 0x38, 0x00, 0x00, 0x00, 0xb3, 0x04, 0x00, 0x00, 0x07, 0x00, 0x00, 0x00,
    0x11, 0x00, 0x00, 0x00, 0xb2, 0x04, 0x00, 0x00, 0x3d, 0x00, 0x04, 0x00, 0x09, 0x00, 0x00, 0x00,
    0xb4, 0x04, 0x00, 0x00, 0xb3, 0x04, 0x00, 0x00, 0xc7, 0x00, 0x05, 0x00, 0x09, 0x00, 0x00, 0x00,
    0xb5, 0x04, 0x00, 0x00, 0xaf, 0x04, 0x00, 0x00, 0x12, 0x00, 0x00, 0x00, 0xab, 0x00, 0x05, 0x00,
    0x15, 0x00, 0x00, 0x00, 0xb6, 0x04, 0x00, 0x00, 0xb5, 0x04, 0x00, 0x00, 0x0e, 0x00, 0x00, 0x00,
    0xf7, 0x00, 0x03, 0x00, 0xb7, 0x04, 0x00, 0x00, 0x00, 0x00, 0x00, 0x00, 0xfa, 0x00, 0x04, 0x00,
    0xb6, 0x04, 0x00, 0x00, 0xb8, 0x04, 0x00, 0x00, 0xb9, 0x04, 0x00, 0x00, 0xf8, 0x00, 0x02, 0x00,
    0xb9, 0x04, 0x00, 0x00, 0xc7, 0x00, 0x05, 0x00, 0x09, 0x00, 0x00, 0x00, 0xba, 0x04, 0x00, 0x00,
    0xb4, 0x04, 0x00, 0x00, 0x30, 0x00, 0x00, 0x00, 0xf9, 0x00, 0x02, 0x00, 0xb7, 0x04, 0x00, 0x00,
    0xf8, 0x00, 0x02, 0x00, 0xb8, 0x04, 0x00, 0x00, 0xc2, 0x00, 0x05, 0x00, 0x09, 0x00, 0x00, 0x00,
    0xbb, 0x04, 0x00, 0x00, 0xb4, 0x04, 0x00, 0x00, 0x0a, 0x00, 0x00, 0x00, 0xf9, 0x00, 0x02, 0x00,
    0xb7, 0x04, 0x00, 0x00, 0xf8, 0x00, 0x02, 0x00, 0xb7, 0x04, 0x00, 0x00, 0xf5, 0x00, 0x07, 0x00,
    0x09, 0x00, 0x00, 0x00, 0xbc, 0x04, 0x00, 0x00, 0xbb, 0x04, 0x00, 0x00, 0xb8, 0x04, 0x00, 0x00,
    0xba, 0x04, 0x00, 0x00, 0xb9, 0x04, 0x00, 0x00, 0xc3, 0x00, 0x05, 0x00, 0x0c, 0x00, 0x00, 0x00,
    0xbd, 0x04, 0x00, 0x00, 0x67, 0x00, 0x00, 0x00, 0x2e, 0x00, 0x00, 0x00, 0xc7, 0x00, 0x05, 0x00,
    0x0c, 0x00, 0x00, 0x00, 0xbe, 0x04, 0x00, 0x00, 0xbd, 0x04, 0x00, 0x00, 0x2f, 0x00, 0x00, 0x00,
    0x7c, 0x00, 0x04, 0x00, 0x09, 0x00, 0x00, 0x00, 0xbf, 0x04, 0x00, 0x00, 0xbe, 0x04, 0x00, 0x00,
    0xc7, 0x00, 0x05, 0x00, 0x09, 0x00, 0x00, 0x00, 0xc0, 0x04, 0x00, 0x00, 0xbf, 0x04, 0x00, 0x00,
    0x1d, 0x00, 0x00, 0x00, 0xc2, 0x00, 0x05, 0x00, 0x09, 0x00, 0x00, 0x00, 0xc1, 0x04, 0x00, 0x00,
    0x24, 0x00, 0x00, 0x00, 0xc0, 0x04, 0x00, 0x00, 0xc7, 0x00, 0x05, 0x00, 0x09, 0x00, 0x00, 0x00,
    0xc2, 0x04, 0x00, 0x00, 0xbc, 0x04, 0x00, 0x00, 0xc1, 0x04, 0x00, 0x00, 0xab, 0x00, 0x05, 0x00,
    0x15, 0x00, 0x00, 0x00, 0xc3, 0x04, 0x00, 0x00, 0xc2, 0x04, 0x00, 0x00, 0x0e, 0x00, 0x00, 0x00,
    0xf7, 0x00, 0x03, 0x00, 0xc4, 0x04, 0x00, 0x00, 0x00, 0x00, 0x00, 0x00, 0xfa, 0x00, 0x04, 0x00,
    0xc3, 0x04, 0x00, 0x00, 0xc5, 0x04, 0x00, 0x00, 0xc4, 0x04, 0x00, 0x00, 0xf8, 0x00, 0x02, 0x00,
    0xc5, 0x04, 0x00, 0x00, 0xf9, 0x00, 0x02, 0x00, 0x29, 0x04, 0x00, 0x00, 0xf8, 0x00, 0x02, 0x00,
    0xc4, 0x04, 0x00, 0x00, 0xc7, 0x00, 0x05, 0x00, 0x09, 0x00, 0x00, 0x00, 0xc6, 0x04, 0x00, 0x00,
    0x2c, 0x04, 0x00, 0x00, 0x24, 0x00, 0x00, 0x00, 0xab, 0x00, 0x05, 0x00, 0x15, 0x00, 0x00, 0x00,
    0xc7, 0x04, 0x00, 0x00, 0xc6, 0x04, 0x00, 0x00, 0x0e, 0x00, 0x00, 0x00, 0xf7, 0x00, 0x03, 0x00,
    0xc8, 0x04, 0x00, 0x00, 0x00, 0x00, 0x00, 0x00, 0xfa, 0x00, 0x04, 0x00, 0xc7, 0x04, 0x00, 0x00,
    0xc9, 0x04, 0x00, 0x00, 0xca, 0x04, 0x00, 0x00, 0xf8, 0x00, 0x02, 0x00, 0xca, 0x04, 0x00, 0x00,
    0x82, 0x00, 0x05, 0x00, 0x09, 0x00, 0x00, 0x00, 0xcb, 0x04, 0x00, 0x00, 0x0e, 0x00, 0x00, 0x00,
    0x2d, 0x04, 0x00, 0x00, 0xc7, 0x00, 0x05, 0x00, 0x09, 0x00, 0x00, 0x00, 0xcc, 0x04, 0x00, 0x00,
    0xcb, 0x04, 0x00, 0x00, 0x27, 0x00, 0x00, 0x00, 0x7c, 0x00, 0x04, 0x00, 0x0c, 0x00, 0x00, 0x00,
    0xcd, 0x04, 0x00, 0x00, 0xcc, 0x04, 0x00, 0x00, 0xf9, 0x00, 0x02, 0x00, 0xc8, 0x04, 0x00, 0x00,
    0xf8, 0x00, 0x02, 0x00, 0xc9, 0x04, 0x00, 0x00, 0x80, 0x00, 0x05, 0x00, 0x09, 0x00, 0x00, 0x00,
    0xce, 0x04, 0x00, 0x00, 0xaa, 0x04, 0x00, 0x00, 0x3f, 0x00, 0x00, 0x00, 0xc2, 0x00, 0x05, 0x00,
    0x09, 0x00, 0x00, 0x00, 0xcf, 0x04, 0x00, 0x00, 0xce, 0x04, 0x00, 0x00, 0x12, 0x00, 0x00, 0x00,
    0x80, 0x00, 0x05, 0x00, 0x09, 0x00, 0x00, 0x00, 0xd0, 0x04, 0x00, 0x00, 0x0b, 0x00, 0x00, 0x00,
    0xcf, 0x04, 0x00, 0x00, 0x41, 0x00, 0x06, 0x00, 0x38, 0x00, 0x00, 0x00, 0xd1, 0x04, 0x00, 0x00,
    0x07, 0x00, 0x00, 0x00, 0x11, 0x00, 0x00, 0x00, 0xd0, 0x04, 0x00, 0x00, 0x3d, 0x00, 0x04, 0x00,
    0x09, 0x00, 0x00, 0x00, 0xd2, 0x04, 0x00, 0x00, 0xd1, 0x04, 0x00, 0x00, 0xc7, 0x00, 0x05, 0x00,
    0x09, 0x00, 0x00, 0x00, 0xd3, 0x04, 0x00, 0x00, 0xaa, 0x04, 0x00, 0x00, 0x12, 0x00, 0x00, 0x00,
    0xab, 0x00, 0x05, 0x00, 0x15, 0x00, 0x00, 0x00, 0xd4, 0x04, 0x00, 0x00, 0xd3, 0x04, 0x00, 0x00,
    0x0e, 0x00, 0x00, 0x00, 0xf7, 0x00, 0x03, 0x00, 0xd5, 0x04, 0x00, 0x00, 0x00, 0x00, 0x00, 0x00,
    0xfa, 0x00, 0x04, 0x00, 0xd4, 0x04, 0x00, 0x00, 0xd6, 0x04, 0x00, 0x00, 0xd7, 0x04, 0x00, 0x00,
    0xf8, 0x00, 0x02, 0x00, 0xd7, 0x04, 0x00, 0x00, 0xc7, 0x00, 0x05, 0x00, 0x09, 0x00, 0x00, 0x00,
    0xd8, 0x04, 0x00, 0x00, 0xd2, 0x04, 0x00, 0x00, 0x30, 0x00, 0x00, 0x00, 0xf9, 0x00, 0x02, 0x00,
    0xd5, 0x04, 0x00, 0x00, 0xf8, 0x00, 0x02, 0x00, 0xd6, 0x04, 0x00, 0x00, 0xc2, 0x00, 0x05, 0x00,
    0x09, 0x00, 0x00, 0x00, 0xd9, 0x04, 0x00, 0x00, 0xd2, 0x04, 0x00, 0x00, 0x0a, 0x00, 0x00, 0x00,
    0xf9, 0x00, 0x02, 0x00, 0xd5, 0x04, 0x00, 0x00, 0xf8, 0x00, 0x02, 0x00, 0xd5, 0x04, 0x00, 0x00,
    0xf5, 0x00, 0x07, 0x00, 0x09, 0x00, 0x00, 0x00, 0xda, 0x04, 0x00, 0x00, 0xd9, 0x04, 0x00, 0x00,
    0xd6, 0x04, 0x00, 0x00, 0xd8, 0x04, 0x00, 0x00, 0xd7, 0x04, 0x00, 0x00, 0x82, 0x00, 0x05, 0x00,
    0x09, 0x00, 0x00, 0x00, 0xdb, 0x04, 0x00, 0x00, 0x0e, 0x00, 0x00, 0x00, 0xda, 0x04, 0x00, 0x00,
    0xc7, 0x00, 0x05, 0x00, 0x09, 0x00, 0x00, 0x00, 0xdc, 0x04, 0x00, 0x00, 0xdb, 0x04, 0x00, 0x00,
    0x27, 0x00, 0x00, 0x00, 0x7c, 0x00, 0x04, 0x00, 0x0c, 0x00, 0x00, 0x00, 0xdd, 0x04, 0x00, 0x00,
    0xdc, 0x04, 0x00, 0x00, 0xf9, 0x00, 0x02, 0x00, 0xc8, 0x04, 0x00, 0x00, 0xf8, 0x00, 0x02, 0x00,
    0xc8, 0x04, 0x00, 0x00, 0xf5, 0x00, 0x07, 0x00, 0x0c, 0x00, 0x00, 0x00, 0xde, 0x04, 0x00, 0x00,
    0xdd, 0x04, 0x00, 0x00, 0xd5, 0x04, 0x00, 0x00, 0xcd, 0x04, 0x00, 0x00, 0xca, 0x04, 0x00, 0x00,
    0x80, 0x00, 0x05, 0x00, 0x0c, 0x00, 0x00, 0x00, 0xdf, 0x04, 0x00, 0x00, 0x67, 0x00, 0x00, 0x00,
    0xde, 0x04, 0x00, 0x00, 0xc7, 0x00, 0x05, 0x00, 0x09, 0x00, 0x00, 0x00, 0xe0, 0x04, 0x00, 0x00,
    0x2f, 0x04, 0x00, 0x00, 0x27, 0x00, 0x00, 0x00, 0x7c, 0x00, 0x04, 0x00, 0x0c, 0x00, 0x00, 0x00,
    0xe1, 0x04, 0x00, 0x00, 0xe0, 0x04, 0x00, 0x00, 0x80, 0x00, 0x05, 0x00, 0x0c, 0x00, 0x00, 0x00,
    0xe2, 0x04, 0x00, 0x00, 0xe1, 0x04, 0x00, 0x00, 0x56, 0x00, 0x00, 0x00, 0xc7, 0x00, 0x05, 0x00,
    0x0c, 0x00, 0x00, 0x00, 0xe3, 0x04, 0x00, 0x00, 0xe2, 0x04, 0x00, 0x00, 0x32, 0x00, 0x00, 0x00,
    0x7c, 0x00, 0x04, 0x00, 0x09, 0x00, 0x00, 0x00, 0xe4, 0x04, 0x00, 0x00, 0xe3, 0x04, 0x00, 0x00,
    0x84, 0x00, 0x05, 0x00, 0x09, 0x00, 0x00, 0x00, 0xe5, 0x04, 0x00, 0x00, 0xe4, 0x04, 0x00, 0x00,
    0x28, 0x00, 0x00, 0x00, 0x80, 0x00, 0x05, 0x00, 0x09, 0x00, 0x00, 0x00, 0xe6, 0x04, 0x00, 0x00,
    0x40, 0x00, 0x00, 0x00, 0xe5, 0x04, 0x00, 0x00, 0xc7, 0x00, 0x05, 0x00, 0x0c, 0x00, 0x00, 0x00,
    0xe7, 0x04, 0x00, 0x00, 0xdf, 0x04, 0x00, 0x00, 0x32, 0x00, 0x00, 0x00, 0x7c, 0x00, 0x04, 0x00,
    0x09, 0x00, 0x00, 0x00, 0xe8, 0x04, 0x00, 0x00, 0xe7, 0x04, 0x00, 0x00, 0x80, 0x00, 0x05, 0x00,
    0x09, 0x00, 0x00, 0x00, 0xe9, 0x04, 0x00, 0x00, 0xe6, 0x04, 0x00, 0x00, 0xe8, 0x04, 0x00, 0x00,
    0xc2, 0x00, 0x05, 0x00, 0x09, 0x00, 0x00, 0x00, 0xea, 0x04, 0x00, 0x00, 0xe9, 0x04, 0x00, 0x00,
    0x12, 0x00, 0x00, 0x00, 0x41, 0x00, 0x06, 0x00, 0x38, 0x00, 0x00, 0x00, 0xeb, 0x04, 0x00, 0x00,
    0x06, 0x00, 0x00, 0x00, 0x11, 0x00, 0x00, 0x00, 0xea, 0x04, 0x00, 0x00, 0x3d, 0x00, 0x04, 0x00,
    0x09, 0x00, 0x00, 0x00, 0xec, 0x04, 0x00, 0x00, 0xeb, 0x04, 0x00, 0x00, 0xc7, 0x00, 0x05, 0x00,
    0x09, 0x00, 0x00, 0x00, 0xed, 0x04, 0x00, 0x00, 0xe9, 0x04, 0x00, 0x00, 0x12, 0x00, 0x00, 0x00,
    0xab, 0x00, 0x05, 0x00, 0x15, 0x00, 0x00, 0x00, 0xee, 0x04, 0x00, 0x00, 0xed, 0x04, 0x00, 0x00,
    0x0e, 0x00, 0x00, 0x00, 0xf7, 0x00, 0x03, 0x00, 0xef, 0x04, 0x00, 0x00, 0x00, 0x00, 0x00, 0x00,
    0xfa, 0x00, 0x04, 0x00, 0xee, 0x04, 0x00, 0x00, 0xf0, 0x04, 0x00, 0x00, 0xf1, 0x04, 0x00, 0x00,
    0xf8, 0x00, 0x02, 0x00, 0xf1, 0x04, 0x00, 0x00, 0xc7, 0x00, 0x05, 0x00, 0x09, 0x00, 0x00, 0x00,
    0xf2, 0x04, 0x00, 0x00, 0xec, 0x04, 0x00, 0x00, 0x30, 0x00, 0x00, 0x00, 0xf9, 0x00, 0x02, 0x00,
    0xef, 0x04, 0x00, 0x00, 0xf8, 0x00, 0x02, 0x00, 0xf0, 0x04, 0x00, 0x00, 0xc2, 0x00, 0x05, 0x00,
    0x09, 0x00, 0x00, 0x00, 0xf3, 0x04, 0x00, 0x00, 0xec, 0x04, 0x00, 0x00, 0x0a, 0x00, 0x00, 0x00,
    0xf9, 0x00, 0x02, 0x00, 0xef, 0x04, 0x00, 0x00, 0xf8, 0x00, 0x02, 0x00, 0xef, 0x04, 0x00, 0x00,
    0xf5, 0x00, 0x07, 0x00, 0x09, 0x00, 0x00, 0x00, 0xf4, 0x04, 0x00, 0x00, 0xf3, 0x04, 0x00, 0x00,
    0xf0, 0x04, 0x00, 0x00, 0xf2, 0x04, 0x00, 0x00, 0xf1, 0x04, 0x00, 0x00, 0xc7, 0x00, 0x05, 0x00,
    0x09, 0x00, 0x00, 0x00, 0xf5, 0x04, 0x00, 0x00, 0xf4, 0x04, 0x00, 0x00, 0x2b, 0x00, 0x00, 0x00,
    0xf9, 0x00, 0x02, 0x00, 0x29, 0x04, 0x00, 0x00, 0xf8, 0x00, 0x02, 0x00, 0x29, 0x04, 0x00, 0x00,
    0xf5, 0x00, 0x0d, 0x00, 0x09, 0x00, 0x00, 0x00, 0xf6, 0x04, 0x00, 0x00, 0x0e, 0x00, 0x00, 0x00,
    0x35, 0x04, 0x00, 0x00, 0x0e, 0x00, 0x00, 0x00, 0xa8, 0x04, 0x00, 0x00, 0xa9, 0x04, 0x00, 0x00,
    0xa7, 0x04, 0x00, 0x00, 0x0e, 0x00, 0x00, 0x00, 0xc5, 0x04, 0x00, 0x00, 0xf5, 0x04, 0x00, 0x00,
    0xef, 0x04, 0x00, 0x00, 0xf5, 0x00, 0x0d, 0x00, 0x15, 0x00, 0x00, 0x00, 0xf7, 0x04, 0x00, 0x00,
    0x16, 0x00, 0x00, 0x00, 0x35, 0x04, 0x00, 0x00, 0x16, 0x00, 0x00, 0x00, 0xa8, 0x04, 0x00, 0x00,
    0x20, 0x00, 0x00, 0x00, 0xa7, 0x04, 0x00, 0x00, 0x16, 0x00, 0x00, 0x00, 0xc5, 0x04, 0x00, 0x00,
    0x20, 0x00, 0x00, 0x00, 0xef, 0x04, 0x00, 0x00, 0xf7, 0x00, 0x03, 0x00, 0xf8, 0x04, 0x00, 0x00,
    0x00, 0x00, 0x00, 0x00, 0xfa, 0x00, 0x04, 0x00, 0xf7, 0x04, 0x00, 0x00, 0xf9, 0x04, 0x00, 0x00,
    0xf8, 0x04, 0x00, 0x00, 0xf8, 0x00, 0x02, 0x00, 0xf9, 0x04, 0x00, 0x00, 0xf9, 0x00, 0x02, 0x00,
    0xe5, 0x02, 0x00, 0x00, 0xf8, 0x00, 0x02, 0x00, 0xf8, 0x04, 0x00, 0x00, 0xf7, 0x00, 0x03, 0x00,
    0xfa, 0x04, 0x00, 0x00, 0x00, 0x00, 0x00, 0x00, 0xfb, 0x00, 0x03, 0x00, 0x0e, 0x00, 0x00, 0x00,
    0xfb, 0x04, 0x00, 0x00, 0xf8, 0x00, 0x02, 0x00, 0xfb, 0x04, 0x00, 0x00, 0x3d, 0x00, 0x04, 0x00,
    0x09, 0x00, 0x00, 0x00, 0xfc, 0x04, 0x00, 0x00, 0x2b, 0x04, 0x00, 0x00, 0xc2, 0x00, 0x05, 0x00,
    0x09, 0x00, 0x00, 0x00, 0xfd, 0x04, 0x00, 0x00, 0xfc, 0x04, 0x00, 0x00, 0x0a, 0x00, 0x00, 0x00,
    0x3d, 0x00, 0x04, 0x00, 0x09, 0x00, 0x00, 0x00, 0xfe, 0x04, 0x00, 0x00, 0x2e, 0x04, 0x00, 0x00,
    0xc2, 0x00, 0x05, 0x00, 0x09, 0x00, 0x00, 0x00, 0xff, 0x04, 0x00, 0x00, 0xfe, 0x04, 0x00, 0x00,
    0x0a, 0x00, 0x00, 0x00, 0x3d, 0x00, 0x04, 0x00, 0x09, 0x00, 0x00, 0x00, 0x00, 0x05, 0x00, 0x00,
    0x2e, 0x04, 0x00, 0x00, 0xc7, 0x00, 0x05, 0x00, 0x09, 0x00, 0x00, 0x00, 0x01, 0x05, 0x00, 0x00,
    0xff, 0x04, 0x00, 0x00, 0x24, 0x00, 0x00, 0x00, 0xab, 0x00, 0x05, 0x00, 0x15, 0x00, 0x00, 0x00,
    0x02, 0x05, 0x00, 0x00, 0x01, 0x05, 0x00, 0x00, 0x0e, 0x00, 0x00, 0x00, 0xf7, 0x00, 0x03, 0x00,
    0x03, 0x05, 0x00, 0x00, 0x00, 0x00, 0x00, 0x00, 0xfa, 0x00, 0x04, 0x00, 0x02, 0x05, 0x00, 0x00,
    0x04, 0x05, 0x00, 0x00, 0x03, 0x05, 0x00, 0x00, 0xf8, 0x00, 0x02, 0x00, 0x04, 0x05, 0x00, 0x00,
    0xf9, 0x00, 0x02, 0x00, 0xfa, 0x04, 0x00, 0x00, 0xf8, 0x00, 0x02, 0x00, 0x03, 0x05, 0x00, 0x00,
    0xc7, 0x00, 0x05, 0x00, 0x09, 0x00, 0x00, 0x00, 0x05, 0x05, 0x00, 0x00, 0x00, 0x05, 0x00, 0x00,
    0x25, 0x00, 0x00, 0x00, 0xab, 0x00, 0x05, 0x00, 0x15, 0x00, 0x00, 0x00, 0x06, 0x05, 0x00, 0x00,
    0x05, 0x05, 0x00, 0x00, 0x0e, 0x00, 0x00, 0x00, 0xf7, 0x00, 0x03, 0x00, 0x07, 0x05, 0x00, 0x00,
    0x00, 0x00, 0x00, 0x00, 0xfa, 0x00, 0x04, 0x00, 0x06, 0x05, 0x00, 0x00, 0x08, 0x05, 0x00, 0x00,
    0x07, 0x05, 0x00, 0x00, 0xf8, 0x00, 0x02, 0x00, 0x08, 0x05, 0x00, 0x00, 0xf9, 0x00, 0x02, 0x00,
    0xfa, 0x04, 0x00, 0x00, 0xf8, 0x00, 0x02, 0x00, 0x07, 0x05, 0x00, 0x00, 0x7c, 0x00, 0x04, 0x00,
    0x09, 0x00, 0x00, 0x00, 0x09, 0x05, 0x00, 0x00, 0x56, 0x00, 0x00, 0x00, 0x84, 0x00, 0x05, 0x00,
    0x09, 0x00, 0x00, 0x00, 0x0a, 0x05, 0x00, 0x00, 0x09, 0x05, 0x00, 0x00, 0x21, 0x00, 0x00, 0x00,
    0x80, 0x00, 0x05, 0x00, 0x09, 0x00, 0x00, 0x00, 0x0b, 0x05, 0x00, 0x00, 0x2c, 0x00, 0x00, 0x00,
    0x0a, 0x05, 0x00, 0x00, 0xc3, 0x00, 0x05, 0x00, 0x0c, 0x00, 0x00, 0x00, 0x0c, 0x05, 0x00, 0x00,
    0x67, 0x00, 0x00, 0x00, 0x2d, 0x00, 0x00, 0x00, 0x7c, 0x00, 0x04, 0x00, 0x09, 0x00, 0x00, 0x00,
    0x0d, 0x05, 0x00, 0x00, 0x0c, 0x05, 0x00, 0x00, 0x80, 0x00, 0x05, 0x00, 0x09, 0x00, 0x00, 0x00,
    0x0e, 0x05, 0x00, 0x00, 0x0b, 0x05, 0x00, 0x00, 0x0d, 0x05, 0x00, 0x00, 0x82, 0x00, 0x05, 0x00,
    0x09, 0x00, 0x00, 0x00, 0x0f, 0x05, 0x00, 0x00, 0x0e, 0x05, 0x00, 0x00, 0x29, 0x00, 0x00, 0x00,
    0xc2, 0x00, 0x05, 0x00, 0x09, 0x00, 0x00, 0x00, 0x10, 0x05, 0x00, 0x00, 0x0f, 0x05, 0x00, 0x00,
    0x12, 0x00, 0x00, 0x00, 0x80, 0x00, 0x05, 0x00, 0x09, 0x00, 0x00, 0x00, 0x11, 0x05, 0x00, 0x00,
    0x0b, 0x00, 0x00, 0x00, 0x10, 0x05, 0x00, 0x00, 0x41, 0x00, 0x06, 0x00, 0x38, 0x00, 0x00, 0x00,
    0x12, 0x05, 0x00, 0x00, 0x07, 0x00, 0x00, 0x00, 0x11, 0x00, 0x00, 0x00, 0x11, 0x05, 0x00, 0x00,
    0x3d, 0x00, 0x04, 0x00, 0x09, 0x00, 0x00, 0x00, 0x13, 0x05, 0x00, 0x00, 0x12, 0x05, 0x00, 0x00,
    0xc7, 0x00, 0x05, 0x00, 0x09, 0x00, 0x00, 0x00, 0x14, 0x05, 0x00, 0x00, 0x0e, 0x05, 0x00, 0x00,
    0x12, 0x00, 0x00, 0x00, 0xab, 0x00, 0x05, 0x00, 0x15, 0x00, 0x00, 0x00, 0x15, 0x05, 0x00, 0x00,
    0x14, 0x05, 0x00, 0x00, 0x0e, 0x00, 0x00, 0x00, 0xf7, 0x00, 0x03, 0x00, 0x16, 0x05, 0x00, 0x00,
    0x00, 0x00, 0x00, 0x00, 0xfa, 0x00, 0x04, 0x00, 0x15, 0x05, 0x00, 0x00, 0x17, 0x05, 0x00, 0x00,
    0x18, 0x05, 0x00, 0x00, 0xf8, 0x00, 0x02, 0x00, 0x18, 0x05, 0x00, 0x00, 0xc7, 0x00, 0x05, 0x00,
    0x09, 0x00, 0x00, 0x00, 0x19, 0x05, 0x00, 0x00, 0x13, 0x05, 0x00, 0x00, 0x30, 0x00, 0x00, 0x00,
    0xf9, 0x00, 0x02, 0x00, 0x16, 0x05, 0x00, 0x00, 0xf8, 0x00, 0x02, 0x00, 0x17, 0x05, 0x00, 0x00,
    0xc2, 0x00, 0x05, 0x00, 0x09, 0x00, 0x00, 0x00, 0x1a, 0x05, 0x00, 0x00, 0x13, 0x05, 0x00, 0x00,
    0x0a, 0x00, 0x00, 0x00, 0xf9, 0x00, 0x02, 0x00, 0x16, 0x05, 0x00, 0x00, 0xf8, 0x00, 0x02, 0x00,
    0x16, 0x05, 0x00, 0x00, 0xf5, 0x00, 0x07, 0x00, 0x09, 0x00, 0x00, 0x00, 0x1b, 0x05, 0x00, 0x00,
    0x1a, 0x05, 0x00, 0x00, 0x17, 0x05, 0x00, 0x00, 0x19, 0x05, 0x00, 0x00, 0x18, 0x05, 0x00, 0x00,
    0xc8, 0x00, 0x04, 0x00, 0x09, 0x00, 0x00, 0x00, 0x1c, 0x05, 0x00, 0x00, 0x1b, 0x05, 0x00, 0x00,
    0xc3, 0x00, 0x05, 0x00, 0x0c, 0x00, 0x00, 0x00, 0x1d, 0x05, 0x00, 0x00, 0x67, 0x00, 0x00, 0x00,
    0x2e, 0x00, 0x00, 0x00, 0xc7, 0x00, 0x05, 0x00, 0x0c, 0x00, 0x00, 0x00, 0x1e, 0x05, 0x00, 0x00,
    0x1d, 0x05, 0x00, 0x00, 0x2f, 0x00, 0x00, 0x00, 0x7c, 0x00, 0x04, 0x00, 0x09, 0x00, 0x00, 0x00,
    0x1f, 0x05, 0x00, 0x00, 0x1e, 0x05, 0x00, 0x00, 0xc7, 0x00, 0x05, 0x00, 0x09, 0x00, 0x00, 0x00,
    0x20, 0x05, 0x00, 0x00, 0x1f, 0x05, 0x00, 0x00, 0x1d, 0x00, 0x00, 0x00, 0xc2, 0x00, 0x05, 0x00,
    0x09, 0x00, 0x00, 0x00, 0x21, 0x05, 0x00, 0x00, 0x24, 0x00, 0x00, 0x00, 0x20, 0x05, 0x00, 0x00,
    0xc7, 0x00, 0x05, 0x00, 0x09, 0x00, 0x00, 0x00, 0x22, 0x05, 0x00, 0x00, 0x1c, 0x05, 0x00, 0x00,
    0x21, 0x05, 0x00, 0x00, 0xab, 0x00, 0x05, 0x00, 0x15, 0x00, 0x00, 0x00, 0x23, 0x05, 0x00, 0x00,
    0x22, 0x05, 0x00, 0x00, 0x0e, 0x00, 0x00, 0x00, 0xf7, 0x00, 0x03, 0x00, 0x24, 0x05, 0x00, 0x00,
    0x00, 0x00, 0x00, 0x00, 0xfa, 0x00, 0x04, 0x00, 0x23, 0x05, 0x00, 0x00, 0x25, 0x05, 0x00, 0x00,
    0x24, 0x05, 0x00, 0x00, 0xf8, 0x00, 0x02, 0x00, 0x25, 0x05, 0x00, 0x00, 0xf9, 0x00, 0x02, 0x00,
    0xfa, 0x04, 0x00, 0x00, 0xf8, 0x00, 0x02, 0x00, 0x24, 0x05, 0x00, 0x00, 0xc7, 0x00, 0x05, 0x00,
    0x09, 0x00, 0x00, 0x00, 0x26, 0x05, 0x00, 0x00, 0xfd, 0x04, 0x00, 0x00, 0x24, 0x00, 0x00, 0x00,
    0xab, 0x00, 0x05, 0x00, 0x15, 0x00, 0x00, 0x00, 0x27, 0x05, 0x00, 0x00, 0x26, 0x05, 0x00, 0x00,
    0x0e, 0x00, 0x00, 0x00, 0xf7, 0x00, 0x03, 0x00, 0x28, 0x05, 0x00, 0x00, 0x00, 0x00, 0x00, 0x00,
    0xfa, 0x00, 0x04, 0x00, 0x27, 0x05, 0x00, 0x00, 0x29, 0x05, 0x00, 0x00, 0x2a, 0x05, 0x00, 0x00,
    0xf8, 0x00, 0x02, 0x00, 0x2a, 0x05, 0x00, 0x00, 0x82, 0x00, 0x05, 0x00, 0x09, 0x00, 0x00, 0x00,
    0x2b, 0x05, 0x00, 0x00, 0x0e, 0x00, 0x00, 0x00, 0xfd, 0x04, 0x00, 0x00, 0xc7, 0x00, 0x05, 0x00,
    0x09, 0x00, 0x00, 0x00, 0x2c, 0x05, 0x00, 0x00, 0x2b, 0x05, 0x00, 0x00, 0x27, 0x00, 0x00, 0x00,
    0x7c, 0x00, 0x04, 0x00, 0x0c, 0x00, 0x00, 0x00, 0x2d, 0x05, 0x00, 0x00, 0x2c, 0x05, 0x00, 0x00,
    0xf9, 0x00, 0x02, 0x00, 0x28, 0x05, 0x00, 0x00, 0xf8, 0x00, 0x02, 0x00, 0x29, 0x05, 0x00, 0x00,
    0x80, 0x00, 0x05, 0x00, 0x09, 0x00, 0x00, 0x00, 0x2e, 0x05, 0x00, 0x00, 0x09, 0x05, 0x00, 0x00,
    0x41, 0x00, 0x00, 0x00, 0xc2, 0x00, 0x05, 0x00, 0x09, 0x00, 0x00, 0x00, 0x2f, 0x05, 0x00, 0x00,
    0x2e, 0x05, 0x00, 0x00, 0x12, 0x00, 0x00, 0x00, 0x80, 0x00, 0x05, 0x00, 0x09, 0x00, 0x00, 0x00,
    0x30, 0x05, 0x00, 0x00, 0x0b, 0x00, 0x00, 0x00, 0x2f, 0x05, 0x00, 0x00, 0x41, 0x00, 0x06, 0x00,
    0x38, 0x00, 0x00, 0x00, 0x31, 0x05, 0x00, 0x00, 0x07, 0x00, 0x00, 0x00, 0x11, 0x00, 0x00, 0x00,
    0x30, 0x05, 0x00, 0x00, 0x3d, 0x00, 0x04, 0x00, 0x09, 0x00, 0x00, 0x00, 0x32, 0x05, 0x00, 0x00,
    0x31, 0x05, 0x00, 0x00, 0xc7, 0x00, 0x05, 0x00, 0x09, 0x00, 0x00, 0x00, 0x33, 0x05, 0x00, 0x00,
    0x09, 0x05, 0x00, 0x00, 0x12, 0x00, 0x00, 0x00, 0xab, 0x00, 0x05, 0x00, 0x15, 0x00, 0x00, 0x00,
    0x34, 0x05, 0x00, 0x00, 0x33, 0x05, 0x00, 0x00, 0x0e, 0x00, 0x00, 0x00, 0xf7, 0x00, 0x03, 0x00,
    0x35, 0x05, 0x00, 0x00, 0x00, 0x00, 0x00, 0x00, 0xfa, 0x00, 0x04, 0x00, 0x34, 0x05, 0x00, 0x00,
    0x36, 0x05, 0x00, 0x00, 0x37, 0x05, 0x00, 0x00, 0xf8, 0x00, 0x02, 0x00, 0x37, 0x05, 0x00, 0x00,
    0xc7, 0x00, 0x05, 0x00, 0x09, 0x00, 0x00, 0x00, 0x38, 0x05, 0x00, 0x00, 0x32, 0x05, 0x00, 0x00,
    0x30, 0x00, 0x00, 0x00, 0xf9, 0x00, 0x02, 0x00, 0x35, 0x05, 0x00, 0x00, 0xf8, 0x00, 0x02, 0x00,
    0x36, 0x05, 0x00, 0x00, 0xc2, 0x00, 0x05, 0x00, 0x09, 0x00, 0x00, 0x00, 0x39, 0x05, 0x00, 0x00,
    0x32, 0x05, 0x00, 0x00, 0x0a, 0x00, 0x00, 0x00, 0xf9, 0x00, 0x02, 0x00, 0x35, 0x05, 0x00, 0x00,
    0xf8, 0x00, 0x02, 0x00, 0x35, 0x05, 0x00, 0x00, 0xf5, 0x00, 0x07, 0x00, 0x09, 0x00, 0x00, 0x00,
    0x3a, 0x05, 0x00, 0x00, 0x39, 0x05, 0x00, 0x00, 0x36, 0x05, 0x00, 0x00, 0x38, 0x05, 0x00, 0x00,
    0x37, 0x05, 0x00, 0x00, 0x82, 0x00, 0x05, 0x00, 0x09, 0x00, 0x00, 0x00, 0x3b, 0x05, 0x00, 0x00,
    0x0e, 0x00, 0x00, 0x00, 0x3a, 0x05, 0x00, 0x00, 0xc7, 0x00, 0x05, 0x00, 0x09, 0x00, 0x00, 0x00,
    0x3c, 0x05, 0x00, 0x00, 0x3b, 0x05, 0x00, 0x00, 0x27, 0x00, 0x00, 0x00, 0x7c, 0x00, 0x04, 0x00,
    0x0c, 0x00, 0x00, 0x00, 0x3d, 0x05, 0x00, 0x00, 0x3c, 0x05, 0x00, 0x00, 0xf9, 0x00, 0x02, 0x00,
    0x28, 0x05, 0x00, 0x00, 0xf8, 0x00, 0x02, 0x00, 0x28, 0x05, 0x00, 0x00, 0xf5, 0x00, 0x07, 0x00,
    0x0c, 0x00, 0x00, 0x00, 0x3e, 0x05, 0x00, 0x00, 0x3d, 0x05, 0x00, 0x00, 0x35, 0x05, 0x00, 0x00,
    0x2d, 0x05, 0x00, 0x00, 0x2a, 0x05, 0x00, 0x00, 0x80, 0x00, 0x05, 0x00, 0x0c, 0x00, 0x00, 0x00,
    0x3f, 0x05, 0x00, 0x00, 0x67, 0x00, 0x00, 0x00, 0x3e, 0x05, 0x00, 0x00, 0xc7, 0x00, 0x05, 0x00,
    0x09, 0x00, 0x00, 0x00, 0x40, 0x05, 0x00, 0x00, 0xff, 0x04, 0x00, 0x00, 0x27, 0x00, 0x00, 0x00,
    0x7c, 0x00, 0x04, 0x00, 0x0c, 0x00, 0x00, 0x00, 0x41, 0x05, 0x00, 0x00, 0x40, 0x05, 0x00, 0x00,
    0x80, 0x00, 0x05, 0x00, 0x0c, 0x00, 0x00, 0x00, 0x42, 0x05, 0x00, 0x00, 0x41, 0x05, 0x00, 0x00,
    0x56, 0x00, 0x00, 0x00, 0xc7, 0x00, 0x05, 0x00, 0x0c, 0x00, 0x00, 0x00, 0x43, 0x05, 0x00, 0x00,
    0x42, 0x05, 0x00, 0x00, 0x32, 0x00, 0x00, 0x00, 0x7c, 0x00, 0x04, 0x00, 0x09, 0x00, 0x00, 0x00,
    0x44, 0x05, 0x00, 0x00, 0x43, 0x05, 0x00, 0x00, 0x84, 0x00, 0x05, 0x00, 0x09, 0x00, 0x00, 0x00,
    0x45, 0x05, 0x00, 0x00, 0x44, 0x05, 0x00, 0x00, 0x28, 0x00, 0x00, 0x00, 0x80, 0x00, 0x05, 0x00,
    0x09, 0x00, 0x00, 0x00, 0x46, 0x05, 0x00, 0x00, 0x42, 0x00, 0x00, 0x00, 0x45, 0x05, 0x00, 0x00,
    0xc7, 0x00, 0x05, 0x00, 0x0c, 0x00, 0x00, 0x00, 0x47, 0x05, 0x00, 0x00, 0x3f, 0x05, 0x00, 0x00,
    0x32, 0x00, 0x00, 0x00, 0x7c, 0x00, 0x04, 0x00, 0x09, 0x00, 0x00, 0x00, 0x48, 0x05, 0x00, 0x00,
    0x47, 0x05, 0x00, 0x00, 0x80, 0x00, 0x05, 0x00, 0x09, 0x00, 0x00, 0x00, 0x49, 0x05, 0x00, 0x00,
    0x46, 0x05, 0x00, 0x00, 0x48, 0x05, 0x00, 0x00, 0xc2, 0x00, 0x05, 0x00, 0x09, 0x00, 0x00, 0x00,
    0x4a, 0x05, 0x00, 0x00, 0x49, 0x05, 0x00, 0x00, 0x12, 0x00, 0x00, 0x00, 0x41, 0x00, 0x06, 0x00,
    0x38, 0x00, 0x00, 0x00, 0x4b, 0x05, 0x00, 0x00, 0x06, 0x00, 0x00, 0x00, 0x11, 0x00, 0x00, 0x00,
    0x4a, 0x05, 0x00, 0x00, 0x3d, 0x00, 0x04, 0x00, 0x09, 0x00, 0x00, 0x00, 0x4c, 0x05, 0x00, 0x00,
    0x4b, 0x05, 0x00, 0x00, 0xc7, 0x00, 0x05, 0x00, 0x09, 0x00, 0x00, 0x00, 0x4d, 0x05, 0x00, 0x00,
    0x49, 0x05, 0x00, 0x00, 0x12, 0x00, 0x00, 0x00, 0xab, 0x00, 0x05, 0x00, 0x15, 0x00, 0x00, 0x00,
    0x4e, 0x05, 0x00, 0x00, 0x4d, 0x05, 0x00, 0x00, 0x0e, 0x00, 0x00, 0x00, 0xf7, 0x00, 0x03, 0x00,
    0x4f, 0x05, 0x00, 0x00, 0x00, 0x00, 0x00, 0x00, 0xfa, 0x00, 0x04, 0x00, 0x4e, 0x05, 0x00, 0x00,
    0x50, 0x05, 0x00, 0x00, 0x51, 0x05, 0x00, 0x00, 0xf8, 0x00, 0x02, 0x00, 0x51, 0x05, 0x00, 0x00,
    0xc7, 0x00, 0x05, 0x00, 0x09, 0x00, 0x00, 0x00, 0x52, 0x05, 0x00, 0x00, 0x4c, 0x05, 0x00, 0x00,
    0x30, 0x00, 0x00, 0x00, 0xf9, 0x00, 0x02, 0x00, 0x4f, 0x05, 0x00, 0x00, 0xf8, 0x00, 0x02, 0x00,
    0x50, 0x05, 0x00, 0x00, 0xc2, 0x00, 0x05, 0x00, 0x09, 0x00, 0x00, 0x00, 0x53, 0x05, 0x00, 0x00,
    0x4c, 0x05, 0x00, 0x00, 0x0a, 0x00, 0x00, 0x00, 0xf9, 0x00, 0x02, 0x00, 0x4f, 0x05, 0x00, 0x00,
    0xf8, 0x00, 0x02, 0x00, 0x4f, 0x05, 0x00, 0x00, 0xf5, 0x00, 0x07, 0x00, 0x09, 0x00, 0x00, 0x00,
    0x54, 0x05, 0x00, 0x00, 0x53, 0x05, 0x00, 0x00, 0x50, 0x05, 0x00, 0x00, 0x52, 0x05, 0x00, 0x00,
    0x51, 0x05, 0x00, 0x00, 0xc7, 0x00, 0x05, 0x00, 0x09, 0x00, 0x00, 0x00, 0x55, 0x05, 0x00, 0x00,
    0x54, 0x05, 0x00, 0x00, 0x2b, 0x00, 0x00, 0x00, 0xf9, 0x00, 0x02, 0x00, 0xfa, 0x04, 0x00, 0x00,
    0xf8, 0x00, 0x02, 0x00, 0xfa, 0x04, 0x00, 0x00, 0xf5, 0x00, 0x0b, 0x00, 0x09, 0x00, 0x00, 0x00,
    0x56, 0x05, 0x00, 0x00, 0x0e, 0x00, 0x00, 0x00, 0x04, 0x05, 0x00, 0x00, 0x0e, 0x00, 0x00, 0x00,
    0x08, 0x05, 0x00, 0x00, 0x0e, 0x00, 0x00, 0x00, 0x25, 0x05, 0x00, 0x00, 0x55, 0x05, 0x00, 0x00,
    0x4f, 0x05, 0x00, 0x00, 0xf5, 0x00, 0x0b, 0x00, 0x15, 0x00, 0x00, 0x00, 0x57, 0x05, 0x00, 0x00,
    0x16, 0x00, 0x00, 0x00, 0x04, 0x05, 0x00, 0x00, 0x16, 0x00, 0x00, 0x00, 0x08, 0x05, 0x00, 0x00,
    0x16, 0x00, 0x00, 0x00, 0x25, 0x05, 0x00, 0x00, 0x20, 0x00, 0x00, 0x00, 0x4f, 0x05, 0x00, 0x00,
    0xf7, 0x00, 0x03, 0x00, 0x58, 0x05, 0x00, 0x00, 0x00, 0x00, 0x00, 0x00, 0xfa, 0x00, 0x04, 0x00,
    0x57, 0x05, 0x00, 0x00, 0x59, 0x05, 0x00, 0x00, 0x58, 0x05, 0x00, 0x00, 0xf8, 0x00, 0x02, 0x00,
    0x59, 0x05, 0x00, 0x00, 0xf9, 0x00, 0x02, 0x00, 0xe5, 0x02, 0x00, 0x00, 0xf8, 0x00, 0x02, 0x00,
    0x58, 0x05, 0x00, 0x00, 0xf9, 0x00, 0x02, 0x00, 0xe5, 0x02, 0x00, 0x00, 0xf8, 0x00, 0x02, 0x00,
    0xe5, 0x02, 0x00, 0x00, 0xf5, 0x00, 0x0d, 0x00, 0x09, 0x00, 0x00, 0x00, 0x5a, 0x05, 0x00, 0x00,
    0xbc, 0x03, 0x00, 0x00, 0xbf, 0x03, 0x00, 0x00, 0x25, 0x04, 0x00, 0x00, 0x28, 0x04, 0x00, 0x00,
    0xf6, 0x04, 0x00, 0x00, 0xf9, 0x04, 0x00, 0x00, 0x56, 0x05, 0x00, 0x00, 0x59, 0x05, 0x00, 0x00,
    0x0e, 0x00, 0x00, 0x00, 0x58, 0x05, 0x00, 0x00, 0x80, 0x00, 0x05, 0x00, 0x09, 0x00, 0x00, 0x00,
    0x5b, 0x05, 0x00, 0x00, 0x0a, 0x00, 0x00, 0x00, 0x5a, 0x05, 0x00, 0x00, 0x41, 0x00, 0x06, 0x00,
    0x38, 0x00, 0x00, 0x00, 0x5c, 0x05, 0x00, 0x00, 0x07, 0x00, 0x00, 0x00, 0x11, 0x00, 0x00, 0x00,
    0x5b, 0x05, 0x00, 0x00, 0x3d, 0x00, 0x04, 0x00, 0x09, 0x00, 0x00, 0x00, 0x5d, 0x05, 0x00, 0x00,
    0x5c, 0x05, 0x00, 0x00, 0xf9, 0x00, 0x02, 0x00, 0x5e, 0x05, 0x00, 0x00, 0xf8, 0x00, 0x02, 0x00,
    0x5e, 0x05, 0x00, 0x00, 0xf5, 0x00, 0x07, 0x00, 0x09, 0x00, 0x00, 0x00, 0x5f, 0x05, 0x00, 0x00,
    0x0e, 0x00, 0x00, 0x00, 0xe5, 0x02, 0x00, 0x00, 0x60, 0x05, 0x00, 0x00, 0x61, 0x05, 0x00, 0x00,
    0xf5, 0x00, 0x07, 0x00, 0x09, 0x00, 0x00, 0x00, 0x62, 0x05, 0x00, 0x00, 0x0e, 0x00, 0x00, 0x00,
    0xe5, 0x02, 0x00, 0x00, 0x63, 0x05, 0x00, 0x00, 0x61, 0x05, 0x00, 0x00, 0xb0, 0x00, 0x05, 0x00,
    0x15, 0x00, 0x00, 0x00, 0x64, 0x05, 0x00, 0x00, 0x62, 0x05, 0x00, 0x00, 0x1c, 0x00, 0x00, 0x00,
    0xf6, 0x00, 0x04, 0x00, 0x65, 0x05, 0x00, 0x00, 0x61, 0x05, 0x00, 0x00, 0x00, 0x00, 0x00, 0x00,
    0xfa, 0x00, 0x04, 0x00, 0x64, 0x05, 0x00, 0x00, 0x61, 0x05, 0x00, 0x00, 0x65, 0x05, 0x00, 0x00,
    0xf8, 0x00, 0x02, 0x00, 0x61, 0x05, 0x00, 0x00, 0xc7, 0x00, 0x05, 0x00, 0x09, 0x00, 0x00, 0x00,
    0x66, 0x05, 0x00, 0x00, 0x62, 0x05, 0x00, 0x00, 0x1d, 0x00, 0x00, 0x00, 0xc2, 0x00, 0x05, 0x00,
    0x09, 0x00, 0x00, 0x00, 0x67, 0x05, 0x00, 0x00, 0xe4, 0x02, 0x00, 0x00, 0x66, 0x05, 0x00, 0x00,
    0xc7, 0x00, 0x05, 0x00, 0x09, 0x00, 0x00, 0x00, 0x68, 0x05, 0x00, 0x00, 0x67, 0x05, 0x00, 0x00,
    0x1e, 0x00, 0x00, 0x00, 0x70, 0x00, 0x04, 0x00, 0x17, 0x00, 0x00, 0x00, 0x69, 0x05, 0x00, 0x00,
    0x68, 0x05, 0x00, 0x00, 0x83, 0x00, 0x05, 0x00, 0x17, 0x00, 0x00, 0x00, 0x6a, 0x05, 0x00, 0x00,
    0x1f, 0x00, 0x00, 0x00, 0x69, 0x00, 0x00, 0x00, 0x85, 0x00, 0x05, 0x00, 0x17, 0x00, 0x00, 0x00,
    0x6b, 0x05, 0x00, 0x00, 0x69, 0x05, 0x00, 0x00, 0x6a, 0x05, 0x00, 0x00, 0xc2, 0x00, 0x05, 0x00,
    0x09, 0x00, 0x00, 0x00, 0x6c, 0x05, 0x00, 0x00, 0x5d, 0x05, 0x00, 0x00, 0x66, 0x05, 0x00, 0x00,
    0xc7, 0x00, 0x05, 0x00, 0x09, 0x00, 0x00, 0x00, 0x6d, 0x05, 0x00, 0x00, 0x6c, 0x05, 0x00, 0x00,
    0x1e, 0x00, 0x00, 0x00, 0x70, 0x00, 0x04, 0x00, 0x17, 0x00, 0x00, 0x00, 0x6e, 0x05, 0x00, 0x00,
    0x6d, 0x05, 0x00, 0x00, 0x85, 0x00, 0x05, 0x00, 0x17, 0x00, 0x00, 0x00, 0x6f, 0x05, 0x00, 0x00,
    0x6e, 0x05, 0x00, 0x00, 0x69, 0x00, 0x00, 0x00, 0x81, 0x00, 0x05, 0x00, 0x17, 0x00, 0x00, 0x00,
    0x70, 0x05, 0x00, 0x00, 0x6b, 0x05, 0x00, 0x00, 0x6f, 0x05, 0x00, 0x00, 0x81, 0x00, 0x05, 0x00,
    0x17, 0x00, 0x00, 0x00, 0x71, 0x05, 0x00, 0x00, 0x70, 0x05, 0x00, 0x00, 0x18, 0x00, 0x00, 0x00,
    0x6d, 0x00, 0x04, 0x00, 0x09, 0x00, 0x00, 0x00, 0x72, 0x05, 0x00, 0x00, 0x71, 0x05, 0x00, 0x00,
    0xc4, 0x00, 0x05, 0x00, 0x09, 0x00, 0x00, 0x00, 0x73, 0x05, 0x00, 0x00, 0x72, 0x05, 0x00, 0x00,
    0x66, 0x05, 0x00, 0x00, 0xc5, 0x00, 0x05, 0x00, 0x09, 0x00, 0x00, 0x00, 0x60, 0x05, 0x00, 0x00,
    0x5f, 0x05, 0x00, 0x00, 0x73, 0x05, 0x00, 0x00, 0x80, 0x00, 0x05, 0x00, 0x09, 0x00, 0x00, 0x00,
    0x63, 0x05, 0x00, 0x00, 0x62, 0x05, 0x00, 0x00, 0x10, 0x00, 0x00, 0x00, 0xf9, 0x00, 0x02, 0x00,
    0x5e, 0x05, 0x00, 0x00, 0xf8, 0x00, 0x02, 0x00, 0x65, 0x05, 0x00, 0x00, 0xc2, 0x00, 0x05, 0x00,
    0x09, 0x00, 0x00, 0x00, 0x74, 0x05, 0x00, 0x00, 0x5f, 0x05, 0x00, 0x00, 0x0a, 0x00, 0x00, 0x00,
    0xc7, 0x00, 0x05, 0x00, 0x09, 0x00, 0x00, 0x00, 0x75, 0x05, 0x00, 0x00, 0x74, 0x05, 0x00, 0x00,
    0x1e, 0x00, 0x00, 0x00, 0x70, 0x00, 0x04, 0x00, 0x17, 0x00, 0x00, 0x00, 0x76, 0x05, 0x00, 0x00,
    0x75, 0x05, 0x00, 0x00, 0xc2, 0x00, 0x05, 0x00, 0x09, 0x00, 0x00, 0x00, 0x77, 0x05, 0x00, 0x00,
    0x5f, 0x05, 0x00, 0x00, 0x10, 0x00, 0x00, 0x00, 0xc7, 0x00, 0x05, 0x00, 0x09, 0x00, 0x00, 0x00,
    0x78, 0x05, 0x00, 0x00, 0x77, 0x05, 0x00, 0x00, 0x1e, 0x00, 0x00, 0x00, 0x70, 0x00, 0x04, 0x00,
    0x17, 0x00, 0x00, 0x00, 0x79, 0x05, 0x00, 0x00, 0x78, 0x05, 0x00, 0x00, 0xc7, 0x00, 0x05, 0x00,
    0x09, 0x00, 0x00, 0x00, 0x7a, 0x05, 0x00, 0x00, 0x5f, 0x05, 0x00, 0x00, 0x1e, 0x00, 0x00, 0x00,
    0x70, 0x00, 0x04, 0x00, 0x17, 0x00, 0x00, 0x00, 0x7b, 0x05, 0x00, 0x00, 0x7a, 0x05, 0x00, 0x00,
    0x50, 0x00, 0x07, 0x00, 0x23, 0x00, 0x00, 0x00, 0x7c, 0x05, 0x00, 0x00, 0x76, 0x05, 0x00, 0x00,
    0x79, 0x05, 0x00, 0x00, 0x7b, 0x05, 0x00, 0x00, 0x22, 0x00, 0x00, 0x00, 0x85, 0x00, 0x05, 0x00,
    0x23, 0x00, 0x00, 0x00, 0x7d, 0x05, 0x00, 0x00, 0x7c, 0x05, 0x00, 0x00, 0x44, 0x00, 0x00, 0x00,
    0xf9, 0x00, 0x02, 0x00, 0x47, 0x00, 0x00, 0x00, 0xf8, 0x00, 0x02, 0x00, 0x5c, 0x00, 0x00, 0x00,
    0xaf, 0x00, 0x05, 0x00, 0x15, 0x00, 0x00, 0x00, 0x7e, 0x05, 0x00, 0x00, 0x53, 0x00, 0x00, 0x00,
    0x11, 0x00, 0x00, 0x00, 0xf7, 0x00, 0x03, 0x00, 0x7f, 0x05, 0x00, 0x00, 0x00, 0x00, 0x00, 0x00,
    0xfa, 0x00, 0x04, 0x00, 0x7e, 0x05, 0x00, 0x00, 0x80, 0x05, 0x00, 0x00, 0x7f, 0x05, 0x00, 0x00,
    0xf8, 0x00, 0x02, 0x00, 0x80, 0x05, 0x00, 0x00, 0xaf, 0x00, 0x05, 0x00, 0x15, 0x00, 0x00, 0x00,
    0x81, 0x05, 0x00, 0x00, 0x53, 0x00, 0x00, 0x00, 0x0d, 0x00, 0x00, 0x00, 0xf9, 0x00, 0x02, 0x00,
    0x7f, 0x05, 0x00, 0x00, 0xf8, 0x00, 0x02, 0x00, 0x7f, 0x05, 0x00, 0x00, 0xf5, 0x00, 0x07, 0x00,
    0x15, 0x00, 0x00, 0x00, 0x82, 0x05, 0x00, 0x00, 0x20, 0x00, 0x00, 0x00, 0x5c, 0x00, 0x00, 0x00,
    0x81, 0x05, 0x00, 0x00, 0x80, 0x05, 0x00, 0x00, 0xf7, 0x00, 0x03, 0x00, 0x83, 0x05, 0x00, 0x00,
    0x00, 0x00, 0x00, 0x00, 0xfa, 0x00, 0x04, 0x00, 0x82, 0x05, 0x00, 0x00, 0x84, 0x05, 0x00, 0x00,
    0x83, 0x05, 0x00, 0x00, 0xf8, 0x00, 0x02, 0x00, 0x84, 0x05, 0x00, 0x00, 0xaa, 0x00, 0x05, 0x00,
    0x15, 0x00, 0x00, 0x00, 0x85, 0x05, 0x00, 0x00, 0x4d, 0x00, 0x00, 0x00, 0x12, 0x00, 0x00, 0x00,
    0xf7, 0x00, 0x03, 0x00, 0x86, 0x05, 0x00, 0x00, 0x00, 0x00, 0x00, 0x00, 0xfa, 0x00, 0x04, 0x00,
    0x85, 0x05, 0x00, 0x00, 0x87, 0x05, 0x00, 0x00, 0x88, 0x05, 0x00, 0x00, 0xf8, 0x00, 0x02, 0x00,
    0x88, 0x05, 0x00, 0x00, 0xb1, 0x00, 0x05, 0x00, 0x15, 0x00, 0x00, 0x00, 0x89, 0x05, 0x00, 0x00,
    0x53, 0x00, 0x00, 0x00, 0x11, 0x00, 0x00, 0x00, 0xa9, 0x00, 0x06, 0x00, 0x0c, 0x00, 0x00, 0x00,
    0x8a, 0x05, 0x00, 0x00, 0x89, 0x05, 0x00, 0x00, 0x11, 0x00, 0x00, 0x00, 0x39, 0x00, 0x00, 0x00,
    0xf9, 0x00, 0x02, 0x00, 0x86, 0x05, 0x00, 0x00, 0xf8, 0x00, 0x02, 0x00, 0x87, 0x05, 0x00, 0x00,
    0xf9, 0x00, 0x02, 0x00, 0x86, 0x05, 0x00, 0x00, 0xf8, 0x00, 0x02, 0x00, 0x86, 0x05, 0x00, 0x00,
    0xf5, 0x00, 0x07, 0x00, 0x0c, 0x00, 0x00, 0x00, 0x8b, 0x05, 0x00, 0x00, 0x11, 0x00, 0x00, 0x00,
    0x87, 0x05, 0x00, 0x00, 0x8a, 0x05, 0x00, 0x00, 0x88, 0x05, 0x00, 0x00, 0xa9, 0x00, 0x06, 0x00,
    0x0c, 0x00, 0x00, 0x00, 0x8c, 0x05, 0x00, 0x00, 0x85, 0x05, 0x00, 0x00, 0x11, 0x00, 0x00, 0x00,
    0x56, 0x00, 0x00, 0x00, 0xf9, 0x00, 0x02, 0x00, 0x83, 0x05, 0x00, 0x00, 0xf8, 0x00, 0x02, 0x00,
    0x83, 0x05, 0x00, 0x00, 0xf5, 0x00, 0x07, 0x00, 0x0c, 0x00, 0x00, 0x00, 0x8d, 0x05, 0x00, 0x00,
    0x56, 0x00, 0x00, 0x00, 0x7f, 0x05, 0x00, 0x00, 0x8c, 0x05, 0x00, 0x00, 0x86, 0x05, 0x00, 0x00,
    0xf5, 0x00, 0x07, 0x00, 0x0c, 0x00, 0x00, 0x00, 0x8e, 0x05, 0x00, 0x00, 0x53, 0x00, 0x00, 0x00,
    0x7f, 0x05, 0x00, 0x00, 0x8b, 0x05, 0x00, 0x00, 0x86, 0x05, 0x00, 0x00, 0xf7, 0x00, 0x03, 0x00,
    0x8f, 0x05, 0x00, 0x00, 0x00, 0x00, 0x00, 0x00, 0xfb, 0x00, 0x03, 0x00, 0x0e, 0x00, 0x00, 0x00,
    0x90, 0x05, 0x00, 0x00, 0xf8, 0x00, 0x02, 0x00, 0x90, 0x05, 0x00, 0x00, 0xf7, 0x00, 0x03, 0x00,
    0x91, 0x05, 0x00, 0x00, 0x00, 0x00, 0x00, 0x00, 0xfb, 0x00, 0x03, 0x00, 0x0e, 0x00, 0x00, 0x00,
    0x92, 0x05, 0x00, 0x00, 0xf8, 0x00, 0x02, 0x00, 0x92, 0x05, 0x00, 0x00, 0x41, 0x00, 0x06, 0x00,
    0x38, 0x00, 0x00, 0x00, 0x93, 0x05, 0x00, 0x00, 0x07, 0x00, 0x00, 0x00, 0x11, 0x00, 0x00, 0x00,
    0x3a, 0x00, 0x00, 0x00, 0x3d, 0x00, 0x04, 0x00, 0x09, 0x00, 0x00, 0x00, 0x94, 0x05, 0x00, 0x00,
    0x93, 0x05, 0x00, 0x00, 0xc7, 0x00, 0x05, 0x00, 0x09, 0x00, 0x00, 0x00, 0x95, 0x05, 0x00, 0x00,
    0x94, 0x05, 0x00, 0x00, 0x30, 0x00, 0x00, 0x00, 0x41, 0x00, 0x06, 0x00, 0x38, 0x00, 0x00, 0x00,
    0x96, 0x05, 0x00, 0x00, 0x07, 0x00, 0x00, 0x00, 0x11, 0x00, 0x00, 0x00, 0x3b, 0x00, 0x00, 0x00,
    0x3d, 0x00, 0x04, 0x00, 0x09, 0x00, 0x00, 0x00, 0x97, 0x05, 0x00, 0x00, 0x96, 0x05, 0x00, 0x00,
    0xc7, 0x00, 0x05, 0x00, 0x09, 0x00, 0x00, 0x00, 0x98, 0x05, 0x00, 0x00, 0x97, 0x05, 0x00, 0x00,
    0x30, 0x00, 0x00, 0x00, 0x3d, 0x00, 0x04, 0x00, 0x09, 0x00, 0x00, 0x00, 0x99, 0x05, 0x00, 0x00,
    0x96, 0x05, 0x00, 0x00, 0xc7, 0x00, 0x05, 0x00, 0x09, 0x00, 0x00, 0x00, 0x9a, 0x05, 0x00, 0x00,
    0x97, 0x05, 0x00, 0x00, 0x24, 0x00, 0x00, 0x00, 0xab, 0x00, 0x05, 0x00, 0x15, 0x00, 0x00, 0x00,
    0x9b, 0x05, 0x00, 0x00, 0x9a, 0x05, 0x00, 0x00, 0x0e, 0x00, 0x00, 0x00, 0xf7, 0x00, 0x03, 0x00,
    0x9c, 0x05, 0x00, 0x00, 0x00, 0x00, 0x00, 0x00, 0xfa, 0x00, 0x04, 0x00, 0x9b, 0x05, 0x00, 0x00,
    0x9d, 0x05, 0x00, 0x00, 0x9c, 0x05, 0x00, 0x00, 0xf8, 0x00, 0x02, 0x00, 0x9d, 0x05, 0x00, 0x00,
    0xf9, 0x00, 0x02, 0x00, 0x91, 0x05, 0x00, 0x00, 0xf8, 0x00, 0x02, 0x00, 0x9c, 0x05, 0x00, 0x00,
    0xc7, 0x00, 0x05, 0x00, 0x09, 0x00, 0x00, 0x00, 0x9e, 0x05, 0x00, 0x00, 0x99, 0x05, 0x00, 0x00,
    0x25, 0x00, 0x00, 0x00, 0xab, 0x00, 0x05, 0x00, 0x15, 0x00, 0x00, 0x00, 0x9f, 0x05, 0x00, 0x00,
    0x9e, 0x05, 0x00, 0x00, 0x0e, 0x00, 0x00, 0x00, 0xf7, 0x00, 0x03, 0x00, 0xa0, 0x05, 0x00, 0x00,
    0x00, 0x00, 0x00, 0x00, 0xfa, 0x00, 0x04, 0x00, 0x9f, 0x05, 0x00, 0x00, 0xa1, 0x05, 0x00, 0x00,
    0xa0, 0x05, 0x00, 0x00, 0xf8, 0x00, 0x02, 0x00, 0xa1, 0x05, 0x00, 0x00, 0xc2, 0x00, 0x05, 0x00,
    0x09, 0x00, 0x00, 0x00, 0xa2, 0x05, 0x00, 0x00, 0x9e, 0x05, 0x00, 0x00, 0x26, 0x00, 0x00, 0x00,
    0xc7, 0x00, 0x05, 0x00, 0x09, 0x00, 0x00, 0x00, 0xa3, 0x05, 0x00, 0x00, 0x97, 0x05, 0x00, 0x00,
    0x27, 0x00, 0x00, 0x00, 0x7c, 0x00, 0x04, 0x00, 0x0c, 0x00, 0x00, 0x00, 0xa4, 0x05, 0x00, 0x00,
    0xa3, 0x05, 0x00, 0x00, 0x82, 0x00, 0x05, 0x00, 0x09, 0x00, 0x00, 0x00, 0xa5, 0x05, 0x00, 0x00,
    0x0e, 0x00, 0x00, 0x00, 0x98, 0x05, 0x00, 0x00, 0xc7, 0x00, 0x05, 0x00, 0x09, 0x00, 0x00, 0x00,
    0xa6, 0x05, 0x00, 0x00, 0xa5, 0x05, 0x00, 0x00, 0x27, 0x00, 0x00, 0x00, 0x7c, 0x00, 0x04, 0x00,
    0x0c, 0x00, 0x00, 0x00, 0xa7, 0x05, 0x00, 0x00, 0xa6, 0x05, 0x00, 0x00, 0xc7, 0x00, 0x05, 0x00,
    0x09, 0x00, 0x00, 0x00, 0xa8, 0x05, 0x00, 0x00, 0xa5, 0x05, 0x00, 0x00, 0x28, 0x00, 0x00, 0x00,
    0xab, 0x00, 0x05, 0x00, 0x15, 0x00, 0x00, 0x00, 0xa9, 0x05, 0x00, 0x00, 0xa8, 0x05, 0x00, 0x00,
    0x0e, 0x00, 0x00, 0x00, 0xa9, 0x00, 0x06, 0x00, 0x09, 0x00, 0x00, 0x00, 0xaa, 0x05, 0x00, 0x00,
    0xa9, 0x05, 0x00, 0x00, 0x0e, 0x00, 0x00, 0x00, 0x12, 0x00, 0x00, 0x00, 0xc7, 0x00, 0x05, 0x00,
    0x09, 0x00, 0x00, 0x00, 0xab, 0x05, 0x00, 0x00, 0x94, 0x05, 0x00, 0x00, 0x24, 0x00, 0x00, 0x00,
    0xab, 0x00, 0x05, 0x00, 0x15, 0x00, 0x00, 0x00, 0xac, 0x05, 0x00, 0x00, 0xab, 0x05, 0x00, 0x00,
    0x0e, 0x00, 0x00, 0x00, 0xf7, 0x00, 0x03, 0x00, 0xad, 0x05, 0x00, 0x00, 0x00, 0x00, 0x00, 0x00,
    0xfa, 0x00, 0x04, 0x00, 0xac, 0x05, 0x00, 0x00, 0xae, 0x05, 0x00, 0x00, 0xaf, 0x05, 0x00, 0x00,
    0xf8, 0x00, 0x02, 0x00, 0xaf, 0x05, 0x00, 0x00, 0xc7, 0x00, 0x05, 0x00, 0x09, 0x00, 0x00, 0x00,
    0xb0, 0x05, 0x00, 0x00, 0x94, 0x05, 0x00, 0x00, 0x27, 0x00, 0x00, 0x00, 0x7c, 0x00, 0x04, 0x00,
    0x0c, 0x00, 0x00, 0x00, 0xb1, 0x05, 0x00, 0x00, 0xb0, 0x05, 0x00, 0x00, 0x7e, 0x00, 0x04, 0x00,
    0x0c, 0x00, 0x00, 0x00, 0xb2, 0x05, 0x00, 0x00, 0xb1, 0x05, 0x00, 0x00, 0xaa, 0x00, 0x05, 0x00,
    0x15, 0x00, 0x00, 0x00, 0xb3, 0x05, 0x00, 0x00, 0xa2, 0x05, 0x00, 0x00, 0x12, 0x00, 0x00, 0x00,
    0xf7, 0x00, 0x03, 0x00, 0xb4, 0x05, 0x00, 0x00, 0x00, 0x00, 0x00, 0x00, 0xfa, 0x00, 0x04, 0x00,
    0xb3, 0x05, 0x00, 0x00, 0xb5, 0x05, 0x00, 0x00, 0xb6, 0x05, 0x00, 0x00, 0xf8, 0x00, 0x02, 0x00,
    0xb6, 0x05, 0x00, 0x00, 0xc7, 0x00, 0x05, 0x00, 0x09, 0x00, 0x00, 0x00, 0xb7, 0x05, 0x00, 0x00,
    0x94, 0x05, 0x00, 0x00, 0x28, 0x00, 0x00, 0x00, 0xab, 0x00, 0x05, 0x00, 0x15, 0x00, 0x00, 0x00,
    0xb8, 0x05, 0x00, 0x00, 0xb7, 0x05, 0x00, 0x00, 0x0e, 0x00, 0x00, 0x00, 0xa9, 0x00, 0x06, 0x00,
    0x09, 0x00, 0x00, 0x00, 0xb9, 0x05, 0x00, 0x00, 0xb8, 0x05, 0x00, 0x00, 0x0e, 0x00, 0x00, 0x00,
    0x12, 0x00, 0x00, 0x00, 0xb1, 0x00, 0x05, 0x00, 0x15, 0x00, 0x00, 0x00, 0xba, 0x05, 0x00, 0x00,
    0x8e, 0x05, 0x00, 0x00, 0xb1, 0x05, 0x00, 0x00, 0xf7, 0x00, 0x03, 0x00, 0xbb, 0x05, 0x00, 0x00,
    0x00, 0x00, 0x00, 0x00, 0xfa, 0x00, 0x04, 0x00, 0xba, 0x05, 0x00, 0x00, 0xbc, 0x05, 0x00, 0x00,
    0xbd, 0x05, 0x00, 0x00, 0xf8, 0x00, 0x02, 0x00, 0xbd, 0x05, 0x00, 0x00, 0x53, 0x00, 0x04, 0x00,
    0x09, 0x00, 0x00, 0x00, 0xbe, 0x05, 0x00, 0x00, 0x12, 0x00, 0x00, 0x00, 0x53, 0x00, 0x04, 0x00,
    0x09, 0x00, 0x00, 0x00, 0xbf, 0x05, 0x00, 0x00, 0x0e, 0x00, 0x00, 0x00, 0xa9, 0x00, 0x06, 0x00,
    0x09, 0x00, 0x00, 0x00, 0xc0, 0x05, 0x00, 0x00, 0xb8, 0x05, 0x00, 0x00, 0x12, 0x00, 0x00, 0x00,
    0x0e, 0x00, 0x00, 0x00, 0xf9, 0x00, 0x02, 0x00, 0xbb, 0x05, 0x00, 0x00, 0xf8, 0x00, 0x02, 0x00,
    0xbc, 0x05, 0x00, 0x00, 0xf9, 0x00, 0x02, 0x00, 0xbb, 0x05, 0x00, 0x00, 0xf8, 0x00, 0x02, 0x00,
    0xbb, 0x05, 0x00, 0x00, 0xf5, 0x00, 0x07, 0x00, 0x09, 0x00, 0x00, 0x00, 0xc1, 0x05, 0x00, 0x00,
    0xb9, 0x05, 0x00, 0x00, 0xbc, 0x05, 0x00, 0x00, 0xc0, 0x05, 0x00, 0x00, 0xbd, 0x05, 0x00, 0x00,
    0xf9, 0x00, 0x02, 0x00, 0xb4, 0x05, 0x00, 0x00, 0xf8, 0x00, 0x02, 0x00, 0xb5, 0x05, 0x00, 0x00,
    0xb1, 0x00, 0x05, 0x00, 0x15, 0x00, 0x00, 0x00, 0xc2, 0x05, 0x00, 0x00, 0x8d, 0x05, 0x00, 0x00,
    0xa7, 0x05, 0x00, 0x00, 0xf7, 0x00, 0x03, 0x00, 0xc3, 0x05, 0x00, 0x00, 0x00, 0x00, 0x00, 0x00,
    0xfa, 0x00, 0x04, 0x00, 0xc2, 0x05, 0x00, 0x00, 0xc4, 0x05, 0x00, 0x00, 0xc5, 0x05, 0x00, 0x00,
    0xf8, 0x00, 0x02, 0x00, 0xc5, 0x05, 0x00, 0x00, 0x53, 0x00, 0x04, 0x00, 0x09, 0x00, 0x00, 0x00,
    0xc6, 0x05, 0x00, 0x00, 0x12, 0x00, 0x00, 0x00, 0x53, 0x00, 0x04, 0x00, 0x09, 0x00, 0x00, 0x00,
    0xc7, 0x05, 0x00, 0x00, 0x0e, 0x00, 0x00, 0x00, 0xa9, 0x00, 0x06, 0x00, 0x09, 0x00, 0x00, 0x00,
    0xc8, 0x05, 0x00, 0x00, 0xa9, 0x05, 0x00, 0x00, 0x12, 0x00, 0x00, 0x00, 0x0e, 0x00, 0x00, 0x00,
    0xf9, 0x00, 0x02, 0x00, 0xc3, 0x05, 0x00, 0x00, 0xf8, 0x00, 0x02, 0x00, 0xc4, 0x05, 0x00, 0x00,
    0xf9, 0x00, 0x02, 0x00, 0xc3, 0x05, 0x00, 0x00, 0xf8, 0x00, 0x02, 0x00, 0xc3, 0x05, 0x00, 0x00,
    0xf5, 0x00, 0x07, 0x00, 0x09, 0x00, 0x00, 0x00, 0xc9, 0x05, 0x00, 0x00, 0xaa, 0x05, 0x00, 0x00,
    0xc4, 0x05, 0x00, 0x00, 0xc8, 0x05, 0x00, 0x00, 0xc5, 0x05, 0x00, 0x00, 0xf9, 0x00, 0x02, 0x00,
    0xb4, 0x05, 0x00, 0x00, 0xf8, 0x00, 0x02, 0x00, 0xb4, 0x05, 0x00, 0x00, 0xf5, 0x00, 0x07, 0x00,
    0x09, 0x00, 0x00, 0x00, 0xca, 0x05, 0x00, 0x00, 0xc9, 0x05, 0x00, 0x00, 0xc3, 0x05, 0x00, 0x00,
    0xc1, 0x05, 0x00, 0x00, 0xbb, 0x05, 0x00, 0x00, 0xf9, 0x00, 0x02, 0x00, 0xad, 0x05, 0x00, 0x00,
    0xf8, 0x00, 0x02, 0x00, 0xae, 0x05, 0x00, 0x00, 0x7c, 0x00, 0x04, 0x00, 0x09, 0x00, 0x00, 0x00,
    0xcb, 0x05, 0x00, 0x00, 0x8d, 0x05, 0x00, 0x00, 0xc2, 0x00, 0x05, 0x00, 0x09, 0x00, 0x00, 0x00,
    0xcc, 0x05, 0x00, 0x00, 0xcb, 0x05, 0x00, 0x00, 0x12, 0x00, 0x00, 0x00, 0x80, 0x00, 0x05, 0x00,
    0x09, 0x00, 0x00, 0x00, 0xcd, 0x05, 0x00, 0x00, 0x0b, 0x00, 0x00, 0x00, 0xcc, 0x05, 0x00, 0x00,
    0x41, 0x00, 0x06, 0x00, 0x38, 0x00, 0x00, 0x00, 0xce, 0x05, 0x00, 0x00, 0x07, 0x00, 0x00, 0x00,
    0x11, 0x00, 0x00, 0x00, 0xcd, 0x05, 0x00, 0x00, 0x3d, 0x00, 0x04, 0x00, 0x09, 0x00, 0x00, 0x00,
    0xcf, 0x05, 0x00, 0x00, 0xce, 0x05, 0x00, 0x00, 0xc7, 0x00, 0x05, 0x00, 0x09, 0x00, 0x00, 0x00,
    0xd0, 0x05, 0x00, 0x00, 0xcb, 0x05, 0x00, 0x00, 0x12, 0x00, 0x00, 0x00, 0xab, 0x00, 0x05, 0x00,
    0x15, 0x00, 0x00, 0x00, 0xd1, 0x05, 0x00, 0x00, 0xd0, 0x05, 0x00, 0x00, 0x0e, 0x00, 0x00, 0x00,
    0xf7, 0x00, 0x03, 0x00, 0xd2, 0x05, 0x00, 0x00, 0x00, 0x00, 0x00, 0x00, 0xfa, 0x00, 0x04, 0x00,
    0xd1, 0x05, 0x00, 0x00, 0xd3, 0x05, 0x00, 0x00, 0xd4, 0x05, 0x00, 0x00, 0xf8, 0x00, 0x02, 0x00,
    0xd4, 0x05, 0x00, 0x00, 0xc7, 0x00, 0x05, 0x00, 0x09, 0x00, 0x00, 0x00, 0xd5, 0x05, 0x00, 0x00,
    0xcf, 0x05, 0x00, 0x00, 0x30, 0x00, 0x00, 0x00, 0xf9, 0x00, 0x02, 0x00, 0xd2, 0x05, 0x00, 0x00,
    0xf8, 0x00, 0x02, 0x00, 0xd3, 0x05, 0x00, 0x00, 0xc2, 0x00, 0x05, 0x00, 0x09, 0x00, 0x00, 0x00,
    0xd6, 0x05, 0x00, 0x00, 0xcf, 0x05, 0x00, 0x00, 0x0a, 0x00, 0x00, 0x00, 0xf9, 0x00, 0x02, 0x00,
    0xd2, 0x05, 0x00, 0x00, 0xf8, 0x00, 0x02, 0x00, 0xd2, 0x05, 0x00, 0x00, 0xf5, 0x00, 0x07, 0x00,
    0x09, 0x00, 0x00, 0x00, 0xd7, 0x05, 0x00, 0x00, 0xd6, 0x05, 0x00, 0x00, 0xd3, 0x05, 0x00, 0x00,
    0xd5, 0x05, 0x00, 0x00, 0xd4, 0x05, 0x00, 0x00, 0xc7, 0x00, 0x05, 0x00, 0x09, 0x00, 0x00, 0x00,
    0xd8, 0x05, 0x00, 0x00, 0xd7, 0x05, 0x00, 0x00, 0x27, 0x00, 0x00, 0x00, 0x7c, 0x00, 0x04, 0x00,
    0x0c, 0x00, 0x00, 0x00, 0xd9, 0x05, 0x00, 0x00, 0xd8, 0x05, 0x00, 0x00, 0x7e, 0x00, 0x04, 0x00,
    0x0c, 0x00, 0x00, 0x00, 0xda, 0x05, 0x00, 0x00, 0xd9, 0x05, 0x00, 0x00, 0xaa, 0x00, 0x05, 0x00,
    0x15, 0x00, 0x00, 0x00, 0xdb, 0x05, 0x00, 0x00, 0xa2, 0x05, 0x00, 0x00, 0x12, 0x00, 0x00, 0x00,
    0xf7, 0x00, 0x03, 0x00, 0xdc, 0x05, 0x00, 0x00, 0x00, 0x00, 0x00, 0x00, 0xfa, 0x00, 0x04, 0x00,
    0xdb, 0x05, 0x00, 0x00, 0xdd, 0x05, 0x00, 0x00, 0xde, 0x05, 0x00, 0x00, 0xf8, 0x00, 0x02, 0x00,
    0xde, 0x05, 0x00, 0x00, 0xc7, 0x00, 0x05, 0x00, 0x09, 0x00, 0x00, 0x00, 0xdf, 0x05, 0x00, 0x00,
    0xd7, 0x05, 0x00, 0x00, 0x28, 0x00, 0x00, 0x00, 0xab, 0x00, 0x05, 0x00, 0x15, 0x00, 0x00, 0x00,
    0xe0, 0x05, 0x00, 0x00, 0xdf, 0x05, 0x00, 0x00, 0x0e, 0x00, 0x00, 0x00, 0xa9, 0x00, 0x06, 0x00,
    0x09, 0x00, 0x00, 0x00, 0xe1, 0x05, 0x00, 0x00, 0xe0, 0x05, 0x00, 0x00, 0x0e, 0x00, 0x00, 0x00,
    0x12, 0x00, 0x00, 0x00, 0x82, 0x00, 0x05, 0x00, 0x0c, 0x00, 0x00, 0x00, 0xe2, 0x05, 0x00, 0x00,
    0xd9, 0x05, 0x00, 0x00, 0x14, 0x00, 0x00, 0x00, 0xb3, 0x00, 0x05, 0x00, 0x15, 0x00, 0x00, 0x00,
    0xe3, 0x05, 0x00, 0x00, 0x8e, 0x05, 0x00, 0x00, 0xe2, 0x05, 0x00, 0x00, 0xf7, 0x00, 0x03, 0x00,
    0xe4, 0x05, 0x00, 0x00, 0x00, 0x00, 0x00, 0x00, 0xfa, 0x00, 0x04, 0x00, 0xe3, 0x05, 0x00, 0x00,
    0xe5, 0x05, 0x00, 0x00, 0xe6, 0x05, 0x00, 0x00, 0xf8, 0x00, 0x02, 0x00, 0xe6, 0x05, 0x00, 0x00,
    0x53, 0x00, 0x04, 0x00, 0x09, 0x00, 0x00, 0x00, 0xe7, 0x05, 0x00, 0x00, 0x12, 0x00, 0x00, 0x00,
    0x53, 0x00, 0x04, 0x00, 0x09, 0x00, 0x00, 0x00, 0xe8, 0x05, 0x00, 0x00, 0x0e, 0x00, 0x00, 0x00,
    0xa9, 0x00, 0x06, 0x00, 0x09, 0x00, 0x00, 0x00, 0xe9, 0x05, 0x00, 0x00, 0xe0, 0x05, 0x00, 0x00,
    0x12, 0x00, 0x00, 0x00, 0x0e, 0x00, 0x00, 0x00, 0xf9, 0x00, 0x02, 0x00, 0xe4, 0x05, 0x00, 0x00,
    0xf8, 0x00, 0x02, 0x00, 0xe5, 0x05, 0x00, 0x00, 0xf9, 0x00, 0x02, 0x00, 0xe4, 0x05, 0x00, 0x00,
    0xf8, 0x00, 0x02, 0x00, 0xe4, 0x05, 0x00, 0x00, 0xf5, 0x00, 0x07, 0x00, 0x09, 0x00, 0x00, 0x00,
    0xea, 0x05, 0x00, 0x00, 0xe1, 0x05, 0x00, 0x00, 0xe5, 0x05, 0x00, 0x00, 0xe9, 0x05, 0x00, 0x00,
    0xe6, 0x05, 0x00, 0x00, 0xf9, 0x00, 0x02, 0x00, 0xdc, 0x05, 0x00, 0x00, 0xf8, 0x00, 0x02, 0x00,
    0xdd, 0x05, 0x00, 0x00, 0xaf, 0x00, 0x05, 0x00, 0x15, 0x00, 0x00, 0x00, 0xeb, 0x05, 0x00, 0x00,
    0x8d, 0x05, 0x00, 0x00, 0xa7, 0x05, 0x00, 0x00, 0xf7, 0x00, 0x03, 0x00, 0xec, 0x05, 0x00, 0x00,
    0x00, 0x00, 0x00, 0x00, 0xfa, 0x00, 0x04, 0x00, 0xeb, 0x05, 0x00, 0x00, 0xed, 0x05, 0x00, 0x00,
    0xee, 0x05, 0x00, 0x00, 0xf8, 0x00, 0x02, 0x00, 0xee, 0x05, 0x00, 0x00, 0xf9, 0x00, 0x02, 0x00,
    0xec, 0x05, 0x00, 0x00, 0xf8, 0x00, 0x02, 0x00, 0xed, 0x05, 0x00, 0x00, 0x53, 0x00, 0x04, 0x00,
    0x09, 0x00, 0x00, 0x00, 0xef, 0x05, 0x00, 0x00, 0x12, 0x00, 0x00, 0x00, 0x53, 0x00, 0x04, 0x00,
    0x09, 0x00, 0x00, 0x00, 0xf0, 0x05, 0x00, 0x00, 0x0e, 0x00, 0x00, 0x00, 0xa9, 0x00, 0x06, 0x00,
    0x09, 0x00, 0x00, 0x00, 0xf1, 0x05, 0x00, 0x00, 0xa9, 0x05, 0x00, 0x00, 0x12, 0x00, 0x00, 0x00,
    0x0e, 0x00, 0x00, 0x00, 0xf9, 0x00, 0x02, 0x00, 0xec, 0x05, 0x00, 0x00, 0xf8, 0x00, 0x02, 0x00,
    0xec, 0x05, 0x00, 0x00, 0xf5, 0x00, 0x07, 0x00, 0x09, 0x00, 0x00, 0x00, 0xf2, 0x05, 0x00, 0x00,
    0xf1, 0x05, 0x00, 0x00, 0xed, 0x05, 0x00, 0x00, 0xaa, 0x05, 0x00, 0x00, 0xee, 0x05, 0x00, 0x00,
    0xf9, 0x00, 0x02, 0x00, 0xdc, 0x05, 0x00, 0x00, 0xf8, 0x00, 0x02, 0x00, 0xdc, 0x05, 0x00, 0x00,
    0xf5, 0x00, 0x07, 0x00, 0x09, 0x00, 0x00, 0x00, 0xf3, 0x05, 0x00, 0x00, 0xf2, 0x05, 0x00, 0x00,
    0xec, 0x05, 0x00, 0x00, 0xea, 0x05, 0x00, 0x00, 0xe4, 0x05, 0x00, 0x00, 0xf9, 0x00, 0x02, 0x00,
    0xad, 0x05, 0x00, 0x00, 0xf8, 0x00, 0x02, 0x00, 0xad, 0x05, 0x00, 0x00, 0xf5, 0x00, 0x07, 0x00,
    0x0c, 0x00, 0x00, 0x00, 0xf4, 0x05, 0x00, 0x00, 0xda, 0x05, 0x00, 0x00, 0xdc, 0x05, 0x00, 0x00,
    0xb2, 0x05, 0x00, 0x00, 0xb4, 0x05, 0x00, 0x00, 0xf5, 0x00, 0x07, 0x00, 0x09, 0x00, 0x00, 0x00,
    0xf5, 0x05, 0x00, 0x00, 0xf3, 0x05, 0x00, 0x00, 0xdc, 0x05, 0x00, 0x00, 0xca, 0x05, 0x00, 0x00,
    0xb4, 0x05, 0x00, 0x00, 0x80, 0x00, 0x05, 0x00, 0x0c, 0x00, 0x00, 0x00, 0xf6, 0x05, 0x00, 0x00,
    0x8e, 0x05, 0x00, 0x00, 0xf4, 0x05, 0x00, 0x00, 0x80, 0x00, 0x05, 0x00, 0x0c, 0x00, 0x00, 0x00,
    0xf7, 0x05, 0x00, 0x00, 0x8d, 0x05, 0x00, 0x00, 0xa4, 0x05, 0x00, 0x00, 0x84, 0x00, 0x05, 0x00,
    0x09, 0x00, 0x00, 0x00, 0xf8, 0x05, 0x00, 0x00, 0xf5, 0x05, 0x00, 0x00, 0x31, 0x00, 0x00, 0x00,
    0xc7, 0x00, 0x05, 0x00, 0x0c, 0x00, 0x00, 0x00, 0xf9, 0x05, 0x00, 0x00, 0xf7, 0x05, 0x00, 0x00,
    0x32, 0x00, 0x00, 0x00, 0x7c, 0x00, 0x04, 0x00, 0x09, 0x00, 0x00, 0x00, 0xfa, 0x05, 0x00, 0x00,
    0xf9, 0x05, 0x00, 0x00, 0x84, 0x00, 0x05, 0x00, 0x09, 0x00, 0x00, 0x00, 0xfb, 0x05, 0x00, 0x00,
    0xfa, 0x05, 0x00, 0x00, 0x28, 0x00, 0x00, 0x00, 0x80, 0x00, 0x05, 0x00, 0x09, 0x00, 0x00, 0x00,
    0xfc, 0x05, 0x00, 0x00, 0xf8, 0x05, 0x00, 0x00, 0xfb, 0x05, 0x00, 0x00, 0xc7, 0x00, 0x05, 0x00,
    0x0c, 0x00, 0x00, 0x00, 0xfd, 0x05, 0x00, 0x00, 0xf6, 0x05, 0x00, 0x00, 0x32, 0x00, 0x00, 0x00,
    0x7c, 0x00, 0x04, 0x00, 0x09, 0x00, 0x00, 0x00, 0xfe, 0x05, 0x00, 0x00, 0xfd, 0x05, 0x00, 0x00,
    0x80, 0x00, 0x05, 0x00, 0x09, 0x00, 0x00, 0x00, 0xff, 0x05, 0x00, 0x00, 0xfc, 0x05, 0x00, 0x00,
    0xfe, 0x05, 0x00, 0x00, 0xc2, 0x00, 0x05, 0x00, 0x09, 0x00, 0x00, 0x00, 0x00, 0x06, 0x00, 0x00,
    0xff, 0x05, 0x00, 0x00, 0x12, 0x00, 0x00, 0x00, 0x41, 0x00, 0x06, 0x00, 0x38, 0x00, 0x00, 0x00,
    0x01, 0x06, 0x00, 0x00, 0x06, 0x00, 0x00, 0x00, 0x11, 0x00, 0x00, 0x00, 0x00, 0x06, 0x00, 0x00,
    0x3d, 0x00, 0x04, 0x00, 0x09, 0x00, 0x00, 0x00, 0x02, 0x06, 0x00, 0x00, 0x01, 0x06, 0x00, 0x00,
    0xc7, 0x00, 0x05, 0x00, 0x09, 0x00, 0x00, 0x00, 0x03, 0x06, 0x00, 0x00, 0xff, 0x05, 0x00, 0x00,
    0x12, 0x00, 0x00, 0x00, 0xab, 0x00, 0x05, 0x00, 0x15, 0x00, 0x00, 0x00, 0x04, 0x06, 0x00, 0x00,
    0x03, 0x06, 0x00, 0x00, 0x0e, 0x00, 0x00, 0x00, 0xf7, 0x00, 0x03, 0x00, 0x05, 0x06, 0x00, 0x00,
    0x00, 0x00, 0x00, 0x00, 0xfa, 0x00, 0x04, 0x00, 0x04, 0x06, 0x00, 0x00, 0x06, 0x06, 0x00, 0x00,
    0x07, 0x06, 0x00, 0x00, 0xf8, 0x00, 0x02, 0x00, 0x07, 0x06, 0x00, 0x00, 0xc7, 0x00, 0x05, 0x00,
    0x09, 0x00, 0x00, 0x00, 0x08, 0x06, 0x00, 0x00, 0x02, 0x06, 0x00, 0x00, 0x30, 0x00, 0x00, 0x00,
    0xf9, 0x00, 0x02, 0x00, 0x05, 0x06, 0x00, 0x00, 0xf8, 0x00, 0x02, 0x00, 0x06, 0x06, 0x00, 0x00,
    0xc2, 0x00, 0x05, 0x00, 0x09, 0x00, 0x00, 0x00, 0x09, 0x06, 0x00, 0x00, 0x02, 0x06, 0x00, 0x00,
    0x0a, 0x00, 0x00, 0x00, 0xf9, 0x00, 0x02, 0x00, 0x05, 0x06, 0x00, 0x00, 0xf8, 0x00, 0x02, 0x00,
    0x05, 0x06, 0x00, 0x00, 0xf5, 0x00, 0x07, 0x00, 0x09, 0x00, 0x00, 0x00, 0x0a, 0x06, 0x00, 0x00,
    0x09, 0x06, 0x00, 0x00, 0x06, 0x06, 0x00, 0x00, 0x08, 0x06, 0x00, 0x00, 0x07, 0x06, 0x00, 0x00,
    0xc2, 0x00, 0x05, 0x00, 0x09, 0x00, 0x00, 0x00, 0x0b, 0x06, 0x00, 0x00, 0x0a, 0x06, 0x00, 0x00,
    0x2a, 0x00, 0x00, 0x00, 0xaa, 0x00, 0x05, 0x00, 0x15, 0x00, 0x00, 0x00, 0x0c, 0x06, 0x00, 0x00,
    0x0b, 0x06, 0x00, 0x00, 0x0e, 0x00, 0x00, 0x00, 0xf7, 0x00, 0x03, 0x00, 0x0d, 0x06, 0x00, 0x00,
    0x00, 0x00, 0x00, 0x00, 0xfa, 0x00, 0x04, 0x00, 0x0c, 0x06, 0x00, 0x00, 0x0e, 0x06, 0x00, 0x00,
    0x0d, 0x06, 0x00, 0x00, 0xf8, 0x00, 0x02, 0x00, 0x0e, 0x06, 0x00, 0x00, 0xc7, 0x00, 0x05, 0x00,
    0x09, 0x00, 0x00, 0x00, 0x0f, 0x06, 0x00, 0x00, 0x0a, 0x06, 0x00, 0x00, 0x2a, 0x00, 0x00, 0x00,
    0xaa, 0x00, 0x05, 0x00, 0x15, 0x00, 0x00, 0x00, 0x10, 0x06, 0x00, 0x00, 0x0f, 0x06, 0x00, 0x00,
    0x0e, 0x00, 0x00, 0x00, 0xf9, 0x00, 0x02, 0x00, 0x0d, 0x06, 0x00, 0x00, 0xf8, 0x00, 0x02, 0x00,
    0x0d, 0x06, 0x00, 0x00, 0xf5, 0x00, 0x07, 0x00, 0x15, 0x00, 0x00, 0x00, 0x11, 0x06, 0x00, 0x00,
    0x20, 0x00, 0x00, 0x00, 0x05, 0x06, 0x00, 0x00, 0x10, 0x06, 0x00, 0x00, 0x0e, 0x06, 0x00, 0x00,
    0xf7, 0x00, 0x03, 0x00, 0x12, 0x06, 0x00, 0x00, 0x00, 0x00, 0x00, 0x00, 0xfa, 0x00, 0x04, 0x00,
    0x11, 0x06, 0x00, 0x00, 0x13, 0x06, 0x00, 0x00, 0x12, 0x06, 0x00, 0x00, 0xf8, 0x00, 0x02, 0x00,
    0x13, 0x06, 0x00, 0x00, 0xf9, 0x00, 0x02, 0x00, 0x91, 0x05, 0x00, 0x00, 0xf8, 0x00, 0x02, 0x00,
    0x12, 0x06, 0x00, 0x00, 0xc7, 0x00, 0x05, 0x00, 0x09, 0x00, 0x00, 0x00, 0x14, 0x06, 0x00, 0x00,
    0x0a, 0x06, 0x00, 0x00, 0x2b, 0x00, 0x00, 0x00, 0xf9, 0x00, 0x02, 0x00, 0x91, 0x05, 0x00, 0x00,
    0xf8, 0x00, 0x02, 0x00, 0xa0, 0x05, 0x00, 0x00, 0x7c, 0x00, 0x04, 0x00, 0x09, 0x00, 0x00, 0x00,
    0x15, 0x06, 0x00, 0x00, 0x8d, 0x05, 0x00, 0x00, 0x84, 0x00, 0x05, 0x00, 0x09, 0x00, 0x00, 0x00,
    0x16, 0x06, 0x00, 0x00, 0x15, 0x06, 0x00, 0x00, 0x21, 0x00, 0x00, 0x00, 0x80, 0x00, 0x05, 0x00,
    0x09, 0x00, 0x00, 0x00, 0x17, 0x06, 0x00, 0x00, 0x25, 0x00, 0x00, 0x00, 0x16, 0x06, 0x00, 0x00,
    0xc3, 0x00, 0x05, 0x00, 0x0c, 0x00, 0x00, 0x00, 0x18, 0x06, 0x00, 0x00, 0x8e, 0x05, 0x00, 0x00,
    0x2d, 0x00, 0x00, 0x00, 0x7c, 0x00, 0x04, 0x00, 0x09, 0x00, 0x00, 0x00, 0x19, 0x06, 0x00, 0x00,
    0x18, 0x06, 0x00, 0x00, 0x80, 0x00, 0x05, 0x00, 0x09, 0x00, 0x00, 0x00, 0x1a, 0x06, 0x00, 0x00,
    0x17, 0x06, 0x00, 0x00, 0x19, 0x06, 0x00, 0x00, 0x82, 0x00, 0x05, 0x00, 0x09, 0x00, 0x00, 0x00,
    0x1b, 0x06, 0x00, 0x00, 0x1a, 0x06, 0x00, 0x00, 0x29, 0x00, 0x00, 0x00, 0xc2, 0x00, 0x05, 0x00,
    0x09, 0x00, 0x00, 0x00, 0x1c, 0x06, 0x00, 0x00, 0x1b, 0x06, 0x00, 0x00, 0x12, 0x00, 0x00, 0x00,
    0x80, 0x00, 0x05, 0x00, 0x09, 0x00, 0x00, 0x00, 0x1d, 0x06, 0x00, 0x00, 0x0b, 0x00, 0x00, 0x00,
    0x1c, 0x06, 0x00, 0x00, 0x41, 0x00, 0x06, 0x00, 0x38, 0x00, 0x00, 0x00, 0x1e, 0x06, 0x00, 0x00,
    0x07, 0x00, 0x00, 0x00, 0x11, 0x00, 0x00, 0x00, 0x1d, 0x06, 0x00, 0x00, 0x3d, 0x00, 0x04, 0x00,
    0x09, 0x00, 0x00, 0x00, 0x1f, 0x06, 0x00, 0x00, 0x1e, 0x06, 0x00, 0x00, 0xc7, 0x00, 0x05, 0x00,
    0x09, 0x00, 0x00, 0x00, 0x20, 0x06, 0x00, 0x00, 0x1a, 0x06, 0x00, 0x00, 0x12, 0x00, 0x00, 0x00,
    0xab, 0x00, 0x05, 0x00, 0x15, 0x00, 0x00, 0x00, 0x21, 0x06, 0x00, 0x00, 0x20, 0x06, 0x00, 0x00,
    0x0e, 0x00, 0x00, 0x00, 0xf7, 0x00, 0x03, 0x00, 0x22, 0x06, 0x00, 0x00, 0x00, 0x00, 0x00, 0x00,
    0xfa, 0x00, 0x04, 0x00, 0x21, 0x06, 0x00, 0x00, 0x23, 0x06, 0x00, 0x00, 0x24, 0x06, 0x00, 0x00,
    0xf8, 0x00, 0x02, 0x00, 0x24, 0x06, 0x00, 0x00, 0xc7, 0x00, 0x05, 0x00, 0x09, 0x00, 0x00, 0x00,
    0x25, 0x06, 0x00, 0x00, 0x1f, 0x06, 0x00, 0x00, 0x30, 0x00, 0x00, 0x00, 0xf9, 0x00, 0x02, 0x00,
    0x22, 0x06, 0x00, 0x00, 0xf8, 0x00, 0x02, 0x00, 0x23, 0x06, 0x00, 0x00, 0xc2, 0x00, 0x05, 0x00,
    0x09, 0x00, 0x00, 0x00, 0x26, 0x06, 0x00, 0x00, 0x1f, 0x06, 0x00, 0x00, 0x0a, 0x00, 0x00, 0x00,
    0xf9, 0x00, 0x02, 0x00, 0x22, 0x06, 0x00, 0x00, 0xf8, 0x00, 0x02, 0x00, 0x22, 0x06, 0x00, 0x00,
    0xf5, 0x00, 0x07, 0x00, 0x09, 0x00, 0x00, 0x00, 0x27, 0x06, 0x00, 0x00, 0x26, 0x06, 0x00, 0x00,
    0x23, 0x06, 0x00, 0x00, 0x25, 0x06, 0x00, 0x00, 0x24, 0x06, 0x00, 0x00, 0xc3, 0x00, 0x05, 0x00,
    0x0c, 0x00, 0x00, 0x00, 0x28, 0x06, 0x00, 0x00, 0x8e, 0x05, 0x00, 0x00, 0x2e, 0x00, 0x00, 0x00,
    0xc7, 0x00, 0x05, 0x00, 0x0c, 0x00, 0x00, 0x00, 0x29, 0x06, 0x00, 0x00, 0x28, 0x06, 0x00, 0x00,
    0x2f, 0x00, 0x00, 0x00, 0x7c, 0x00, 0x04, 0x00, 0x09, 0x00, 0x00, 0x00, 0x2a, 0x06, 0x00, 0x00,
    0x29, 0x06, 0x00, 0x00, 0xc7, 0x00, 0x05, 0x00, 0x09, 0x00, 0x00, 0x00, 0x2b, 0x06, 0x00, 0x00,
    0x2a, 0x06, 0x00, 0x00, 0x1d, 0x00, 0x00, 0x00, 0xc2, 0x00, 0x05, 0x00, 0x09, 0x00, 0x00, 0x00,
    0x2c, 0x06, 0x00, 0x00, 0x24, 0x00, 0x00, 0x00, 0x2b, 0x06, 0x00, 0x00, 0xc7, 0x00, 0x05, 0x00,
    0x09, 0x00, 0x00, 0x00, 0x2d, 0x06, 0x00, 0x00, 0x27, 0x06, 0x00, 0x00, 0x2c, 0x06, 0x00, 0x00,
    0xab, 0x00, 0x05, 0x00, 0x15, 0x00, 0x00, 0x00, 0x2e, 0x06, 0x00, 0x00, 0x2d, 0x06, 0x00, 0x00,
    0x0e, 0x00, 0x00, 0x00, 0xf7, 0x00, 0x03, 0x00, 0x2f, 0x06, 0x00, 0x00, 0x00, 0x00, 0x00, 0x00,
    0xfa, 0x00, 0x04, 0x00, 0x2e, 0x06, 0x00, 0x00, 0x30, 0x06, 0x00, 0x00, 0x2f, 0x06, 0x00, 0x00,
    0xf8, 0x00, 0x02, 0x00, 0x30, 0x06, 0x00, 0x00, 0xf9, 0x00, 0x02, 0x00, 0x91, 0x05, 0x00, 0x00,
    0xf8, 0x00, 0x02, 0x00, 0x2f, 0x06, 0x00, 0x00, 0xc7, 0x00, 0x05, 0x00, 0x09, 0x00, 0x00, 0x00,
    0x31, 0x06, 0x00, 0x00, 0x94, 0x05, 0x00, 0x00, 0x24, 0x00, 0x00, 0x00, 0xab, 0x00, 0x05, 0x00,
    0x15, 0x00, 0x00, 0x00, 0x32, 0x06, 0x00, 0x00, 0x31, 0x06, 0x00, 0x00, 0x0e, 0x00, 0x00, 0x00,
    0xf7, 0x00, 0x03, 0x00, 0x33, 0x06, 0x00, 0x00, 0x00, 0x00, 0x00, 0x00, 0xfa, 0x00, 0x04, 0x00,
    0x32, 0x06, 0x00, 0x00, 0x34, 0x06, 0x00, 0x00, 0x35, 0x06, 0x00, 0x00, 0xf8, 0x00, 0x02, 0x00,
    0x35, 0x06, 0x00, 0x00, 0x82, 0x00, 0x05, 0x00, 0x09, 0x00, 0x00, 0x00, 0x36, 0x06, 0x00, 0x00,
    0x0e, 0x00, 0x00, 0x00, 0x95, 0x05, 0x00, 0x00, 0xc7, 0x00, 0x05, 0x00, 0x09, 0x00, 0x00, 0x00,
    0x37, 0x06, 0x00, 0x00, 0x36, 0x06, 0x00, 0x00, 0x27, 0x00, 0x00, 0x00, 0x7c, 0x00, 0x04, 0x00,
    0x0c, 0x00, 0x00, 0x00, 0x38, 0x06, 0x00, 0x00, 0x37, 0x06, 0x00, 0x00, 0xf9, 0x00, 0x02, 0x00,
    0x33, 0x06, 0x00, 0x00, 0xf8, 0x00, 0x02, 0x00, 0x34, 0x06, 0x00, 0x00, 0xc2, 0x00, 0x05, 0x00,
    0x09, 0x00, 0x00, 0x00, 0x39, 0x06, 0x00, 0x00, 0x15, 0x06, 0x00, 0x00, 0x12, 0x00, 0x00, 0x00,
    0x80, 0x00, 0x05, 0x00, 0x09, 0x00, 0x00, 0x00, 0x3a, 0x06, 0x00, 0x00, 0x0b, 0x00, 0x00, 0x00,
    0x39, 0x06, 0x00, 0x00, 0x41, 0x00, 0x06, 0x00, 0x38, 0x00, 0x00, 0x00, 0x3b, 0x06, 0x00, 0x00,
    0x07, 0x00, 0x00, 0x00, 0x11, 0x00, 0x00, 0x00, 0x3a, 0x06, 0x00, 0x00, 0x3d, 0x00, 0x04, 0x00,
    0x09, 0x00, 0x00, 0x00, 0x3c, 0x06, 0x00, 0x00, 0x3b, 0x06, 0x00, 0x00, 0xc7, 0x00, 0x05, 0x00,
    0x09, 0x00, 0x00, 0x00, 0x3d, 0x06, 0x00, 0x00, 0x15, 0x06, 0x00, 0x00, 0x12, 0x00, 0x00, 0x00,
    0xab, 0x00, 0x05, 0x00, 0x15, 0x00, 0x00, 0x00, 0x3e, 0x06, 0x00, 0x00, 0x3d, 0x06, 0x00, 0x00,
    0x0e, 0x00, 0x00, 0x00, 0xf7, 0x00, 0x03, 0x00, 0x3f, 0x06, 0x00, 0x00, 0x00, 0x00, 0x00, 0x00,
    0xfa, 0x00, 0x04, 0x00, 0x3e, 0x06, 0x00, 0x00, 0x40, 0x06, 0x00, 0x00, 0x41, 0x06, 0x00, 0x00,
    0xf8, 0x00, 0x02, 0x00, 0x41, 0x06, 0x00, 0x00, 0xc7, 0x00, 0x05, 0x00, 0x09, 0x00, 0x00, 0x00,
    0x42, 0x06, 0x00, 0x00, 0x3c, 0x06, 0x00, 0x00, 0x30, 0x00, 0x00, 0x00, 0xf9, 0x00, 0x02, 0x00,
    0x3f, 0x06, 0x00, 0x00, 0xf8, 0x00, 0x02, 0x00, 0x40, 0x06, 0x00, 0x00, 0xc2, 0x00, 0x05, 0x00,
    0x09, 0x00, 0x00, 0x00, 0x43, 0x06, 0x00, 0x00, 0x3c, 0x06, 0x00, 0x00, 0x0a, 0x00, 0x00, 0x00,
    0xf9, 0x00, 0x02, 0x00, 0x3f, 0x06, 0x00, 0x00, 0xf8, 0x00, 0x02, 0x00, 0x3f, 0x06, 0x00, 0x00,
    0xf5, 0x00, 0x07, 0x00, 0x09, 0x00, 0x00, 0x00, 0x44, 0x06, 0x00, 0x00, 0x43, 0x06, 0x00, 0x00,
    0x40, 0x06, 0x00, 0x00, 0x42, 0x06, 0x00, 0x00, 0x41, 0x06, 0x00, 0x00, 0x82, 0x00, 0x05, 0x00,
    0x09, 0x00, 0x00, 0x00, 0x45, 0x06, 0x00, 0x00, 0x0e, 0x00, 0x00, 0x00, 0x44, 0x06, 0x00, 0x00,
    0xc7, 0x00, 0x05, 0x00, 0x09, 0x00, 0x00, 0x00, 0x46, 0x06, 0x00, 0x00, 0x45, 0x06, 0x00, 0x00,
    0x27, 0x00, 0x00, 0x00, 0x7c, 0x00, 0x04, 0x00, 0x0c, 0x00, 0x00, 0x00, 0x47, 0x06, 0x00, 0x00,
    0x46, 0x06, 0x00, 0x00, 0xf9, 0x00, 0x02, 0x00, 0x33, 0x06, 0x00, 0x00, 0xf8, 0x00, 0x02, 0x00,
    0x33, 0x06, 0x00, 0x00, 0xf5, 0x00, 0x07, 0x00, 0x0c, 0x00, 0x00, 0x00, 0x48, 0x06, 0x00, 0x00,
    0x47, 0x06, 0x00, 0x00, 0x3f, 0x06, 0x00, 0x00, 0x38, 0x06, 0x00, 0x00, 0x35, 0x06, 0x00, 0x00,
    0x80, 0x00, 0x05, 0x00, 0x0c, 0x00, 0x00, 0x00, 0x49, 0x06, 0x00, 0x00, 0x8e, 0x05, 0x00, 0x00,
    0x48, 0x06, 0x00, 0x00, 0xc7, 0x00, 0x05, 0x00, 0x09, 0x00, 0x00, 0x00, 0x4a, 0x06, 0x00, 0x00,
    0x97, 0x05, 0x00, 0x00, 0x27, 0x00, 0x00, 0x00, 0x7c, 0x00, 0x04, 0x00, 0x0c, 0x00, 0x00, 0x00,
    0x4b, 0x06, 0x00, 0x00, 0x4a, 0x06, 0x00, 0x00, 0x80, 0x00, 0x05, 0x00, 0x0c, 0x00, 0x00, 0x00,
    0x4c, 0x06, 0x00, 0x00, 0x4b, 0x06, 0x00, 0x00, 0x8d, 0x05, 0x00, 0x00, 0xc7, 0x00, 0x05, 0x00,
    0x0c, 0x00, 0x00, 0x00, 0x4d, 0x06, 0x00, 0x00, 0x4c, 0x06, 0x00, 0x00, 0x32, 0x00, 0x00, 0x00,
    0x7c, 0x00, 0x04, 0x00, 0x09, 0x00, 0x00, 0x00, 0x4e, 0x06, 0x00, 0x00, 0x4d, 0x06, 0x00, 0x00,
    0x84, 0x00, 0x05, 0x00, 0x09, 0x00, 0x00, 0x00, 0x4f, 0x06, 0x00, 0x00, 0x4e, 0x06, 0x00, 0x00,
    0x28, 0x00, 0x00, 0x00, 0xc7, 0x00, 0x05, 0x00, 0x0c, 0x00, 0x00, 0x00, 0x50, 0x06, 0x00, 0x00,
    0x49, 0x06, 0x00, 0x00, 0x32, 0x00, 0x00, 0x00, 0x7c, 0x00, 0x04, 0x00, 0x09, 0x00, 0x00, 0x00,
    0x51, 0x06, 0x00, 0x00, 0x50, 0x06, 0x00, 0x00, 0x80, 0x00, 0x05, 0x00, 0x09, 0x00, 0x00, 0x00,
    0x52, 0x06, 0x00, 0x00, 0x4f, 0x06, 0x00, 0x00, 0x51, 0x06, 0x00, 0x00, 0xc2, 0x00, 0x05, 0x00,
    0x09, 0x00, 0x00, 0x00, 0x53, 0x06, 0x00, 0x00, 0x52, 0x06, 0x00, 0x00, 0x12, 0x00, 0x00, 0x00,
    0x41, 0x00, 0x06, 0x00, 0x38, 0x00, 0x00, 0x00, 0x54, 0x06, 0x00, 0x00, 0x06, 0x00, 0x00, 0x00,
    0x11, 0x00, 0x00, 0x00, 0x53, 0x06, 0x00, 0x00, 0x3d, 0x00, 0x04, 0x00, 0x09, 0x00, 0x00, 0x00,
    0x55, 0x06, 0x00, 0x00, 0x54, 0x06, 0x00, 0x00, 0xc7, 0x00, 0x05, 0x00, 0x09, 0x00, 0x00, 0x00,
    0x56, 0x06, 0x00, 0x00, 0x52, 0x06, 0x00, 0x00, 0x12, 0x00, 0x00, 0x00, 0xab, 0x00, 0x05, 0x00,
    0x15, 0x00, 0x00, 0x00, 0x57, 0x06, 0x00, 0x00, 0x56, 0x06, 0x00, 0x00, 0x0e, 0x00, 0x00, 0x00,
    0xf7, 0x00, 0x03, 0x00, 0x58, 0x06, 0x00, 0x00, 0x00, 0x00, 0x00, 0x00, 0xfa, 0x00, 0x04, 0x00,
    0x57, 0x06, 0x00, 0x00, 0x59, 0x06, 0x00, 0x00, 0x5a, 0x06, 0x00, 0x00, 0xf8, 0x00, 0x02, 0x00,
    0x5a, 0x06, 0x00, 0x00, 0xc7, 0x00, 0x05, 0x00, 0x09, 0x00, 0x00, 0x00, 0x5b, 0x06, 0x00, 0x00,
    0x55, 0x06, 0x00, 0x00, 0x30, 0x00, 0x00, 0x00, 0xf9, 0x00, 0x02, 0x00, 0x58, 0x06, 0x00, 0x00,
    0xf8, 0x00, 0x02, 0x00, 0x59, 0x06, 0x00, 0x00, 0xc2, 0x00, 0x05, 0x00, 0x09, 0x00, 0x00, 0x00,
    0x5c, 0x06, 0x00, 0x00, 0x55, 0x06, 0x00, 0x00, 0x0a, 0x00, 0x00, 0x00, 0xf9, 0x00, 0x02, 0x00,
    0x58, 0x06, 0x00, 0x00, 0xf8, 0x00, 0x02, 0x00, 0x58, 0x06, 0x00, 0x00, 0xf5, 0x00, 0x07, 0x00,
    0x09, 0x00, 0x00, 0x00, 0x5d, 0x06, 0x00, 0x00, 0x5c, 0x06, 0x00, 0x00, 0x59, 0x06, 0x00, 0x00,
    0x5b, 0x06, 0x00, 0x00, 0x5a, 0x06, 0x00, 0x00, 0xc2, 0x00, 0x05, 0x00, 0x09, 0x00, 0x00, 0x00,
    0x5e, 0x06, 0x00, 0x00, 0x5d, 0x06, 0x00, 0x00, 0x2a, 0x00, 0x00, 0x00, 0xaa, 0x00, 0x05, 0x00,
    0x15, 0x00, 0x00, 0x00, 0x5f, 0x06, 0x00, 0x00, 0x5e, 0x06, 0x00, 0x00, 0x0e, 0x00, 0x00, 0x00,
    0xf7, 0x00, 0x03, 0x00, 0x60, 0x06, 0x00, 0x00, 0x00, 0x00, 0x00, 0x00, 0xfa, 0x00, 0x04, 0x00,
    0x5f, 0x06, 0x00, 0x00, 0x61, 0x06, 0x00, 0x00, 0x60, 0x06, 0x00, 0x00, 0xf8, 0x00, 0x02, 0x00,
    0x61, 0x06, 0x00, 0x00, 0xc7, 0x00, 0x05, 0x00, 0x09, 0x00, 0x00, 0x00, 0x62, 0x06, 0x00, 0x00,
    0x5d, 0x06, 0x00, 0x00, 0x2a, 0x00, 0x00, 0x00, 0xaa, 0x00, 0x05, 0x00, 0x15, 0x00, 0x00, 0x00,
    0x63, 0x06, 0x00, 0x00, 0x62, 0x06, 0x00, 0x00, 0x0e, 0x00, 0x00, 0x00, 0xf9, 0x00, 0x02, 0x00,
    0x60, 0x06, 0x00, 0x00, 0xf8, 0x00, 0x02, 0x00, 0x60, 0x06, 0x00, 0x00, 0xf5, 0x00, 0x07, 0x00,
    0x15, 0x00, 0x00, 0x00, 0x64, 0x06, 0x00, 0x00, 0x20, 0x00, 0x00, 0x00, 0x58, 0x06, 0x00, 0x00,
    0x63, 0x06, 0x00, 0x00, 0x61, 0x06, 0x00, 0x00, 0xf7, 0x00, 0x03, 0x00, 0x65, 0x06, 0x00, 0x00,
    0x00, 0x00, 0x00, 0x00, 0xfa, 0x00, 0x04, 0x00, 0x64, 0x06, 0x00, 0x00, 0x66, 0x06, 0x00, 0x00,
    0x65, 0x06, 0x00, 0x00, 0xf8, 0x00, 0x02, 0x00, 0x66, 0x06, 0x00, 0x00, 0xf9, 0x00, 0x02, 0x00,
    0x91, 0x05, 0x00, 0x00, 0xf8, 0x00, 0x02, 0x00, 0x65, 0x06, 0x00, 0x00, 0xc7, 0x00, 0x05, 0x00,
    0x09, 0x00, 0x00, 0x00, 0x67, 0x06, 0x00, 0x00, 0x5d, 0x06, 0x00, 0x00, 0x2b, 0x00, 0x00, 0x00,
    0xf9, 0x00, 0x02, 0x00, 0x91, 0x05, 0x00, 0x00, 0xf8, 0x00, 0x02, 0x00, 0x91, 0x05, 0x00, 0x00,
    0xf5, 0x00, 0x0f, 0x00, 0x09, 0x00, 0x00, 0x00, 0x68, 0x06, 0x00, 0x00, 0x0e, 0x00, 0x00, 0x00,
    0x9d, 0x05, 0x00, 0x00, 0x0e, 0x00, 0x00, 0x00, 0x13, 0x06, 0x00, 0x00, 0x14, 0x06, 0x00, 0x00,
    0x12, 0x06, 0x00, 0x00, 0x0e, 0x00, 0x00, 0x00, 0x30, 0x06, 0x00, 0x00, 0x0e, 0x00, 0x00, 0x00,
    0x66, 0x06, 0x00, 0x00, 0x67, 0x06, 0x00, 0x00, 0x65, 0x06, 0x00, 0x00, 0xf5, 0x00, 0x0f, 0x00,
    0x15, 0x00, 0x00, 0x00, 0x69, 0x06, 0x00, 0x00, 0x16, 0x00, 0x00, 0x00, 0x9d, 0x05, 0x00, 0x00,
    0x16, 0x00, 0x00, 0x00, 0x13, 0x06, 0x00, 0x00, 0x20, 0x00, 0x00, 0x00, 0x12, 0x06, 0x00, 0x00,
    0x16, 0x00, 0x00, 0x00, 0x30, 0x06, 0x00, 0x00, 0x16, 0x00, 0x00, 0x00, 0x66, 0x06, 0x00, 0x00,
    0x20, 0x00, 0x00, 0x00, 0x65, 0x06, 0x00, 0x00, 0xf7, 0x00, 0x03, 0x00, 0x6a, 0x06, 0x00, 0x00,
    0x00, 0x00, 0x00, 0x00, 0xfa, 0x00, 0x04, 0x00, 0x69, 0x06, 0x00, 0x00, 0x6b, 0x06, 0x00, 0x00,
    0x6a, 0x06, 0x00, 0x00, 0xf8, 0x00, 0x02, 0x00, 0x6b, 0x06, 0x00, 0x00, 0xf9, 0x00, 0x02, 0x00,
    0x8f, 0x05, 0x00, 0x00, 0xf8, 0x00, 0x02, 0x00, 0x6a, 0x06, 0x00, 0x00, 0xf7, 0x00, 0x03, 0x00,
    0x6c, 0x06, 0x00, 0x00, 0x00, 0x00, 0x00, 0x00, 0xfb, 0x00, 0x03, 0x00, 0x0e, 0x00, 0x00, 0x00,
    0x6d, 0x06, 0x00, 0x00, 0xf8, 0x00, 0x02, 0x00, 0x6d, 0x06, 0x00, 0x00, 0x3d, 0x00, 0x04, 0x00,
    0x09, 0x00, 0x00, 0x00, 0x6e, 0x06, 0x00, 0x00, 0x93, 0x05, 0x00, 0x00, 0xc2, 0x00, 0x05, 0x00,
    0x09, 0x00, 0x00, 0x00, 0x6f, 0x06, 0x00, 0x00, 0x6e, 0x06, 0x00, 0x00, 0x0a, 0x00, 0x00, 0x00,
    0x3d, 0x00, 0x04, 0x00, 0x09, 0x00, 0x00, 0x00, 0x70, 0x06, 0x00, 0x00, 0x96, 0x05, 0x00, 0x00,
    0xc2, 0x00, 0x05, 0x00, 0x09, 0x00, 0x00, 0x00, 0x71, 0x06, 0x00, 0x00, 0x70, 0x06, 0x00, 0x00,
    0x0a, 0x00, 0x00, 0x00, 0x3d, 0x00, 0x04, 0x00, 0x09, 0x00, 0x00, 0x00, 0x72, 0x06, 0x00, 0x00,
    0x96, 0x05, 0x00, 0x00, 0xc7, 0x00, 0x05, 0x00, 0x09, 0x00, 0x00, 0x00, 0x73, 0x06, 0x00, 0x00,
    0x71, 0x06, 0x00, 0x00, 0x24, 0x00, 0x00, 0x00, 0xab, 0x00, 0x05, 0x00, 0x15, 0x00, 0x00, 0x00,
    0x74, 0x06, 0x00, 0x00, 0x73, 0x06, 0x00, 0x00, 0x0e, 0x00, 0x00, 0x00, 0xf7, 0x00, 0x03, 0x00,
    0x75, 0x06, 0x00, 0x00, 0x00, 0x00, 0x00, 0x00, 0xfa, 0x00, 0x04, 0x00, 0x74, 0x06, 0x00, 0x00,
    0x76, 0x06, 0x00, 0x00, 0x75, 0x06, 0x00, 0x00, 0xf8, 0x00, 0x02, 0x00, 0x76, 0x06, 0x00, 0x00,
    0xf9, 0x00, 0x02, 0x00, 0x6c, 0x06, 0x00, 0x00, 0xf8, 0x00, 0x02, 0x00, 0x75, 0x06, 0x00, 0x00,
    0xc7, 0x00, 0x05, 0x00, 0x09, 0x00, 0x00, 0x00, 0x77, 0x06, 0x00, 0x00, 0x72, 0x06, 0x00, 0x00,
    0x25, 0x00, 0x00, 0x00, 0xab, 0x00, 0x05, 0x00, 0x15, 0x00, 0x00, 0x00, 0x78, 0x06, 0x00, 0x00,
    0x77, 0x06, 0x00, 0x00, 0x0e, 0x00, 0x00, 0x00, 0xf7, 0x00, 0x03, 0x00, 0x79, 0x06, 0x00, 0x00,
    0x00, 0x00, 0x00, 0x00, 0xfa, 0x00, 0x04, 0x00, 0x78, 0x06, 0x00, 0x00, 0x7a, 0x06, 0x00, 0x00,
    0x79, 0x06, 0x00, 0x00, 0xf8, 0x00, 0x02, 0x00, 0x7a, 0x06, 0x00, 0x00, 0xf9, 0x00, 0x02, 0x00,
    0x6c, 0x06, 0x00, 0x00, 0xf8, 0x00, 0x02, 0x00, 0x79, 0x06, 0x00, 0x00, 0x7c, 0x00, 0x04, 0x00,
    0x09, 0x00, 0x00, 0x00, 0x7b, 0x06, 0x00, 0x00, 0x8d, 0x05, 0x00, 0x00, 0x84, 0x00, 0x05, 0x00,
    0x09, 0x00, 0x00, 0x00, 0x7c, 0x06, 0x00, 0x00, 0x7b, 0x06, 0x00, 0x00, 0x21, 0x00, 0x00, 0x00,
    0x80, 0x00, 0x05, 0x00, 0x09, 0x00, 0x00, 0x00, 0x7d, 0x06, 0x00, 0x00, 0x25, 0x00, 0x00, 0x00,
    0x7c, 0x06, 0x00, 0x00, 0xc3, 0x00, 0x05, 0x00, 0x0c, 0x00, 0x00, 0x00, 0x7e, 0x06, 0x00, 0x00,
    0x8e, 0x05, 0x00, 0x00, 0x2d, 0x00, 0x00, 0x00, 0x7c, 0x00, 0x04, 0x00, 0x09, 0x00, 0x00, 0x00,
    0x7f, 0x06, 0x00, 0x00, 0x7e, 0x06, 0x00, 0x00, 0x80, 0x00, 0x05, 0x00, 0x09, 0x00, 0x00, 0x00,
    0x80, 0x06, 0x00, 0x00, 0x7d, 0x06, 0x00, 0x00, 0x7f, 0x06, 0x00, 0x00, 0x82, 0x00, 0x05, 0x00,
    0x09, 0x00, 0x00, 0x00, 0x81, 0x06, 0x00, 0x00, 0x80, 0x06, 0x00, 0x00, 0x29, 0x00, 0x00, 0x00,
    0xc2, 0x00, 0x05, 0x00, 0x09, 0x00, 0x00, 0x00, 0x82, 0x06, 0x00, 0x00, 0x81, 0x06, 0x00, 0x00,
    0x12, 0x00, 0x00, 0x00, 0x80, 0x00, 0x05, 0x00, 0x09, 0x00, 0x00, 0x00, 0x83, 0x06, 0x00, 0x00,
    0x0b, 0x00, 0x00, 0x00, 0x82, 0x06, 0x00, 0x00, 0x41, 0x00, 0x06, 0x00, 0x38, 0x00, 0x00, 0x00,
    0x84, 0x06, 0x00, 0x00, 0x07, 0x00, 0x00, 0x00, 0x11, 0x00, 0x00, 0x00, 0x83, 0x06, 0x00, 0x00,
    0x3d, 0x00, 0x04, 0x00, 0x09, 0x00, 0x00, 0x00, 0x85, 0x06, 0x00, 0x00, 0x84, 0x06, 0x00, 0x00,
    0xc7, 0x00, 0x05, 0x00, 0x09, 0x00, 0x00, 0x00, 0x86, 0x06, 0x00, 0x00, 0x80, 0x06, 0x00, 0x00,
    0x12, 0x00, 0x00, 0x00, 0xab, 0x00, 0x05, 0x00, 0x15, 0x00, 0x00, 0x00, 0x87, 0x06, 0x00, 0x00,
    0x86, 0x06, 0x00, 0x00, 0x0e, 0x00, 0x00, 0x00, 0xf7, 0x00, 0x03, 0x00, 0x88, 0x06, 0x00, 0x00,
    0x00, 0x00, 0x00, 0x00, 0xfa, 0x00, 0x04, 0x00, 0x87, 0x06, 0x00, 0x00, 0x89, 0x06, 0x00, 0x00,
    0x8a, 0x06, 0x00, 0x00, 0xf8, 0x00, 0x02, 0x00, 0x8a, 0x06, 0x00, 0x00, 0xc7, 0x00, 0x05, 0x00,
    0x09, 0x00, 0x00, 0x00, 0x8b, 0x06, 0x00, 0x00, 0x85, 0x06, 0x00, 0x00, 0x30, 0x00, 0x00, 0x00,
    0xf9, 0x00, 0x02, 0x00, 0x88, 0x06, 0x00, 0x00, 0xf8, 0x00, 0x02, 0x00, 0x89, 0x06, 0x00, 0x00,
    0xc2, 0x00, 0x05, 0x00, 0x09, 0x00, 0x00, 0x00, 0x8c, 0x06, 0x00, 0x00, 0x85, 0x06, 0x00, 0x00,
    0x0a, 0x00, 0x00, 0x00, 0xf9, 0x00, 0x02, 0x00, 0x88, 0x06, 0x00, 0x00, 0xf8, 0x00, 0x02, 0x00,
    0x88, 0x06, 0x00, 0x00, 0xf5, 0x00, 0x07, 0x00, 0x09, 0x00, 0x00, 0x00, 0x8d, 0x06, 0x00, 0x00,
    0x8c, 0x06, 0x00, 0x00, 0x89, 0x06, 0x00, 0x00, 0x8b, 0x06, 0x00, 0x00, 0x8a, 0x06, 0x00, 0x00,
    0xc8, 0x00, 0x04, 0x00, 0x09, 0x00, 0x00, 0x00, 0x8e, 0x06, 0x00, 0x00, 0x8d, 0x06, 0x00, 0x00,
    0xc3, 0x00, 0x05, 0x00, 0x0c, 0x00, 0x00, 0x00, 0x8f, 0x06, 0x00, 0x00, 0x8e, 0x05, 0x00, 0x00,
    0x2e, 0x00, 0x00, 0x00, 0xc7, 0x00, 0x05, 0x00, 0x0c, 0x00, 0x00, 0x00, 0x90, 0x06, 0x00, 0x00,
    0x8f, 0x06, 0x00, 0x00, 0x2f, 0x00, 0x00, 0x00, 0x7c, 0x00, 0x04, 0x00, 0x09, 0x00, 0x00, 0x00,
    0x91, 0x06, 0x00, 0x00, 0x90, 0x06, 0x00, 0x00, 0xc7, 0x00, 0x05, 0x00, 0x09, 0x00, 0x00, 0x00,
    0x92, 0x06, 0x00, 0x00, 0x91, 0x06, 0x00, 0x00, 0x1d, 0x00, 0x00, 0x00, 0xc2, 0x00, 0x05, 0x00,
    0x09, 0x00, 0x00, 0x00, 0x93, 0x06, 0x00, 0x00, 0x24, 0x00, 0x00, 0x00, 0x92, 0x06, 0x00, 0x00,
    0xc7, 0x00, 0x05, 0x00, 0x09, 0x00, 0x00, 0x00, 0x94, 0x06, 0x00, 0x00, 0x8e, 0x06, 0x00, 0x00,
    0x93, 0x06, 0x00, 0x00, 0xab, 0x00, 0x05, 0x00, 0x15, 0x00, 0x00, 0x00, 0x95, 0x06, 0x00, 0x00,
    0x94, 0x06, 0x00, 0x00, 0x0e, 0x00, 0x00, 0x00, 0xf7, 0x00, 0x03, 0x00, 0x96, 0x06, 0x00, 0x00,
    0x00, 0x00, 0x00, 0x00, 0xfa, 0x00, 0x04, 0x00, 0x95, 0x06, 0x00, 0x00, 0x97, 0x06, 0x00, 0x00,
    0x96, 0x06, 0x00, 0x00, 0xf8, 0x00, 0x02, 0x00, 0x97, 0x06, 0x00, 0x00, 0xf9, 0x00, 0x02, 0x00,
    0x6c, 0x06, 0x00, 0x00, 0xf8, 0x00, 0x02, 0x00, 0x96, 0x06, 0x00, 0x00, 0xc7, 0x00, 0x05, 0x00,
    0x09, 0x00, 0x00, 0x00, 0x98, 0x06, 0x00, 0x00, 0x6f, 0x06, 0x00, 0x00, 0x24, 0x00, 0x00, 0x00,
    0xab, 0x00, 0x05, 0x00, 0x15, 0x00, 0x00, 0x00, 0x99, 0x06, 0x00, 0x00, 0x98, 0x06, 0x00, 0x00,
    0x0e, 0x00, 0x00, 0x00, 0xf7, 0x00, 0x03, 0x00, 0x9a, 0x06, 0x00, 0x00, 0x00, 0x00, 0x00, 0x00,
    0xfa, 0x00, 0x04, 0x00, 0x99, 0x06, 0x00, 0x00, 0x9b, 0x06, 0x00, 0x00, 0x9c, 0x06, 0x00, 0x00,
    0xf8, 0x00, 0x02, 0x00, 0x9c, 0x06, 0x00, 0x00, 0x82, 0x00, 0x05, 0x00, 0x09, 0x00, 0x00, 0x00,
    0x9d, 0x06, 0x00, 0x00, 0x0e, 0x00, 0x00, 0x00, 0x6f, 0x06, 0x00, 0x00, 0xc7, 0x00, 0x05, 0x00,
    0x09, 0x00, 0x00, 0x00, 0x9e, 0x06, 0x00, 0x00, 0x9d, 0x06, 0x00, 0x00, 0x27, 0x00, 0x00, 0x00,
    0x7c, 0x00, 0x04, 0x00, 0x0c, 0x00, 0x00, 0x00, 0x9f, 0x06, 0x00, 0x00, 0x9e, 0x06, 0x00, 0x00,
    0xf9, 0x00, 0x02, 0x00, 0x9a, 0x06, 0x00, 0x00, 0xf8, 0x00, 0x02, 0x00, 0x9b, 0x06, 0x00, 0x00,
    0x80, 0x00, 0x05, 0x00, 0x09, 0x00, 0x00, 0x00, 0xa0, 0x06, 0x00, 0x00, 0x7b, 0x06, 0x00, 0x00,
    0x28, 0x00, 0x00, 0x00, 0xc2, 0x00, 0x05, 0x00, 0x09, 0x00, 0x00, 0x00, 0xa1, 0x06, 0x00, 0x00,
    0xa0, 0x06, 0x00, 0x00, 0x12, 0x00, 0x00, 0x00, 0x80, 0x00, 0x05, 0x00, 0x09, 0x00, 0x00, 0x00,
    0xa2, 0x06, 0x00, 0x00, 0x0b, 0x00, 0x00, 0x00, 0xa1, 0x06, 0x00, 0x00, 0x41, 0x00, 0x06, 0x00,
    0x38, 0x00, 0x00, 0x00, 0xa3, 0x06, 0x00, 0x00, 0x07, 0x00, 0x00, 0x00, 0x11, 0x00, 0x00, 0x00,
    0xa2, 0x06, 0x00, 0x00, 0x3d, 0x00, 0x04, 0x00, 0x09, 0x00, 0x00, 0x00, 0xa4, 0x06, 0x00, 0x00,
    0xa3, 0x06, 0x00, 0x00, 0xc7, 0x00, 0x05, 0x00, 0x09, 0x00, 0x00, 0x00, 0xa5, 0x06, 0x00, 0x00,
    0x7b, 0x06, 0x00, 0x00, 0x12, 0x00, 0x00, 0x00, 0xab, 0x00, 0x05, 0x00, 0x15, 0x00, 0x00, 0x00,
    0xa6, 0x06, 0x00, 0x00, 0xa5, 0x06, 0x00, 0x00, 0x0e, 0x00, 0x00, 0x00, 0xf7, 0x00, 0x03, 0x00,
    0xa7, 0x06, 0x00, 0x00, 0x00, 0x00, 0x00, 0x00, 0xfa, 0x00, 0x04, 0x00, 0xa6, 0x06, 0x00, 0x00,
    0xa8, 0x06, 0x00, 0x00, 0xa9, 0x06, 0x00, 0x00, 0xf8, 0x00, 0x02, 0x00, 0xa9, 0x06, 0x00, 0x00,
    0xc7, 0x00, 0x05, 0x00, 0x09, 0x00, 0x00, 0x00, 0xaa, 0x06, 0x00, 0x00, 0xa4, 0x06, 0x00, 0x00,
    0x30, 0x00, 0x00, 0x00, 0xf9, 0x00, 0x02, 0x00, 0xa7, 0x06, 0x00, 0x00, 0xf8, 0x00, 0x02, 0x00,
    0xa8, 0x06, 0x00, 0x00, 0xc2, 0x00, 0x05, 0x00, 0x09, 0x00, 0x00, 0x00, 0xab, 0x06, 0x00, 0x00,
    0xa4, 0x06, 0x00, 0x00, 0x0a, 0x00, 0x00, 0x00, 0xf9, 0x00, 0x02, 0x00, 0xa7, 0x06, 0x00, 0x00,
    0xf8, 0x00, 0x02, 0x00, 0xa7, 0x06, 0x00, 0x00, 0xf5, 0x00, 0x07, 0x00, 0x09, 0x00, 0x00, 0x00,
    0xac, 0x06, 0x00, 0x00, 0xab, 0x06, 0x00, 0x00, 0xa8, 0x06, 0x00, 0x00, 0xaa, 0x06, 0x00, 0x00,
    0xa9, 0x06, 0x00, 0x00, 0x82, 0x00, 0x05, 0x00, 0x09, 0x00, 0x00, 0x00, 0xad, 0x06, 0x00, 0x00,
    0x0e, 0x00, 0x00, 0x00, 0xac, 0x06, 0x00, 0x00, 0xc7, 0x00, 0x05, 0x00, 0x09, 0x00, 0x00, 0x00,
    0xae, 0x06, 0x00, 0x00, 0xad, 0x06, 0x00, 0x00, 0x27, 0x00, 0x00, 0x00, 0x7c, 0x00, 0x04, 0x00,
    0x0c, 0x00, 0x00, 0x00, 0xaf, 0x06, 0x00, 0x00, 0xae, 0x06, 0x00, 0x00, 0xf9, 0x00, 0x02, 0x00,
    0x9a, 0x06, 0x00, 0x00, 0xf8, 0x00, 0x02, 0x00, 0x9a, 0x06, 0x00, 0x00, 0xf5, 0x00, 0x07, 0x00,
    0x0c, 0x00, 0x00, 0x00, 0xb0, 0x06, 0x00, 0x00, 0xaf, 0x06, 0x00, 0x00, 0xa7, 0x06, 0x00, 0x00,
    0x9f, 0x06, 0x00, 0x00, 0x9c, 0x06, 0x00, 0x00, 0x80, 0x00, 0x05, 0x00, 0x0c, 0x00, 0x00, 0x00,
    0xb1, 0x06, 0x00, 0x00, 0x8e, 0x05, 0x00, 0x00, 0xb0, 0x06, 0x00, 0x00, 0xc7, 0x00, 0x05, 0x00,
    0x09, 0x00, 0x00, 0x00, 0xb2, 0x06, 0x00, 0x00, 0x71, 0x06, 0x00, 0x00, 0x27, 0x00, 0x00, 0x00,
    0x7c, 0x00, 0x04, 0x00, 0x0c, 0x00, 0x00, 0x00, 0xb3, 0x06, 0x00, 0x00, 0xb2, 0x06, 0x00, 0x00,
    0x80, 0x00, 0x05, 0x00, 0x0c, 0x00, 0x00, 0x00, 0xb4, 0x06, 0x00, 0x00, 0xb3, 0x06, 0x00, 0x00,
    0x8d, 0x05, 0x00, 0x00, 0xc7, 0x00, 0x05, 0x00, 0x0c, 0x00, 0x00, 0x00, 0xb5, 0x06, 0x00, 0x00,
    0xb4, 0x06, 0x00, 0x00, 0x32, 0x00, 0x00, 0x00, 0x7c, 0x00, 0x04, 0x00, 0x09, 0x00, 0x00, 0x00,
    0xb6, 0x06, 0x00, 0x00, 0xb5, 0x06, 0x00, 0x00, 0x84, 0x00, 0x05, 0x00, 0x09, 0x00, 0x00, 0x00,
    0xb7, 0x06, 0x00, 0x00, 0xb6, 0x06, 0x00, 0x00, 0x28, 0x00, 0x00, 0x00, 0x80, 0x00, 0x05, 0x00,
    0x09, 0x00, 0x00, 0x00, 0xb8, 0x06, 0x00, 0x00, 0x31, 0x00, 0x00, 0x00, 0xb7, 0x06, 0x00, 0x00,
    0xc7, 0x00, 0x05, 0x00, 0x0c, 0x00, 0x00, 0x00, 0xb9, 0x06, 0x00, 0x00, 0xb1, 0x06, 0x00, 0x00,
    0x32, 0x00, 0x00, 0x00, 0x7c, 0x00, 0x04, 0x00, 0x09, 0x00, 0x00, 0x00, 0xba, 0x06, 0x00, 0x00,
    0xb9, 0x06, 0x00, 0x00, 0x80, 0x00, 0x05, 0x00, 0x09, 0x00, 0x00, 0x00, 0xbb, 0x06, 0x00, 0x00,
    0xb8, 0x06, 0x00, 0x00, 0xba, 0x06, 0x00, 0x00, 0xc2, 0x00, 0x05, 0x00, 0x09, 0x00, 0x00, 0x00,
    0xbc, 0x06, 0x00, 0x00, 0xbb, 0x06, 0x00, 0x00, 0x12, 0x00, 0x00, 0x00, 0x41, 0x00, 0x06, 0x00,
    0x38, 0x00, 0x00, 0x00, 0xbd, 0x06, 0x00, 0x00, 0x06, 0x00, 0x00, 0x00, 0x11, 0x00, 0x00, 0x00,
    0xbc, 0x06, 0x00, 0x00, 0x3d, 0x00, 0x04, 0x00, 0x09, 0x00, 0x00, 0x00, 0xbe, 0x06, 0x00, 0x00,
    0xbd, 0x06, 0x00, 0x00, 0xc7, 0x00, 0x05, 0x00, 0x09, 0x00, 0x00, 0x00, 0xbf, 0x06, 0x00, 0x00,
    0xbb, 0x06, 0x00, 0x00, 0x12, 0x00, 0x00, 0x00, 0xab, 0x00, 0x05, 0x00, 0x15, 0x00, 0x00, 0x00,
    0xc0, 0x06, 0x00, 0x00, 0xbf, 0x06, 0x00, 0x00, 0x0e, 0x00, 0x00, 0x00, 0xf7, 0x00, 0x03, 0x00,
    0xc1, 0x06, 0x00, 0x00, 0x00, 0x00, 0x00, 0x00, 0xfa, 0x00, 0x04, 0x00, 0xc0, 0x06, 0x00, 0x00,
    0xc2, 0x06, 0x00, 0x00, 0xc3, 0x06, 0x00, 0x00, 0xf8, 0x00, 0x02, 0x00, 0xc3, 0x06, 0x00, 0x00,
    0xc7, 0x00, 0x05, 0x00, 0x09, 0x00, 0x00, 0x00, 0xc4, 0x06, 0x00, 0x00, 0xbe, 0x06, 0x00, 0x00,
    0x30, 0x00, 0x00, 0x00, 0xf9, 0x00, 0x02, 0x00, 0xc1, 0x06, 0x00, 0x00, 0xf8, 0x00, 0x02, 0x00,
    0xc2, 0x06, 0x00, 0x00, 0xc2, 0x00, 0x05, 0x00, 0x09, 0x00, 0x00, 0x00, 0xc5, 0x06, 0x00, 0x00,
    0xbe, 0x06, 0x00, 0x00, 0x0a, 0x00, 0x00, 0x00, 0xf9, 0x00, 0x02, 0x00, 0xc1, 0x06, 0x00, 0x00,
    0xf8, 0x00, 0x02, 0x00, 0xc1, 0x06, 0x00, 0x00, 0xf5, 0x00, 0x07, 0x00, 0x09, 0x00, 0x00, 0x00,
    0xc6, 0x06, 0x00, 0x00, 0xc5, 0x06, 0x00, 0x00, 0xc2, 0x06, 0x00, 0x00, 0xc4, 0x06, 0x00, 0x00,
    0xc3, 0x06, 0x00, 0x00, 0xc2, 0x00, 0x05, 0x00, 0x09, 0x00, 0x00, 0x00, 0xc7, 0x06, 0x00, 0x00,
    0xc6, 0x06, 0x00, 0x00, 0x2a, 0x00, 0x00, 0x00, 0xaa, 0x00, 0x05, 0x00, 0x15, 0x00, 0x00, 0x00,
    0xc8, 0x06, 0x00, 0x00, 0xc7, 0x06, 0x00, 0x00, 0x0e, 0x00, 0x00, 0x00, 0xf7, 0x00, 0x03, 0x00,
    0xc9, 0x06, 0x00, 0x00, 0x00, 0x00, 0x00, 0x00, 0xfa, 0x00, 0x04, 0x00, 0xc8, 0x06, 0x00, 0x00,
    0xca, 0x06, 0x00, 0x00, 0xc9, 0x06, 0x00, 0x00, 0xf8, 0x00, 0x02, 0x00, 0xca, 0x06, 0x00, 0x00,
    0xc7, 0x00, 0x05, 0x00, 0x09, 0x00, 0x00, 0x00, 0xcb, 0x06, 0x00, 0x00, 0xc6, 0x06, 0x00, 0x00,
    0x2a, 0x00, 0x00, 0x00, 0xaa, 0x00, 0x05, 0x00, 0x15, 0x00, 0x00, 0x00, 0xcc, 0x06, 0x00, 0x00,
    0xcb, 0x06, 0x00, 0x00, 0x0e, 0x00, 0x00, 0x00, 0xf9, 0x00, 0x02, 0x00, 0xc9, 0x06, 0x00, 0x00,
    0xf8, 0x00, 0x02, 0x00, 0xc9, 0x06, 0x00, 0x00, 0xf5, 0x00, 0x07, 0x00, 0x15, 0x00, 0x00, 0x00,
    0xcd, 0x06, 0x00, 0x00, 0x20, 0x00, 0x00, 0x00, 0xc1, 0x06, 0x00, 0x00, 0xcc, 0x06, 0x00, 0x00,
    0xca, 0x06, 0x00, 0x00, 0xf7, 0x00, 0x03, 0x00, 0xce, 0x06, 0x00, 0x00, 0x00, 0x00, 0x00, 0x00,
    0xfa, 0x00, 0x04, 0x00, 0xcd, 0x06, 0x00, 0x00, 0xcf, 0x06, 0x00, 0x00, 0xce, 0x06, 0x00, 0x00,
    0xf8, 0x00, 0x02, 0x00, 0xcf, 0x06, 0x00, 0x00, 0xf9, 0x00, 0x02, 0x00, 0x6c, 0x06, 0x00, 0x00,
    0xf8, 0x00, 0x02, 0x00, 0xce, 0x06, 0x00, 0x00, 0xc7, 0x00, 0x05, 0x00, 0x09, 0x00, 0x00, 0x00,
    0xd0, 0x06, 0x00, 0x00, 0xc6, 0x06, 0x00, 0x00, 0x2b, 0x00, 0x00, 0x00, 0xf9, 0x00, 0x02, 0x00,
    0x6c, 0x06, 0x00, 0x00, 0xf8, 0x00, 0x02, 0x00, 0x6c, 0x06, 0x00, 0x00, 0xf5, 0x00, 0x0d, 0x00,
    0x09, 0x00, 0x00, 0x00, 0xd1, 0x06, 0x00, 0x00, 0x0e, 0x00, 0x00, 0x00, 0x76, 0x06, 0x00, 0x00,
    0x0e, 0x00, 0x00, 0x00, 0x7a, 0x06, 0x00, 0x00, 0x0e, 0x00, 0x00, 0x00, 0x97, 0x06, 0x00, 0x00,
    0x0e, 0x00, 0x00, 0x00, 0xcf, 0x06, 0x00, 0x00, 0xd0, 0x06, 0x00, 0x00, 0xce, 0x06, 0x00, 0x00,
    0xf5, 0x00, 0x0d, 0x00, 0x15, 0x00, 0x00, 0x00, 0xd2, 0x06, 0x00, 0x00, 0x16, 0x00, 0x00, 0x00,
    0x76, 0x06, 0x00, 0x00, 0x16, 0x00, 0x00, 0x00, 0x7a, 0x06, 0x00, 0x00, 0x16, 0x00, 0x00, 0x00,
    0x97, 0x06, 0x00, 0x00, 0x16, 0x00, 0x00, 0x00, 0xcf, 0x06, 0x00, 0x00, 0x20, 0x00, 0x00, 0x00,
    0xce, 0x06, 0x00, 0x00, 0xf7, 0x00, 0x03, 0x00, 0xd3, 0x06, 0x00, 0x00, 0x00, 0x00, 0x00, 0x00,
    0xfa, 0x00, 0x04, 0x00, 0xd2, 0x06, 0x00, 0x00, 0xd4, 0x06, 0x00, 0x00, 0xd3, 0x06, 0x00, 0x00,
    0xf8, 0x00, 0x02, 0x00, 0xd4, 0x06, 0x00, 0x00, 0xf9, 0x00, 0x02, 0x00, 0x8f, 0x05, 0x00, 0x00,
    0xf8, 0x00, 0x02, 0x00, 0xd3, 0x06, 0x00, 0x00, 0xf7, 0x00, 0x03, 0x00, 0xd5, 0x06, 0x00, 0x00,
    0x00, 0x00, 0x00, 0x00, 0xfb, 0x00, 0x03, 0x00, 0x0e, 0x00, 0x00, 0x00, 0xd6, 0x06, 0x00, 0x00,
    0xf8, 0x00, 0x02, 0x00, 0xd6, 0x06, 0x00, 0x00, 0x41, 0x00, 0x06, 0x00, 0x38, 0x00, 0x00, 0x00,
    0xd7, 0x06, 0x00, 0x00, 0x07, 0x00, 0x00, 0x00, 0x11, 0x00, 0x00, 0x00, 0x3c, 0x00, 0x00, 0x00,
    0x3d, 0x00, 0x04, 0x00, 0x09, 0x00, 0x00, 0x00, 0xd8, 0x06, 0x00, 0x00, 0xd7, 0x06, 0x00, 0x00,
    0xc7, 0x00, 0x05, 0x00, 0x09, 0x00, 0x00, 0x00, 0xd9, 0x06, 0x00, 0x00, 0xd8, 0x06, 0x00, 0x00,
    0x30, 0x00, 0x00, 0x00, 0x41, 0x00, 0x06, 0x00, 0x38, 0x00, 0x00, 0x00, 0xda, 0x06, 0x00, 0x00,
    0x07, 0x00, 0x00, 0x00, 0x11, 0x00, 0x00, 0x00, 0x3d, 0x00, 0x00, 0x00, 0x3d, 0x00, 0x04, 0x00,
    0x09, 0x00, 0x00, 0x00, 0xdb, 0x06, 0x00, 0x00, 0xda, 0x06, 0x00, 0x00, 0xc7, 0x00, 0x05, 0x00,
    0x09, 0x00, 0x00, 0x00, 0xdc, 0x06, 0x00, 0x00, 0xdb, 0x06, 0x00, 0x00, 0x30, 0x00, 0x00, 0x00,
    0x3d, 0x00, 0x04, 0x00, 0x09, 0x00, 0x00, 0x00, 0xdd, 0x06, 0x00, 0x00, 0xda, 0x06, 0x00, 0x00,
    0xc7, 0x00, 0x05, 0x00, 0x09, 0x00, 0x00, 0x00, 0xde, 0x06, 0x00, 0x00, 0xdb, 0x06, 0x00, 0x00,
    0x24, 0x00, 0x00, 0x00, 0xab, 0x00, 0x05, 0x00, 0x15, 0x00, 0x00, 0x00, 0xdf, 0x06, 0x00, 0x00,
    0xde, 0x06, 0x00, 0x00, 0x0e, 0x00, 0x00, 0x00, 0xf7, 0x00, 0x03, 0x00, 0xe0, 0x06, 0x00, 0x00,
    0x00, 0x00, 0x00, 0x00, 0xfa, 0x00, 0x04, 0x00, 0xdf, 0x06, 0x00, 0x00, 0xe1, 0x06, 0x00, 0x00,
    0xe0, 0x06, 0x00, 0x00, 0xf8, 0x00, 0x02, 0x00, 0xe1, 0x06, 0x00, 0x00, 0xf9, 0x00, 0x02, 0x00,
    0xd5, 0x06, 0x00, 0x00, 0xf8, 0x00, 0x02, 0x00, 0xe0, 0x06, 0x00, 0x00, 0xc7, 0x00, 0x05, 0x00,
    0x09, 0x00, 0x00, 0x00, 0xe2, 0x06, 0x00, 0x00, 0xdd, 0x06, 0x00, 0x00, 0x25, 0x00, 0x00, 0x00,
    0xab, 0x00, 0x05, 0x00, 0x15, 0x00, 0x00, 0x00, 0xe3, 0x06, 0x00, 0x00, 0xe2, 0x06, 0x00, 0x00,
    0x0e, 0x00, 0x00, 0x00, 0xf7, 0x00, 0x03, 0x00, 0xe4, 0x06, 0x00, 0x00, 0x00, 0x00, 0x00, 0x00,
    0xfa, 0x00, 0x04, 0x00, 0xe3, 0x06, 0x00, 0x00, 0xe5, 0x06, 0x00, 0x00, 0xe4, 0x06, 0x00, 0x00,
    0xf8, 0x00, 0x02, 0x00, 0xe5, 0x06, 0x00, 0x00, 0xc2, 0x00, 0x05, 0x00, 0x09, 0x00, 0x00, 0x00,
    0xe6, 0x06, 0x00, 0x00, 0xe2, 0x06, 0x00, 0x00, 0x26, 0x00, 0x00, 0x00, 0xc7, 0x00, 0x05, 0x00,
    0x09, 0x00, 0x00, 0x00, 0xe7, 0x06, 0x00, 0x00, 0xdb, 0x06, 0x00, 0x00, 0x27, 0x00, 0x00, 0x00,
    0x7c, 0x00, 0x04, 0x00, 0x0c, 0x00, 0x00, 0x00, 0xe8, 0x06, 0x00, 0x00, 0xe7, 0x06, 0x00, 0x00,
    0x82, 0x00, 0x05, 0x00, 0x09, 0x00, 0x00, 0x00, 0xe9, 0x06, 0x00, 0x00, 0x0e, 0x00, 0x00, 0x00,
    0xdc, 0x06, 0x00, 0x00, 0xc7, 0x00, 0x05, 0x00, 0x09, 0x00, 0x00, 0x00, 0xea, 0x06, 0x00, 0x00,
    0xe9, 0x06, 0x00, 0x00, 0x27, 0x00, 0x00, 0x00, 0x7c, 0x00, 0x04, 0x00, 0x0c, 0x00, 0x00, 0x00,
    0xeb, 0x06, 0x00, 0x00, 0xea, 0x06, 0x00, 0x00, 0xc7, 0x00, 0x05, 0x00, 0x09, 0x00, 0x00, 0x00,
    0xec, 0x06, 0x00, 0x00, 0xe9, 0x06, 0x00, 0x00, 0x28, 0x00, 0x00, 0x00, 0xab, 0x00, 0x05, 0x00,
    0x15, 0x00, 0x00, 0x00, 0xed, 0x06, 0x00, 0x00, 0xec, 0x06, 0x00, 0x00, 0x0e, 0x00, 0x00, 0x00,
    0xa9, 0x00, 0x06, 0x00, 0x09, 0x00, 0x00, 0x00, 0xee, 0x06, 0x00, 0x00, 0xed, 0x06, 0x00, 0x00,
    0x0f, 0x00, 0x00, 0x00, 0x3e, 0x00, 0x00, 0x00, 0xc7, 0x00, 0x05, 0x00, 0x09, 0x00, 0x00, 0x00,
    0xef, 0x06, 0x00, 0x00, 0xd8, 0x06, 0x00, 0x00, 0x24, 0x00, 0x00, 0x00, 0xab, 0x00, 0x05, 0x00,
    0x15, 0x00, 0x00, 0x00, 0xf0, 0x06, 0x00, 0x00, 0xef, 0x06, 0x00, 0x00, 0x0e, 0x00, 0x00, 0x00,
    0xf7, 0x00, 0x03, 0x00, 0xf1, 0x06, 0x00, 0x00, 0x00, 0x00, 0x00, 0x00, 0xfa, 0x00, 0x04, 0x00,
    0xf0, 0x06, 0x00, 0x00, 0xf2, 0x06, 0x00, 0x00, 0xf3, 0x06, 0x00, 0x00, 0xf8, 0x00, 0x02, 0x00,
    0xf3, 0x06, 0x00, 0x00, 0xc7, 0x00, 0x05, 0x00, 0x09, 0x00, 0x00, 0x00, 0xf4, 0x06, 0x00, 0x00,
    0xd8, 0x06, 0x00, 0x00, 0x27, 0x00, 0x00, 0x00, 0x7c, 0x00, 0x04, 0x00, 0x0c, 0x00, 0x00, 0x00,
    0xf5, 0x06, 0x00, 0x00, 0xf4, 0x06, 0x00, 0x00, 0x7e, 0x00, 0x04, 0x00, 0x0c, 0x00, 0x00, 0x00,
    0xf6, 0x06, 0x00, 0x00, 0xf5, 0x06, 0x00, 0x00, 0xaa, 0x00, 0x05, 0x00, 0x15, 0x00, 0x00, 0x00,
    0xf7, 0x06, 0x00, 0x00, 0xe6, 0x06, 0x00, 0x00, 0x12, 0x00, 0x00, 0x00, 0xf7, 0x00, 0x03, 0x00,
    0xf8, 0x06, 0x00, 0x00, 0x00, 0x00, 0x00, 0x00, 0xfa, 0x00, 0x04, 0x00, 0xf7, 0x06, 0x00, 0x00,
    0xf9, 0x06, 0x00, 0x00, 0xfa, 0x06, 0x00, 0x00, 0xf8, 0x00, 0x02, 0x00, 0xfa, 0x06, 0x00, 0x00,
    0xc7, 0x00, 0x05, 0x00, 0x09, 0x00, 0x00, 0x00, 0xfb, 0x06, 0x00, 0x00, 0xd8, 0x06, 0x00, 0x00,
    0x28, 0x00, 0x00, 0x00, 0xab, 0x00, 0x05, 0x00, 0x15, 0x00, 0x00, 0x00, 0xfc, 0x06, 0x00, 0x00,
    0xfb, 0x06, 0x00, 0x00, 0x0e, 0x00, 0x00, 0x00, 0xa9, 0x00, 0x06, 0x00, 0x09, 0x00, 0x00, 0x00,
    0xfd, 0x06, 0x00, 0x00, 0xfc, 0x06, 0x00, 0x00, 0x0f, 0x00, 0x00, 0x00, 0x3e, 0x00, 0x00, 0x00,
    0xb1, 0x00, 0x05, 0x00, 0x15, 0x00, 0x00, 0x00, 0xfe, 0x06, 0x00, 0x00, 0x8e, 0x05, 0x00, 0x00,
    0xf5, 0x06, 0x00, 0x00, 0xf7, 0x00, 0x03, 0x00, 0xff, 0x06, 0x00, 0x00, 0x00, 0x00, 0x00, 0x00,
    0xfa, 0x00, 0x04, 0x00, 0xfe, 0x06, 0x00, 0x00, 0x00, 0x07, 0x00, 0x00, 0x01, 0x07, 0x00, 0x00,
    0xf8, 0x00, 0x02, 0x00, 0x01, 0x07, 0x00, 0x00, 0x53, 0x00, 0x04, 0x00, 0x09, 0x00, 0x00, 0x00,
    0x02, 0x07, 0x00, 0x00, 0x3e, 0x00, 0x00, 0x00, 0x53, 0x00, 0x04, 0x00, 0x09, 0x00, 0x00, 0x00,
    0x03, 0x07, 0x00, 0x00, 0x0f, 0x00, 0x00, 0x00, 0xa9, 0x00, 0x06, 0x00, 0x09, 0x00, 0x00, 0x00,
    0x04, 0x07, 0x00, 0x00, 0xfc, 0x06, 0x00, 0x00, 0x3e, 0x00, 0x00, 0x00, 0x0f, 0x00, 0x00, 0x00,
    0xf9, 0x00, 0x02, 0x00, 0xff, 0x06, 0x00, 0x00, 0xf8, 0x00, 0x02, 0x00, 0x00, 0x07, 0x00, 0x00,
    0xf9, 0x00, 0x02, 0x00, 0xff, 0x06, 0x00, 0x00, 0xf8, 0x00, 0x02, 0x00, 0xff, 0x06, 0x00, 0x00,
    0xf5, 0x00, 0x07, 0x00, 0x09, 0x00, 0x00, 0x00, 0x05, 0x07, 0x00, 0x00, 0xfd, 0x06, 0x00, 0x00,
    0x00, 0x07, 0x00, 0x00, 0x04, 0x07, 0x00, 0x00, 0x01, 0x07, 0x00, 0x00, 0xf9, 0x00, 0x02, 0x00,
    0xf8, 0x06, 0x00, 0x00, 0xf8, 0x00, 0x02, 0x00, 0xf9, 0x06, 0x00, 0x00, 0xb1, 0x00, 0x05, 0x00,
    0x15, 0x00, 0x00, 0x00, 0x06, 0x07, 0x00, 0x00, 0x8d, 0x05, 0x00, 0x00, 0xeb, 0x06, 0x00, 0x00,
    0xf7, 0x00, 0x03, 0x00, 0x07, 0x07, 0x00, 0x00, 0x00, 0x00, 0x00, 0x00, 0xfa, 0x00, 0x04, 0x00,
    0x06, 0x07, 0x00, 0x00, 0x08, 0x07, 0x00, 0x00, 0x09, 0x07, 0x00, 0x00, 0xf8, 0x00, 0x02, 0x00,
    0x09, 0x07, 0x00, 0x00, 0x53, 0x00, 0x04, 0x00, 0x09, 0x00, 0x00, 0x00, 0x0a, 0x07, 0x00, 0x00,
    0x3e, 0x00, 0x00, 0x00, 0x53, 0x00, 0x04, 0x00, 0x09, 0x00, 0x00, 0x00, 0x0b, 0x07, 0x00, 0x00,
    0x0f, 0x00, 0x00, 0x00, 0xa9, 0x00, 0x06, 0x00, 0x09, 0x00, 0x00, 0x00, 0x0c, 0x07, 0x00, 0x00,
    0xed, 0x06, 0x00, 0x00, 0x3e, 0x00, 0x00, 0x00, 0x0f, 0x00, 0x00, 0x00, 0xf9, 0x00, 0x02, 0x00,
    0x07, 0x07, 0x00, 0x00, 0xf8, 0x00, 0x02, 0x00, 0x08, 0x07, 0x00, 0x00, 0xf9, 0x00, 0x02, 0x00,
    0x07, 0x07, 0x00, 0x00, 0xf8, 0x00, 0x02, 0x00, 0x07, 0x07, 0x00, 0x00, 0xf5, 0x00, 0x07, 0x00,
    0x09, 0x00, 0x00, 0x00, 0x0d, 0x07, 0x00, 0x00, 0xee, 0x06, 0x00, 0x00, 0x08, 0x07, 0x00, 0x00,
    0x0c, 0x07, 0x00, 0x00, 0x09, 0x07, 0x00, 0x00, 0xf9, 0x00, 0x02, 0x00, 0xf8, 0x06, 0x00, 0x00,
    0xf8, 0x00, 0x02, 0x00, 0xf8, 0x06, 0x00, 0x00, 0xf5, 0x00, 0x07, 0x00, 0x09, 0x00, 0x00, 0x00,
    0x0e, 0x07, 0x00, 0x00, 0x0d, 0x07, 0x00, 0x00, 0x07, 0x07, 0x00, 0x00, 0x05, 0x07, 0x00, 0x00,
    0xff, 0x06, 0x00, 0x00, 0xf9, 0x00, 0x02, 0x00, 0xf1, 0x06, 0x00, 0x00, 0xf8, 0x00, 0x02, 0x00,
    0xf2, 0x06, 0x00, 0x00, 0x7c, 0x00, 0x04, 0x00, 0x09, 0x00, 0x00, 0x00, 0x0f, 0x07, 0x00, 0x00,
    0x8d, 0x05, 0x00, 0x00, 0x80, 0x00, 0x05, 0x00, 0x09, 0x00, 0x00, 0x00, 0x10, 0x07, 0x00, 0x00,
    0x0f, 0x07, 0x00, 0x00, 0x3f, 0x00, 0x00, 0x00, 0xc2, 0x00, 0x05, 0x00, 0x09, 0x00, 0x00, 0x00,
    0x11, 0x07, 0x00, 0x00, 0x10, 0x07, 0x00, 0x00, 0x12, 0x00, 0x00, 0x00, 0x80, 0x00, 0x05, 0x00,
    0x09, 0x00, 0x00, 0x00, 0x12, 0x07, 0x00, 0x00, 0x0b, 0x00, 0x00, 0x00, 0x11, 0x07, 0x00, 0x00,
    0x41, 0x00, 0x06, 0x00, 0x38, 0x00, 0x00, 0x00, 0x13, 0x07, 0x00, 0x00, 0x07, 0x00, 0x00, 0x00,
    0x11, 0x00, 0x00, 0x00, 0x12, 0x07, 0x00, 0x00, 0x3d, 0x00, 0x04, 0x00, 0x09, 0x00, 0x00, 0x00,
    0x14, 0x07, 0x00, 0x00, 0x13, 0x07, 0x00, 0x00, 0xc7, 0x00, 0x05, 0x00, 0x09, 0x00, 0x00, 0x00,
    0x15, 0x07, 0x00, 0x00, 0x0f, 0x07, 0x00, 0x00, 0x12, 0x00, 0x00, 0x00, 0xab, 0x00, 0x05, 0x00,
    0x15, 0x00, 0x00, 0x00, 0x16, 0x07, 0x00, 0x00, 0x15, 0x07, 0x00, 0x00, 0x0e, 0x00, 0x00, 0x00,
    0xf7, 0x00, 0x03, 0x00, 0x17, 0x07, 0x00, 0x00, 0x00, 0x00, 0x00, 0x00, 0xfa, 0x00, 0x04, 0x00,
    0x16, 0x07, 0x00, 0x00, 0x18, 0x07, 0x00, 0x00, 0x19, 0x07, 0x00, 0x00, 0xf8, 0x00, 0x02, 0x00,
    0x19, 0x07, 0x00, 0x00, 0xc7, 0x00, 0x05, 0x00, 0x09, 0x00, 0x00, 0x00, 0x1a, 0x07, 0x00, 0x00,
    0x14, 0x07, 0x00, 0x00, 0x30, 0x00, 0x00, 0x00, 0xf9, 0x00, 0x02, 0x00, 0x17, 0x07, 0x00, 0x00,
    0xf8, 0x00, 0x02, 0x00, 0x18, 0x07, 0x00, 0x00, 0xc2, 0x00, 0x05, 0x00, 0x09, 0x00, 0x00, 0x00,
    0x1b, 0x07, 0x00, 0x00, 0x14, 0x07, 0x00, 0x00, 0x0a, 0x00, 0x00, 0x00, 0xf9, 0x00, 0x02, 0x00,
    0x17, 0x07, 0x00, 0x00, 0xf8, 0x00, 0x02, 0x00, 0x17, 0x07, 0x00, 0x00, 0xf5, 0x00, 0x07, 0x00,
    0x09, 0x00, 0x00, 0x00, 0x1c, 0x07, 0x00, 0x00, 0x1b, 0x07, 0x00, 0x00, 0x18, 0x07, 0x00, 0x00,
    0x1a, 0x07, 0x00, 0x00, 0x19, 0x07, 0x00, 0x00, 0xc7, 0x00, 0x05, 0x00, 0x09, 0x00, 0x00, 0x00,
    0x1d, 0x07, 0x00, 0x00, 0x1c, 0x07, 0x00, 0x00, 0x27, 0x00, 0x00, 0x00, 0x7c, 0x00, 0x04, 0x00,
    0x0c, 0x00, 0x00, 0x00, 0x1e, 0x07, 0x00, 0x00, 0x1d, 0x07, 0x00, 0x00, 0x7e, 0x00, 0x04, 0x00,
    0x0c, 0x00, 0x00, 0x00, 0x1f, 0x07, 0x00, 0x00, 0x1e, 0x07, 0x00, 0x00, 0xaa, 0x00, 0x05, 0x00,
    0x15, 0x00, 0x00, 0x00, 0x20, 0x07, 0x00, 0x00, 0xe6, 0x06, 0x00, 0x00, 0x12, 0x00, 0x00, 0x00,
    0xf7, 0x00, 0x03, 0x00, 0x21, 0x07, 0x00, 0x00, 0x00, 0x00, 0x00, 0x00, 0xfa, 0x00, 0x04, 0x00,
    0x20, 0x07, 0x00, 0x00, 0x22, 0x07, 0x00, 0x00, 0x23, 0x07, 0x00, 0x00, 0xf8, 0x00, 0x02, 0x00,
    0x23, 0x07, 0x00, 0x00, 0xc7, 0x00, 0x05, 0x00, 0x09, 0x00, 0x00, 0x00, 0x24, 0x07, 0x00, 0x00,
    0x1c, 0x07, 0x00, 0x00, 0x28, 0x00, 0x00, 0x00, 0xab, 0x00, 0x05, 0x00, 0x15, 0x00, 0x00, 0x00,
    0x25, 0x07, 0x00, 0x00, 0x24, 0x07, 0x00, 0x00, 0x0e, 0x00, 0x00, 0x00, 0xa9, 0x00, 0x06, 0x00,
    0x09, 0x00, 0x00, 0x00, 0x26, 0x07, 0x00, 0x00, 0x25, 0x07, 0x00, 0x00, 0x0f, 0x00, 0x00, 0x00,
    0x3e, 0x00, 0x00, 0x00, 0x82, 0x00, 0x05, 0x00, 0x0c, 0x00, 0x00, 0x00, 0x27, 0x07, 0x00, 0x00,
    0x1e, 0x07, 0x00, 0x00, 0x14, 0x00, 0x00, 0x00, 0xb3, 0x00, 0x05, 0x00, 0x15, 0x00, 0x00, 0x00,
    0x28, 0x07, 0x00, 0x00, 0x8e, 0x05, 0x00, 0x00, 0x27, 0x07, 0x00, 0x00, 0xf7, 0x00, 0x03, 0x00,
    0x29, 0x07, 0x00, 0x00, 0x00, 0x00, 0x00, 0x00, 0xfa, 0x00, 0x04, 0x00, 0x28, 0x07, 0x00, 0x00,
    0x2a, 0x07, 0x00, 0x00, 0x2b, 0x07, 0x00, 0x00, 0xf8, 0x00, 0x02, 0x00, 0x2b, 0x07, 0x00, 0x00,
    0x53, 0x00, 0x04, 0x00, 0x09, 0x00, 0x00, 0x00, 0x2c, 0x07, 0x00, 0x00, 0x3e, 0x00, 0x00, 0x00,
    0x53, 0x00, 0x04, 0x00, 0x09, 0x00, 0x00, 0x00, 0x2d, 0x07, 0x00, 0x00, 0x0f, 0x00, 0x00, 0x00,
    0xa9, 0x00, 0x06, 0x00, 0x09, 0x00, 0x00, 0x00, 0x2e, 0x07, 0x00, 0x00, 0x25, 0x07, 0x00, 0x00,
    0x3e, 0x00, 0x00, 0x00, 0x0f, 0x00, 0x00, 0x00, 0xf9, 0x00, 0x02, 0x00, 0x29, 0x07, 0x00, 0x00,
    0xf8, 0x00, 0x02, 0x00, 0x2a, 0x07, 0x00, 0x00, 0xf9, 0x00, 0x02, 0x00, 0x29, 0x07, 0x00, 0x00,
    0xf8, 0x00, 0x02, 0x00, 0x29, 0x07, 0x00, 0x00, 0xf5, 0x00, 0x07, 0x00, 0x09, 0x00, 0x00, 0x00,
    0x2f, 0x07, 0x00, 0x00, 0x26, 0x07, 0x00, 0x00, 0x2a, 0x07, 0x00, 0x00, 0x2e, 0x07, 0x00, 0x00,
    0x2b, 0x07, 0x00, 0x00, 0xf9, 0x00, 0x02, 0x00, 0x21, 0x07, 0x00, 0x00, 0xf8, 0x00, 0x02, 0x00,
    0x22, 0x07, 0x00, 0x00, 0xaf, 0x00, 0x05, 0x00, 0x15, 0x00, 0x00, 0x00, 0x30, 0x07, 0x00, 0x00,
    0x8d, 0x05, 0x00, 0x00, 0xeb, 0x06, 0x00, 0x00, 0xf7, 0x00, 0x03, 0x00, 0x31, 0x07, 0x00, 0x00,
    0x00, 0x00, 0x00, 0x00, 0xfa, 0x00, 0x04, 0x00, 0x30, 0x07, 0x00, 0x00, 0x32, 0x07, 0x00, 0x00,
    0x33, 0x07, 0x00, 0x00, 0xf8, 0x00, 0x02, 0x00, 0x33, 0x07, 0x00, 0x00, 0xf9, 0x00, 0x02, 0x00,
    0x31, 0x07, 0x00, 0x00, 0xf8, 0x00, 0x02, 0x00, 0x32, 0x07, 0x00, 0x00, 0x53, 0x00, 0x04, 0x00,
    0x09, 0x00, 0x00, 0x00, 0x34, 0x07, 0x00, 0x00, 0x3e, 0x00, 0x00, 0x00, 0x53, 0x00, 0x04, 0x00,
    0x09, 0x00, 0x00, 0x00, 0x35, 0x07, 0x00, 0x00, 0x0f, 0x00, 0x00, 0x00, 0xa9, 0x00, 0x06, 0x00,
    0x09, 0x00, 0x00, 0x00, 0x36, 0x07, 0x00, 0x00, 0xed, 0x06, 0x00, 0x00, 0x3e, 0x00, 0x00, 0x00,
    0x0f, 0x00, 0x00, 0x00, 0xf9, 0x00, 0x02, 0x00, 0x31, 0x07, 0x00, 0x00, 0xf8, 0x00, 0x02, 0x00,
    0x31, 0x07, 0x00, 0x00, 0xf5, 0x00, 0x07, 0x00, 0x09, 0x00, 0x00, 0x00, 0x37, 0x07, 0x00, 0x00,
    0x36, 0x07, 0x00, 0x00, 0x32, 0x07, 0x00, 0x00, 0xee, 0x06, 0x00, 0x00, 0x33, 0x07, 0x00, 0x00,
    0xf9, 0x00, 0x02, 0x00, 0x21, 0x07, 0x00, 0x00, 0xf8, 0x00, 0x02, 0x00, 0x21, 0x07, 0x00, 0x00,
    0xf5, 0x00, 0x07, 0x00, 0x09, 0x00, 0x00, 0x00, 0x38, 0x07, 0x00, 0x00, 0x37, 0x07, 0x00, 0x00,
    0x31, 0x07, 0x00, 0x00, 0x2f, 0x07, 0x00, 0x00, 0x29, 0x07, 0x00, 0x00, 0xf9, 0x00, 0x02, 0x00,
    0xf1, 0x06, 0x00, 0x00, 0xf8, 0x00, 0x02, 0x00, 0xf1, 0x06, 0x00, 0x00, 0xf5, 0x00, 0x07, 0x00,
    0x0c, 0x00, 0x00, 0x00, 0x39, 0x07, 0x00, 0x00, 0x1f, 0x07, 0x00, 0x00, 0x21, 0x07, 0x00, 0x00,
    0xf6, 0x06, 0x00, 0x00, 0xf8, 0x06, 0x00, 0x00, 0xf5, 0x00, 0x07, 0x00, 0x09, 0x00, 0x00, 0x00,
    0x3a, 0x07, 0x00, 0x00, 0x38, 0x07, 0x00, 0x00, 0x21, 0x07, 0x00, 0x00, 0x0e, 0x07, 0x00, 0x00,
    0xf8, 0x06, 0x00, 0x00, 0x80, 0x00, 0x05, 0x00, 0x0c, 0x00, 0x00, 0x00, 0x3b, 0x07, 0x00, 0x00,
    0x8e, 0x05, 0x00, 0x00, 0x39, 0x07, 0x00, 0x00, 0x80, 0x00, 0x05, 0x00, 0x0c, 0x00, 0x00, 0x00,
    0x3c, 0x07, 0x00, 0x00, 0x8d, 0x05, 0x00, 0x00, 0xe8, 0x06, 0x00, 0x00, 0x84, 0x00, 0x05, 0x00,
    0x09, 0x00, 0x00, 0x00, 0x3d, 0x07, 0x00, 0x00, 0x3a, 0x07, 0x00, 0x00, 0x31, 0x00, 0x00, 0x00,
    0xc7, 0x00, 0x05, 0x00, 0x0c, 0x00, 0x00, 0x00, 0x3e, 0x07, 0x00, 0x00, 0x3c, 0x07, 0x00, 0x00,
    0x32, 0x00, 0x00, 0x00, 0x7c, 0x00, 0x04, 0x00, 0x09, 0x00, 0x00, 0x00, 0x3f, 0x07, 0x00, 0x00,
    0x3e, 0x07, 0x00, 0x00, 0x84, 0x00, 0x05, 0x00, 0x09, 0x00, 0x00, 0x00, 0x40, 0x07, 0x00, 0x00,
    0x3f, 0x07, 0x00, 0x00, 0x28, 0x00, 0x00, 0x00, 0x80, 0x00, 0x05, 0x00, 0x09, 0x00, 0x00, 0x00,
    0x41, 0x07, 0x00, 0x00, 0x3d, 0x07, 0x00, 0x00, 0x40, 0x07, 0x00, 0x00, 0xc7, 0x00, 0x05, 0x00,
    0x0c, 0x00, 0x00, 0x00, 0x42, 0x07, 0x00, 0x00, 0x3b, 0x07, 0x00, 0x00, 0x32, 0x00, 0x00, 0x00,
    0x7c, 0x00, 0x04, 0x00, 0x09, 0x00, 0x00, 0x00, 0x43, 0x07, 0x00, 0x00, 0x42, 0x07, 0x00, 0x00,
    0x80, 0x00, 0x05, 0x00, 0x09, 0x00, 0x00, 0x00, 0x44, 0x07, 0x00, 0x00, 0x41, 0x07, 0x00, 0x00,
    0x43, 0x07, 0x00, 0x00, 0xc2, 0x00, 0x05, 0x00, 0x09, 0x00, 0x00, 0x00, 0x45, 0x07, 0x00, 0x00,
    0x44, 0x07, 0x00, 0x00, 0x12, 0x00, 0x00, 0x00, 0x41, 0x00, 0x06, 0x00, 0x38, 0x00, 0x00, 0x00,
    0x46, 0x07, 0x00, 0x00, 0x06, 0x00, 0x00, 0x00, 0x11, 0x00, 0x00, 0x00, 0x45, 0x07, 0x00, 0x00,
    0x3d, 0x00, 0x04, 0x00, 0x09, 0x00, 0x00, 0x00, 0x47, 0x07, 0x00, 0x00, 0x46, 0x07, 0x00, 0x00,
    0xc7, 0x00, 0x05, 0x00, 0x09, 0x00, 0x00, 0x00, 0x48, 0x07, 0x00, 0x00, 0x44, 0x07, 0x00, 0x00,
    0x12, 0x00, 0x00, 0x00, 0xab, 0x00, 0x05, 0x00, 0x15, 0x00, 0x00, 0x00, 0x49, 0x07, 0x00, 0x00,
    0x48, 0x07, 0x00, 0x00, 0x0e, 0x00, 0x00, 0x00, 0xf7, 0x00, 0x03, 0x00, 0x4a, 0x07, 0x00, 0x00,
    0x00, 0x00, 0x00, 0x00, 0xfa, 0x00, 0x04, 0x00, 0x49, 0x07, 0x00, 0x00, 0x4b, 0x07, 0x00, 0x00,
    0x4c, 0x07, 0x00, 0x00, 0xf8, 0x00, 0x02, 0x00, 0x4c, 0x07, 0x00, 0x00, 0xc7, 0x00, 0x05, 0x00,
    0x09, 0x00, 0x00, 0x00, 0x4d, 0x07, 0x00, 0x00, 0x47, 0x07, 0x00, 0x00, 0x30, 0x00, 0x00, 0x00,
    0xf9, 0x00, 0x02, 0x00, 0x4a, 0x07, 0x00, 0x00, 0xf8, 0x00, 0x02, 0x00, 0x4b, 0x07, 0x00, 0x00,
    0xc2, 0x00, 0x05, 0x00, 0x09, 0x00, 0x00, 0x00, 0x4e, 0x07, 0x00, 0x00, 0x47, 0x07, 0x00, 0x00,
    0x0a, 0x00, 0x00, 0x00, 0xf9, 0x00, 0x02, 0x00, 0x4a, 0x07, 0x00, 0x00, 0xf8, 0x00, 0x02, 0x00,
    0x4a, 0x07, 0x00, 0x00, 0xf5, 0x00, 0x07, 0x00, 0x09, 0x00, 0x00, 0x00, 0x4f, 0x07, 0x00, 0x00,
    0x4e, 0x07, 0x00, 0x00, 0x4b, 0x07, 0x00, 0x00, 0x4d, 0x07, 0x00, 0x00, 0x4c, 0x07, 0x00, 0x00,
    0xc2, 0x00, 0x05, 0x00, 0x09, 0x00, 0x00, 0x00, 0x50, 0x07, 0x00, 0x00, 0x4f, 0x07, 0x00, 0x00,
    0x2a, 0x00, 0x00, 0x00, 0xaa, 0x00, 0x05, 0x00, 0x15, 0x00, 0x00, 0x00, 0x51, 0x07, 0x00, 0x00,
    0x50, 0x07, 0x00, 0x00, 0x0e, 0x00, 0x00, 0x00, 0xab, 0x00, 0x05, 0x00, 0x15, 0x00, 0x00, 0x00,
    0x52, 0x07, 0x00, 0x00, 0x50, 0x07, 0x00, 0x00, 0x0e, 0x00, 0x00, 0x00, 0xf7, 0x00, 0x03, 0x00,
    0x53, 0x07, 0x00, 0x00, 0x00, 0x00, 0x00, 0x00, 0xfa, 0x00, 0x04, 0x00, 0x52, 0x07, 0x00, 0x00,
    0x54, 0x07, 0x00, 0x00, 0x53, 0x07, 0x00, 0x00, 0xf8, 0x00, 0x02, 0x00, 0x54, 0x07, 0x00, 0x00,
    0xf9, 0x00, 0x02, 0x00, 0xd5, 0x06, 0x00, 0x00, 0xf8, 0x00, 0x02, 0x00, 0x53, 0x07, 0x00, 0x00,
    0xc7, 0x00, 0x05, 0x00, 0x09, 0x00, 0x00, 0x00, 0x55, 0x07, 0x00, 0x00, 0x4f, 0x07, 0x00, 0x00,
    0x2b, 0x00, 0x00, 0x00, 0xf9, 0x00, 0x02, 0x00, 0xd5, 0x06, 0x00, 0x00, 0xf8, 0x00, 0x02, 0x00,
    0xe4, 0x06, 0x00, 0x00, 0x7c, 0x00, 0x04, 0x00, 0x09, 0x00, 0x00, 0x00, 0x56, 0x07, 0x00, 0x00,
    0x8d, 0x05, 0x00, 0x00, 0x84, 0x00, 0x05, 0x00, 0x09, 0x00, 0x00, 0x00, 0x57, 0x07, 0x00, 0x00,
    0x56, 0x07, 0x00, 0x00, 0x21, 0x00, 0x00, 0x00, 0x80, 0x00, 0x05, 0x00, 0x09, 0x00, 0x00, 0x00,
    0x58, 0x07, 0x00, 0x00, 0x2c, 0x00, 0x00, 0x00, 0x57, 0x07, 0x00, 0x00, 0xc3, 0x00, 0x05, 0x00,
    0x0c, 0x00, 0x00, 0x00, 0x59, 0x07, 0x00, 0x00, 0x8e, 0x05, 0x00, 0x00, 0x2d, 0x00, 0x00, 0x00,
    0x7c, 0x00, 0x04, 0x00, 0x09, 0x00, 0x00, 0x00, 0x5a, 0x07, 0x00, 0x00, 0x59, 0x07, 0x00, 0x00,
    0x80, 0x00, 0x05, 0x00, 0x09, 0x00, 0x00, 0x00, 0x5b, 0x07, 0x00, 0x00, 0x58, 0x07, 0x00, 0x00,
    0x5a, 0x07, 0x00, 0x00, 0x82, 0x00, 0x05, 0x00, 0x09, 0x00, 0x00, 0x00, 0x5c, 0x07, 0x00, 0x00,
    0x5b, 0x07, 0x00, 0x00, 0x29, 0x00, 0x00, 0x00, 0xc2, 0x00, 0x05, 0x00, 0x09, 0x00, 0x00, 0x00,
    0x5d, 0x07, 0x00, 0x00, 0x5c, 0x07, 0x00, 0x00, 0x12, 0x00, 0x00, 0x00, 0x80, 0x00, 0x05, 0x00,
    0x09, 0x00, 0x00, 0x00, 0x5e, 0x07, 0x00, 0x00, 0x0b, 0x00, 0x00, 0x00, 0x5d, 0x07, 0x00, 0x00,
    0x41, 0x00, 0x06, 0x00, 0x38, 0x00, 0x00, 0x00, 0x5f, 0x07, 0x00, 0x00, 0x07, 0x00, 0x00, 0x00,
    0x11, 0x00, 0x00, 0x00, 0x5e, 0x07, 0x00, 0x00, 0x3d, 0x00, 0x04, 0x00, 0x09, 0x00, 0x00, 0x00,
    0x60, 0x07, 0x00, 0x00, 0x5f, 0x07, 0x00, 0x00, 0xc7, 0x00, 0x05, 0x00, 0x09, 0x00, 0x00, 0x00,
    0x61, 0x07, 0x00, 0x00, 0x5b, 0x07, 0x00, 0x00, 0x12, 0x00, 0x00, 0x00, 0xab, 0x00, 0x05, 0x00,
    0x15, 0x00, 0x00, 0x00, 0x62, 0x07, 0x00, 0x00, 0x61, 0x07, 0x00, 0x00, 0x0e, 0x00, 0x00, 0x00,
    0xf7, 0x00, 0x03, 0x00, 0x63, 0x07, 0x00, 0x00, 0x00, 0x00, 0x00, 0x00, 0xfa, 0x00, 0x04, 0x00,
    0x62, 0x07, 0x00, 0x00, 0x64, 0x07, 0x00, 0x00, 0x65, 0x07, 0x00, 0x00, 0xf8, 0x00, 0x02, 0x00,
    0x65, 0x07, 0x00, 0x00, 0xc7, 0x00, 0x05, 0x00, 0x09, 0x00, 0x00, 0x00, 0x66, 0x07, 0x00, 0x00,
    0x60, 0x07, 0x00, 0x00, 0x30, 0x00, 0x00, 0x00, 0xf9, 0x00, 0x02, 0x00, 0x63, 0x07, 0x00, 0x00,
    0xf8, 0x00, 0x02, 0x00, 0x64, 0x07, 0x00, 0x00, 0xc2, 0x00, 0x05, 0x00, 0x09, 0x00, 0x00, 0x00,
    0x67, 0x07, 0x00, 0x00, 0x60, 0x07, 0x00, 0x00, 0x0a, 0x00, 0x00, 0x00, 0xf9, 0x00, 0x02, 0x00,
    0x63, 0x07, 0x00, 0x00, 0xf8, 0x00, 0x02, 0x00, 0x63, 0x07, 0x00, 0x00, 0xf5, 0x00, 0x07, 0x00,
    0x09, 0x00, 0x00, 0x00, 0x68, 0x07, 0x00, 0x00, 0x67, 0x07, 0x00, 0x00, 0x64, 0x07, 0x00, 0x00,
    0x66, 0x07, 0x00, 0x00, 0x65, 0x07, 0x00, 0x00, 0xc3, 0x00, 0x05, 0x00, 0x0c, 0x00, 0x00, 0x00,
    0x69, 0x07, 0x00, 0x00, 0x8e, 0x05, 0x00, 0x00, 0x2e, 0x00, 0x00, 0x00, 0xc7, 0x00, 0x05, 0x00,
    0x0c, 0x00, 0x00, 0x00, 0x6a, 0x07, 0x00, 0x00, 0x69, 0x07, 0x00, 0x00, 0x2f, 0x00, 0x00, 0x00,
    0x7c, 0x00, 0x04, 0x00, 0x09, 0x00, 0x00, 0x00, 0x6b, 0x07, 0x00, 0x00, 0x6a, 0x07, 0x00, 0x00,
    0xc7, 0x00, 0x05, 0x00, 0x09, 0x00, 0x00, 0x00, 0x6c, 0x07, 0x00, 0x00, 0x6b, 0x07, 0x00, 0x00,
    0x1d, 0x00, 0x00, 0x00, 0xc2, 0x00, 0x05, 0x00, 0x09, 0x00, 0x00, 0x00, 0x6d, 0x07, 0x00, 0x00,
    0x24, 0x00, 0x00, 0x00, 0x6c, 0x07, 0x00, 0x00, 0xc7, 0x00, 0x05, 0x00, 0x09, 0x00, 0x00, 0x00,
    0x6e, 0x07, 0x00, 0x00, 0x68, 0x07, 0x00, 0x00, 0x6d, 0x07, 0x00, 0x00, 0xab, 0x00, 0x05, 0x00,
    0x15, 0x00, 0x00, 0x00, 0x6f, 0x07, 0x00, 0x00, 0x6e, 0x07, 0x00, 0x00, 0x0e, 0x00, 0x00, 0x00,
    0xf7, 0x00, 0x03, 0x00, 0x70, 0x07, 0x00, 0x00, 0x00, 0x00, 0x00, 0x00, 0xfa, 0x00, 0x04, 0x00,
    0x6f, 0x07, 0x00, 0x00, 0x71, 0x07, 0x00, 0x00, 0x70, 0x07, 0x00, 0x00, 0xf8, 0x00, 0x02, 0x00,
    0x71, 0x07, 0x00, 0x00, 0xf9, 0x00, 0x02, 0x00, 0xd5, 0x06, 0x00, 0x00, 0xf8, 0x00, 0x02, 0x00,
    0x70, 0x07, 0x00, 0x00, 0xc7, 0x00, 0x05, 0x00, 0x09, 0x00, 0x00, 0x00, 0x72, 0x07, 0x00, 0x00,
    0xd8, 0x06, 0x00, 0x00, 0x24, 0x00, 0x00, 0x00, 0xab, 0x00, 0x05, 0x00, 0x15, 0x00, 0x00, 0x00,
    0x73, 0x07, 0x00, 0x00, 0x72, 0x07, 0x00, 0x00, 0x0e, 0x00, 0x00, 0x00, 0xf7, 0x00, 0x03, 0x00,
    0x74, 0x07, 0x00, 0x00, 0x00, 0x00, 0x00, 0x00, 0xfa, 0x00, 0x04, 0x00, 0x73, 0x07, 0x00, 0x00,
    0x75, 0x07, 0x00, 0x00, 0x76, 0x07, 0x00, 0x00, 0xf8, 0x00, 0x02, 0x00, 0x76, 0x07, 0x00, 0x00,
    0x82, 0x00, 0x05, 0x00, 0x09, 0x00, 0x00, 0x00, 0x77, 0x07, 0x00, 0x00, 0x0e, 0x00, 0x00, 0x00,
    0xd9, 0x06, 0x00, 0x00, 0xc7, 0x00, 0x05, 0x00, 0x09, 0x00, 0x00, 0x00, 0x78, 0x07, 0x00, 0x00,
    0x77, 0x07, 0x00, 0x00, 0x27, 0x00, 0x00, 0x00, 0x7c, 0x00, 0x04, 0x00, 0x0c, 0x00, 0x00, 0x00,
    0x79, 0x07, 0x00, 0x00, 0x78, 0x07, 0x00, 0x00, 0xf9, 0x00, 0x02, 0x00, 0x74, 0x07, 0x00, 0x00,
    0xf8, 0x00, 0x02, 0x00, 0x75, 0x07, 0x00, 0x00, 0x80, 0x00, 0x05, 0x00, 0x09, 0x00, 0x00, 0x00,
    0x7a, 0x07, 0x00, 0x00, 0x56, 0x07, 0x00, 0x00, 0x3f, 0x00, 0x00, 0x00, 0xc2, 0x00, 0x05, 0x00,
    0x09, 0x00, 0x00, 0x00, 0x7b, 0x07, 0x00, 0x00, 0x7a, 0x07, 0x00, 0x00, 0x12, 0x00, 0x00, 0x00,
    0x80, 0x00, 0x05, 0x00, 0x09, 0x00, 0x00, 0x00, 0x7c, 0x07, 0x00, 0x00, 0x0b, 0x00, 0x00, 0x00,
    0x7b, 0x07, 0x00, 0x00, 0x41, 0x00, 0x06, 0x00, 0x38, 0x00, 0x00, 0x00, 0x7d, 0x07, 0x00, 0x00,
    0x07, 0x00, 0x00, 0x00, 0x11, 0x00, 0x00, 0x00, 0x7c, 0x07, 0x00, 0x00, 0x3d, 0x00, 0x04, 0x00,
    0x09, 0x00, 0x00, 0x00, 0x7e, 0x07, 0x00, 0x00, 0x7d, 0x07, 0x00, 0x00, 0xc7, 0x00, 0x05, 0x00,
    0x09, 0x00, 0x00, 0x00, 0x7f, 0x07, 0x00, 0x00, 0x56, 0x07, 0x00, 0x00, 0x12, 0x00, 0x00, 0x00,
    0xab, 0x00, 0x05, 0x00, 0x15, 0x00, 0x00, 0x00, 0x80, 0x07, 0x00, 0x00, 0x7f, 0x07, 0x00, 0x00,
    0x0e, 0x00, 0x00, 0x00, 0xf7, 0x00, 0x03, 0x00, 0x81, 0x07, 0x00, 0x00, 0x00, 0x00, 0x00, 0x00,
    0xfa, 0x00, 0x04, 0x00, 0x80, 0x07, 0x00, 0x00, 0x82, 0x07, 0x00, 0x00, 0x83, 0x07, 0x00, 0x00,
    0xf8, 0x00, 0x02, 0x00, 0x83, 0x07, 0x00, 0x00, 0xc7, 0x00, 0x05, 0x00, 0x09, 0x00, 0x00, 0x00,
    0x84, 0x07, 0x00, 0x00, 0x7e, 0x07, 0x00, 0x00, 0x30, 0x00, 0x00, 0x00, 0xf9, 0x00, 0x02, 0x00,
    0x81, 0x07, 0x00, 0x00, 0xf8, 0x00, 0x02, 0x00, 0x82, 0x07, 0x00, 0x00, 0xc2, 0x00, 0x05, 0x00,
    0x09, 0x00, 0x00, 0x00, 0x85, 0x07, 0x00, 0x00, 0x7e, 0x07, 0x00, 0x00, 0x0a, 0x00, 0x00, 0x00,
    0xf9, 0x00, 0x02, 0x00, 0x81, 0x07, 0x00, 0x00, 0xf8, 0x00, 0x02, 0x00, 0x81, 0x07, 0x00, 0x00,
    0xf5, 0x00, 0x07, 0x00, 0x09, 0x00, 0x00, 0x00, 0x86, 0x07, 0x00, 0x00, 0x85, 0x07, 0x00, 0x00,
    0x82, 0x07, 0x00, 0x00, 0x84, 0x07, 0x00, 0x00, 0x83, 0x07, 0x00, 0x00, 0x82, 0x00, 0x05, 0x00,
    0x09, 0x00, 0x00, 0x00, 0x87, 0x07, 0x00, 0x00, 0x0e, 0x00, 0x00, 0x00, 0x86, 0x07, 0x00, 0x00,
    0xc7, 0x00, 0x05, 0x00, 0x09, 0x00, 0x00, 0x00, 0x88, 0x07, 0x00, 0x00, 0x87, 0x07, 0x00, 0x00,
    0x27, 0x00, 0x00, 0x00, 0x7c, 0x00, 0x04, 0x00, 0x0c, 0x00, 0x00, 0x00, 0x89, 0x07, 0x00, 0x00,
    0x88, 0x07, 0x00, 0x00, 0xf9, 0x00, 0x02, 0x00, 0x74, 0x07, 0x00, 0x00, 0xf8, 0x00, 0x02, 0x00,
    0x74, 0x07, 0x00, 0x00, 0xf5, 0x00, 0x07, 0x00, 0x0c, 0x00, 0x00, 0x00, 0x8a, 0x07, 0x00, 0x00,
    0x89, 0x07, 0x00, 0x00, 0x81, 0x07, 0x00, 0x00, 0x79, 0x07, 0x00, 0x00, 0x76, 0x07, 0x00, 0x00,
    0x80, 0x00, 0x05, 0x00, 0x0c, 0x00, 0x00, 0x00, 0x8b, 0x07, 0x00, 0x00, 0x8e, 0x05, 0x00, 0x00,
    0x8a, 0x07, 0x00, 0x00, 0xc7, 0x00, 0x05, 0x00, 0x09, 0x00, 0x00, 0x00, 0x8c, 0x07, 0x00, 0x00,
    0xdb, 0x06, 0x00, 0x00, 0x27, 0x00, 0x00, 0x00, 0x7c, 0x00, 0x04, 0x00, 0x0c, 0x00, 0x00, 0x00,
    0x8d, 0x07, 0x00, 0x00, 0x8c, 0x07, 0x00, 0x00, 0x80, 0x00, 0x05, 0x00, 0x0c, 0x00, 0x00, 0x00,
    0x8e, 0x07, 0x00, 0x00, 0x8d, 0x07, 0x00, 0x00, 0x8d, 0x05, 0x00, 0x00, 0xc7, 0x00, 0x05, 0x00,
    0x0c, 0x00, 0x00, 0x00, 0x8f, 0x07, 0x00, 0x00, 0x8e, 0x07, 0x00, 0x00, 0x32, 0x00, 0x00, 0x00,
    0x7c, 0x00, 0x04, 0x00, 0x09, 0x00, 0x00, 0x00, 0x90, 0x07, 0x00, 0x00, 0x8f, 0x07, 0x00, 0x00,
    0x84, 0x00, 0x05, 0x00, 0x09, 0x00, 0x00, 0x00, 0x91, 0x07, 0x00, 0x00, 0x90, 0x07, 0x00, 0x00,
    0x28, 0x00, 0x00, 0x00, 0x80, 0x00, 0x05, 0x00, 0x09, 0x00, 0x00, 0x00, 0x92, 0x07, 0x00, 0x00,
    0x40, 0x00, 0x00, 0x00, 0x91, 0x07, 0x00, 0x00, 0xc7, 0x00, 0x05, 0x00, 0x0c, 0x00, 0x00, 0x00,
    0x93, 0x07, 0x00, 0x00, 0x8b, 0x07, 0x00, 0x00, 0x32, 0x00, 0x00, 0x00, 0x7c, 0x00, 0x04, 0x00,
    0x09, 0x00, 0x00, 0x00, 0x94, 0x07, 0x00, 0x00, 0x93, 0x07, 0x00, 0x00, 0x80, 0x00, 0x05, 0x00,
    0x09, 0x00, 0x00, 0x00, 0x95, 0x07, 0x00, 0x00, 0x92, 0x07, 0x00, 0x00, 0x94, 0x07, 0x00, 0x00,
    0xc2, 0x00, 0x05, 0x00, 0x09, 0x00, 0x00, 0x00, 0x96, 0x07, 0x00, 0x00, 0x95, 0x07, 0x00, 0x00,
    0x12, 0x00, 0x00, 0x00, 0x41, 0x00, 0x06, 0x00, 0x38, 0x00, 0x00, 0x00, 0x97, 0x07, 0x00, 0x00,
    0x06, 0x00, 0x00, 0x00, 0x11, 0x00, 0x00, 0x00, 0x96, 0x07, 0x00, 0x00, 0x3d, 0x00, 0x04, 0x00,
    0x09, 0x00, 0x00, 0x00, 0x98, 0x07, 0x00, 0x00, 0x97, 0x07, 0x00, 0x00, 0xc7, 0x00, 0x05, 0x00,
    0x09, 0x00, 0x00, 0x00, 0x99, 0x07, 0x00, 0x00, 0x95, 0x07, 0x00, 0x00, 0x12, 0x00, 0x00, 0x00,
    0xab, 0x00, 0x05, 0x00, 0x15, 0x00, 0x00, 0x00, 0x9a, 0x07, 0x00, 0x00, 0x99, 0x07, 0x00, 0x00,
    0x0e, 0x00, 0x00, 0x00, 0xf7, 0x00, 0x03, 0x00, 0x9b, 0x07, 0x00, 0x00, 0x00, 0x00, 0x00, 0x00,
    0xfa, 0x00, 0x04, 0x00, 0x9a, 0x07, 0x00, 0x00, 0x9c, 0x07, 0x00, 0x00, 0x9d, 0x07, 0x00, 0x00,
    0xf8, 0x00, 0x02, 0x00, 0x9d, 0x07, 0x00, 0x00, 0xc7, 0x00, 0x05, 0x00, 0x09, 0x00, 0x00, 0x00,
    0x9e, 0x07, 0x00, 0x00, 0x98, 0x07, 0x00, 0x00, 0x30, 0x00, 0x00, 0x00, 0xf9, 0x00, 0x02, 0x00,
    0x9b, 0x07, 0x00, 0x00, 0xf8, 0x00, 0x02, 0x00, 0x9c, 0x07, 0x00, 0x00, 0xc2, 0x00, 0x05, 0x00,
    0x09, 0x00, 0x00, 0x00, 0x9f, 0x07, 0x00, 0x00, 0x98, 0x07, 0x00, 0x00, 0x0a, 0x00, 0x00, 0x00,
    0xf9, 0x00, 0x02, 0x00, 0x9b, 0x07, 0x00, 0x00, 0xf8, 0x00, 0x02, 0x00, 0x9b, 0x07, 0x00, 0x00,
    0xf5, 0x00, 0x07, 0x00, 0x09, 0x00, 0x00, 0x00, 0xa0, 0x07, 0x00, 0x00, 0x9f, 0x07, 0x00, 0x00,
    0x9c, 0x07, 0x00, 0x00, 0x9e, 0x07, 0x00, 0x00, 0x9d, 0x07, 0x00, 0x00, 0xc7, 0x00, 0x05, 0x00,
    0x09, 0x00, 0x00, 0x00, 0xa1, 0x07, 0x00, 0x00, 0xa0, 0x07, 0x00, 0x00, 0x2b, 0x00, 0x00, 0x00,
    0xf9, 0x00, 0x02, 0x00, 0xd5, 0x06, 0x00, 0x00, 0xf8, 0x00, 0x02, 0x00, 0xd5, 0x06, 0x00, 0x00,
    0xf5, 0x00, 0x0d, 0x00, 0x09, 0x00, 0x00, 0x00, 0xa2, 0x07, 0x00, 0x00, 0x0e, 0x00, 0x00, 0x00,
    0xe1, 0x06, 0x00, 0x00, 0x0e, 0x00, 0x00, 0x00, 0x54, 0x07, 0x00, 0x00, 0x55, 0x07, 0x00, 0x00,
    0x53, 0x07, 0x00, 0x00, 0x0e, 0x00, 0x00, 0x00, 0x71, 0x07, 0x00, 0x00, 0xa1, 0x07, 0x00, 0x00,
    0x9b, 0x07, 0x00, 0x00, 0xf5, 0x00, 0x0d, 0x00, 0x15, 0x00, 0x00, 0x00, 0xa3, 0x07, 0x00, 0x00,
    0x16, 0x00, 0x00, 0x00, 0xe1, 0x06, 0x00, 0x00, 0x16, 0x00, 0x00, 0x00, 0x54, 0x07, 0x00, 0x00,
    0x20, 0x00, 0x00, 0x00, 0x53, 0x07, 0x00, 0x00, 0x16, 0x00, 0x00, 0x00, 0x71, 0x07, 0x00, 0x00,
    0x20, 0x00, 0x00, 0x00, 0x9b, 0x07, 0x00, 0x00, 0xf7, 0x00, 0x03, 0x00, 0xa4, 0x07, 0x00, 0x00,
    0x00, 0x00, 0x00, 0x00, 0xfa, 0x00, 0x04, 0x00, 0xa3, 0x07, 0x00, 0x00, 0xa5, 0x07, 0x00, 0x00,
    0xa4, 0x07, 0x00, 0x00, 0xf8, 0x00, 0x02, 0x00, 0xa5, 0x07, 0x00, 0x00, 0xf9, 0x00, 0x02, 0x00,
    0x8f, 0x05, 0x00, 0x00, 0xf8, 0x00, 0x02, 0x00, 0xa4, 0x07, 0x00, 0x00, 0xf7, 0x00, 0x03, 0x00,
    0xa6, 0x07, 0x00, 0x00, 0x00, 0x00, 0x00, 0x00, 0xfb, 0x00, 0x03, 0x00, 0x0e, 0x00, 0x00, 0x00,
    0xa7, 0x07, 0x00, 0x00, 0xf8, 0x00, 0x02, 0x00, 0xa7, 0x07, 0x00, 0x00, 0x3d, 0x00, 0x04, 0x00,
    0x09, 0x00, 0x00, 0x00, 0xa8, 0x07, 0x00, 0x00, 0xd7, 0x06, 0x00, 0x00, 0xc2, 0x00, 0x05, 0x00,
    0x09, 0x00, 0x00, 0x00, 0xa9, 0x07, 0x00, 0x00, 0xa8, 0x07, 0x00, 0x00, 0x0a, 0x00, 0x00, 0x00,
    0x3d, 0x00, 0x04, 0x00, 0x09, 0x00, 0x00, 0x00, 0xaa, 0x07, 0x00, 0x00, 0xda, 0x06, 0x00, 0x00,
    0xc2, 0x00, 0x05, 0x00, 0x09, 0x00, 0x00, 0x00, 0xab, 0x07, 0x00, 0x00, 0xaa, 0x07, 0x00, 0x00,
    0x0a, 0x00, 0x00, 0x00, 0x3d, 0x00, 0x04, 0x00, 0x09, 0x00, 0x00, 0x00, 0xac, 0x07, 0x00, 0x00,
    0xda, 0x06, 0x00, 0x00, 0xc7, 0x00, 0x05, 0x00, 0x09, 0x00, 0x00, 0x00, 0xad, 0x07, 0x00, 0x00,
    0xab, 0x07, 0x00, 0x00, 0x24, 0x00, 0x00, 0x00, 0xab, 0x00, 0x05, 0x00, 0x15, 0x00, 0x00, 0x00,
    0xae, 0x07, 0x00, 0x00, 0xad, 0x07, 0x00, 0x00, 0x0e, 0x00, 0x00, 0x00, 0xf7, 0x00, 0x03, 0x00,
    0xaf, 0x07, 0x00, 0x00, 0x00, 0x00, 0x00, 0x00, 0xfa, 0x00, 0x04, 0x00, 0xae, 0x07, 0x00, 0x00,
    0xb0, 0x07, 0x00, 0x00, 0xaf, 0x07, 0x00, 0x00, 0xf8, 0x00, 0x02, 0x00, 0xb0, 0x07, 0x00, 0x00,
    0xf9, 0x00, 0x02, 0x00, 0xa6, 0x07, 0x00, 0x00, 0xf8, 0x00, 0x02, 0x00, 0xaf, 0x07, 0x00, 0x00,
    0xc7, 0x00, 0x05, 0x00, 0x09, 0x00, 0x00, 0x00, 0xb1, 0x07, 0x00, 0x00, 0xac, 0x07, 0x00, 0x00,
    0x25, 0x00, 0x00, 0x00, 0xab, 0x00, 0x05, 0x00, 0x15, 0x00, 0x00, 0x00, 0xb2, 0x07, 0x00, 0x00,
    0xb1, 0x07, 0x00, 0x00, 0x0e, 0x00, 0x00, 0x00, 0xf7, 0x00, 0x03, 0x00, 0xb3, 0x07, 0x00, 0x00,
    0x00, 0x00, 0x00, 0x00, 0xfa, 0x00, 0x04, 0x00, 0xb2, 0x07, 0x00, 0x00, 0xb4, 0x07, 0x00, 0x00,
    0xb3, 0x07, 0x00, 0x00, 0xf8, 0x00, 0x02, 0x00, 0xb4, 0x07, 0x00, 0x00, 0xf9, 0x00, 0x02, 0x00,
    0xa6, 0x07, 0x00, 0x00, 0xf8, 0x00, 0x02, 0x00, 0xb3, 0x07, 0x00, 0x00, 0x7c, 0x00, 0x04, 0x00,
    0x09, 0x00, 0x00, 0x00, 0xb5, 0x07, 0x00, 0x00, 0x8d, 0x05, 0x00, 0x00, 0x84, 0x00, 0x05, 0x00,
    0x09, 0x00, 0x00, 0x00, 0xb6, 0x07, 0x00, 0x00, 0xb5, 0x07, 0x00, 0x00, 0x21, 0x00, 0x00, 0x00,
    0x80, 0x00, 0x05, 0x00, 0x09, 0x00, 0x00, 0x00, 0xb7, 0x07, 0x00, 0x00, 0x2c, 0x00, 0x00, 0x00,
    0xb6, 0x07, 0x00, 0x00, 0xc3, 0x00, 0x05, 0x00, 0x0c, 0x00, 0x00, 0x00, 0xb8, 0x07, 0x00, 0x00,
    0x8e, 0x05, 0x00, 0x00, 0x2d, 0x00, 0x00, 0x00, 0x7c, 0x00, 0x04, 0x00, 0x09, 0x00, 0x00, 0x00,
    0xb9, 0x07, 0x00, 0x00, 0xb8, 0x07, 0x00, 0x00, 0x80, 0x00, 0x05, 0x00, 0x09, 0x00, 0x00, 0x00,
    0xba, 0x07, 0x00, 0x00, 0xb7, 0x07, 0x00, 0x00, 0xb9, 0x07, 0x00, 0x00, 0x82, 0x00, 0x05, 0x00,
    0x09, 0x00, 0x00, 0x00, 0xbb, 0x07, 0x00, 0x00, 0xba, 0x07, 0x00, 0x00, 0x29, 0x00, 0x00, 0x00,
    0xc2, 0x00, 0x05, 0x00, 0x09, 0x00, 0x00, 0x00, 0xbc, 0x07, 0x00, 0x00, 0xbb, 0x07, 0x00, 0x00,
    0x12, 0x00, 0x00, 0x00, 0x80, 0x00, 0x05, 0x00, 0x09, 0x00, 0x00, 0x00, 0xbd, 0x07, 0x00, 0x00,
    0x0b, 0x00, 0x00, 0x00, 0xbc, 0x07, 0x00, 0x00, 0x41, 0x00, 0x06, 0x00, 0x38, 0x00, 0x00, 0x00,
    0xbe, 0x07, 0x00, 0x00, 0x07, 0x00, 0x00, 0x00, 0x11, 0x00, 0x00, 0x00, 0xbd, 0x07, 0x00, 0x00,
    0x3d, 0x00, 0x04, 0x00, 0x09, 0x00, 0x00, 0x00, 0xbf, 0x07, 0x00, 0x00, 0xbe, 0x07, 0x00, 0x00,
    0xc7, 0x00, 0x05, 0x00, 0x09, 0x00, 0x00, 0x00, 0xc0, 0x07, 0x00, 0x00, 0xba, 0x07, 0x00, 0x00,
    0x12, 0x00, 0x00, 0x00, 0xab, 0x00, 0x05, 0x00, 0x15, 0x00, 0x00, 0x00, 0xc1, 0x07, 0x00, 0x00,
    0xc0, 0x07, 0x00, 0x00, 0x0e, 0x00, 0x00, 0x00, 0xf7, 0x00, 0x03, 0x00, 0xc2, 0x07, 0x00, 0x00,
    0x00, 0x00, 0x00, 0x00, 0xfa, 0x00, 0x04, 0x00, 0xc1, 0x07, 0x00, 0x00, 0xc3, 0x07, 0x00, 0x00,
    0xc4, 0x07, 0x00, 0x00, 0xf8, 0x00, 0x02, 0x00, 0xc4, 0x07, 0x00, 0x00, 0xc7, 0x00, 0x05, 0x00,
    0x09, 0x00, 0x00, 0x00, 0xc5, 0x07, 0x00, 0x00, 0xbf, 0x07, 0x00, 0x00, 0x30, 0x00, 0x00, 0x00,
    0xf9, 0x00, 0x02, 0x00, 0xc2, 0x07, 0x00, 0x00, 0xf8, 0x00, 0x02, 0x00, 0xc3, 0x07, 0x00, 0x00,
    0xc2, 0x00, 0x05, 0x00, 0x09, 0x00, 0x00, 0x00, 0xc6, 0x07, 0x00, 0x00, 0xbf, 0x07, 0x00, 0x00,
    0x0a, 0x00, 0x00, 0x00, 0xf9, 0x00, 0x02, 0x00, 0xc2, 0x07, 0x00, 0x00, 0xf8, 0x00, 0x02, 0x00,
    0xc2, 0x07, 0x00, 0x00, 0xf5, 0x00, 0x07, 0x00, 0x09, 0x00, 0x00, 0x00, 0xc7, 0x07, 0x00, 0x00,
    0xc6, 0x07, 0x00, 0x00, 0xc3, 0x07, 0x00, 0x00, 0xc5, 0x07, 0x00, 0x00, 0xc4, 0x07, 0x00, 0x00,
    0xc8, 0x00, 0x04, 0x00, 0x09, 0x00, 0x00, 0x00, 0xc8, 0x07, 0x00, 0x00, 0xc7, 0x07, 0x00, 0x00,
    0xc3, 0x00, 0x05, 0x00, 0x0c, 0x00, 0x00, 0x00, 0xc9, 0x07, 0x00, 0x00, 0x8e, 0x05, 0x00, 0x00,
    0x2e, 0x00, 0x00, 0x00, 0xc7, 0x00, 0x05, 0x00, 0x0c, 0x00, 0x00, 0x00, 0xca, 0x07, 0x00, 0x00,
    0xc9, 0x07, 0x00, 0x00, 0x2f, 0x00, 0x00, 0x00, 0x7c, 0x00, 0x04, 0x00, 0x09, 0x00, 0x00, 0x00,
    0xcb, 0x07, 0x00, 0x00, 0xca, 0x07, 0x00, 0x00, 0xc7, 0x00, 0x05, 0x00, 0x09, 0x00, 0x00, 0x00,
    0xcc, 0x07, 0x00, 0x00, 0xcb, 0x07, 0x00, 0x00, 0x1d, 0x00, 0x00, 0x00, 0xc2, 0x00, 0x05, 0x00,
    0x09, 0x00, 0x00, 0x00, 0xcd, 0x07, 0x00, 0x00, 0x24, 0x00, 0x00, 0x00, 0xcc, 0x07, 0x00, 0x00,
    0xc7, 0x00, 0x05, 0x00, 0x09, 0x00, 0x00, 0x00, 0xce, 0x07, 0x00, 0x00, 0xc8, 0x07, 0x00, 0x00,
    0xcd, 0x07, 0x00, 0x00, 0xab, 0x00, 0x05, 0x00, 0x15, 0x00, 0x00, 0x00, 0xcf, 0x07, 0x00, 0x00,
    0xce, 0x07, 0x00, 0x00, 0x0e, 0x00, 0x00, 0x00, 0xf7, 0x00, 0x03, 0x00, 0xd0, 0x07, 0x00, 0x00,
    0x00, 0x00, 0x00, 0x00, 0xfa, 0x00, 0x04, 0x00, 0xcf, 0x07, 0x00, 0x00, 0xd1, 0x07, 0x00, 0x00,
    0xd0, 0x07, 0x00, 0x00, 0xf8, 0x00, 0x02, 0x00, 0xd1, 0x07, 0x00, 0x00, 0xf9, 0x00, 0x02, 0x00,
    0xa6, 0x07, 0x00, 0x00, 0xf8, 0x00, 0x02, 0x00, 0xd0, 0x07, 0x00, 0x00, 0xc7, 0x00, 0x05, 0x00,
    0x09, 0x00, 0x00, 0x00, 0xd2, 0x07, 0x00, 0x00, 0xa9, 0x07, 0x00, 0x00, 0x24, 0x00, 0x00, 0x00,
    0xab, 0x00, 0x05, 0x00, 0x15, 0x00, 0x00, 0x00, 0xd3, 0x07, 0x00, 0x00, 0xd2, 0x07, 0x00, 0x00,
    0x0e, 0x00, 0x00, 0x00, 0xf7, 0x00, 0x03, 0x00, 0xd4, 0x07, 0x00, 0x00, 0x00, 0x00, 0x00, 0x00,
    0xfa, 0x00, 0x04, 0x00, 0xd3, 0x07, 0x00, 0x00, 0xd5, 0x07, 0x00, 0x00, 0xd6, 0x07, 0x00, 0x00,
    0xf8, 0x00, 0x02, 0x00, 0xd6, 0x07, 0x00, 0x00, 0x82, 0x00, 0x05, 0x00, 0x09, 0x00, 0x00, 0x00,
    0xd7, 0x07, 0x00, 0x00, 0x0e, 0x00, 0x00, 0x00, 0xa9, 0x07, 0x00, 0x00, 0xc7, 0x00, 0x05, 0x00,
    0x09, 0x00, 0x00, 0x00, 0xd8, 0x07, 0x00, 0x00, 0xd7, 0x07, 0x00, 0x00, 0x27, 0x00, 0x00, 0x00,
    0x7c, 0x00, 0x04, 0x00, 0x0c, 0x00, 0x00, 0x00, 0xd9, 0x07, 0x00, 0x00, 0xd8, 0x07, 0x00, 0x00,
    0xf9, 0x00, 0x02, 0x00, 0xd4, 0x07, 0x00, 0x00, 0xf8, 0x00, 0x02, 0x00, 0xd5, 0x07, 0x00, 0x00,
    0x80, 0x00, 0x05, 0x00, 0x09, 0x00, 0x00, 0x00, 0xda, 0x07, 0x00, 0x00, 0xb5, 0x07, 0x00, 0x00,
    0x41, 0x00, 0x00, 0x00, 0xc2, 0x00, 0x05, 0x00, 0x09, 0x00, 0x00, 0x00, 0xdb, 0x07, 0x00, 0x00,
    0xda, 0x07, 0x00, 0x00, 0x12, 0x00, 0x00, 0x00, 0x80, 0x00, 0x05, 0x00, 0x09, 0x00, 0x00, 0x00,
    0xdc, 0x07, 0x00, 0x00, 0x0b, 0x00, 0x00, 0x00, 0xdb, 0x07, 0x00, 0x00, 0x41, 0x00, 0x06, 0x00,
    0x38, 0x00, 0x00, 0x00, 0xdd, 0x07, 0x00, 0x00, 0x07, 0x00, 0x00, 0x00, 0x11, 0x00, 0x00, 0x00,
    0xdc, 0x07, 0x00, 0x00, 0x3d, 0x00, 0x04, 0x00, 0x09, 0x00, 0x00, 0x00, 0xde, 0x07, 0x00, 0x00,
    0xdd, 0x07, 0x00, 0x00, 0xc7, 0x00, 0x05, 0x00, 0x09, 0x00, 0x00, 0x00, 0xdf, 0x07, 0x00, 0x00,
    0xb5, 0x07, 0x00, 0x00, 0x12, 0x00, 0x00, 0x00, 0xab, 0x00, 0x05, 0x00, 0x15, 0x00, 0x00, 0x00,
    0xe0, 0x07, 0x00, 0x00, 0xdf, 0x07, 0x00, 0x00, 0x0e, 0x00, 0x00, 0x00, 0xf7, 0x00, 0x03, 0x00,
    0xe1, 0x07, 0x00, 0x00, 0x00, 0x00, 0x00, 0x00, 0xfa, 0x00, 0x04, 0x00, 0xe0, 0x07, 0x00, 0x00,
    0xe2, 0x07, 0x00, 0x00, 0xe3, 0x07, 0x00, 0x00, 0xf8, 0x00, 0x02, 0x00, 0xe3, 0x07, 0x00, 0x00,
    0xc7, 0x00, 0x05, 0x00, 0x09, 0x00, 0x00, 0x00, 0xe4, 0x07, 0x00, 0x00, 0xde, 0x07, 0x00, 0x00,
    0x30, 0x00, 0x00, 0x00, 0xf9, 0x00, 0x02, 0x00, 0xe1, 0x07, 0x00, 0x00, 0xf8, 0x00, 0x02, 0x00,
    0xe2, 0x07, 0x00, 0x00, 0xc2, 0x00, 0x05, 0x00, 0x09, 0x00, 0x00, 0x00, 0xe5, 0x07, 0x00, 0x00,
    0xde, 0x07, 0x00, 0x00, 0x0a, 0x00, 0x00, 0x00, 0xf9, 0x00, 0x02, 0x00, 0xe1, 0x07, 0x00, 0x00,
    0xf8, 0x00, 0x02, 0x00, 0xe1, 0x07, 0x00, 0x00, 0xf5, 0x00, 0x07, 0x00, 0x09, 0x00, 0x00, 0x00,
    0xe6, 0x07, 0x00, 0x00, 0xe5, 0x07, 0x00, 0x00, 0xe2, 0x07, 0x00, 0x00, 0xe4, 0x07, 0x00, 0x00,
    0xe3, 0x07, 0x00, 0x00, 0x82, 0x00, 0x05, 0x00, 0x09, 0x00, 0x00, 0x00, 0xe7, 0x07, 0x00, 0x00,
    0x0e, 0x00, 0x00, 0x00, 0xe6, 0x07, 0x00, 0x00, 0xc7, 0x00, 0x05, 0x00, 0x09, 0x00, 0x00, 0x00,
    0xe8, 0x07, 0x00, 0x00, 0xe7, 0x07, 0x00, 0x00, 0x27, 0x00, 0x00, 0x00, 0x7c, 0x00, 0x04, 0x00,
    0x0c, 0x00, 0x00, 0x00, 0xe9, 0x07, 0x00, 0x00, 0xe8, 0x07, 0x00, 0x00, 0xf9, 0x00, 0x02, 0x00,
    0xd4, 0x07, 0x00, 0x00, 0xf8, 0x00, 0x02, 0x00, 0xd4, 0x07, 0x00, 0x00, 0xf5, 0x00, 0x07, 0x00,
    0x0c, 0x00, 0x00, 0x00, 0xea, 0x07, 0x00, 0x00, 0xe9, 0x07, 0x00, 0x00, 0xe1, 0x07, 0x00, 0x00,
    0xd9, 0x07, 0x00, 0x00, 0xd6, 0x07, 0x00, 0x00, 0x80, 0x00, 0x05, 0x00, 0x0c, 0x00, 0x00, 0x00,
    0xeb, 0x07, 0x00, 0x00, 0x8e, 0x05, 0x00, 0x00, 0xea, 0x07, 0x00, 0x00, 0xc7, 0x00, 0x05, 0x00,
    0x09, 0x00, 0x00, 0x00, 0xec, 0x07, 0x00, 0x00, 0xab, 0x07, 0x00, 0x00, 0x27, 0x00, 0x00, 0x00,
    0x7c, 0x00, 0x04, 0x00, 0x0c, 0x00, 0x00, 0x00, 0xed, 0x07, 0x00, 0x00, 0xec, 0x07, 0x00, 0x00,
    0x80, 0x00, 0x05, 0x00, 0x0c, 0x00, 0x00, 0x00, 0xee, 0x07, 0x00, 0x00, 0xed, 0x07, 0x00, 0x00,
    0x8d, 0x05, 0x00, 0x00, 0xc7, 0x00, 0x05, 0x00, 0x0c, 0x00, 0x00, 0x00, 0xef, 0x07, 0x00, 0x00,
    0xee, 0x07, 0x00, 0x00, 0x32, 0x00, 0x00, 0x00, 0x7c, 0x00, 0x04, 0x00, 0x09, 0x00, 0x00, 0x00,
    0xf0, 0x07, 0x00, 0x00, 0xef, 0x07, 0x00, 0x00, 0x84, 0x00, 0x05, 0x00, 0x09, 0x00, 0x00, 0x00,
    0xf1, 0x07, 0x00, 0x00, 0xf0, 0x07, 0x00, 0x00, 0x28, 0x00, 0x00, 0x00, 0x80, 0x00, 0x05, 0x00,
    0x09, 0x00, 0x00, 0x00, 0xf2, 0x07, 0x00, 0x00, 0x42, 0x00, 0x00, 0x00, 0xf1, 0x07, 0x00, 0x00,
    0xc7, 0x00, 0x05, 0x00, 0x0c, 0x00, 0x00, 0x00, 0xf3, 0x07, 0x00, 0x00, 0xeb, 0x07, 0x00, 0x00,
    0x32, 0x00, 0x00, 0x00, 0x7c, 0x00, 0x04, 0x00, 0x09, 0x00, 0x00, 0x00, 0xf4, 0x07, 0x00, 0x00,
    0xf3, 0x07, 0x00, 0x00, 0x80, 0x00, 0x05, 0x00, 0x09, 0x00, 0x00, 0x00, 0xf5, 0x07, 0x00, 0x00,
    0xf2, 0x07, 0x00, 0x00, 0xf4, 0x07, 0x00, 0x00, 0xc2, 0x00, 0x05, 0x00, 0x09, 0x00, 0x00, 0x00,
    0xf6, 0x07, 0x00, 0x00, 0xf5, 0x07, 0x00, 0x00, 0x12, 0x00, 0x00, 0x00, 0x41, 0x00, 0x06, 0x00,
    0x38, 0x00, 0x00, 0x00, 0xf7, 0x07, 0x00, 0x00, 0x06, 0x00, 0x00, 0x00, 0x11, 0x00, 0x00, 0x00,
    0xf6, 0x07, 0x00, 0x00, 0x3d, 0x00, 0x04, 0x00, 0x09, 0x00, 0x00, 0x00, 0xf8, 0x07, 0x00, 0x00,
    0xf7, 0x07, 0x00, 0x00, 0xc7, 0x00, 0x05, 0x00, 0x09, 0x00, 0x00, 0x00, 0xf9, 0x07, 0x00, 0x00,
    0xf5, 0x07, 0x00, 0x00, 0x12, 0x00, 0x00, 0x00, 0xab, 0x00, 0x05, 0x00, 0x15, 0x00, 0x00, 0x00,
    0xfa, 0x07, 0x00, 0x00, 0xf9, 0x07, 0x00, 0x00, 0x0e, 0x00, 0x00, 0x00, 0xf7, 0x00, 0x03, 0x00,
    0xfb, 0x07, 0x00, 0x00, 0x00, 0x00, 0x00, 0x00, 0xfa, 0x00, 0x04, 0x00, 0xfa, 0x07, 0x00, 0x00,
    0xfc, 0x07, 0x00, 0x00, 0xfd, 0x07, 0x00, 0x00, 0xf8, 0x00, 0x02, 0x00, 0xfd, 0x07, 0x00, 0x00,
    0xc7, 0x00, 0x05, 0x00, 0x09, 0x00, 0x00, 0x00, 0xfe, 0x07, 0x00, 0x00, 0xf8, 0x07, 0x00, 0x00,
    0x30, 0x00, 0x00, 0x00, 0xf9, 0x00, 0x02, 0x00, 0xfb, 0x07, 0x00, 0x00, 0xf8, 0x00, 0x02, 0x00,
    0xfc, 0x07, 0x00, 0x00, 0xc2, 0x00, 0x05, 0x00, 0x09, 0x00, 0x00, 0x00, 0xff, 0x07, 0x00, 0x00,
    0xf8, 0x07, 0x00, 0x00, 0x0a, 0x00, 0x00, 0x00, 0xf9, 0x00, 0x02, 0x00, 0xfb, 0x07, 0x00, 0x00,
    0xf8, 0x00, 0x02, 0x00, 0xfb, 0x07, 0x00, 0x00, 0xf5, 0x00, 0x07, 0x00, 0x09, 0x00, 0x00, 0x00,
    0x00, 0x08, 0x00, 0x00, 0xff, 0x07, 0x00, 0x00, 0xfc, 0x07, 0x00, 0x00, 0xfe, 0x07, 0x00, 0x00,
    0xfd, 0x07, 0x00, 0x00, 0xc7, 0x00, 0x05, 0x00, 0x09, 0x00, 0x00, 0x00, 0x01, 0x08, 0x00, 0x00,
    0x00, 0x08, 0x00, 0x00, 0x2b, 0x00, 0x00, 0x00, 0xf9, 0x00, 0x02, 0x00, 0xa6, 0x07, 0x00, 0x00,
    0xf8, 0x00, 0x02, 0x00, 0xa6, 0x07, 0x00, 0x00, 0xf5, 0x00, 0x0b, 0x00, 0x09, 0x00, 0x00, 0x00,
    0x02, 0x08, 0x00, 0x00, 0x0e, 0x00, 0x00, 0x00, 0xb0, 0x07, 0x00, 0x00, 0x0e, 0x00, 0x00, 0x00,
    0xb4, 0x07, 0x00, 0x00, 0x0e, 0x00, 0x00, 0x00, 0xd1, 0x07, 0x00, 0x00, 0x01, 0x08, 0x00, 0x00,
    0xfb, 0x07, 0x00, 0x00, 0xf5, 0x00, 0x0b, 0x00, 0x15, 0x00, 0x00, 0x00, 0x03, 0x08, 0x00, 0x00,
    0x16, 0x00, 0x00, 0x00, 0xb0, 0x07, 0x00, 0x00, 0x16, 0x00, 0x00, 0x00, 0xb4, 0x07, 0x00, 0x00,
    0x16, 0x00, 0x00, 0x00, 0xd1, 0x07, 0x00, 0x00, 0x20, 0x00, 0x00, 0x00, 0xfb, 0x07, 0x00, 0x00,
    0xf7, 0x00, 0x03, 0x00, 0x04, 0x08, 0x00, 0x00, 0x00, 0x00, 0x00, 0x00, 0xfa, 0x00, 0x04, 0x00,
    0x03, 0x08, 0x00, 0x00, 0x05, 0x08, 0x00, 0x00, 0x04, 0x08, 0x00, 0x00, 0xf8, 0x00, 0x02, 0x00,
    0x05, 0x08, 0x00, 0x00, 0xf9, 0x00, 0x02, 0x00, 0x8f, 0x05, 0x00, 0x00, 0xf8, 0x00, 0x02, 0x00,
    0x04, 0x08, 0x00, 0x00, 0xf9, 0x00, 0x02, 0x00, 0x8f, 0x05, 0x00, 0x00, 0xf8, 0x00, 0x02, 0x00,
    0x8f, 0x05, 0x00, 0x00, 0xf5, 0x00, 0x0d, 0x00, 0x09, 0x00, 0x00, 0x00, 0x06, 0x08, 0x00, 0x00,
    0x68, 0x06, 0x00, 0x00, 0x6b, 0x06, 0x00, 0x00, 0xd1, 0x06, 0x00, 0x00, 0xd4, 0x06, 0x00, 0x00,
    0xa2, 0x07, 0x00, 0x00, 0xa5, 0x07, 0x00, 0x00, 0x02, 0x08, 0x00, 0x00, 0x05, 0x08, 0x00, 0x00,
    0x0e, 0x00, 0x00, 0x00, 0x04, 0x08, 0x00, 0x00, 0x80, 0x00, 0x05, 0x00, 0x09, 0x00, 0x00, 0x00,
    0x07, 0x08, 0x00, 0x00, 0x0a, 0x00, 0x00, 0x00, 0x06, 0x08, 0x00, 0x00, 0x41, 0x00, 0x06, 0x00,
    0x38, 0x00, 0x00, 0x00, 0x08, 0x08, 0x00, 0x00, 0x07, 0x00, 0x00, 0x00, 0x11, 0x00, 0x00, 0x00,
    0x07, 0x08, 0x00, 0x00, 0x3d, 0x00, 0x04, 0x00, 0x09, 0x00, 0x00, 0x00, 0x09, 0x08, 0x00, 0x00,
    0x08, 0x08, 0x00, 0x00, 0xc2, 0x00, 0x05, 0x00, 0x09, 0x00, 0x00, 0x00, 0x0a, 0x08, 0x00, 0x00,
    0x09, 0x08, 0x00, 0x00, 0x0a, 0x00, 0x00, 0x00, 0xc7, 0x00, 0x05, 0x00, 0x09, 0x00, 0x00, 0x00,
    0x0b, 0x08, 0x00, 0x00, 0x0a, 0x08, 0x00, 0x00, 0x1e, 0x00, 0x00, 0x00, 0x70, 0x00, 0x04, 0x00,
    0x17, 0x00, 0x00, 0x00, 0x0c, 0x08, 0x00, 0x00, 0x0b, 0x08, 0x00, 0x00, 0xc2, 0x00, 0x05, 0x00,
    0x09, 0x00, 0x00, 0x00, 0x0d, 0x08, 0x00, 0x00, 0x09, 0x08, 0x00, 0x00, 0x10, 0x00, 0x00, 0x00,
    0xc7, 0x00, 0x05, 0x00, 0x09, 0x00, 0x00, 0x00, 0x0e, 0x08, 0x00, 0x00, 0x0d, 0x08, 0x00, 0x00,
    0x1e, 0x00, 0x00, 0x00, 0x70, 0x00, 0x04, 0x00, 0x17, 0x00, 0x00, 0x00, 0x0f, 0x08, 0x00, 0x00,
    0x0e, 0x08, 0x00, 0x00, 0xc7, 0x00, 0x05, 0x00, 0x09, 0x00, 0x00, 0x00, 0x10, 0x08, 0x00, 0x00,
    0x09, 0x08, 0x00, 0x00, 0x1e, 0x00, 0x00, 0x00, 0x70, 0x00, 0x04, 0x00, 0x17, 0x00, 0x00, 0x00,
    0x11, 0x08, 0x00, 0x00, 0x10, 0x08, 0x00, 0x00, 0x50, 0x00, 0x07, 0x00, 0x23, 0x00, 0x00, 0x00,
    0x12, 0x08, 0x00, 0x00, 0x0c, 0x08, 0x00, 0x00, 0x0f, 0x08, 0x00, 0x00, 0x11, 0x08, 0x00, 0x00,
    0x22, 0x00, 0x00, 0x00, 0x85, 0x00, 0x05, 0x00, 0x23, 0x00, 0x00, 0x00, 0x13, 0x08, 0x00, 0x00,
    0x12, 0x08, 0x00, 0x00, 0x44, 0x00, 0x00, 0x00, 0xf9, 0x00, 0x02, 0x00, 0x47, 0x00, 0x00, 0x00,
    0xf8, 0x00, 0x02, 0x00, 0x47, 0x00, 0x00, 0x00, 0xf5, 0x00, 0x07, 0x00, 0x23, 0x00, 0x00, 0x00,
    0x14, 0x08, 0x00, 0x00, 0x7d, 0x05, 0x00, 0x00, 0x65, 0x05, 0x00, 0x00, 0x13, 0x08, 0x00, 0x00,
    0x8f, 0x05, 0x00, 0x00, 0x3e, 0x00, 0x03, 0x00, 0x04, 0x00, 0x00, 0x00, 0x14, 0x08, 0x00, 0x00,
    0xfd, 0x00, 0x01, 0x00, 0x38, 0x00, 0x01, 0x00
};

static const unsigned char k_ps_tiles_back_dxil[] = {
    0x44, 0x58, 0x42, 0x43, 0x67, 0x45, 0x5a, 0xf8, 0x3a, 0xe4, 0x02, 0x0f, 0x51, 0xfe, 0x0a, 0xfa,
    0xf6, 0xdf, 0x92, 0xcf, 0x01, 0x00, 0x00, 0x00, 0x90, 0x28, 0x00, 0x00, 0x07, 0x00, 0x00, 0x00,
    0x3c, 0x00, 0x00, 0x00, 0x4c, 0x00, 0x00, 0x00, 0xb4, 0x00, 0x00, 0x00, 0xf0, 0x00, 0x00, 0x00,
    0xe0, 0x01, 0x00, 0x00, 0xc8, 0x08, 0x00, 0x00, 0xe4, 0x08, 0x00, 0x00, 0x53, 0x46, 0x49, 0x30,
    0x08, 0x00, 0x00, 0x00, 0x00, 0x00, 0x00, 0x00, 0x00, 0x00, 0x00, 0x00, 0x49, 0x53, 0x47, 0x31,
    0x60, 0x00, 0x00, 0x00, 0x02, 0x00, 0x00, 0x00, 0x08, 0x00, 0x00, 0x00, 0x00, 0x00, 0x00, 0x00,
    0x48, 0x00, 0x00, 0x00, 0x00, 0x00, 0x00, 0x00, 0x01, 0x00, 0x00, 0x00, 0x03, 0x00, 0x00, 0x00,
    0x00, 0x00, 0x00, 0x00, 0x0f, 0x03, 0x00, 0x00, 0x00, 0x00, 0x00, 0x00, 0x00, 0x00, 0x00, 0x00,
    0x54, 0x00, 0x00, 0x00, 0x00, 0x00, 0x00, 0x00, 0x00, 0x00, 0x00, 0x00, 0x03, 0x00, 0x00, 0x00,
    0x01, 0x00, 0x00, 0x00, 0x03, 0x00, 0x00, 0x00, 0x00, 0x00, 0x00, 0x00, 0x53, 0x56, 0x5f, 0x50,
    0x6f, 0x73, 0x69, 0x74, 0x69, 0x6f, 0x6e, 0x00, 0x54, 0x45, 0x58, 0x43, 0x4f, 0x4f, 0x52, 0x44,
    0x00, 0x00, 0x00, 0x00, 0x4f, 0x53, 0x47, 0x31, 0x34, 0x00, 0x00, 0x00, 0x01, 0x00, 0x00, 0x00,
    0x08, 0x00, 0x00, 0x00, 0x00, 0x00, 0x00, 0x00, 0x28, 0x00, 0x00, 0x00, 0x00, 0x00, 0x00, 0x00,
    0x40, 0x00, 0x00, 0x00, 0x03, 0x00, 0x00, 0x00, 0x00, 0x00, 0x00, 0x00, 0x0f, 0x00, 0x00, 0x00,
    0x00, 0x00, 0x00, 0x00, 0x53, 0x56, 0x5f, 0x54, 0x61, 0x72, 0x67, 0x65, 0x74, 0x00, 0x00, 0x00,
    0x50, 0x53, 0x56, 0x30, 0xe8, 0x00, 0x00, 0x00, 0x34, 0x00, 0x00, 0x00, 0x00, 0x00, 0x00, 0x00,
    0x00, 0x00, 0x00, 0x00, 0x00, 0x00, 0x00, 0x00, 0x00, 0x00, 0x00, 0x00, 0x00, 0x00, 0x00, 0x00,
    0xff, 0xff, 0xff, 0xff, 0x00, 0x00, 0x00, 0x00, 0x02, 0x01, 0x00, 0x02, 0x01, 0x00, 0x00, 0x00,
    0x00, 0x00, 0x00, 0x00, 0x00, 0x00, 0x00, 0x00, 0x00, 0x00, 0x00, 0x00, 0x0a, 0x00, 0x00, 0x00,
    0x02, 0x00, 0x00, 0x00, 0x18, 0x00, 0x00, 0x00, 0x05, 0x00, 0x00, 0x00, 0x02, 0x00, 0x00, 0x00,
    0x00, 0x00, 0x00, 0x00, 0x00, 0x00, 0x00, 0x00, 0x0c, 0x00, 0x00, 0x00, 0x00, 0x00, 0x00, 0x00,
    0x05, 0x00, 0x00, 0x00, 0x02, 0x00, 0x00, 0x00, 0x01, 0x00, 0x00, 0x00, 0x01, 0x00, 0x00, 0x00,
    0x0c, 0x00, 0x00, 0x00, 0x00, 0x00, 0x00, 0x00, 0x18, 0x00, 0x00, 0x00, 0x00, 0x54, 0x45, 0x58,
    0x43, 0x4f, 0x4f, 0x52, 0x44, 0x00, 0x70, 0x73, 0x5f, 0x74, 0x69, 0x6c, 0x65, 0x73, 0x5f, 0x62,
    0x61, 0x63, 0x6b, 0x00, 0x01, 0x00, 0x00, 0x00, 0x00, 0x00, 0x00, 0x00, 0x10, 0x00, 0x00, 0x00,
    0x00, 0x00, 0x00, 0x00, 0x00, 0x00, 0x00, 0x00, 0x01, 0x00, 0x44, 0x03, 0x03, 0x04, 0x00, 0x00,
    0x01, 0x00, 0x00, 0x00, 0x00, 0x00, 0x00, 0x00, 0x01, 0x01, 0x42, 0x00, 0x03, 0x02, 0x00, 0x00,
    0x00, 0x00, 0x00, 0x00, 0x00, 0x00, 0x00, 0x00, 0x01, 0x00, 0x44, 0x10, 0x03, 0x00, 0x00, 0x00,
    0x07, 0x00, 0x00, 0x00, 0x07, 0x00, 0x00, 0x00, 0x00, 0x00, 0x00, 0x00, 0x00, 0x00, 0x00, 0x00,
    0x00, 0x00, 0x00, 0x00, 0x00, 0x00, 0x00, 0x00, 0x00, 0x00, 0x00, 0x00, 0x00, 0x00, 0x00, 0x00,
    0x53, 0x54, 0x41, 0x54, 0xe0, 0x06, 0x00, 0x00, 0x60, 0x00, 0x00, 0x00, 0xb8, 0x01, 0x00, 0x00,
    0x44, 0x58, 0x49, 0x4c, 0x00, 0x01, 0x00, 0x00, 0x10, 0x00, 0x00, 0x00, 0xc8, 0x06, 0x00, 0x00,
    0x42, 0x43, 0xc0, 0xde, 0x21, 0x0c, 0x00, 0x00, 0xaf, 0x01, 0x00, 0x00, 0x0b, 0x82, 0x20, 0x00,
    0x02, 0x00, 0x00, 0x00, 0x13, 0x00, 0x00, 0x00, 0x07, 0x81, 0x23, 0x91, 0x41, 0xc8, 0x04, 0x49,
    0x06, 0x10, 0x32, 0x39, 0x92, 0x01, 0x84, 0x0c, 0x25, 0x05, 0x08, 0x19, 0x1e, 0x04, 0x8b, 0x62,
    0x80, 0x14, 0x45, 0x02, 0x42, 0x92, 0x0b, 0x42, 0xa4, 0x10, 0x32, 0x14, 0x38, 0x08, 0x18, 0x4b,
    0x0a, 0x32, 0x52, 0x88, 0x48, 0x90, 0x14, 0x20, 0x43, 0x46, 0x88, 0xa5, 0x00, 0x19, 0x32, 0x42,
    0xe4, 0x48, 0x0e, 0x90, 0x91, 0x22, 0xc4, 0x50, 0x41, 0x51, 0x81, 0x8c, 0xe1, 0x83, 0xe5, 0x8a,
    0x04, 0x29, 0x46, 0x06, 0x51, 0x18, 0x00, 0x00, 0x08, 0x00, 0x00, 0x00, 0x1b, 0x8c, 0xe0, 0xff,
    0xff, 0xff, 0xff, 0x07, 0x40, 0x02, 0xa8, 0x0d, 0x84, 0xf0, 0xff, 0xff, 0xff, 0xff, 0x03, 0x20,
    0x6d, 0x30, 0x86, 0xff, 0xff, 0xff, 0xff, 0x1f, 0x00, 0x09, 0xa8, 0x00, 0x49, 0x18, 0x00, 0x00,
    0x03, 0x00, 0x00, 0x00, 0x13, 0x82, 0x60, 0x42, 0x20, 0x4c, 0x08, 0x06, 0x00, 0x00, 0x00, 0x00,
    0x89, 0x20, 0x00, 0x00, 0x2f, 0x00, 0x00, 0x00, 0x32, 0x22, 0x48, 0x09, 0x20, 0x64, 0x85, 0x04,
    0x93, 0x22, 0xa4, 0x84, 0x04, 0x93, 0x22, 0xe3, 0x84, 0xa1, 0x90, 0x14, 0x12, 0x4c, 0x8a, 0x8c,
    0x0b, 0x84, 0xa4, 0x4c, 0x10, 0x6c, 0x23, 0x00, 0x25, 0x00, 0x14, 0x66, 0x00, 0xe6, 0x08, 0xc0,
    0x60, 0x8e, 0x00, 0x29, 0xc6, 0x20, 0x84, 0x14, 0x42, 0xa6, 0x18, 0x80, 0x10, 0x52, 0x06, 0xa1,
    0x42, 0x0c, 0x32, 0x06, 0xa9, 0x42, 0x10, 0x42, 0x08, 0x31, 0x2a, 0xf7, 0x0c, 0x97, 0x3f, 0x61,
    0x0f, 0x21, 0xf9, 0x21, 0xd0, 0x0c, 0x0b, 0x81, 0x02, 0x37, 0x47, 0x10, 0x14, 0xe3, 0x91, 0x42,
    0x08, 0xa4, 0x78, 0xd3, 0x70, 0xf9, 0x13, 0xf6, 0x10, 0x92, 0xbf, 0x12, 0xd2, 0x4a, 0x4c, 0x3e,
    0x72, 0xdb, 0xa8, 0x20, 0x84, 0x10, 0x52, 0x8a, 0x49, 0x1e, 0x21, 0x44, 0x07, 0x02, 0x66, 0x22,
    0x83, 0x71, 0x60, 0x87, 0x70, 0x98, 0x87, 0x79, 0x70, 0x83, 0x59, 0xa0, 0x07, 0x79, 0xa8, 0x87,
    0x71, 0xa0, 0x87, 0x7a, 0x90, 0x87, 0x72, 0x20, 0x07, 0x51, 0xa8, 0x07, 0x73, 0x30, 0x87, 0x72,
    0x90, 0x07, 0x3e, 0xa8, 0x07, 0x77, 0x98, 0x87, 0x74, 0x38, 0x07, 0x77, 0x28, 0x07, 0x72, 0x00,
    0x83, 0x74, 0x70, 0x07, 0x7a, 0xf0, 0x03, 0x14, 0x10, 0xba, 0x89, 0x40, 0xe6, 0x08, 0x40, 0x01,
    0x00, 0x00, 0x00, 0x00, 0x13, 0x14, 0x72, 0xc0, 0x87, 0x74, 0x60, 0x87, 0x36, 0x68, 0x87, 0x79,
    0x68, 0x03, 0x72, 0xc0, 0x87, 0x0d, 0xaf, 0x50, 0x0e, 0x6d, 0xd0, 0x0e, 0x7a, 0x50, 0x0e, 0x6d,
    0x00, 0x0f, 0x7a, 0x30, 0x07, 0x72, 0xa0, 0x07, 0x73, 0x20, 0x07, 0x6d, 0x90, 0x0e, 0x71, 0xa0,
    0x07, 0x73, 0x20, 0x07, 0x6d, 0x90, 0x0e, 0x78, 0xa0, 0x07, 0x73, 0x20, 0x07, 0x6d, 0x90, 0x0e,
    0x71, 0x60, 0x07, 0x7a, 0x30, 0x07, 0x72, 0xd0, 0x06, 0xe9, 0x30, 0x07, 0x72, 0xa0, 0x07, 0x73,
    0x20, 0x07, 0x6d, 0x90, 0x0e, 0x76, 0x40, 0x07, 0x7a, 0x60, 0x07, 0x74, 0xd0, 0x06, 0xe6, 0x10,
    0x07, 0x76, 0xa0, 0x07, 0x73, 0x20, 0x07, 0x6d, 0x60, 0x0e, 0x73, 0x20, 0x07, 0x7a, 0x30, 0x07,
    0x72, 0xd0, 0x06, 0xe6, 0x60, 0x07, 0x74, 0xa0, 0x07, 0x76, 0x40, 0x07, 0x6d, 0xe0, 0x0e, 0x78,
    0xa0, 0x07, 0x71, 0x60, 0x07, 0x7a, 0x30, 0x07, 0x72, 0xa0, 0x07, 0x76, 0x40, 0x07, 0x43, 0x9e,
    0x00, 0x08, 0x00, 0x00, 0x00, 0x00, 0x00, 0x00, 0x00, 0x00, 0x00, 0x86, 0x3c, 0x06, 0x10, 0x00,
    0x01, 0x00, 0x00, 0x00, 0x00, 0x00, 0x00, 0x00, 0x0c, 0x79, 0x10, 0x20, 0x00, 0x04, 0x00, 0x00,
    0x00, 0x00, 0x00, 0x00, 0x00, 0x18, 0xf2, 0x28, 0x40, 0x00, 0x04, 0x00, 0x00, 0x00, 0x00, 0x00,
    0x00, 0x00, 0x30, 0xe4, 0x61, 0x80, 0x00, 0x08, 0x00, 0x00, 0x00, 0x00, 0x00, 0x00, 0x00, 0x60,
    0xc8, 0x13, 0x01, 0x01, 0x30, 0x00, 0x00, 0x00, 0x00, 0x00, 0x00, 0x00, 0xc0, 0x90, 0x87, 0x02,
    0x02, 0x60, 0x00, 0x00, 0x00, 0x00, 0x00, 0x00, 0x00, 0x80, 0x2c, 0x10, 0x13, 0x00, 0x00, 0x00,
    0x32, 0x1e, 0x98, 0x18, 0x19, 0x11, 0x4c, 0x90, 0x8c, 0x09, 0x26, 0x47, 0xc6, 0x04, 0x43, 0x22,
    0x25, 0x30, 0x02, 0x50, 0x0c, 0x45, 0x50, 0x18, 0x85, 0x50, 0x06, 0xe5, 0x50, 0x0a, 0x33, 0x00,
    0xe5, 0x51, 0x90, 0x01, 0x25, 0x55, 0xd8, 0x14, 0x25, 0x4d, 0x50, 0x7e, 0x85, 0x9a, 0x40, 0xa5,
    0x24, 0xca, 0xa0, 0x10, 0x46, 0x00, 0x8a, 0xa0, 0x40, 0x48, 0x17, 0x08, 0xe1, 0x19, 0x00, 0xca,
    0x63, 0x21, 0x06, 0x71, 0x1c, 0x00, 0x00, 0x00, 0x74, 0x67, 0x00, 0x00, 0x79, 0x18, 0x00, 0x00,
    0x97, 0x00, 0x00, 0x00, 0x1a, 0x03, 0x4c, 0x90, 0x46, 0x02, 0x13, 0xc4, 0x8e, 0x0c, 0x6f, 0xec,
    0xed, 0x4d, 0x0c, 0x24, 0xc6, 0x25, 0xc7, 0x45, 0xc6, 0x06, 0x26, 0xc7, 0xa5, 0x06, 0x04, 0x05,
    0x26, 0x46, 0xcc, 0x46, 0x26, 0x8c, 0x8c, 0xe6, 0x26, 0x65, 0x43, 0x10, 0x4c, 0x10, 0x88, 0x63,
    0x82, 0x40, 0x20, 0x1b, 0x84, 0x81, 0xd8, 0x20, 0x10, 0x04, 0x05, 0xb8, 0xb9, 0x09, 0x02, 0x91,
    0x6c, 0x18, 0x0e, 0x84, 0x98, 0x20, 0x60, 0x1f, 0x0f, 0xba, 0x34, 0xb6, 0x32, 0xb8, 0x34, 0xbc,
    0x09, 0x02, 0xa1, 0x4c, 0x10, 0x88, 0x65, 0x82, 0x40, 0x30, 0x1b, 0x84, 0xc1, 0xd9, 0x90, 0x10,
    0xca, 0xc2, 0x10, 0x43, 0x43, 0x3c, 0x44, 0xe8, 0xd2, 0xd8, 0xca, 0xc8, 0xc2, 0xe8, 0xc2, 0x36,
    0x24, 0x83, 0x12, 0x31, 0xc3, 0xd0, 0x10, 0xcf, 0x06, 0x01, 0x92, 0x36, 0x10, 0x13, 0x00, 0x00,
    0x13, 0x84, 0x2b, 0x0c, 0x18, 0xa0, 0x4d, 0x10, 0x88, 0x66, 0x82, 0x40, 0x38, 0x13, 0x04, 0xe2,
    0xd9, 0x60, 0x20, 0xd6, 0x45, 0x60, 0xd9, 0x04, 0x81, 0x80, 0x36, 0x08, 0xc4, 0xb6, 0x21, 0xe0,
    0x36, 0x08, 0x44, 0xb7, 0x61, 0x70, 0x34, 0x6f, 0xc3, 0x40, 0x54, 0xdf, 0x04, 0x41, 0x00, 0x36,
    0x00, 0x1b, 0x06, 0x42, 0x0c, 0xc4, 0x60, 0x43, 0x30, 0x06, 0x1b, 0x86, 0x21, 0x0c, 0xc8, 0x60,
    0x82, 0x90, 0x81, 0xc1, 0x86, 0xc0, 0x0c, 0xd8, 0xc0, 0xcd, 0x7d, 0xd1, 0xa5, 0xb1, 0x95, 0xcd,
    0x7d, 0x89, 0x85, 0x8d, 0xad, 0x71, 0x99, 0xb2, 0xfa, 0x82, 0x7a, 0x9b, 0x4b, 0xa3, 0x4b, 0x7b,
    0x73, 0x9b, 0x20, 0x14, 0xd8, 0x04, 0xa1, 0xc8, 0x36, 0x04, 0xc4, 0x04, 0xa1, 0xd0, 0x26, 0x08,
    0xc5, 0xb6, 0x41, 0xb8, 0xae, 0x0d, 0x0b, 0x91, 0x06, 0x6a, 0xb0, 0x06, 0x6c, 0xd0, 0x06, 0x43,
    0x1b, 0x10, 0x6e, 0xf0, 0x06, 0x44, 0xa8, 0x8a, 0xb0, 0x86, 0x9e, 0x9e, 0xa4, 0x88, 0x26, 0x08,
    0x05, 0xb7, 0x61, 0x19, 0xe2, 0x40, 0x0d, 0xdc, 0x80, 0x0d, 0xe4, 0x60, 0x90, 0x83, 0xc1, 0x0d,
    0x80, 0x0d, 0x02, 0x1c, 0xcc, 0x01, 0x93, 0x29, 0xab, 0x2f, 0xaa, 0x30, 0xb9, 0xb3, 0x32, 0xba,
    0x09, 0x42, 0xd1, 0x4d, 0x10, 0x88, 0x68, 0x83, 0x70, 0xdd, 0xc1, 0x86, 0x85, 0xa8, 0x03, 0x35,
    0xb0, 0x03, 0x36, 0x70, 0x83, 0xa1, 0x0d, 0x08, 0x37, 0xc0, 0x83, 0x0d, 0x41, 0x1e, 0x6c, 0x18,
    0xe8, 0x40, 0x0f, 0x80, 0x09, 0x82, 0xe6, 0x6d, 0x10, 0x08, 0x3e, 0xd8, 0x50, 0x84, 0x01, 0x1a,
    0xec, 0x01, 0xd5, 0x07, 0x44, 0xc4, 0xe4, 0xc2, 0xdc, 0xc6, 0xd0, 0xca, 0xe6, 0x26, 0x08, 0x84,
    0x44, 0xc3, 0x8c, 0xed, 0x2d, 0x8c, 0x6e, 0x6e, 0x82, 0x40, 0x4c, 0x2c, 0xd2, 0xdc, 0xe6, 0xe8,
    0xe6, 0x26, 0x08, 0x04, 0x45, 0x22, 0xcd, 0x8d, 0x6e, 0x6e, 0x82, 0x40, 0x54, 0x34, 0xe6, 0xd2,
    0xce, 0xbe, 0xd8, 0xc8, 0x68, 0xcc, 0xa5, 0x9d, 0x7d, 0xcd, 0xd1, 0x11, 0xa1, 0x2b, 0xc3, 0xfb,
    0x62, 0x7b, 0x0b, 0x23, 0x9b, 0x20, 0x10, 0x16, 0x8b, 0xba, 0x34, 0x37, 0xba, 0xb9, 0x09, 0x02,
    0x71, 0x6d, 0x80, 0xfe, 0x00, 0x14, 0x42, 0x41, 0x14, 0x46, 0x81, 0x14, 0x4a, 0xc1, 0x14, 0x4e,
    0x81, 0x41, 0x05, 0x27, 0x15, 0x54, 0x61, 0x15, 0x58, 0xa1, 0x0a, 0x1b, 0x9b, 0x5d, 0x9b, 0x4b,
    0x1a, 0x59, 0x99, 0x1b, 0xdd, 0x94, 0x20, 0xa8, 0x42, 0x86, 0xe7, 0x62, 0x57, 0x26, 0x37, 0x97,
    0xf6, 0xe6, 0x36, 0x25, 0x20, 0x9a, 0x90, 0xe1, 0xb9, 0xd8, 0x85, 0xb1, 0xd9, 0x95, 0xc9, 0x4d,
    0x09, 0x8a, 0x3a, 0x64, 0x78, 0x2e, 0x73, 0x68, 0x61, 0x64, 0x65, 0x72, 0x4d, 0x6f, 0x64, 0x65,
    0x6c, 0x53, 0x02, 0xa4, 0x0c, 0x19, 0x9e, 0x8b, 0x5c, 0xd9, 0xdc, 0x5b, 0x9d, 0xdc, 0x58, 0xd9,
    0xdc, 0x94, 0x60, 0xaa, 0x44, 0x86, 0xe7, 0x42, 0x97, 0x07, 0x57, 0x16, 0xe4, 0xe6, 0xf6, 0x46,
    0x17, 0x46, 0x97, 0xf6, 0xe6, 0x36, 0x37, 0x45, 0xf8, 0xc8, 0xa0, 0x0e, 0x19, 0x9e, 0x8b, 0x5d,
    0x5a, 0xd9, 0x5d, 0x12, 0xd9, 0x14, 0x5d, 0x18, 0x5d, 0xd9, 0x94, 0xc0, 0x0c, 0xea, 0x90, 0xe1,
    0xb9, 0x94, 0xb9, 0xd1, 0xc9, 0xe5, 0x41, 0xbd, 0xa5, 0xb9, 0xd1, 0xcd, 0x4d, 0x09, 0xfa, 0xa0,
    0x0b, 0x19, 0x9e, 0xcb, 0xd8, 0x5b, 0x9d, 0x1b, 0x5d, 0x99, 0xdc, 0xdc, 0x94, 0x80, 0x15, 0x00,
    0x79, 0x18, 0x00, 0x00, 0x51, 0x00, 0x00, 0x00, 0x33, 0x08, 0x80, 0x1c, 0xc4, 0xe1, 0x1c, 0x66,
    0x14, 0x01, 0x3d, 0x88, 0x43, 0x38, 0x84, 0xc3, 0x8c, 0x42, 0x80, 0x07, 0x79, 0x78, 0x07, 0x73,
    0x98, 0x71, 0x0c, 0xe6, 0x00, 0x0f, 0xed, 0x10, 0x0e, 0xf4, 0x80, 0x0e, 0x33, 0x0c, 0x42, 0x1e,
    0xc2, 0xc1, 0x1d, 0xce, 0xa1, 0x1c, 0x66, 0x30, 0x05, 0x3d, 0x88, 0x43, 0x38, 0x84, 0x83, 0x1b,
    0xcc, 0x03, 0x3d, 0xc8, 0x43, 0x3d, 0x8c, 0x03, 0x3d, 0xcc, 0x78, 0x8c, 0x74, 0x70, 0x07, 0x7b,
    0x08, 0x07, 0x79, 0x48, 0x87, 0x70, 0x70, 0x07, 0x7a, 0x70, 0x03, 0x76, 0x78, 0x87, 0x70, 0x20,
    0x87, 0x19, 0xcc, 0x11, 0x0e, 0xec, 0x90, 0x0e, 0xe1, 0x30, 0x0f, 0x6e, 0x30, 0x0f, 0xe3, 0xf0,
    0x0e, 0xf0, 0x50, 0x0e, 0x33, 0x10, 0xc4, 0x1d, 0xde, 0x21, 0x1c, 0xd8, 0x21, 0x1d, 0xc2, 0x61,
    0x1e, 0x66, 0x30, 0x89, 0x3b, 0xbc, 0x83, 0x3b, 0xd0, 0x43, 0x39, 0xb4, 0x03, 0x3c, 0xbc, 0x83,
    0x3c, 0x84, 0x03, 0x3b, 0xcc, 0xf0, 0x14, 0x76, 0x60, 0x07, 0x7b, 0x68, 0x07, 0x37, 0x68, 0x87,
    0x72, 0x68, 0x07, 0x37, 0x80, 0x87, 0x70, 0x90, 0x87, 0x70, 0x60, 0x07, 0x76, 0x28, 0x07, 0x76,
    0xf8, 0x05, 0x76, 0x78, 0x87, 0x77, 0x80, 0x87, 0x5f, 0x08, 0x87, 0x71, 0x18, 0x87, 0x72, 0x98,
    0x87, 0x79, 0x98, 0x81, 0x2c, 0xee, 0xf0, 0x0e, 0xee, 0xe0, 0x0e, 0xf5, 0xc0, 0x0e, 0xec, 0x30,
    0x03, 0x62, 0xc8, 0xa1, 0x1c, 0xe4, 0xa1, 0x1c, 0xcc, 0xa1, 0x1c, 0xe4, 0xa1, 0x1c, 0xdc, 0x61,
    0x1c, 0xca, 0x21, 0x1c, 0xc4, 0x81, 0x1d, 0xca, 0x61, 0x06, 0xd6, 0x90, 0x43, 0x39, 0xc8, 0x43,
    0x39, 0x98, 0x43, 0x39, 0xc8, 0x43, 0x39, 0xb8, 0xc3, 0x38, 0x94, 0x43, 0x38, 0x88, 0x03, 0x3b,
    0x94, 0xc3, 0x2f, 0xbc, 0x83, 0x3c, 0xfc, 0x82, 0x3b, 0xd4, 0x03, 0x3b, 0xb0, 0xc3, 0x0c, 0xc4,
    0x21, 0x07, 0x7c, 0x70, 0x03, 0x7a, 0x28, 0x87, 0x76, 0x80, 0x87, 0x19, 0xd1, 0x43, 0x0e, 0xf8,
    0xe0, 0x06, 0xe4, 0x20, 0x0e, 0xe7, 0xe0, 0x06, 0xf6, 0x10, 0x0e, 0xf2, 0xc0, 0x0e, 0xe1, 0x90,
    0x0f, 0xef, 0x50, 0x0f, 0xf4, 0x30, 0x83, 0x81, 0xc8, 0x01, 0x1f, 0xdc, 0x40, 0x1c, 0xe4, 0xa1,
    0x1c, 0xc2, 0x61, 0x1d, 0xdc, 0x40, 0x1c, 0xe4, 0x01, 0x00, 0x00, 0x00, 0x71, 0x20, 0x00, 0x00,
    0x1c, 0x00, 0x00, 0x00, 0x36, 0x00, 0x0d, 0x97, 0xef, 0x3c, 0x7e, 0x80, 0x34, 0x40, 0x84, 0xf9,
    0xc5, 0x6d, 0x1b, 0x01, 0x34, 0x5c, 0xbe, 0xf3, 0xf8, 0x01, 0xd2, 0x00, 0x11, 0xe6, 0x23, 0xb7,
    0x6d, 0x06, 0xd4, 0x70, 0xf9, 0xce, 0xe3, 0x07, 0x54, 0x51, 0x10, 0x51, 0xe9, 0x00, 0x83, 0x8f,
    0xdc, 0xb6, 0x15, 0x48, 0xc3, 0xe5, 0x3b, 0x8f, 0x2f, 0x44, 0x04, 0x30, 0x11, 0x21, 0xd0, 0x0c,
    0x0b, 0x61, 0x01, 0xd3, 0x70, 0xf9, 0xce, 0xe3, 0x2f, 0x0e, 0x30, 0x88, 0xcd, 0x43, 0x4d, 0x7e,
    0x71, 0xdb, 0x26, 0x50, 0x0d, 0x97, 0xef, 0x3c, 0xbe, 0x34, 0x39, 0x11, 0x81, 0x52, 0xd3, 0x43,
    0x4d, 0x7e, 0x71, 0xdb, 0x06, 0xd0, 0x3c, 0xd2, 0x3f, 0x21, 0x0b, 0x21, 0xfd, 0x01, 0x20, 0x28,
    0x00, 0x00, 0x00, 0x00, 0x00, 0x00, 0x00, 0x00, 0x48, 0x41, 0x53, 0x48, 0x14, 0x00, 0x00, 0x00,
    0x00, 0x00, 0x00, 0x00, 0xd8, 0xe1, 0xe9, 0x6c, 0xd5, 0x75, 0xbe, 0xa0, 0x3e, 0x89, 0x35, 0x34,
    0xb6, 0x48, 0xd9, 0x25, 0x44, 0x58, 0x49, 0x4c, 0xa4, 0x1f, 0x00, 0x00, 0x60, 0x00, 0x00, 0x00,
    0xe9, 0x07, 0x00, 0x00, 0x44, 0x58, 0x49, 0x4c, 0x00, 0x01, 0x00, 0x00, 0x10, 0x00, 0x00, 0x00,
    0x8c, 0x1f, 0x00, 0x00, 0x42, 0x43, 0xc0, 0xde, 0x21, 0x0c, 0x00, 0x00, 0xe0, 0x07, 0x00, 0x00,
    0x0b, 0x82, 0x20, 0x00, 0x02, 0x00, 0x00, 0x00, 0x13, 0x00, 0x00, 0x00, 0x07, 0x81, 0x23, 0x91,
    0x41, 0xc8, 0x04, 0x49, 0x06, 0x10, 0x32, 0x39, 0x92, 0x01, 0x84, 0x0c, 0x25, 0x05, 0x08, 0x19,
    0x1e, 0x04, 0x8b, 0x62, 0x80, 0x14, 0x45, 0x02, 0x42, 0x92, 0x0b, 0x42, 0xa4, 0x10, 0x32, 0x14,
    0x38, 0x08, 0x18, 0x4b, 0x0a, 0x32, 0x52, 0x88, 0x48, 0x90, 0x14, 0x20, 0x43, 0x46, 0x88, 0xa5,
    0x00, 0x19, 0x32, 0x42, 0xe4, 0x48, 0x0e, 0x90, 0x91, 0x22, 0xc4, 0x50, 0x41, 0x51, 0x81, 0x8c,
    0xe1, 0x83, 0xe5, 0x8a, 0x04, 0x29, 0x46, 0x06, 0x51, 0x18, 0x00, 0x00, 0x08, 0x00, 0x00, 0x00,
    0x1b, 0x8c, 0xe0, 0xff, 0xff, 0xff, 0xff, 0x07, 0x40, 0x02, 0xa8, 0x0d, 0x84, 0xf0, 0xff, 0xff,
    0xff, 0xff, 0x03, 0x20, 0x6d, 0x30, 0x86, 0xff, 0xff, 0xff, 0xff, 0x1f, 0x00, 0x09, 0xa8, 0x00,
    0x49, 0x18, 0x00, 0x00, 0x03, 0x00, 0x00, 0x00, 0x13, 0x82, 0x60, 0x42, 0x20, 0x4c, 0x08, 0x06,
    0x00, 0x00, 0x00, 0x00, 0x89, 0x20, 0x00, 0x00, 0x2f, 0x00, 0x00, 0x00, 0x32, 0x22, 0x48, 0x09,
    0x20, 0x64, 0x85, 0x04, 0x93, 0x22, 0xa4, 0x84, 0x04, 0x93, 0x22, 0xe3, 0x84, 0xa1, 0x90, 0x14,
    0x12, 0x4c, 0x8a, 0x8c, 0x0b, 0x84, 0xa4, 0x4c, 0x10, 0x70, 0x23, 0x00, 0x25, 0x00, 0x14, 0x66,
    0x00, 0xe6, 0x08, 0xc0, 0x60, 0x8e, 0x00, 0x29, 0xc6, 0x20, 0x84, 0x14, 0x42, 0xa6, 0x18, 0x80,
    0x10, 0x52, 0x06, 0xa1, 0x42, 0x0c, 0x32, 0x06, 0xa9, 0x42, 0x10, 0x42, 0x08, 0x31, 0x2a, 0xf7,
    0x0c, 0x97, 0x3f, 0x61, 0x0f, 0x21, 0xf9, 0x21, 0xd0, 0x0c, 0x0b, 0x81, 0x02, 0x37, 0x47, 0x10,
    0x14, 0xe3, 0x91, 0x42, 0x08, 0xa4, 0x78, 0xd3, 0x70, 0xf9, 0x13, 0xf6, 0x10, 0x92, 0xbf, 0x12,
    0xd2, 0x4a, 0x4c, 0x3e, 0x72, 0xdb, 0xa8, 0x20, 0x84, 0x10, 0x52, 0x8a, 0x49, 0x1e, 0x21, 0x44,
    0x07, 0x02, 0x66, 0x22, 0x83, 0x71, 0x60, 0x87, 0x70, 0x98, 0x87, 0x79, 0x70, 0x83, 0x59, 0xa0,
    0x07, 0x79, 0xa8, 0x87, 0x71, 0xa0, 0x87, 0x7a, 0x90, 0x87, 0x72, 0x20, 0x07, 0x51, 0xa8, 0x07,
    0x73, 0x30, 0x87, 0x72, 0x90, 0x07, 0x3e, 0xa8, 0x07, 0x77, 0x98, 0x87, 0x74, 0x38, 0x07, 0x77,
    0x28, 0x07, 0x72, 0x00, 0x83, 0x74, 0x70, 0x07, 0x7a, 0xf0, 0x03, 0x14, 0x10, 0xba, 0x89, 0x40,
    0xe6, 0x08, 0x40, 0x61, 0x0a, 0x00, 0x00, 0x00, 0x13, 0x14, 0x72, 0xc0, 0x87, 0x74, 0x60, 0x87,
    0x36, 0x68, 0x87, 0x79, 0x68, 0x03, 0x72, 0xc0, 0x87, 0x0d, 0xaf, 0x50, 0x0e, 0x6d, 0xd0, 0x0e,
    0x7a, 0x50, 0x0e, 0x6d, 0x00, 0x0f, 0x7a, 0x30, 0x07, 0x72, 0xa0, 0x07, 0x73, 0x20, 0x07, 0x6d,
    0x90, 0x0e, 0x71, 0xa0, 0x07, 0x73, 0x20, 0x07, 0x6d, 0x90, 0x0e, 0x78, 0xa0, 0x07, 0x73, 0x20,
    0x07, 0x6d, 0x90, 0x0e, 0x71, 0x60, 0x07, 0x7a, 0x30, 0x07, 0x72, 0xd0, 0x06, 0xe9, 0x30, 0x07,
    0x72, 0xa0, 0x07, 0x73, 0x20, 0x07, 0x6d, 0x90, 0x0e, 0x76, 0x40, 0x07, 0x7a, 0x60, 0x07, 0x74,
    0xd0, 0x06, 0xe6, 0x10, 0x07, 0x76, 0xa0, 0x07, 0x73, 0x20, 0x07, 0x6d, 0x60, 0x0e, 0x73, 0x20,
    0x07, 0x7a, 0x30, 0x07, 0x72, 0xd0, 0x06, 0xe6, 0x60, 0x07, 0x74, 0xa0, 0x07, 0x76, 0x40, 0x07,
    0x6d, 0xe0, 0x0e, 0x78, 0xa0, 0x07, 0x71, 0x60, 0x07, 0x7a, 0x30, 0x07, 0x72, 0xa0, 0x07, 0x76,
    0x40, 0x07, 0x43, 0x9e, 0x00, 0x00, 0x00, 0x00, 0x00, 0x00, 0x00, 0x00, 0x00, 0x00, 0x00, 0x86,
    0x3c, 0x06, 0x10, 0x00, 0x01, 0x00, 0x00, 0x00, 0x00, 0x00, 0x00, 0x00, 0x0c, 0x79, 0x10, 0x20,
    0x00, 0x04, 0x00, 0x00, 0x00, 0x00, 0x00, 0x00, 0x00, 0x18, 0xf2, 0x28, 0x40, 0x00, 0x04, 0x00,
    0x00, 0x00, 0x00, 0x00, 0x00, 0x00, 0x30, 0xe4, 0x61, 0x80, 0x00, 0x08, 0x00, 0x00, 0x00, 0x00,
    0x00, 0x00, 0x00, 0x60, 0xc8, 0x13, 0x01, 0x01, 0x30, 0x00, 0x00, 0x00, 0x00, 0x00, 0x00, 0x00,
    0xc0, 0x90, 0x87, 0x02, 0x02, 0x60, 0x00, 0x00, 0x00, 0x00, 0x00, 0x00, 0x00, 0x80, 0x2c, 0x10,
    0x0e, 0x00, 0x00, 0x00, 0x32, 0x1e, 0x98, 0x14, 0x19, 0x11, 0x4c, 0x90, 0x8c, 0x09, 0x26, 0x47,
    0xc6, 0x04, 0x43, 0x22, 0x25, 0x30, 0x02, 0x50, 0x12, 0xc5, 0x50, 0x04, 0x85, 0x51, 0x08, 0x65,
    0x50, 0x1e, 0x54, 0x4a, 0xa2, 0x0c, 0x0a, 0x61, 0x04, 0xa0, 0x08, 0x0a, 0x84, 0x74, 0x81, 0x50,
    0x1e, 0x0b, 0x31, 0x88, 0xe3, 0x00, 0x00, 0x00, 0x20, 0x3c, 0x03, 0x00, 0x79, 0x18, 0x00, 0x00,
    0x5f, 0x00, 0x00, 0x00, 0x1a, 0x03, 0x4c, 0x90, 0x46, 0x02, 0x13, 0xc4, 0x8e, 0x0c, 0x6f, 0xec,
    0xed, 0x4d, 0x0c, 0x24, 0xc6, 0x25, 0xc7, 0x45, 0xc6, 0x06, 0x26, 0xc7, 0xa5, 0x06, 0x04, 0x05,
    0x26, 0x46, 0xcc, 0x46, 0x26, 0x8c, 0x8c, 0xe6, 0x26, 0x65, 0x43, 0x10, 0x4c, 0x10, 0x88, 0x63,
    0x82, 0x40, 0x20, 0x1b, 0x84, 0x81, 0x98, 0x20, 0x10, 0xc9, 0x06, 0x61, 0x30, 0x28, 0xc0, 0xcd,
    0x4d, 0x10, 0x08, 0x65, 0xc3, 0x80, 0x24, 0xc4, 0x04, 0x01, 0xc3, 0x08, 0x4c, 0x10, 0x88, 0x65,
    0x82, 0x40, 0x30, 0x13, 0x04, 0xa2, 0xd9, 0x20, 0x0c, 0xcf, 0x86, 0x84, 0x58, 0x98, 0x86, 0x18,
    0x1c, 0x02, 0xda, 0x90, 0x0c, 0x0b, 0xd3, 0x0c, 0x83, 0x43, 0x40, 0x1b, 0x84, 0x48, 0xda, 0x40,
    0x4c, 0x00, 0x00, 0x4c, 0x10, 0xb2, 0x6b, 0x43, 0x50, 0x4d, 0x10, 0x04, 0x80, 0x0d, 0xdc, 0xdc,
    0x17, 0x5d, 0x1a, 0x5b, 0xd9, 0xdc, 0x97, 0x58, 0xd8, 0xd8, 0x1a, 0x97, 0x29, 0xab, 0x2f, 0xa8,
    0xb7, 0xb9, 0x34, 0xba, 0xb4, 0x37, 0xb7, 0x09, 0x42, 0x01, 0x4d, 0x10, 0x8a, 0x68, 0x43, 0x40,
    0x4c, 0x10, 0x0a, 0x69, 0x82, 0x50, 0x4c, 0x13, 0x04, 0xc2, 0xd9, 0x20, 0x7c, 0xdf, 0x86, 0x85,
    0xc8, 0xb4, 0x8d, 0xeb, 0x86, 0x8e, 0xf0, 0xc0, 0x80, 0x08, 0x55, 0x11, 0xd6, 0xd0, 0xd3, 0x93,
    0x14, 0xd1, 0x04, 0xa1, 0xa0, 0x36, 0x2c, 0x83, 0x18, 0x68, 0x1e, 0x37, 0x06, 0xc3, 0x18, 0x0c,
    0x1e, 0xb0, 0x41, 0x08, 0x03, 0x32, 0x60, 0x32, 0x65, 0xf5, 0x45, 0x15, 0x26, 0x77, 0x56, 0x46,
    0x37, 0x41, 0x28, 0xaa, 0x09, 0x02, 0xf1, 0x6c, 0x10, 0x3e, 0x34, 0xd8, 0xb0, 0x10, 0x66, 0xa0,
    0x9d, 0x01, 0xe7, 0x0d, 0x1d, 0xe1, 0xa5, 0xc1, 0x86, 0x40, 0x0d, 0x36, 0x0c, 0x65, 0xb0, 0x06,
    0xc0, 0x04, 0x41, 0xb3, 0x36, 0x08, 0x44, 0x1b, 0x6c, 0x28, 0x2e, 0x8c, 0x0d, 0x28, 0x37, 0xa8,
    0xc2, 0xc6, 0x66, 0xd7, 0xe6, 0x92, 0x46, 0x56, 0xe6, 0x46, 0x37, 0x25, 0x08, 0xaa, 0x90, 0xe1,
    0xb9, 0xd8, 0x95, 0xc9, 0xcd, 0xa5, 0xbd, 0xb9, 0x4d, 0x09, 0x88, 0x26, 0x64, 0x78, 0x2e, 0x76,
    0x61, 0x6c, 0x76, 0x65, 0x72, 0x53, 0x02, 0xa3, 0x0e, 0x19, 0x9e, 0xcb, 0x1c, 0x5a, 0x18, 0x59,
    0x99, 0x5c, 0xd3, 0x1b, 0x59, 0x19, 0xdb, 0x94, 0x20, 0x29, 0x43, 0x86, 0xe7, 0x22, 0x57, 0x36,
    0xf7, 0x56, 0x27, 0x37, 0x56, 0x36, 0x37, 0x25, 0x98, 0xea, 0x90, 0xe1, 0xb9, 0xd8, 0xa5, 0x95,
    0xdd, 0x25, 0x91, 0x4d, 0xd1, 0x85, 0xd1, 0x95, 0x4d, 0x09, 0xaa, 0x3a, 0x64, 0x78, 0x2e, 0x65,
    0x6e, 0x74, 0x72, 0x79, 0x50, 0x6f, 0x69, 0x6e, 0x74, 0x73, 0x53, 0x02, 0x37, 0x00, 0x00, 0x00,
    0x79, 0x18, 0x00, 0x00, 0x51, 0x00, 0x00, 0x00, 0x33, 0x08, 0x80, 0x1c, 0xc4, 0xe1, 0x1c, 0x66,
    0x14, 0x01, 0x3d, 0x88, 0x43, 0x38, 0x84, 0xc3, 0x8c, 0x42, 0x80, 0x07, 0x79, 0x78, 0x07, 0x73,
    0x98, 0x71, 0x0c, 0xe6, 0x00, 0x0f, 0xed, 0x10, 0x0e, 0xf4, 0x80, 0x0e, 0x33, 0x0c, 0x42, 0x1e,
    0xc2, 0xc1, 0x1d, 0xce, 0xa1, 0x1c, 0x66, 0x30, 0x05, 0x3d, 0x88, 0x43, 0x38, 0x84, 0x83, 0x1b,
    0xcc, 0x03, 0x3d, 0xc8, 0x43, 0x3d, 0x8c, 0x03, 0x3d, 0xcc, 0x78, 0x8c, 0x74, 0x70, 0x07, 0x7b,
    0x08, 0x07, 0x79, 0x48, 0x87, 0x70, 0x70, 0x07, 0x7a, 0x70, 0x03, 0x76, 0x78, 0x87, 0x70, 0x20,
    0x87, 0x19, 0xcc, 0x11, 0x0e, 0xec, 0x90, 0x0e, 0xe1, 0x30, 0x0f, 0x6e, 0x30, 0x0f, 0xe3, 0xf0,
    0x0e, 0xf0, 0x50, 0x0e, 0x33, 0x10, 0xc4, 0x1d, 0xde, 0x21, 0x1c, 0xd8, 0x21, 0x1d, 0xc2, 0x61,
    0x1e, 0x66, 0x30, 0x89, 0x3b, 0xbc, 0x83, 0x3b, 0xd0, 0x43, 0x39, 0xb4, 0x03, 0x3c, 0xbc, 0x83,
    0x3c, 0x84, 0x03, 0x3b, 0xcc, 0xf0, 0x14, 0x76, 0x60, 0x07, 0x7b, 0x68, 0x07, 0x37, 0x68, 0x87,
    0x72, 0x68, 0x07, 0x37, 0x80, 0x87, 0x70, 0x90, 0x87, 0x70, 0x60, 0x07, 0x76, 0x28, 0x07, 0x76,
    0xf8, 0x05, 0x76, 0x78, 0x87, 0x77, 0x80, 0x87, 0x5f, 0x08, 0x87, 0x71, 0x18, 0x87, 0x72, 0x98,
    0x87, 0x79, 0x98, 0x81, 0x2c, 0xee, 0xf0, 0x0e, 0xee, 0xe0, 0x0e, 0xf5, 0xc0, 0x0e, 0xec, 0x30,
    0x03, 0x62, 0xc8, 0xa1, 0x1c, 0xe4, 0xa1, 0x1c, 0xcc, 0xa1, 0x1c, 0xe4, 0xa1, 0x1c, 0xdc, 0x61,
    0x1c, 0xca, 0x21, 0x1c, 0xc4, 0x81, 0x1d, 0xca, 0x61, 0x06, 0xd6, 0x90, 0x43, 0x39, 0xc8, 0x43,
    0x39, 0x98, 0x43, 0x39, 0xc8, 0x43, 0x39, 0xb8, 0xc3, 0x38, 0x94, 0x43, 0x38, 0x88, 0x03, 0x3b,
    0x94, 0xc3, 0x2f, 0xbc, 0x83, 0x3c, 0xfc, 0x82, 0x3b, 0xd4, 0x03, 0x3b, 0xb0, 0xc3, 0x0c, 0xc4,
    0x21, 0x07, 0x7c, 0x70, 0x03, 0x7a, 0x28, 0x87, 0x76, 0x80, 0x87, 0x19, 0xd1, 0x43, 0x0e, 0xf8,
    0xe0, 0x06, 0xe4, 0x20, 0x0e, 0xe7, 0xe0, 0x06, 0xf6, 0x10, 0x0e, 0xf2, 0xc0, 0x0e, 0xe1, 0x90,
    0x0f, 0xef, 0x50, 0x0f, 0xf4, 0x30, 0x83, 0x81, 0xc8, 0x01, 0x1f, 0xdc, 0x40, 0x1c, 0xe4, 0xa1,
    0x1c, 0xc2, 0x61, 0x1d, 0xdc, 0x40, 0x1c, 0xe4, 0x01, 0x00, 0x00, 0x00, 0x71, 0x20, 0x00, 0x00,
    0x1c, 0x00, 0x00, 0x00, 0x36, 0x00, 0x0d, 0x97, 0xef, 0x3c, 0x7e, 0x80, 0x34, 0x40, 0x84, 0xf9,
    0xc5, 0x6d, 0x1b, 0x01, 0x34, 0x5c, 0xbe, 0xf3, 0xf8, 0x01, 0xd2, 0x00, 0x11, 0xe6, 0x23, 0xb7,
    0x6d, 0x06, 0xd4, 0x70, 0xf9, 0xce, 0xe3, 0x07, 0x54, 0x51, 0x10, 0x51, 0xe9, 0x00, 0x83, 0x8f,
    0xdc, 0xb6, 0x15, 0x48, 0xc3, 0xe5, 0x3b, 0x8f, 0x2f, 0x44, 0x04, 0x30, 0x11, 0x21, 0xd0, 0x0c,
    0x0b, 0x61, 0x01, 0xd3, 0x70, 0xf9, 0xce, 0xe3, 0x2f, 0x0e, 0x30, 0x88, 0xcd, 0x43, 0x4d, 0x7e,
    0x71, 0xdb, 0x26, 0x50, 0x0d, 0x97, 0xef, 0x3c, 0xbe, 0x34, 0x39, 0x11, 0x81, 0x52, 0xd3, 0x43,
    0x4d, 0x7e, 0x71, 0xdb, 0x06, 0xd0, 0x3c, 0xd2, 0x3f, 0x21, 0x0b, 0x21, 0xfd, 0x01, 0x20, 0x28,
    0x00, 0x00, 0x00, 0x00, 0x61, 0x20, 0x00, 0x00, 0x6c, 0x06, 0x00, 0x00, 0x13, 0x04, 0x22, 0x11,
    0x0b, 0x04, 0x00, 0x00, 0x24, 0x00, 0x00, 0x00, 0x04, 0x6b, 0x60, 0x04, 0x80, 0x4a, 0x09, 0x10,
    0xa9, 0xef, 0x83, 0xf2, 0x29, 0xa6, 0x42, 0x2a, 0x90, 0x42, 0x0c, 0x28, 0x40, 0x40, 0x82, 0xf2,
    0xff, 0x3f, 0x28, 0x50, 0xa0, 0x02, 0x04, 0x1c, 0x28, 0xff, 0x83, 0x02, 0xc4, 0xff, 0x28, 0xfe,
    0x83, 0xf2, 0xff, 0x29, 0x40, 0xc0, 0x80, 0x1a, 0x28, 0x87, 0xf2, 0x1f, 0x28, 0x92, 0x02, 0x84,
    0x28, 0x40, 0xd0, 0x80, 0x82, 0x28, 0x85, 0xf2, 0x3e, 0x28, 0x40, 0x84, 0x02, 0x04, 0x84, 0x28,
    0x51, 0xb0, 0x32, 0x05, 0x2b, 0x40, 0x40, 0x90, 0x02, 0xc4, 0x28, 0x40, 0x40, 0x98, 0x92, 0x9b,
    0x01, 0x28, 0x50, 0xb0, 0x22, 0x05, 0x2b, 0xf0, 0x83, 0x32, 0xa2, 0x31, 0x46, 0x00, 0x82, 0xe0,
    0xfb, 0x87, 0xc1, 0x08, 0xc0, 0x18, 0x01, 0x08, 0x82, 0x20, 0xfc, 0x0b, 0x63, 0x04, 0x20, 0x08,
    0xc2, 0x7f, 0x18, 0x8c, 0x11, 0x80, 0x20, 0x08, 0xe2, 0xdf, 0x18, 0x41, 0x48, 0x82, 0x21, 0xde,
    0x8d, 0x11, 0x80, 0x20, 0x08, 0xc2, 0x1f, 0x00, 0x23, 0x06, 0x09, 0x00, 0x82, 0x60, 0x10, 0x8d,
    0x42, 0x53, 0x07, 0xa1, 0x10, 0x0a, 0x6e, 0x30, 0x62, 0x90, 0x00, 0x20, 0x08, 0x06, 0x11, 0x29,
    0x38, 0x76, 0x10, 0x0a, 0xa1, 0xf0, 0x06, 0x23, 0x06, 0x09, 0x00, 0x82, 0x60, 0x60, 0xa4, 0x42,
    0x1f, 0x88, 0x82, 0x28, 0xdc, 0x81, 0x33, 0x62, 0x90, 0x00, 0x20, 0x08, 0x06, 0x86, 0x2a, 0xf8,
    0xc1, 0x28, 0x8c, 0x02, 0x1c, 0x3c, 0x23, 0x06, 0x08, 0x00, 0x82, 0x60, 0x40, 0x99, 0xc2, 0x1a,
    0x10, 0xa4, 0x40, 0x0a, 0xa3, 0x09, 0x01, 0x30, 0x62, 0x80, 0x00, 0x20, 0x08, 0x06, 0x14, 0x2a,
    0xb4, 0x81, 0x71, 0x0a, 0xa6, 0x30, 0x9a, 0x10, 0x00, 0x67, 0x10, 0xb2, 0x80, 0x08, 0xc1, 0x1d,
    0x84, 0x86, 0x1b, 0x8c, 0x55, 0x30, 0x83, 0xe1, 0x86, 0x22, 0x15, 0xc0, 0xa0, 0x84, 0x40, 0x67,
    0x19, 0x02, 0x5a, 0x08, 0x2a, 0x79, 0x85, 0xb3, 0x00, 0x03, 0xc1, 0x21, 0xc3, 0x2c, 0x90, 0xe0,
    0x63, 0x81, 0x25, 0x9f, 0x23, 0x86, 0x99, 0x10, 0xd0, 0xc7, 0x02, 0x0d, 0x3e, 0x23, 0x06, 0x07,
    0x00, 0x82, 0x60, 0xa0, 0xec, 0x82, 0x17, 0x70, 0x23, 0x06, 0x07, 0x00, 0x82, 0x60, 0xa0, 0xf0,
    0x02, 0x28, 0x04, 0xde, 0x05, 0x84, 0x2c, 0xd0, 0x05, 0x10, 0x8c, 0x18, 0x1c, 0x00, 0x08, 0x82,
    0x01, 0xe3, 0x0b, 0xa4, 0x10, 0xbc, 0xc1, 0x0d, 0xc3, 0xac, 0x08, 0xe2, 0x33, 0x62, 0x80, 0x00,
    0x20, 0x08, 0x06, 0xd4, 0x2f, 0x90, 0x42, 0x87, 0x06, 0xbd, 0x30, 0x9a, 0x10, 0x00, 0x15, 0x90,
    0x82, 0x8e, 0x18, 0x20, 0x00, 0x08, 0x82, 0x01, 0x25, 0x0e, 0xa7, 0x00, 0x06, 0x6a, 0x00, 0x0e,
    0xa3, 0x09, 0x01, 0x50, 0x01, 0x2a, 0xe8, 0x70, 0x43, 0x30, 0x0e, 0x60, 0x30, 0xcb, 0x20, 0x3c,
    0x41, 0x0d, 0xa7, 0xa0, 0xc3, 0x0d, 0x41, 0x39, 0x80, 0xc1, 0x2c, 0xc3, 0x32, 0x04, 0x55, 0xa4,
    0x82, 0xd6, 0x39, 0x18, 0x51, 0x81, 0x2a, 0x68, 0x09, 0xe8, 0x80, 0x15, 0xac, 0x83, 0x56, 0xc0,
    0x0e, 0x5c, 0x8e, 0x2c, 0xe8, 0x70, 0x43, 0xd0, 0x0e, 0x60, 0x30, 0xdc, 0x80, 0xb0, 0x02, 0x18,
    0xcc, 0x32, 0x1c, 0x84, 0x50, 0x65, 0x00, 0x0f, 0x68, 0x01, 0x2d, 0x40, 0x60, 0xc4, 0x00, 0x01,
    0x40, 0x10, 0x0c, 0xa8, 0x79, 0xc0, 0x85, 0x38, 0x08, 0xe2, 0x61, 0x34, 0x21, 0x00, 0x2a, 0x0d,
    0xe8, 0x41, 0x87, 0x1b, 0x02, 0x7a, 0x08, 0x83, 0x1a, 0x7a, 0x01, 0x8b, 0xd8, 0x05, 0x9d, 0x6e,
    0x10, 0x82, 0xa1, 0x02, 0x5d, 0x50, 0xcb, 0x87, 0x20, 0x04, 0xb3, 0x0c, 0x85, 0xc1, 0x0c, 0x37,
    0xc0, 0x81, 0x74, 0x06, 0xd3, 0x0d, 0x11, 0x14, 0xcc, 0x12, 0x28, 0x55, 0xec, 0x03, 0x56, 0xe0,
    0x0f, 0x6a, 0xc6, 0x2e, 0x80, 0x60, 0xb8, 0xe1, 0x0c, 0x82, 0x34, 0xb8, 0x80, 0x44, 0x05, 0x04,
    0xcf, 0x12, 0x28, 0x45, 0x06, 0xe4, 0xa0, 0x36, 0x12, 0x41, 0x08, 0x66, 0x19, 0x90, 0xc4, 0x1a,
    0x6e, 0xd0, 0x03, 0x0e, 0x0d, 0xa6, 0x1b, 0xb4, 0x2d, 0x98, 0x25, 0x50, 0x0a, 0x0d, 0x4a, 0x02,
    0x2b, 0x40, 0x09, 0x1d, 0x6e, 0x80, 0x03, 0x03, 0x0d, 0x2e, 0x20, 0x51, 0xc1, 0xc0, 0xb3, 0x04,
    0xca, 0x40, 0x09, 0x01, 0x06, 0x05, 0x65, 0x30, 0x88, 0x90, 0x0c, 0x94, 0x10, 0x66, 0x50, 0x98,
    0x81, 0x21, 0x21, 0x52, 0x52, 0x6c, 0x30, 0x0a, 0x60, 0x82, 0x1d, 0x80, 0xc0, 0x88, 0x74, 0x38,
    0x41, 0x0d, 0x2f, 0x71, 0x15, 0xc8, 0x83, 0xd6, 0x10, 0x6c, 0x15, 0xf3, 0xa0, 0x25, 0x04, 0x6b,
    0x81, 0x4d, 0x60, 0x60, 0xc4, 0x00, 0x01, 0x40, 0x10, 0x0c, 0x28, 0x9c, 0xe8, 0x87, 0x5a, 0x08,
    0x6c, 0x62, 0x34, 0x21, 0x00, 0x4a, 0xc9, 0x09, 0x1d, 0x6e, 0x08, 0x72, 0x22, 0x0c, 0x6a, 0x10,
    0x09, 0x2c, 0x02, 0x24, 0x74, 0xba, 0x41, 0x08, 0x86, 0x0a, 0x46, 0x42, 0x87, 0x1b, 0x02, 0x9f,
    0x08, 0x83, 0x1a, 0x70, 0x42, 0x87, 0x1b, 0x02, 0xb0, 0x00, 0x83, 0x1a, 0x82, 0x2d, 0x23, 0x24,
    0xb4, 0x8a, 0x61, 0x2b, 0x98, 0x09, 0x9e, 0x6e, 0x28, 0x8b, 0x81, 0x98, 0x25, 0x78, 0x8a, 0x17,
    0xc6, 0xe2, 0xea, 0x15, 0x46, 0x22, 0x4b, 0x30, 0x09, 0xa8, 0x40, 0x80, 0x0a, 0xd6, 0x02, 0x2d,
    0x78, 0x09, 0x08, 0x8c, 0x18, 0x20, 0x00, 0x08, 0x82, 0x01, 0xe5, 0x16, 0x33, 0xc1, 0x0e, 0x01,
    0x5b, 0x8c, 0x26, 0x04, 0x40, 0x15, 0x6f, 0xa1, 0xc3, 0x0d, 0xc1, 0x5b, 0x84, 0x41, 0x0d, 0x38,
    0x81, 0x45, 0xd8, 0x84, 0x4e, 0x37, 0x08, 0xc1, 0x50, 0xbb, 0xd0, 0x16, 0x58, 0x41, 0x5b, 0x68,
    0xed, 0x44, 0x80, 0x45, 0x04, 0x3a, 0xdc, 0x10, 0xdc, 0x05, 0x18, 0xcc, 0x32, 0x30, 0x4f, 0x50,
    0xba, 0xe0, 0x13, 0x3a, 0xdc, 0x10, 0xe4, 0x05, 0x18, 0xcc, 0x32, 0x38, 0x4d, 0x50, 0xf0, 0xb0,
    0x17, 0x68, 0xc1, 0x4f, 0x40, 0x60, 0xc4, 0x00, 0x01, 0x40, 0x10, 0x0c, 0x28, 0xbf, 0x18, 0x0b,
    0x7e, 0x08, 0xf8, 0x62, 0x34, 0x21, 0x00, 0x8a, 0x1e, 0xfe, 0x42, 0x87, 0x1b, 0x82, 0xbf, 0x08,
    0x83, 0x1a, 0xd0, 0x02, 0x8b, 0x30, 0x0b, 0x9d, 0x6e, 0x10, 0x82, 0x61, 0x96, 0xc0, 0x19, 0xa8,
    0x20, 0x84, 0x06, 0x35, 0x98, 0x1a, 0x07, 0x7d, 0x80, 0x6a, 0x07, 0x21, 0x4a, 0x28, 0x8d, 0xab,
    0x00, 0x2d, 0xb4, 0x06, 0xb4, 0xd0, 0x0a, 0x84, 0xb5, 0x60, 0x35, 0x30, 0x30, 0x62, 0x80, 0x00,
    0x20, 0x08, 0x06, 0x54, 0x6b, 0xc8, 0x85, 0x4a, 0x04, 0xab, 0x31, 0x9a, 0x10, 0x00, 0x85, 0xb8,
    0x86, 0x0e, 0x37, 0x04, 0xae, 0x11, 0x06, 0x35, 0xdc, 0x05, 0x16, 0x51, 0x17, 0x3a, 0xdd, 0x20,
    0x04, 0x43, 0x05, 0x78, 0xa1, 0xc3, 0x0d, 0xc1, 0x6c, 0x84, 0x41, 0x0d, 0xad, 0xa1, 0xc3, 0x0d,
    0x41, 0x6d, 0x80, 0x41, 0x0d, 0xc1, 0x96, 0x61, 0x17, 0x5a, 0xc5, 0xb0, 0x15, 0xa0, 0x06, 0x4f,
    0x37, 0xe8, 0xc6, 0x40, 0xcc, 0x12, 0x3c, 0x03, 0x25, 0x90, 0xcc, 0x04, 0x32, 0xb3, 0xb8, 0x83,
    0x42, 0x38, 0x03, 0x25, 0x04, 0xde, 0x04, 0x78, 0xb3, 0xb8, 0x83, 0x42, 0x38, 0xb3, 0x0c, 0x6a,
    0x00, 0x09, 0xf5, 0x0f, 0xa5, 0x81, 0xd5, 0x0f, 0xa6, 0x81, 0x15, 0x94, 0x86, 0xd6, 0x3f, 0x8c,
    0x86, 0x96, 0x10, 0xec, 0x70, 0x43, 0x20, 0x1e, 0x60, 0x30, 0xcb, 0x10, 0x55, 0x41, 0xe5, 0x04,
    0x78, 0x5c, 0xb1, 0x04, 0x68, 0x64, 0x09, 0xa3, 0x01, 0x15, 0x08, 0x50, 0x01, 0x7a, 0xa0, 0x05,
    0xac, 0x01, 0x81, 0x11, 0x03, 0x04, 0x00, 0x41, 0x30, 0xa0, 0xd6, 0x03, 0x36, 0xd2, 0x22, 0x48,
    0x8f, 0xd1, 0x84, 0x00, 0xa8, 0x82, 0x3d, 0x74, 0xb8, 0x21, 0x60, 0x8f, 0x30, 0xa8, 0xa1, 0x36,
    0xb0, 0x88, 0xd9, 0xd0, 0xe9, 0x06, 0x21, 0x18, 0x2a, 0x68, 0x0d, 0xae, 0x9c, 0x58, 0x0f, 0xac,
    0x60, 0x3d, 0xb4, 0x72, 0x23, 0xc0, 0x0a, 0x08, 0x1d, 0x6e, 0x08, 0xea, 0x03, 0x0c, 0x66, 0x19,
    0xa4, 0x2a, 0xa8, 0x8c, 0x37, 0x74, 0xb8, 0x21, 0xb8, 0x0f, 0x30, 0x98, 0x65, 0xa0, 0xa6, 0xa0,
    0xdc, 0x82, 0x35, 0xa0, 0x02, 0xfd, 0x40, 0x0b, 0x7c, 0x03, 0x02, 0x23, 0x06, 0x08, 0x00, 0x82,
    0x60, 0x40, 0xf5, 0x87, 0x78, 0xec, 0x45, 0xb0, 0x1f, 0xa3, 0x09, 0x01, 0x50, 0x85, 0x7f, 0xe8,
    0x70, 0x43, 0xe0, 0x1f, 0x61, 0x50, 0xc3, 0x79, 0x60, 0x11, 0xe5, 0xa1, 0xd3, 0x0d, 0x42, 0x30,
    0xcc, 0x12, 0x50, 0x03, 0x15, 0x84, 0x30, 0xa9, 0x82, 0x54, 0x65, 0x90, 0x17, 0x50, 0x6c, 0x21,
    0x44, 0x09, 0x24, 0x72, 0x15, 0x9c, 0x87, 0xd6, 0x70, 0x1e, 0x5a, 0x81, 0xb0, 0x16, 0xa8, 0x08,
    0x06, 0x2a, 0xe8, 0x8d, 0x1d, 0x31, 0x40, 0x00, 0x10, 0x04, 0x03, 0xaa, 0x45, 0xe4, 0x43, 0x35,
    0x82, 0x15, 0x19, 0x4d, 0x08, 0x80, 0x4a, 0x5c, 0x44, 0x87, 0x1b, 0x02, 0x17, 0x09, 0x83, 0x1a,
    0xee, 0x03, 0x8b, 0xa8, 0x0f, 0x9d, 0x6e, 0x10, 0x82, 0xa1, 0x02, 0xfc, 0xd0, 0xe1, 0x86, 0x60,
    0x46, 0xc2, 0xa0, 0x86, 0x16, 0xd1, 0xe1, 0x86, 0xa0, 0x46, 0xc0, 0xa0, 0x86, 0x60, 0xcb, 0xb0,
    0x0f, 0xad, 0x62, 0xd8, 0x0a, 0x50, 0x84, 0xa7, 0x1b, 0x74, 0x64, 0x20, 0x66, 0x09, 0xaa, 0x81,
    0x0e, 0x48, 0x86, 0x20, 0x19, 0x8a, 0x08, 0x6a, 0xa0, 0x83, 0xc0, 0x23, 0x08, 0x8f, 0x22, 0x82,
    0x9a, 0x65, 0x50, 0x03, 0x4b, 0x18, 0x31, 0x40, 0x00, 0x10, 0x04, 0x03, 0xea, 0x47, 0x48, 0xa4,
    0x37, 0xde, 0xa3, 0x47, 0x46, 0x13, 0x02, 0xa0, 0x02, 0x12, 0xd1, 0x11, 0x03, 0x04, 0x00, 0x41,
    0x30, 0xa0, 0xc4, 0xe4, 0x44, 0xc0, 0x23, 0x3e, 0xc0, 0x64, 0x34, 0x21, 0x00, 0x2a, 0x40, 0x11,
    0x1d, 0x6e, 0x08, 0xc6, 0x04, 0x0c, 0x66, 0x19, 0x2e, 0x32, 0x08, 0x6a, 0x38, 0x11, 0x1d, 0x6e,
    0x08, 0xca, 0x04, 0x0c, 0x66, 0x19, 0xc0, 0x00, 0x0b, 0xaa, 0x48, 0x11, 0xad, 0x33, 0x31, 0xa2,
    0x02, 0x15, 0xd1, 0x12, 0xd0, 0x04, 0x2b, 0x58, 0x13, 0xad, 0xa0, 0x4c, 0xb8, 0x1c, 0x19, 0xd1,
    0xe1, 0x86, 0xa0, 0x4d, 0xc0, 0x60, 0xb8, 0x01, 0x61, 0x11, 0x30, 0x98, 0x65, 0xe0, 0x32, 0xa1,
    0xca, 0x03, 0x45, 0xa0, 0x82, 0x38, 0x41, 0x0b, 0x6a, 0x04, 0x02, 0x23, 0x06, 0x08, 0x00, 0x82,
    0x60, 0x40, 0xd1, 0x49, 0x8e, 0xc8, 0x47, 0x20, 0x27, 0xa3, 0x09, 0x01, 0x50, 0x45, 0x9d, 0xe8,
    0x70, 0x43, 0x50, 0x27, 0x61, 0x50, 0x83, 0x8f, 0x60, 0x11, 0x3c, 0xa2, 0xd3, 0x0d, 0x42, 0x30,
    0x54, 0xb0, 0x23, 0x6a, 0x7a, 0x12, 0x84, 0x60, 0x96, 0x41, 0xdb, 0x9a, 0xe1, 0x86, 0xf8, 0x98,
    0xce, 0xa0, 0xa4, 0x3c, 0xd9, 0xe9, 0x86, 0x40, 0x12, 0x66, 0x09, 0xbe, 0x32, 0xfa, 0x04, 0x2b,
    0x00, 0x15, 0xad, 0x40, 0x4f, 0xd8, 0x10, 0x1f, 0x01, 0xc1, 0x70, 0x83, 0x7a, 0x04, 0x69, 0x50,
    0x04, 0xa8, 0xec, 0x74, 0x03, 0x11, 0x08, 0xb3, 0x04, 0x5f, 0x9d, 0xc1, 0x99, 0xa8, 0x99, 0x4a,
    0x10, 0x82, 0x59, 0x86, 0xce, 0xcb, 0x86, 0x1b, 0xfa, 0xe3, 0x43, 0x83, 0xf2, 0x4a, 0x65, 0xa7,
    0x1b, 0xbc, 0x40, 0x98, 0x25, 0xf8, 0x8a, 0x0d, 0x52, 0x05, 0x2b, 0x60, 0x15, 0xad, 0xc0, 0x54,
    0x78, 0xb8, 0xa1, 0x3e, 0x10, 0x34, 0xa8, 0x61, 0x55, 0x76, 0xba, 0x61, 0x08, 0x84, 0x59, 0x82,
    0x6f, 0xa0, 0x84, 0x30, 0x03, 0x0d, 0xdb, 0x9c, 0x4e, 0xf0, 0x06, 0x4a, 0x08, 0x37, 0xd0, 0xdc,
    0x60, 0xb3, 0x3a, 0xcb, 0xab, 0x38, 0x40, 0x11, 0x30, 0x61, 0x3f, 0x40, 0x60, 0x84, 0x9b, 0x9c,
    0xa0, 0x06, 0x5a, 0xb9, 0x0a, 0xee, 0x44, 0x6b, 0x08, 0xb6, 0x0a, 0x3c, 0xd1, 0x12, 0x82, 0xb5,
    0x60, 0x57, 0x30, 0x30, 0x62, 0x80, 0x00, 0x20, 0x08, 0x06, 0x54, 0xaf, 0x88, 0x8a, 0x8e, 0x04,
    0xbb, 0x32, 0x9a, 0x10, 0x00, 0xa5, 0xf8, 0x8a, 0x0e, 0x37, 0x04, 0xbe, 0x12, 0x06, 0x35, 0x9c,
    0x0a, 0x16, 0x51, 0x2a, 0x3a, 0xdd, 0x20, 0x04, 0x43, 0x05, 0xa8, 0xa2, 0xc3, 0x0d, 0xc1, 0xb8,
    0x84, 0x41, 0x0d, 0xa3, 0xa2, 0x25, 0xd0, 0x0a, 0x4f, 0x37, 0x98, 0x8b, 0x30, 0xcc, 0x12, 0x90,
    0x41, 0xf5, 0x08, 0xb9, 0x5c, 0xc1, 0x08, 0xa9, 0x64, 0x09, 0xa1, 0x02, 0x15, 0x08, 0x50, 0x01,
    0xbb, 0xa0, 0x05, 0xb0, 0x02, 0x81, 0x11, 0x03, 0x04, 0x00, 0x41, 0x30, 0xa0, 0xde, 0x85, 0x56,
    0xda, 0x24, 0x68, 0x97, 0xd1, 0x84, 0x00, 0xa8, 0x02, 0x5e, 0x74, 0xb8, 0x21, 0x80, 0x97, 0x30,
    0xa8, 0x21, 0x57, 0xb0, 0x88, 0x5b, 0xd1, 0xe9, 0x06, 0x21, 0x18, 0x8a, 0x47, 0xdc, 0x05, 0x2b,
    0x70, 0x17, 0x2d, 0x5e, 0x09, 0xb0, 0x88, 0x40, 0x87, 0x1b, 0x02, 0x7c, 0x01, 0x83, 0x59, 0x86,
    0x30, 0x20, 0x83, 0xa0, 0x76, 0xe1, 0x57, 0x74, 0xb8, 0x21, 0xd0, 0x17, 0x30, 0x98, 0x65, 0x18,
    0x03, 0x31, 0x08, 0x2a, 0x4e, 0x68, 0x05, 0x2a, 0xe8, 0x17, 0xb4, 0x20, 0x5c, 0x20, 0x30, 0x62,
    0x80, 0x00, 0x20, 0x08, 0x06, 0x14, 0xc8, 0x94, 0x8b, 0x9f, 0x04, 0xfe, 0x32, 0x9a, 0x10, 0x00,
    0x55, 0x84, 0x8c, 0x0e, 0x37, 0x04, 0x21, 0x13, 0x06, 0x35, 0xa8, 0x0b, 0x16, 0x81, 0x2e, 0x3a,
    0xdd, 0x20, 0x04, 0xc3, 0x2c, 0xc1, 0x18, 0x0c, 0x54, 0x10, 0x82, 0x18, 0xb0, 0x46, 0x18, 0x54,
    0x39, 0xf0, 0x09, 0xd4, 0x9b, 0x08, 0x51, 0xc2, 0xc9, 0x5c, 0x05, 0xea, 0xa2, 0x35, 0xa8, 0x8b,
    0x56, 0x20, 0xac, 0x05, 0x2d, 0x83, 0x81, 0x0a, 0x7a, 0x65, 0x47, 0x0c, 0x10, 0x00, 0x04, 0xc1,
    0x80, 0x82, 0x99, 0x7a, 0x69, 0x95, 0xc0, 0x65, 0x46, 0x13, 0x02, 0xa0, 0x92, 0x98, 0xd1, 0xe1,
    0x86, 0x20, 0x66, 0xc2, 0xa0, 0x06, 0x7d, 0xc1, 0xe9, 0x86, 0x80, 0x10, 0x2a, 0x98, 0x17, 0x9d,
    0x25, 0x20, 0x83, 0x81, 0x12, 0x08, 0xc5, 0xc6, 0xc0, 0xc4, 0x2c, 0x13, 0x03, 0x03, 0x70, 0xf8,
    0x06, 0x4a, 0x08, 0x62, 0x0c, 0xd8, 0xcc, 0x62, 0x33, 0x30, 0x00, 0x87, 0x6f, 0x96, 0x41, 0x0d,
    0xca, 0x40, 0xa8, 0x7c, 0xf8, 0x17, 0xac, 0x7b, 0x00, 0x19, 0xac, 0xe0, 0x5f, 0xb4, 0xf2, 0xa1,
    0x5f, 0xb4, 0x84, 0x60, 0x87, 0x1b, 0x02, 0x9e, 0x01, 0x83, 0x59, 0x06, 0x33, 0x50, 0x83, 0xa0,
    0x66, 0x45, 0x67, 0xae, 0x4c, 0x45, 0x5f, 0xb2, 0x84, 0x7b, 0x81, 0x0a, 0x04, 0xa8, 0x40, 0x6c,
    0xd0, 0x02, 0x93, 0x81, 0xc0, 0x88, 0x01, 0x02, 0x80, 0x20, 0x18, 0x50, 0x65, 0xa3, 0x32, 0xe3,
    0x12, 0x8c, 0xcd, 0x68, 0x42, 0x00, 0x54, 0x61, 0x36, 0x3a, 0xdc, 0x10, 0x98, 0x4d, 0x18, 0xd4,
    0xf0, 0x32, 0x58, 0x44, 0xcb, 0xe8, 0x74, 0x83, 0x10, 0x0c, 0x15, 0x9c, 0x0c, 0xd7, 0xac, 0x94,
    0x0d, 0x56, 0x50, 0x36, 0x5a, 0x33, 0x13, 0x60, 0x05, 0x84, 0x0e, 0x37, 0x04, 0x6f, 0x03, 0x06,
    0xb3, 0x0c, 0x67, 0xa0, 0x06, 0x41, 0x65, 0x36, 0xa3, 0xc3, 0x0d, 0x41, 0xdc, 0x80, 0xc1, 0x2c,
    0x43, 0x1a, 0xa0, 0x41, 0x50, 0xe8, 0x12, 0x32, 0x50, 0x01, 0xdd, 0xa0, 0x05, 0x38, 0x03, 0x81,
    0x11, 0x03, 0x04, 0x00, 0x41, 0x30, 0xa0, 0xee, 0x86, 0x67, 0xea, 0x25, 0xa8, 0x9b, 0xd1, 0x84,
    0x00, 0xa8, 0x02, 0x6f, 0x74, 0xb8, 0x21, 0xc0, 0x9b, 0x30, 0xa8, 0x21, 0x6c, 0xb0, 0x88, 0x9f,
    0xd1, 0xe9, 0x06, 0x21, 0x18, 0x66, 0x09, 0xd2, 0x60, 0xa0, 0x82, 0x10, 0xd0, 0x40, 0x15, 0xce,
    0xa0, 0xca, 0x60, 0x5e, 0xa0, 0xcc, 0x45, 0x88, 0x12, 0xfc, 0xe6, 0x2a, 0x08, 0x1b, 0xad, 0x21,
    0x6c, 0xb4, 0x02, 0x61, 0x2d, 0x20, 0x1d, 0x0c, 0x54, 0x20, 0x33, 0x3b, 0x62, 0x80, 0x00, 0x20,
    0x08, 0x06, 0xd4, 0xe9, 0xb0, 0x0d, 0xc9, 0x04, 0xa5, 0x33, 0x9a, 0x10, 0x00, 0x95, 0xa0, 0x8e,
    0x0e, 0x37, 0x04, 0xa8, 0x13, 0x06, 0x35, 0xc4, 0x0d, 0x4e, 0x37, 0x04, 0x84, 0x50, 0x81, 0xda,
    0xe8, 0x2c, 0x81, 0x1a, 0x0c, 0xd4, 0x10, 0xe0, 0xf3, 0x80, 0x4b, 0xc5, 0x0e, 0x64, 0x20, 0xa4,
    0x01, 0xce, 0x95, 0x01, 0xce, 0x99, 0x81, 0x05, 0x75, 0x03, 0x82, 0x11, 0x03, 0x04, 0x00, 0x41,
    0x30, 0xa0, 0x60, 0xa7, 0x6e, 0x5c, 0x26, 0x70, 0x9d, 0xd1, 0x84, 0x00, 0x98, 0x65, 0x58, 0x03,
    0x3c, 0x68, 0x97, 0x7a, 0x97, 0xb9, 0xd1, 0xe1, 0x86, 0x20, 0x76, 0xc0, 0x60, 0x96, 0x81, 0x0e,
    0xd8, 0x20, 0xa8, 0x78, 0xa9, 0x1b, 0xad, 0xd9, 0x91, 0x97, 0xa8, 0xc0, 0x6e, 0xb4, 0x04, 0xda,
    0xc1, 0x0a, 0x6e, 0x47, 0x2b, 0xc0, 0x1d, 0x2e, 0x7d, 0xf1, 0x1b, 0x1d, 0x6e, 0x08, 0x72, 0x07,
    0x0c, 0x86, 0x1b, 0x10, 0xbc, 0x01, 0x83, 0x59, 0x06, 0x38, 0x68, 0x03, 0xa1, 0x62, 0x86, 0x77,
    0xd0, 0x02, 0xd0, 0x81, 0xc0, 0x88, 0x01, 0x02, 0x80, 0x20, 0x18, 0x50, 0xbf, 0x43, 0x3a, 0x3d,
    0x13, 0xf4, 0xce, 0x68, 0x42, 0x00, 0x54, 0xcd, 0x80, 0x8f, 0x0e, 0x37, 0x04, 0xe0, 0x13, 0x06,
    0x35, 0xa4, 0x0e, 0x16, 0x71, 0x3a, 0x3a, 0xdd, 0x20, 0x04, 0x43, 0x05, 0xa6, 0xa3, 0x56, 0x3e,
    0x41, 0x08, 0x66, 0x19, 0xdc, 0xe0, 0x0d, 0x98, 0xe1, 0x06, 0x9e, 0x91, 0xce, 0x60, 0xba, 0x21,
    0x82, 0x82, 0x59, 0x82, 0x39, 0xa8, 0xe2, 0x7c, 0xb0, 0x02, 0xf5, 0x51, 0x33, 0x4e, 0x07, 0x04,
    0xc3, 0x0d, 0x31, 0x13, 0xa4, 0xc1, 0x05, 0x24, 0x2a, 0x20, 0x78, 0x96, 0x60, 0x0e, 0x0a, 0x66,
    0x60, 0x47, 0xed, 0x7d, 0x82, 0x10, 0xcc, 0x32, 0xc4, 0x81, 0x1c, 0x58, 0xc3, 0x0d, 0x66, 0xc3,
    0xa1, 0xc1, 0x74, 0x83, 0xb6, 0x05, 0xb3, 0x04, 0x73, 0x50, 0x34, 0x13, 0x3f, 0x58, 0x01, 0xfd,
    0xe8, 0x70, 0x83, 0xce, 0x18, 0x68, 0x70, 0x01, 0x89, 0x0a, 0x06, 0x9e, 0x25, 0x98, 0x83, 0x81,
    0x12, 0x02, 0x0c, 0xdc, 0x80, 0x7a, 0x03, 0x26, 0x0e, 0x04, 0x39, 0x18, 0x28, 0x21, 0xcc, 0xc0,
    0x0d, 0xcc, 0xe0, 0x0d, 0xa4, 0x38, 0x90, 0xe4, 0xa0, 0x70, 0xe6, 0x6d, 0xc0, 0x04, 0xb0, 0x01,
    0x81, 0x11, 0xb5, 0x73, 0x82, 0x1a, 0xf6, 0xe7, 0x2a, 0xf0, 0x1d, 0xad, 0x21, 0xd8, 0x2a, 0x7e,
    0x47, 0x4b, 0x08, 0xd6, 0x02, 0x11, 0xc2, 0xc0, 0x88, 0x01, 0x02, 0x80, 0x20, 0x18, 0x50, 0x24,
    0x94, 0x3e, 0xa1, 0x13, 0x88, 0xd0, 0x68, 0x42, 0x00, 0x94, 0x52, 0x42, 0x3a, 0xdc, 0x10, 0x94,
    0x50, 0x18, 0xd4, 0xe0, 0x3e, 0x58, 0x04, 0xfb, 0xe8, 0x74, 0x83, 0x10, 0x0c, 0x15, 0xbc, 0x8f,
    0x0e, 0x37, 0x04, 0x2a, 0x14, 0x06, 0x35, 0x90, 0x90, 0x0e, 0x37, 0x04, 0x2c, 0x04, 0x06, 0x35,
    0x04, 0x5b, 0x46, 0xfb, 0x68, 0x15, 0xc3, 0x56, 0xf0, 0x3f, 0x3c, 0xdd, 0x10, 0x43, 0x03, 0x31,
    0x4b, 0x80, 0x07, 0x85, 0x3a, 0x2f, 0x74, 0x95, 0x37, 0xef, 0x93, 0x25, 0xc8, 0x0f, 0x54, 0x20,
    0x40, 0x05, 0x37, 0x84, 0x16, 0xec, 0x0f, 0x04, 0x46, 0x0c, 0x10, 0x00, 0x04, 0xc1, 0x80, 0xd2,
    0xa1, 0xff, 0xc1, 0x9d, 0x00, 0x87, 0x46, 0x13, 0x02, 0xa0, 0x8a, 0x1d, 0xd2, 0xe1, 0x86, 0x60,
    0x87, 0xc2, 0xa0, 0x06, 0x12, 0xc2, 0x22, 0x44, 0x48, 0xa7, 0x1b, 0x84, 0x60, 0xa8, 0xd2, 0xc9,
    0x21, 0xac, 0x20, 0x87, 0xb4, 0x4e, 0x28, 0xc0, 0x22, 0x02, 0x1d, 0x6e, 0x08, 0xc6, 0x08, 0x0c,
    0x66, 0x19, 0xea, 0x00, 0x0f, 0x82, 0x32, 0x1d, 0x15, 0xd2, 0xe1, 0x86, 0xa0, 0x8c, 0xc0, 0x60,
    0x96, 0xe1, 0x0e, 0xec, 0x20, 0x28, 0xde, 0x39, 0x23, 0xb4, 0x60, 0x85, 0x20, 0x30, 0x62, 0x80,
    0x00, 0x20, 0x08, 0x06, 0x94, 0x1a, 0xbd, 0x10, 0xfa, 0x04, 0x68, 0x34, 0x9a, 0x10, 0x00, 0x05,
    0x3e, 0x6b, 0xa4, 0xc3, 0x0d, 0xc1, 0x1a, 0x85, 0x41, 0x0d, 0x34, 0x84, 0x45, 0xc8, 0x90, 0x4e,
    0x37, 0x08, 0xc1, 0x30, 0x4b, 0x70, 0x07, 0x03, 0x15, 0x84, 0x60, 0x07, 0x60, 0x57, 0x07, 0xf5,
    0x3a, 0xe6, 0x03, 0x75, 0x3b, 0x42, 0x94, 0x10, 0x47, 0x57, 0x01, 0x0d, 0x69, 0x0d, 0x34, 0xa4,
    0x15, 0x08, 0x6b, 0xc1, 0x1d, 0x61, 0x60, 0xc4, 0x00, 0x01, 0x40, 0x10, 0x0c, 0xa8, 0x3c, 0xf2,
    0x21, 0xfb, 0x09, 0xee, 0x68, 0x34, 0x21, 0x00, 0x0a, 0xd1, 0x23, 0x1d, 0x6e, 0x08, 0xf4, 0x28,
    0x0c, 0x6a, 0x18, 0x23, 0x2c, 0x22, 0x8c, 0x74, 0xba, 0x41, 0x08, 0x86, 0x0a, 0xc8, 0x48, 0x87,
    0x1b, 0x82, 0x3f, 0x0a, 0x83, 0x1a, 0xf2, 0x48, 0x87, 0x1b, 0x82, 0x50, 0x02, 0x83, 0x1a, 0x82,
    0x2d, 0x43, 0x8c, 0xb4, 0x8a, 0x61, 0x2b, 0xa0, 0x23, 0x9e, 0x6e, 0x30, 0xa5, 0x81, 0x98, 0x25,
    0xc0, 0x83, 0x81, 0x12, 0x48, 0x1d, 0x03, 0x35, 0x50, 0xc7, 0x80, 0x0e, 0xdc, 0x61, 0x0e, 0x88,
    0x3b, 0x18, 0x28, 0x21, 0x60, 0x32, 0x50, 0x03, 0x98, 0x0c, 0xe8, 0xc0, 0x1d, 0xe6, 0x80, 0xb8,
    0x83, 0x59, 0x86, 0x59, 0xc8, 0x03, 0xa1, 0xd6, 0x27, 0x8e, 0xb0, 0xd2, 0x47, 0x8e, 0xb0, 0x82,
    0x38, 0xd2, 0x5a, 0x9f, 0x37, 0xd2, 0x12, 0x82, 0x1d, 0x6e, 0x08, 0x5c, 0x09, 0x0c, 0x66, 0x19,
    0xf4, 0xc0, 0x0f, 0x82, 0x2a, 0x21, 0x56, 0xba, 0xb2, 0x1f, 0x36, 0xca, 0x12, 0xde, 0x08, 0x2a,
    0x10, 0xa0, 0x02, 0x5a, 0x42, 0x0b, 0xf0, 0x08, 0x02, 0x23, 0x06, 0x08, 0x00, 0x82, 0x60, 0x40,
    0xdd, 0x12, 0x1f, 0xd5, 0x50, 0x50, 0x4b, 0xa3, 0x09, 0x01, 0x50, 0x05, 0x2e, 0xe9, 0x70, 0x43,
    0x80, 0x4b, 0x61, 0x50, 0x43, 0x28, 0x61, 0x11, 0x7f, 0xa4, 0xd3, 0x0d, 0x42, 0x30, 0x54, 0x90,
    0x47, 0x5c, 0x23, 0x74, 0x4b, 0x58, 0xc1, 0x2d, 0x69, 0x95, 0x52, 0x80, 0x15, 0x10, 0x3a, 0xdc,
    0x10, 0x84, 0x13, 0x18, 0xcc, 0x32, 0xec, 0x81, 0x1f, 0x04, 0x95, 0xa1, 0x92, 0x0e, 0x37, 0x04,
    0xe3, 0x04, 0x06, 0xb3, 0x0c, 0x7d, 0xc0, 0x07, 0x41, 0xe9, 0x10, 0x1e, 0x41, 0x05, 0xe6, 0x84,
    0x16, 0xa8, 0x12, 0x04, 0x46, 0x0c, 0x10, 0x00, 0x04, 0xc1, 0x80, 0x4a, 0x27, 0x57, 0x3a, 0xa3,
    0xe0, 0x9c, 0x46, 0x13, 0x02, 0xa0, 0x0a, 0x75, 0xd2, 0xe1, 0x86, 0x40, 0x9d, 0xc2, 0xa0, 0x86,
    0x59, 0xc2, 0x22, 0x62, 0x49, 0xa7, 0x1b, 0x84, 0x60, 0x98, 0x25, 0xe8, 0x83, 0x81, 0x0a, 0x42,
    0xe0, 0x03, 0x55, 0xd8, 0x83, 0x2a, 0x83, 0x32, 0x82, 0xb2, 0x21, 0x21, 0x4a, 0x80, 0xa7, 0xab,
    0x60, 0x96, 0xb4, 0x86, 0x59, 0xd2, 0x0a, 0x84, 0xb5, 0xc0, 0x9e, 0x30, 0x50, 0x41, 0x2a, 0xed,
    0x88, 0x01, 0x02, 0x80, 0x20, 0x18, 0x50, 0xf9, 0xe4, 0x4b, 0x76, 0x14, 0xdc, 0xd3, 0x68, 0x42,
    0x00, 0x54, 0xa2, 0x4f, 0x3a, 0xdc, 0x10, 0xe8, 0x53, 0x18, 0xd4, 0x30, 0x4e, 0x58, 0x44, 0x38,
    0xe9, 0x74, 0x83, 0x10, 0x0c, 0x15, 0x90, 0x93, 0x0e, 0x37, 0x04, 0xff, 0x14, 0x06, 0x35, 0xe4,
    0x93, 0x0e, 0x37, 0x04, 0x21, 0x05, 0x06, 0x35, 0x04, 0x5b, 0x86, 0x38, 0x69, 0x15, 0xc3, 0x56,
    0x40, 0x4f, 0x3c, 0xdd, 0x60, 0x52, 0x03, 0x31, 0x4b, 0xe0, 0x07, 0x03, 0x1d, 0x90, 0x7a, 0x06,
    0x79, 0xa0, 0x9e, 0x81, 0x1e, 0x10, 0x7d, 0x30, 0xd0, 0x41, 0xc0, 0x68, 0x90, 0x07, 0x30, 0x1a,
    0xe8, 0x01, 0xd1, 0x07, 0xb3, 0x0c, 0xb3, 0xf0, 0x07, 0xc2, 0x88, 0x01, 0x02, 0x80, 0x20, 0x18,
    0x50, 0x2b, 0x05, 0x4f, 0xa9, 0xb4, 0x4b, 0x29, 0x35, 0x9a, 0x10, 0x00, 0x15, 0xc0, 0x93, 0x8e,
    0x18, 0x20, 0x00, 0x08, 0x82, 0x01, 0xe5, 0x52, 0xf3, 0xc4, 0x4a, 0xbd, 0xc4, 0x52, 0xa3, 0x09,
    0x01, 0x50, 0x01, 0x3d, 0xe9, 0x70, 0x43, 0xf0, 0x52, 0x60, 0x30, 0xcb, 0x00, 0x0a, 0xad, 0x10,
    0xd4, 0x30, 0x4f, 0x3a, 0xdc, 0x10, 0xc4, 0x14, 0x18, 0xcc, 0x32, 0xa4, 0x42, 0x28, 0x04, 0x55,
    0xd4, 0x93, 0xd6, 0x4c, 0x19, 0x51, 0x81, 0x3d, 0x69, 0x09, 0x34, 0x85, 0x15, 0xdc, 0x94, 0x56,
    0x10, 0x53, 0x5c, 0x8e, 0x3f, 0xe9, 0x70, 0x43, 0x90, 0x53, 0x60, 0x30, 0xdc, 0x80, 0xe0, 0x13,
    0x18, 0xcc, 0x32, 0x94, 0x82, 0x28, 0x08, 0x15, 0x4b, 0xf4, 0x04, 0x15, 0xf4, 0x14, 0x5a, 0x10,
    0x52, 0x10, 0x18, 0x31, 0x40, 0x00, 0x10, 0x04, 0x03, 0x0a, 0xac, 0x4a, 0xca, 0x97, 0x02, 0x9f,
    0x1a, 0x4d, 0x08, 0x80, 0x2a, 0xc2, 0x4a, 0x87, 0x1b, 0x82, 0xb0, 0x0a, 0x83, 0x1a, 0x54, 0x0a,
    0x8b, 0x40, 0x29, 0x9d, 0x6e, 0x10, 0x82, 0xa1, 0x82, 0x93, 0x52, 0x33, 0xab, 0x20, 0x04, 0xb3,
    0x0c, 0xa3, 0x40, 0x0a, 0xcd, 0x70, 0x43, 0x2f, 0x4d, 0x67, 0x50, 0x52, 0x59, 0xed, 0x74, 0x43,
    0x20, 0x09, 0xb3, 0x04, 0xa8, 0x50, 0x46, 0x5a, 0x61, 0x05, 0x6c, 0xa5, 0x15, 0x98, 0x15, 0x1b,
    0xa2, 0x52, 0x20, 0x18, 0x6e, 0xa0, 0xa5, 0x20, 0x0d, 0x8a, 0x60, 0xab, 0x9d, 0x6e, 0x20, 0x02,
    0x61, 0x96, 0x00, 0x15, 0xea, 0x0c, 0x66, 0x4a, 0x4d, 0xae, 0x82, 0x10, 0xcc, 0x32, 0x98, 0xc2,
    0x29, 0x64, 0xc3, 0x0d, 0xe9, 0xf4, 0xa1, 0x41, 0x79, 0x71, 0xb5, 0xd3, 0x0d, 0x5e, 0x20, 0xcc,
    0x12, 0xa0, 0x42, 0xb1, 0x41, 0x5d, 0x61, 0x05, 0x78, 0xa5, 0x15, 0xc8, 0x15, 0x0f, 0x37, 0xfc,
    0x12, 0x82, 0x06, 0x35, 0xdc, 0xd5, 0x4e, 0x37, 0x0c, 0x81, 0x30, 0x4b, 0x80, 0x0a, 0x03, 0x25,
    0x84, 0x19, 0x8c, 0x02, 0x46, 0x0a, 0x8e, 0x29, 0x08, 0xa7, 0x30, 0x50, 0x42, 0xb8, 0xc1, 0x28,
    0xb8, 0x01, 0x29, 0x58, 0xa6, 0x60, 0x9d, 0x42, 0xc5, 0x01, 0x3d, 0x81, 0x09, 0xe5, 0x04, 0x02,
    0x23, 0x74, 0xea, 0x04, 0x35, 0x80, 0xd6, 0x55, 0x30, 0x56, 0x5a, 0x43, 0xb0, 0x55, 0x90, 0x95,
    0x96, 0x10, 0xac, 0x05, 0xa7, 0x85, 0x81, 0x11, 0x03, 0x04, 0x00, 0x41, 0x30, 0xa0, 0x52, 0xcb,
    0xad, 0x4c, 0x2a, 0x38, 0xad, 0xd1, 0x84, 0x00, 0x28, 0x45, 0xb5, 0x74, 0xb8, 0x21, 0x50, 0xad,
    0x30, 0xa8, 0x61, 0xae, 0xb0, 0x88, 0xb8, 0xd2, 0xe9, 0x06, 0x21, 0x18, 0x2a, 0xa0, 0x2b, 0x1d,
    0x6e, 0x08, 0x5e, 0x2b, 0x0c, 0x6a, 0x78, 0x2b, 0x2d, 0x01, 0xb4, 0x78, 0xba, 0x41, 0xb6, 0x84,
    0x61, 0x96, 0xa0, 0x15, 0x2a, 0xa5, 0x60, 0xeb, 0x4a, 0x9f, 0xe0, 0x2a, 0x4b, 0x68, 0x2b, 0xa8,
    0x40, 0x80, 0x0a, 0x70, 0x0b, 0x2d, 0xe0, 0x2b, 0x08, 0x8c, 0x18, 0x20, 0x00, 0x08, 0x82, 0x01,
    0xb5, 0x5b, 0xa0, 0x95, 0x53, 0x41, 0x6e, 0x8d, 0x26, 0x04, 0x40, 0x15, 0xbc, 0xa5, 0xc3, 0x0d,
    0x01, 0x6f, 0x85, 0x41, 0x0d, 0xa5, 0x85, 0x45, 0x8c, 0x96, 0x4e, 0x37, 0x08, 0xc1, 0x50, 0x26,
    0xa5, 0x5b, 0x58, 0x81, 0x6e, 0x69, 0xa1, 0x56, 0x80, 0x45, 0x04, 0x3a, 0xdc, 0x10, 0x90, 0x17,
    0x18, 0xcc, 0x32, 0xa8, 0x42, 0x2b, 0x04, 0xb5, 0x0b, 0xab, 0xa5, 0xc3, 0x0d, 0x81, 0x79, 0x81,
    0xc1, 0x2c, 0x03, 0x2b, 0xac, 0x42, 0x50, 0x3d, 0x05, 0x5a, 0x50, 0x41, 0x7a, 0xa1, 0x05, 0xad,
    0x05, 0x81, 0x11, 0x03, 0x04, 0x00, 0x41, 0x30, 0xa0, 0xd8, 0x2b, 0xb6, 0xd4, 0x2a, 0x50, 0xaf,
    0xd1, 0x84, 0x00, 0xa8, 0xa2, 0xbd, 0x74, 0xb8, 0x21, 0x68, 0xaf, 0x30, 0xa8, 0xc1, 0xb6, 0xb0,
    0x08, 0xda, 0xd2, 0xe9, 0x06, 0x21, 0x18, 0x66, 0x09, 0x58, 0x61, 0xa0, 0x82, 0x10, 0x56, 0x81,
    0x35, 0x54, 0xa1, 0xca, 0x01, 0xad, 0xa0, 0x72, 0x4a, 0x88, 0x12, 0xe6, 0xeb, 0x2a, 0xb0, 0x2d,
    0xad, 0xc1, 0xb6, 0xb4, 0x02, 0x61, 0x2d, 0xc8, 0x2f, 0x0c, 0x54, 0x90, 0x5a, 0x3b, 0x62, 0x80,
    0x00, 0x20, 0x08, 0x06, 0x14, 0x7f, 0x85, 0x57, 0x5e, 0x05, 0xfa, 0x35, 0x9a, 0x10, 0x00, 0x95,
    0xf4, 0x97, 0x0e, 0x37, 0x04, 0xfd, 0x15, 0x06, 0x35, 0x98, 0x17, 0x4e, 0x37, 0x04, 0x84, 0x50,
    0xc1, 0x6f, 0xe9, 0x2c, 0x41, 0x2b, 0x0c, 0x94, 0x40, 0xe0, 0x1b, 0xb0, 0x82, 0xef, 0x06, 0x7f,
    0xe0, 0xbb, 0x41, 0x2a, 0x80, 0x03, 0x2a, 0x0c, 0x94, 0x10, 0x04, 0x2b, 0x90, 0x70, 0xf0, 0x07,
    0x24, 0x1c, 0xa4, 0x02, 0x38, 0xa0, 0xc2, 0x2c, 0xc3, 0x2c, 0xb8, 0x82, 0x50, 0xf9, 0xb0, 0x5e,
    0x58, 0xf7, 0xc0, 0x5e, 0x58, 0xc1, 0x7a, 0x69, 0xe5, 0x43, 0x7a, 0x69, 0x09, 0xc1, 0x0e, 0x37,
    0x04, 0x28, 0x06, 0x06, 0xb3, 0x0c, 0xaf, 0x30, 0x0b, 0x41, 0xfd, 0x95, 0x89, 0x5d, 0xc1, 0x95,
    0x79, 0x65, 0x09, 0xe3, 0x05, 0x15, 0x08, 0x50, 0x81, 0x8b, 0xa1, 0x05, 0xf2, 0x05, 0x81, 0x11,
    0x03, 0x04, 0x00, 0x41, 0x30, 0xa0, 0x62, 0xcc, 0xbe, 0x5e, 0x2b, 0x78, 0xb1, 0xd1, 0x84, 0x00,
    0xa8, 0x42, 0xc6, 0x74, 0xb8, 0x21, 0x90, 0xb1, 0x30, 0xa8, 0x61, 0xbf, 0xb0, 0x88, 0xfc, 0xd2,
    0xe9, 0x06, 0x21, 0x18, 0x2a, 0x98, 0x2f, 0xae, 0xbe, 0x8a, 0x31, 0xac, 0x20, 0xc6, 0xb4, 0xfe,
    0x2b, 0xc0, 0x0a, 0x08, 0x1d, 0x6e, 0x08, 0x76, 0x0c, 0x0c, 0x66, 0x19, 0x60, 0x61, 0x16, 0x82,
    0xca, 0x44, 0x4c, 0x87, 0x1b, 0x82, 0x1e, 0x03, 0x83, 0x59, 0x06, 0x59, 0x88, 0x85, 0xa0, 0x68,
    0xab, 0xbd, 0xa0, 0x02, 0x30, 0x43, 0x0b, 0x48, 0x0c, 0x02, 0x23, 0x06, 0x08, 0x00, 0x82, 0x60,
    0x40, 0x8d, 0x19, 0x8a, 0x85, 0x57, 0x10, 0x66, 0xa3, 0x09, 0x01, 0x50, 0x05, 0x99, 0xe9, 0x70,
    0x43, 0x40, 0x66, 0x61, 0x50, 0x43, 0x8b, 0x61, 0x11, 0x2b, 0xa6, 0xd3, 0x0d, 0x42, 0x30, 0xcc,
    0x12, 0xc8, 0xc2, 0x40, 0x05, 0x21, 0xc4, 0x82, 0x2a, 0xc0, 0x42, 0x95, 0xc1, 0x6f, 0x41, 0xc1,
    0x96, 0x10, 0x25, 0xa8, 0xd9, 0x55, 0xd0, 0x62, 0x5a, 0x43, 0x8b, 0x69, 0x05, 0xc2, 0x5a, 0x00,
    0x67, 0x18, 0xa8, 0xc0, 0xbf, 0x76, 0xc4, 0x00, 0x01, 0x40, 0x10, 0x0c, 0xa8, 0x39, 0xc3, 0x31,
    0xf8, 0x0a, 0xe2, 0x6c, 0x34, 0x21, 0x00, 0x2a, 0xa1, 0x33, 0x1d, 0x6e, 0x08, 0xe8, 0x2c, 0x0c,
    0x6a, 0xe8, 0x31, 0x9c, 0x6e, 0x08, 0x08, 0xa1, 0x02, 0x1b, 0xd3, 0x59, 0x82, 0x59, 0x18, 0xa8,
    0x21, 0xc0, 0x07, 0x0f, 0xc0, 0xc5, 0x0f, 0xd8, 0xa1, 0x15, 0x04, 0x59, 0x80, 0xe7, 0xc0, 0x15,
    0xe0, 0x39, 0x78, 0x05, 0x0b, 0xc2, 0x0c, 0x04, 0x23, 0x06, 0x08, 0x00, 0x82, 0x60, 0x40, 0xf1,
    0x59, 0x98, 0xe9, 0x57, 0xa0, 0x67, 0xa3, 0x09, 0x01, 0x50, 0xed, 0x72, 0x63, 0x7a, 0xc1, 0x28,
    0x0b, 0x31, 0xf1, 0x8a, 0x8f, 0x09, 0x81, 0x7c, 0xaa, 0xd8, 0x31, 0xbd, 0x60, 0x94, 0x05, 0xe6,
    0x25, 0x1f, 0x23, 0x48, 0x0c, 0x3e, 0x16, 0x08, 0xf0, 0xb9, 0x80, 0x4c, 0xdd, 0x4b, 0x8f, 0x61,
    0x05, 0x62, 0xa6, 0x17, 0x8c, 0xb2, 0x60, 0x91, 0x4f, 0x3d, 0x61, 0x86, 0x15, 0x98, 0x99, 0x5e,
    0x30, 0xca, 0x82, 0xf8, 0x92, 0x8f, 0x15, 0x2f, 0x06, 0x1f, 0x0b, 0x04, 0xf8, 0x5c, 0x40, 0xa6,
    0x02, 0x34, 0xbb, 0x0a, 0x9a, 0x2d, 0x92, 0xd9, 0x33, 0xac, 0xe0, 0xcd, 0xf4, 0x82, 0x51, 0x16,
    0x60, 0xf2, 0x29, 0xee, 0xcf, 0xb0, 0x82, 0x39, 0xd3, 0x0b, 0x46, 0x59, 0xe0, 0x5f, 0xf2, 0xb1,
    0x82, 0xc7, 0xe0, 0x63, 0x81, 0x00, 0x9f, 0x0b, 0xc8, 0x54, 0x60, 0x6a, 0x57, 0x4d, 0xb0, 0xb3,
    0x04, 0x21, 0x31, 0xdc, 0x70, 0x63, 0x75, 0x26, 0x06, 0xb3, 0x0c, 0xb5, 0x70, 0x0b, 0xc1, 0x70,
    0x83, 0x8e, 0x89, 0x1b, 0x18, 0xcc, 0x32, 0xdc, 0x82, 0x2d, 0x04, 0x95, 0x63, 0xad, 0x96, 0x15,
    0xbc, 0x9a, 0x5a, 0x90, 0x67, 0x20, 0x98, 0x25, 0xb8, 0x85, 0x81, 0x0e, 0x42, 0xb0, 0x05, 0x3c,
    0x0e, 0x68, 0x41, 0xb5, 0x83, 0x5a, 0x18, 0xe8, 0x20, 0xf0, 0x38, 0xb0, 0x05, 0x3c, 0x0e, 0x68,
    0x81, 0xb5, 0x83, 0x5a, 0x18, 0x31, 0x40, 0x00, 0x10, 0x04, 0x03, 0x2a, 0xdd, 0x5c, 0xed, 0xcc,
    0xe4, 0xec, 0xdc, 0x46, 0x13, 0x02, 0xa0, 0x02, 0x57, 0xd3, 0x11, 0x03, 0x04, 0x00, 0x41, 0x30,
    0xa0, 0xd8, 0x2d, 0xd6, 0xd4, 0x8c, 0xce, 0xd4, 0x6d, 0x34, 0x21, 0x00, 0x2a, 0x90, 0x35, 0x1d,
    0x6e, 0x08, 0xda, 0x0d, 0x0c, 0x66, 0x19, 0x70, 0xa1, 0x1c, 0x82, 0x1a, 0x62, 0x4d, 0x87, 0x1b,
    0x82, 0x77, 0x03, 0x83, 0x59, 0x86, 0x70, 0xc8, 0x85, 0xa0, 0x8a, 0x59, 0xd3, 0x8a, 0x37, 0x23,
    0x2a, 0xa0, 0x35, 0x2d, 0x41, 0xde, 0xb0, 0x82, 0x7a, 0xd3, 0x0a, 0xec, 0x8d, 0xcb, 0xe1, 0x35,
    0x1d, 0x6e, 0x08, 0xee, 0x0d, 0x0c, 0x86, 0x1b, 0x10, 0x5b, 0x03, 0x83, 0x59, 0x86, 0x5e, 0xd0,
    0x05, 0xa1, 0x26, 0x7d, 0x43, 0x0b, 0x7c, 0x0d, 0x02, 0x23, 0x06, 0x08, 0x00, 0x82, 0x60, 0x40,
    0xf5, 0x9b, 0xb8, 0xed, 0x59, 0xb0, 0x6f, 0xa3, 0x09, 0x01, 0x50, 0x97, 0xbf, 0xe9, 0x70, 0x43,
    0xe0, 0x6f, 0x61, 0x50, 0xc3, 0xb9, 0x61, 0x11, 0xe5, 0xa6, 0xd3, 0x0d, 0x42, 0x30, 0x54, 0x40,
    0x6e, 0x6a, 0x23, 0x17, 0x84, 0x60, 0x96, 0x61, 0x17, 0x78, 0x81, 0x19, 0x6e, 0xf0, 0xa4, 0x33,
    0x98, 0x6e, 0x88, 0xa0, 0x60, 0x96, 0x00, 0x1c, 0xaa, 0x28, 0x39, 0xac, 0x00, 0xe5, 0xd4, 0x8c,
    0x72, 0x03, 0xc1, 0x70, 0x03, 0x19, 0x04, 0x69, 0x70, 0x01, 0x89, 0x0a, 0x08, 0x9e, 0x25, 0x00,
    0x87, 0x22, 0x03, 0x77, 0x53, 0x6b, 0xb9, 0x20, 0x04, 0xb3, 0x0c, 0xbe, 0xf0, 0x0b, 0xd6, 0x70,
    0x03, 0x1a, 0x70, 0x68, 0x30, 0xdd, 0xa0, 0x6d, 0xc1, 0x2c, 0x01, 0x38, 0x14, 0x1a, 0xbc, 0x1c,
    0x56, 0x20, 0x73, 0x3a, 0xdc, 0xd0, 0x06, 0x06, 0x1a, 0x5c, 0x40, 0xa2, 0x82, 0x81, 0x67, 0x09,
    0xc0, 0x61, 0xa0, 0x84, 0x00, 0x83, 0x5d, 0xa0, 0x78, 0x81, 0xf1, 0x05, 0xe1, 0x17, 0x06, 0x4a,
    0x08, 0x33, 0xd8, 0x05, 0x33, 0xe0, 0x05, 0xc9, 0x17, 0xa4, 0x5f, 0x28, 0x36, 0x88, 0x03, 0x30,
    0x61, 0x0e, 0x40, 0x60, 0xc4, 0xbc, 0x9d, 0xa0, 0x86, 0x9c, 0xbb, 0x0a, 0xf8, 0x4d, 0x6b, 0x08,
    0xb6, 0x8a, 0x7e, 0xd3, 0x12, 0x82, 0xb5, 0x00, 0xec, 0x30, 0x30, 0x62, 0x80, 0x00, 0x20, 0x08,
    0x06, 0x94, 0xd8, 0x9d, 0xdc, 0xaf, 0x05, 0x60, 0x37, 0x9a, 0x10, 0x00, 0xa5, 0x8c, 0x9d, 0x0e,
    0x37, 0x04, 0x63, 0x17, 0x06, 0x35, 0xb0, 0x1c, 0x16, 0xa1, 0x72, 0x3a, 0xdd, 0x20, 0x04, 0x43,
    0x05, 0x2d, 0xa7, 0xc3, 0x0d, 0x01, 0xda, 0x85, 0x41, 0x0d, 0x62, 0xa7, 0xc3, 0x0d, 0x81, 0xda,
    0x81, 0x41, 0x0d, 0xc1, 0x96, 0xb1, 0x72, 0x5a, 0xc5, 0xb0, 0x15, 0xf4, 0x1c, 0x4f, 0x37, 0xbc,
    0xdd, 0x40, 0xcc, 0x12, 0x94, 0x43, 0xa9, 0x42, 0xdb, 0x5d, 0xb1, 0x42, 0xcb, 0xa5, 0x05, 0x30,
    0x07, 0x82, 0x0a, 0x06, 0xa8, 0xa0, 0xee, 0xd0, 0x82, 0x9c, 0x83, 0xc0, 0x88, 0x01, 0x02, 0x80,
    0x20, 0x18, 0x50, 0x78, 0xd7, 0x73, 0xf6, 0x16, 0xd8, 0xdd, 0x68, 0x42, 0x00, 0x54, 0x91, 0x77,
    0x3a, 0xdc, 0x10, 0xe4, 0x5d, 0x18, 0xd4, 0x20, 0x76, 0x58, 0x04, 0xd8, 0xe9, 0x74, 0x83, 0x10,
    0x0c, 0x85, 0x0b, 0x77, 0x87, 0x15, 0xdc, 0x9d, 0x56, 0xd9, 0x05, 0x58, 0x44, 0xa0, 0xc3, 0x0d,
    0x41, 0xe8, 0x81, 0xc1, 0x2c, 0x83, 0x38, 0x94, 0x43, 0x50, 0xba, 0x80, 0x76, 0x3a, 0xdc, 0x10,
    0x8c, 0x1e, 0x18, 0xcc, 0x32, 0x90, 0xc3, 0x38, 0x04, 0xe5, 0x0b, 0xa5, 0x87, 0x16, 0xa4, 0x1d,
    0x04, 0x46, 0x0c, 0x10, 0x00, 0x04, 0xc1, 0x80, 0x42, 0xbd, 0xb6, 0x33, 0xb9, 0xc0, 0xf4, 0x46,
    0x13, 0x02, 0xa0, 0xc4, 0x21, 0xf5, 0x74, 0xb8, 0x21, 0x48, 0xbd, 0x30, 0xa8, 0x41, 0xee, 0xb0,
    0x08, 0xb8, 0xd3, 0xe9, 0x06, 0x21, 0x18, 0x66, 0x09, 0xc8, 0x61, 0xa0, 0x82, 0x10, 0xc6, 0x01,
    0x35, 0xc4, 0xa1, 0xc6, 0x01, 0x1d, 0xa0, 0xd4, 0x41, 0x88, 0x12, 0x5e, 0xef, 0x2a, 0x90, 0x3b,
    0xad, 0x41, 0xee, 0xb4, 0x02, 0x61, 0x2d, 0xa8, 0x3d, 0x0c, 0x8c, 0x18, 0x20, 0x00, 0x08, 0x82,
    0x01, 0x75, 0x7b, 0x7c, 0x47, 0x73, 0x41, 0xed, 0x8d, 0x26, 0x04, 0x40, 0x21, 0xb8, 0xa7, 0xc3,
    0x0d, 0x01, 0xee, 0x85, 0x41, 0x0d, 0xa1, 0x87, 0x45, 0xfc, 0x9d, 0x4e, 0x37, 0x08, 0xc1, 0x50,
    0x81, 0xe8, 0xe9, 0x70, 0x43, 0xd0, 0x7b, 0x61, 0x50, 0xc3, 0xed, 0xe9, 0x70, 0x43, 0xf0, 0x7b,
    0x60, 0x50, 0x43, 0xb0, 0x65, 0x80, 0x9e, 0x56, 0x31, 0x6c, 0x05, 0xb2, 0xc7, 0xd3, 0x0d, 0xe4,
    0x37, 0x10, 0xb3, 0x04, 0xe5, 0x30, 0x50, 0x02, 0x99, 0x7d, 0x70, 0x0b, 0x66, 0x1f, 0x84, 0x83,
    0x3b, 0x80, 0x03, 0x41, 0x0e, 0x03, 0x25, 0x04, 0xeb, 0x07, 0xb7, 0xc0, 0xfa, 0x41, 0x38, 0xb8,
    0x03, 0x38, 0x10, 0xe4, 0x30, 0xcb, 0x00, 0x12, 0xe6, 0x20, 0xd4, 0x3f, 0xbc, 0x1e, 0x56, 0x3f,
    0xc0, 0x1e, 0x56, 0xf0, 0x7a, 0x5a, 0xff, 0xd0, 0x7a, 0x5a, 0x42, 0xb0, 0xc3, 0x0d, 0x01, 0xfb,
    0x81, 0xc1, 0x2c, 0xc3, 0x39, 0xac, 0x43, 0x50, 0x27, 0xa1, 0x7e, 0x57, 0x29, 0xa1, 0x7a, 0x69,
    0x41, 0xeb, 0x81, 0xa0, 0x82, 0x01, 0x2a, 0x90, 0x3f, 0xb4, 0xc0, 0xf6, 0x20, 0x30, 0x62, 0x80,
    0x00, 0x20, 0x08, 0x06, 0x54, 0xfd, 0xe9, 0xde, 0xdc, 0x05, 0xf3, 0x37, 0x9a, 0x10, 0x00, 0x55,
    0xd8, 0x9f, 0x0e, 0x37, 0x04, 0xf6, 0x17, 0x06, 0x35, 0xfc, 0x1e, 0x16, 0xd1, 0x7b, 0x3a, 0xdd,
    0x20, 0x04, 0x43, 0x05, 0xb7, 0xc7, 0x65, 0x13, 0xf5, 0x87, 0x15, 0xd4, 0x9f, 0xd6, 0xf8, 0x05,
    0x58, 0x01, 0xa1, 0xc3, 0x0d, 0xc1, 0xff, 0x81, 0xc1, 0x2c, 0x03, 0x3a, 0xac, 0x43, 0x50, 0x99,
    0xf9, 0xe9, 0x70, 0x43, 0x10, 0x82, 0x01, 0x18, 0xcc, 0x32, 0xa8, 0x43, 0x3a, 0x04, 0xc5, 0x13,
    0xb6, 0x07, 0x15, 0x90, 0x60, 0x80, 0x16, 0xa0, 0x1f, 0x04, 0x46, 0x0c, 0x10, 0x00, 0x04, 0xc1,
    0x80, 0x3a, 0xc1, 0x80, 0xfd, 0x4a, 0x2f, 0x28, 0xc1, 0x60, 0x34, 0x21, 0x00, 0xaa, 0x40, 0xc1,
    0x40, 0x87, 0x1b, 0x02, 0x14, 0x0c, 0xc2, 0xa0, 0x86, 0xf8, 0xc3, 0x22, 0xde, 0x4f, 0xa7, 0x1b,
    0x84, 0x60, 0x98, 0x25, 0x50, 0x87, 0x81, 0x0a, 0x42, 0x48, 0x07, 0x55, 0x40, 0x87, 0x2a, 0x83,
    0xb3, 0x80, 0x4a, 0x0b, 0x21, 0x4a, 0x70, 0xc1, 0xe0, 0x2a, 0x88, 0x3f, 0xad, 0x21, 0xfe, 0xb4,
    0x02, 0x61, 0x2d, 0xa0, 0xc1, 0x00, 0x03, 0x15, 0x9c, 0xdf, 0x8e, 0x18, 0x20, 0x00, 0x08, 0x82,
    0x01, 0x75, 0x83, 0x01, 0xff, 0xd1, 0x5e, 0x50, 0x83, 0xc1, 0x68, 0x42, 0x00, 0x54, 0x82, 0x83,
    0x81, 0x0e, 0x37, 0x04, 0x38, 0x18, 0x84, 0x41, 0x0d, 0x21, 0x18, 0x60, 0x11, 0xff, 0xa7, 0xd3,
    0x0d, 0x42, 0x30, 0x54, 0x20, 0x82, 0x81, 0x0e, 0x37, 0x04, 0x3d, 0x18, 0x84, 0x41, 0x0d, 0x37,
    0x18, 0xe8, 0x70, 0x43, 0xf0, 0x83, 0x01, 0x18, 0xd4, 0x10, 0x6c, 0x19, 0x20, 0x18, 0x68, 0x15,
    0xc3, 0x56, 0x20, 0x83, 0x01, 0x4f, 0x37, 0x90, 0x61, 0x30, 0x10, 0xb3, 0x04, 0xeb, 0x30, 0xd0,
    0x01, 0x99, 0xa1, 0x60, 0x0e, 0x66, 0x28, 0x9c, 0x03, 0xa1, 0x0e, 0x03, 0x1d, 0x04, 0x2b, 0x0a,
    0xe6, 0xc0, 0x8a, 0xc2, 0x39, 0x10, 0xea, 0x30, 0xcb, 0x00, 0x12, 0xec, 0x20, 0x8c, 0x18, 0x20,
    0x00, 0x08, 0x82, 0x01, 0x95, 0x86, 0x81, 0x0b, 0x06, 0xe7, 0x97, 0x7f, 0x67, 0x18, 0x8c, 0x26,
    0x04, 0x40, 0x05, 0x2e, 0x18, 0xe8, 0x88, 0x01, 0x02, 0x80, 0x20, 0x18, 0x50, 0x6c, 0x18, 0xc4,
    0x60, 0xa0, 0x7e, 0xfb, 0xa7, 0x86, 0xc1, 0x68, 0x42, 0x00, 0x54, 0x20, 0x83, 0x81, 0x0e, 0x37,
    0x04, 0x6d, 0x18, 0x80, 0xc1, 0x2c, 0x43, 0x3b, 0xe8, 0x43, 0x50, 0x43, 0x0c, 0x06, 0x3a, 0xdc,
    0x10, 0xbc, 0x61, 0x00, 0x06, 0xb3, 0x0c, 0xf6, 0xe0, 0x0e, 0x41, 0x15, 0x33, 0x18, 0x68, 0xc5,
    0x61, 0x60, 0x44, 0x05, 0x34, 0x18, 0x68, 0x09, 0x72, 0x18, 0x60, 0x05, 0x75, 0x18, 0x68, 0x05,
    0x6f, 0x18, 0x70, 0x39, 0x3c, 0x18, 0xe8, 0x70, 0x43, 0x70, 0x87, 0x01, 0x18, 0x0c, 0x37, 0x20,
    0x36, 0x18, 0x80, 0xc1, 0x2c, 0x83, 0x3c, 0xbc, 0x83, 0x50, 0xb3, 0x21, 0x83, 0x01, 0x54, 0xb0,
    0x87, 0x01, 0x5a, 0xf0, 0x83, 0x01, 0x04, 0x46, 0x0c, 0x10, 0x00, 0x04, 0xc1, 0x80, 0xf2, 0xc3,
    0x60, 0x0c, 0x03, 0xfe, 0x0b, 0xf8, 0x30, 0x18, 0x4d, 0x08, 0x80, 0x2a, 0xfe, 0x30, 0xd0, 0xe1,
    0x86, 0xe0, 0x0f, 0x83, 0x30, 0xa8, 0x01, 0x0d, 0x03, 0x2c, 0xc2, 0x0c, 0x03, 0x9d, 0x6e, 0x10,
    0x82, 0xa1, 0x82, 0x32, 0x0c, 0xd4, 0x48, 0x31, 0x08, 0x42, 0x30, 0xcb, 0x00, 0x0f, 0xf1, 0xd0,
    0x0c, 0x37, 0xfc, 0xc6, 0x74, 0x06, 0x25, 0x8d, 0x62, 0xb0, 0xd3, 0x0d, 0x81, 0x24, 0xcc, 0x12,
    0xd4, 0x43, 0x19, 0xa7, 0x18, 0x60, 0x05, 0xaa, 0x18, 0x68, 0x05, 0xa4, 0x18, 0xb0, 0x21, 0x68,
    0x18, 0x80, 0x60, 0xb8, 0xe1, 0x3c, 0x82, 0x34, 0x28, 0x42, 0x15, 0x83, 0x9d, 0x6e, 0x20, 0x02,
    0x61, 0x96, 0xa0, 0x1e, 0xea, 0x0c, 0xe2, 0x30, 0x50, 0x83, 0xc5, 0x20, 0x08, 0xc1, 0x2c, 0xc3,
    0x3c, 0xd0, 0x43, 0x36, 0xdc, 0xb0, 0x1e, 0x1f, 0x1a, 0x94, 0xf7, 0x8a, 0xc1, 0x4e, 0x37, 0x78,
    0x81, 0x30, 0x4b, 0x50, 0x0f, 0xc5, 0x06, 0xb3, 0x18, 0x60, 0x05, 0xb6, 0x18, 0x68, 0x05, 0xb0,
    0x18, 0xf0, 0x70, 0x83, 0x7c, 0x20, 0x68, 0x50, 0x43, 0x2d, 0x06, 0x3b, 0xdd, 0x30, 0x04, 0xc2,
    0x2c, 0x41, 0x3d, 0x0c, 0x94, 0x10, 0x66, 0x00, 0x0f, 0x58, 0x3c, 0x38, 0xf3, 0x20, 0xd0, 0xc3,
    0x40, 0x09, 0xe1, 0x06, 0xf0, 0xe0, 0x06, 0xf1, 0x60, 0xcd, 0x83, 0x45, 0x0f, 0x15, 0x07, 0xf6,
    0x01, 0x26, 0xe0, 0x07, 0x08, 0x8c, 0xc0, 0xc3, 0xe0, 0x04, 0x35, 0xf8, 0x62, 0x70, 0x15, 0x84,
    0x62, 0xa0, 0x35, 0x04, 0x5b, 0x85, 0x28, 0x06, 0x5a, 0x42, 0xb0, 0x16, 0x94, 0x63, 0x80, 0x81,
    0x11, 0x03, 0x04, 0x00, 0x41, 0x30, 0xa0, 0xce, 0x31, 0x60, 0xc5, 0x80, 0x0c, 0x83, 0xa0, 0x1c,
    0x83, 0xd1, 0x84, 0x00, 0x28, 0x05, 0x1d, 0x03, 0x1d, 0x6e, 0x08, 0xd0, 0x31, 0x08, 0x83, 0x1a,
    0x62, 0x31, 0xc0, 0x22, 0x5e, 0x31, 0xd0, 0xe9, 0x06, 0x21, 0x18, 0x2a, 0x90, 0xc5, 0x40, 0x87,
    0x1b, 0x82, 0x76, 0x0c, 0xc2, 0xa0, 0x86, 0x56, 0x0c, 0xb4, 0x04, 0x5f, 0x0c, 0x78, 0xba, 0x01,
    0x1e, 0x03, 0x61, 0x98, 0x25, 0xd0, 0x87, 0x5a, 0x11, 0x77, 0x0c, 0xae, 0x5a, 0xc4, 0x15, 0x83,
    0xb4, 0x60, 0x15, 0x03, 0x10, 0x54, 0x30, 0x40, 0x05, 0xf6, 0x18, 0xa0, 0x05, 0xba, 0x18, 0x40,
    0x60, 0xc4, 0x00, 0x01, 0x40, 0x10, 0x0c, 0xa8, 0x7c, 0x0c, 0x7c, 0x31, 0xb8, 0xc3, 0x20, 0xb8,
    0xc7, 0x60, 0x34, 0x21, 0x00, 0xaa, 0xd0, 0xc7, 0x40, 0x87, 0x1b, 0x02, 0x7d, 0x0c, 0xc2, 0xa0,
    0x86, 0x71, 0x0c, 0xb0, 0x88, 0x70, 0x0c, 0x74, 0xba, 0x41, 0x08, 0x86, 0xca, 0x11, 0x7c, 0x0c,
    0xb0, 0x02, 0x7c, 0x0c, 0xb4, 0xcc, 0x31, 0x08, 0xb0, 0x88, 0x40, 0x87, 0x1b, 0x02, 0x91, 0x0c,
    0xc0, 0x60, 0x96, 0xe1, 0x1e, 0xf4, 0x21, 0xa8, 0x5d, 0x48, 0xc7, 0x40, 0x87, 0x1b, 0x02, 0x92,
    0x0c, 0xc0, 0x60, 0x96, 0x21, 0x1f, 0xf0, 0x21, 0xa8, 0x1f, 0xf1, 0xc5, 0x00, 0x2a, 0x38, 0xc9,
    0x00, 0x2d, 0x58, 0xc7, 0x00, 0x02, 0x23, 0x06, 0x08, 0x00, 0x82, 0x60, 0x40, 0xa9, 0x64, 0xf0,
    0x8e, 0x01, 0x2a, 0x06, 0x01, 0x4a, 0x06, 0xa3, 0x09, 0x01, 0x50, 0xc5, 0x4a, 0x06, 0x3a, 0xdc,
    0x10, 0xac, 0x64, 0x10, 0x06, 0x35, 0xd0, 0x63, 0x80, 0x45, 0xc8, 0x63, 0xa0, 0xd3, 0x0d, 0x42,
    0x30, 0xcc, 0x12, 0xe4, 0xc3, 0x40, 0x05, 0x21, 0xe0, 0x03, 0x6b, 0xdc, 0x43, 0x95, 0x83, 0x9a,
    0x40, 0xb1, 0x89, 0x10, 0x25, 0xc4, 0x64, 0x70, 0x15, 0xd0, 0x63, 0xa0, 0x35, 0xd0, 0x63, 0xa0,
    0x15, 0x08, 0x6b, 0xc1, 0x4d, 0x06, 0x18, 0xa8, 0xe0, 0x1c, 0x83, 0x1d, 0x31, 0x40, 0x00, 0x10,
    0x04, 0x03, 0x4a, 0x27, 0x83, 0x7f, 0x0c, 0x6e, 0x31, 0x08, 0x70, 0x32, 0x18, 0x4d, 0x08, 0x80,
    0x4a, 0x76, 0x32, 0xd0, 0xe1, 0x86, 0x60, 0x27, 0x83, 0x30, 0xa8, 0x81, 0x24, 0x03, 0x9c, 0x6e,
    0x08, 0x08, 0xa1, 0x82, 0x7e, 0x0c, 0x74, 0x96, 0x40, 0x1f, 0x06, 0x4a, 0x20, 0x1e, 0x15, 0xf2,
    0x41, 0x47, 0x05, 0x76, 0xd0, 0x51, 0xc1, 0x1e, 0xc0, 0xa1, 0x1e, 0x06, 0x4a, 0x08, 0x22, 0x1f,
    0x40, 0x55, 0x60, 0x07, 0x50, 0x15, 0xec, 0x01, 0x1c, 0xea, 0x61, 0x96, 0x01, 0x24, 0xf6, 0x41,
    0xa8, 0x7c, 0x48, 0xc9, 0x00, 0xeb, 0x1e, 0x54, 0x32, 0xc0, 0x0a, 0x52, 0x32, 0xd0, 0xca, 0x87,
    0x93, 0x0c, 0xb4, 0x84, 0x60, 0x87, 0x1b, 0x02, 0xb3, 0x0c, 0xc0, 0x60, 0x96, 0x81, 0x1f, 0x40,
    0x22, 0xa8, 0x50, 0x21, 0xcb, 0xe0, 0x6a, 0x54, 0x48, 0x32, 0x48, 0x0b, 0x42, 0x32, 0x00, 0x41,
    0x05, 0x03, 0x54, 0xc0, 0x96, 0x01, 0x5a, 0x00, 0x93, 0x01, 0x04, 0x46, 0x0c, 0x10, 0x00, 0x04,
    0xc1, 0x80, 0x7a, 0xcb, 0x80, 0x26, 0x83, 0x76, 0x0c, 0x82, 0xb6, 0x0c, 0x46, 0x13, 0x02, 0xa0,
    0x0a, 0xb8, 0x0c, 0x74, 0xb8, 0x21, 0x80, 0xcb, 0x20, 0x0c, 0x6a, 0xc8, 0xc9, 0x00, 0x8b, 0xb8,
    0xc9, 0x40, 0xa7, 0x1b, 0x84, 0x60, 0xa8, 0x20, 0x26, 0x03, 0x2e, 0x58, 0x79, 0xcb, 0x00, 0x2b,
    0x78, 0xcb, 0x40, 0xab, 0x27, 0x83, 0x00, 0x2b, 0x20, 0x74, 0xb8, 0x21, 0xc8, 0xcb, 0x00, 0x0c,
    0x66, 0x19, 0xfa, 0x01, 0x24, 0x82, 0xca, 0xc0, 0x32, 0xd0, 0xe1, 0x86, 0x60, 0x2f, 0x03, 0x30,
    0x98, 0x65, 0xf8, 0x07, 0x7f, 0x08, 0xca, 0x56, 0x56, 0x32, 0x80, 0x0a, 0xfc, 0x32, 0x40, 0x0b,
    0xc4, 0x32, 0x80, 0xc0, 0x88, 0x01, 0x02, 0x80, 0x20, 0x18, 0x50, 0xa1, 0x19, 0x98, 0x65, 0xf0,
    0x8f, 0x41, 0xf0, 0x97, 0xc1, 0x68, 0x42, 0x00, 0x54, 0x21, 0x9a, 0x81, 0x0e, 0x37, 0x04, 0xa2,
    0x19, 0x84, 0x41, 0x0d, 0x6b, 0x19, 0x60, 0x11, 0x69, 0x19, 0xe8, 0x74, 0x83, 0x10, 0x0c, 0xb3,
    0x04, 0xff, 0x30, 0x50, 0x41, 0x08, 0xfe, 0xa0, 0x0a, 0xfd, 0x50, 0x65, 0x10, 0x2e, 0x50, 0xe3,
    0x22, 0x44, 0x09, 0xa8, 0x19, 0x5c, 0x05, 0x6b, 0x19, 0x68, 0x0d, 0x6b, 0x19, 0x68, 0x05, 0xc2,
    0x5a, 0xe0, 0x9a, 0x01, 0x06, 0x2a, 0xe0, 0xc9, 0x60, 0x47, 0x0c, 0x10, 0x00, 0x04, 0xc1, 0x80,
    0x8a, 0xcd, 0xc0, 0x2e, 0x03, 0x97, 0x0c, 0x82, 0xd7, 0x0c, 0x46, 0x13, 0x02, 0xa0, 0x12, 0xd9,
    0x0c, 0x74, 0xb8, 0x21, 0x90, 0xcd, 0x20, 0x0c, 0x6a, 0xd8, 0xcb, 0x00, 0xa7, 0x1b, 0x02, 0x42,
    0xa8, 0x80, 0x2e, 0x03, 0x9d, 0x25, 0x00, 0x89, 0x81, 0x1a, 0x02, 0x7c, 0xca, 0x01, 0x5c, 0xd6,
    0x81, 0x1d, 0xf4, 0x41, 0xf8, 0x07, 0xb6, 0x15, 0xf6, 0x81, 0x6d, 0x05, 0x7e, 0xb0, 0xe0, 0x2f,
    0x03, 0x10, 0x8c, 0x18, 0x20, 0x00, 0x08, 0x82, 0x01, 0xa5, 0x9b, 0xc1, 0x5f, 0x06, 0x38, 0x19,
    0x04, 0xb8, 0x19, 0x8c, 0x26, 0x04, 0xc0, 0x2c, 0x41, 0x48, 0x0c, 0x54, 0x10, 0x02, 0x48, 0xd8,
    0xd7, 0x2c, 0x54, 0x30, 0x9a, 0x01, 0x56, 0x70, 0x97, 0x81, 0x5e, 0x30, 0xaa, 0x88, 0xba, 0x0c,
    0xb0, 0x02, 0xbd, 0x0c, 0xf4, 0x82, 0x51, 0x75, 0xf0, 0x65, 0xa0, 0x17, 0x8c, 0x32, 0xa3, 0x2c,
    0x03, 0xf9, 0x18, 0x61, 0x96, 0x81, 0x7c, 0x6c, 0x38, 0xcb, 0x40, 0x3e, 0x23, 0x06, 0x09, 0x00,
    0x82, 0x60, 0x80, 0xb0, 0x67, 0xc0, 0x97, 0x81, 0x79, 0x06, 0xe6, 0x19, 0xec, 0x66, 0x30, 0x8c,
    0x18, 0x24, 0x00, 0x08, 0x82, 0x01, 0xc2, 0x9e, 0x01, 0x5f, 0x06, 0xe6, 0x19, 0x98, 0x67, 0x30,
    0x9b, 0x81, 0x30, 0x62, 0x90, 0x00, 0x20, 0x08, 0x06, 0x08, 0x7b, 0x06, 0x7c, 0x19, 0x98, 0x67,
    0x60, 0x9e, 0x81, 0x6e, 0x06, 0xc1, 0x88, 0x41, 0x02, 0x80, 0x20, 0x18, 0x20, 0xec, 0x19, 0xf0,
    0x65, 0x60, 0x9e, 0x81, 0x79, 0x06, 0xbd, 0x19, 0xa4, 0x65, 0x80, 0x00, 0x00, 0x00, 0x00, 0x00
};

static const char k_ps_tiles_back_msl[] =
    "#include <metal_stdlib>\n"
    "#include <simd/simd.h>\n"
    "\n"
    "using namespace metal;\n"
    "\n"
    "struct type_StructuredBuffer_uint\n"
    "{\n"
    "    uint _m0[1];\n"
    "};\n"
    "\n"
    "struct main0_out\n"
    "{\n"
    "    float4 out_var_SV_Target [[color(0)]];\n"
    "};\n"
    "\n"
    "fragment main0_out main0(const device type_StructuredBuffer_uint& tilepix [[buffer(0)]], const device type_StructuredBuffer_uint& tiledata [[buffer(1)]], float4 gl_FragCoord [[position]])\n"
    "{\n"
    "    main0_out out = {};\n"
    "    float4 _2068;\n"
    "    do\n"
    "    {\n"
    "        int _75 = int(tiledata._m0[0u]);\n"
    "        int _82 = int(gl_FragCoord.x);\n"
    "        int _83 = _82 - _75;\n"
    "        int _86 = int(gl_FragCoord.y);\n"
    "        bool _91;\n"
    "        if (_75 > 0)\n"
    "        {\n"
    "            _91 = tiledata._m0[1u] == 2u;\n"
    "        }\n"
    "        else\n"
    "        {\n"
    "            _91 = false;\n"
    "        }\n"
    "        if (_91)\n"
    "        {\n"
    "            float _100 = fast::clamp((((float(_82) + 0.5) * 496.0) / float(496 + (2 * _75))) - 0.5, 0.0, 495.0);\n"
    "            int _101 = int(_100);\n"
    "            int _103 = min((_101 + 1), 495);\n"
    "            float _105 = _100 - float(_101);\n"
    "            uint _737;\n"
    "            do\n"
    "            {\n"
    "                uint _323;\n"
    "                bool _324;\n"
    "                do\n"
    "                {\n"
    "                    if ((tiledata._m0[6162u] & 32768u) != 0u)\n"
    "                    {\n"
    "                        _323 = 0u;\n"
    "                        _324 = false;\n"
    "                        break;\n"
    "                    }\n"
    "                    uint _121 = tiledata._m0[6162u] & 24576u;\n"
    "                    if (_121 != 0u)\n"
    "                    {\n"
    "                        uint _125 = _121 >> 13u;\n"
    "                        uint _128 = 0u - (tiledata._m0[6162u] & 65535u);\n"
    "                        int _130 = int(_128 & 511u);\n"
    "                        bool _132 = (_128 & 512u) != 0u;\n"
    "                        uint _133 = _132 ? 0u : 1u;\n"
    "                        int _207;\n"
    "                        uint _208;\n"
    "                        if ((tiledata._m0[6160u] & 32768u) != 0u)\n"
    "                        {\n"
    "                            uint _166 = uint(_86);\n"
    "                            uint _168 = 4112u + (_166 >> 1u);\n"
    "                            uint _178;\n"
    "                            if ((_166 & 1u) != 0u)\n"
    "                            {\n"
    "                                _178 = tiledata._m0[_168] >> 16u;\n"
    "                            }\n"
    "                            else\n"
    "                            {\n"
    "                                _178 = tiledata._m0[_168] & 65535u;\n"
    "                            }\n"
    "                            int _180 = int(_178 & 511u);\n"
    "                            uint _206;\n"
    "                            if (_125 == 1u)\n"
    "                            {\n"
    "                                uint _205;\n"
    "                                if (_86 >= _130)\n"
    "                                {\n"
    "                                    uint _202 = 1u;\n"
    "                                    uint _203 = 0u;\n"
    "                                    _205 = uint(_132);\n"
    "                                }\n"
    "                                else\n"
    "                                {\n"
    "                                    _205 = _133;\n"
    "                                }\n"
    "                                _206 = _205;\n"
    "                            }\n"
    "                            else\n"
    "                            {\n"
    "                                bool _187 = (_178 & 512u) != 0u;\n"
    "                                uint _197;\n"
    "                                if (_101 <= (_180 - 1))\n"
    "                                {\n"
    "                                    _197 = _187 ? 0u : 1u;\n"
    "                                }\n"
    "                                else\n"
    "                                {\n"
    "                                    uint _194 = 1u;\n"
    "                                    uint _195 = 0u;\n"
    "                                    _197 = uint(_187);\n"
    "                                }\n"
    "                                _206 = _197;\n"
    "                            }\n"
    "                            _207 = -_180;\n"
    "                            _208 = _206;\n"
    "                        }\n"
    "                        else\n"
    "                        {\n"
    "                            int _140 = int(tiledata._m0[6160u] & 511u);\n"
    "                            uint _165;\n"
    "                            if (_125 == 1u)\n"
    "                            {\n"
    "                                uint _164;\n"
    "                                if (_86 < _130)\n"
    "                                {\n"
    "                                    _164 = _133;\n"
    "                                }\n"
    "                                else\n"
    "                                {\n"
    "                                    uint _161 = 1u;\n"
    "                                    uint _162 = 0u;\n"
    "                                    _164 = uint(_132);\n"
    "                                }\n"
    "                                _165 = _164;\n"
    "                            }\n"
    "                            else\n"
    "                            {\n"
    "                                bool _147 = (tiledata._m0[6160u] & 512u) != 0u;\n"
    "                                uint _156;\n"
    "                                if (_101 < _140)\n"
    "                                {\n"
    "                                    _156 = _147 ? 0u : 1u;\n"
    "                                }\n"
    "                                else\n"
    "                                {\n"
    "                                    uint _153 = 1u;\n"
    "                                    uint _154 = 0u;\n"
    "                                    _156 = uint(_147);\n"
    "                                }\n"
    "                                _165 = _156;\n"
    "                            }\n"
    "                            _207 = -_140;\n"
    "                            _208 = _165;\n"
    "                        }\n"
    "                        uint _218 = ((_208 * 262144u) + (uint((_86 + int(tiledata._m0[6162u] & 511u)) & 511) * 512u)) + uint((_101 + _207) & 511);\n"
    "                        uint _219 = _218 >> 1u;\n"
    "                        uint _229;\n"
    "                        if ((_218 & 1u) != 0u)\n"
    "                        {\n"
    "                            _229 = tilepix._m0[_219] >> 16u;\n"
    "                        }\n"
    "                        else\n"
    "                        {\n"
    "                            _229 = tilepix._m0[_219] & 65535u;\n"
    "                        }\n"
    "                        bool _236;\n"
    "                        if ((_229 >> 15u) == 0u)\n"
    "                        {\n"
    "                            _236 = (_229 & 15u) == 0u;\n"
    "                        }\n"
    "                        else\n"
    "                        {\n"
    "                            _236 = true;\n"
    "                        }\n"
    "                        if (_236)\n"
    "                        {\n"
    "                            _323 = 0u;\n"
    "                            _324 = false;\n"
    "                            break;\n"
    "                        }\n"
    "                        _323 = _229 & 4095u;\n"
    "                        _324 = true;\n"
    "                        break;\n"
    "                    }\n"
    "                    uint _240 = uint(_86);\n"
    "                    uint _245 = (24576u + (_240 * 4u)) + uint(_101 >> 7);\n"
    "                    uint _248 = 4112u + ((_245 - 16384u) >> 1u);\n"
    "                    uint _258;\n"
    "                    if ((_245 & 1u) != 0u)\n"
    "                    {\n"
    "                        _258 = tiledata._m0[_248] >> 16u;\n"
    "                    }\n"
    "                    else\n"
    "                    {\n"
    "                        _258 = tiledata._m0[_248] & 65535u;\n"
    "                    }\n"
    "                    if ((_258 & (32768u >> (uint((_101 >> 3) & 15) & 31u))) != 0u)\n"
    "                    {\n"
    "                        _323 = 0u;\n"
    "                        _324 = false;\n"
    "                        break;\n"
    "                    }\n"
    "                    int _291;\n"
    "                    if ((tiledata._m0[6160u] & 32768u) != 0u)\n"
    "                    {\n"
    "                        uint _277 = 4112u + (_240 >> 1u);\n"
    "                        uint _287;\n"
    "                        if ((_240 & 1u) != 0u)\n"
    "                        {\n"
    "                            _287 = tiledata._m0[_277] >> 16u;\n"
    "                        }\n"
    "                        else\n"
    "                        {\n"
    "                            _287 = tiledata._m0[_277] & 65535u;\n"
    "                        }\n"
    "                        _291 = int((0u - _287) & 511u);\n"
    "                    }\n"
    "                    else\n"
    "                    {\n"
    "                        _291 = int((0u - (tiledata._m0[6160u] & 65535u)) & 511u);\n"
    "                    }\n"
    "                    uint _301 = (uint((int(tiledata._m0[6162u] & 511u) + _86) & 511) * 512u) + uint((_101 + _291) & 511);\n"
    "                    uint _302 = _301 >> 1u;\n"
    "                    uint _312;\n"
    "                    if ((_301 & 1u) != 0u)\n"
    "                    {\n"
    "                        _312 = tilepix._m0[_302] >> 16u;\n"
    "                    }\n"
    "                    else\n"
    "                    {\n"
    "                        _312 = tilepix._m0[_302] & 65535u;\n"
    "                    }\n"
    "                    bool _319;\n"
    "                    if ((_312 >> 15u) == 0u)\n"
    "                    {\n"
    "                        _319 = (_312 & 15u) == 0u;\n"
    "                    }\n"
    "                    else\n"
    "                    {\n"
    "                        _319 = true;\n"
    "                    }\n"
    "                    if (_319)\n"
    "                    {\n"
    "                        _323 = 0u;\n"
    "                        _324 = false;\n"
    "                        break;\n"
    "                    }\n"
    "                    _323 = _312 & 4095u;\n"
    "                    _324 = true;\n"
    "                    break;\n"
    "                } while(false);\n"
    "                if (_324)\n"
    "                {\n"
    "                    _737 = _323;\n"
    "                    break;\n"
    "                }\n"
    "                uint _428;\n"
    "                bool _429;\n"
    "                do\n"
    "                {\n"
    "                    uint _330 = tiledata._m0[6160u] >> 16u;\n"
    "                    uint _332 = tiledata._m0[6162u] >> 16u;\n"
    "                    if ((_332 & 32768u) != 0u)\n"
    "                    {\n"
    "                        _428 = 0u;\n"
    "                        _429 = false;\n"
    "                        break;\n"
    "                    }\n"
    "                    if ((tiledata._m0[6162u] & 24576u) != 0u)\n"
    "                    {\n"
    "                        _428 = 0u;\n"
    "                        _429 = false;\n"
    "                        break;\n"
    "                    }\n"
    "                    uint _342 = uint(_86);\n"
    "                    uint _347 = (24576u + (_342 * 4u)) + uint(_101 >> 7);\n"
    "                    uint _350 = 4112u + ((_347 - 16384u) >> 1u);\n"
    "                    uint _360;\n"
    "                    if ((_347 & 1u) != 0u)\n"
    "                    {\n"
    "                        _360 = tiledata._m0[_350] >> 16u;\n"
    "                    }\n"
    "                    else\n"
    "                    {\n"
    "                        _360 = tiledata._m0[_350] & 65535u;\n"
    "                    }\n"
    "                    if (((~_360) & (32768u >> (uint((_101 >> 3) & 15) & 31u))) != 0u)\n"
    "                    {\n"
    "                        _428 = 0u;\n"
    "                        _429 = false;\n"
    "                        break;\n"
    "                    }\n"
    "                    int _395;\n"
    "                    if ((_330 & 32768u) != 0u)\n"
    "                    {\n"
    "                        uint _381 = 4112u + ((_342 + 512u) >> 1u);\n"
    "                        uint _391;\n"
    "                        if ((_342 & 1u) != 0u)\n"
    "                        {\n"
    "                            _391 = tiledata._m0[_381] >> 16u;\n"
    "                        }\n"
    "                        else\n"
    "                        {\n"
    "                            _391 = tiledata._m0[_381] & 65535u;\n"
    "                        }\n"
    "                        _395 = int((0u - _391) & 511u);\n"
    "                    }\n"
    "                    else\n"
    "                    {\n"
    "                        _395 = int((0u - _330) & 511u);\n"
    "                    }\n"
    "                    uint _406 = (262144u + (uint((int(_332 & 511u) + _86) & 511) * 512u)) + uint((_101 + _395) & 511);\n"
    "                    uint _407 = _406 >> 1u;\n"
    "                    uint _417;\n"
    "                    if ((_406 & 1u) != 0u)\n"
    "                    {\n"
    "                        _417 = tilepix._m0[_407] >> 16u;\n"
    "                    }\n"
    "                    else\n"
    "                    {\n"
    "                        _417 = tilepix._m0[_407] & 65535u;\n"
    "                    }\n"
    "                    bool _424;\n"
    "                    if ((_417 >> 15u) == 0u)\n"
    "                    {\n"
    "                        _424 = (_417 & 15u) == 0u;\n"
    "                    }\n"
    "                    else\n"
    "                    {\n"
    "                        _424 = true;\n"
    "                    }\n"
    "                    if (_424)\n"
    "                    {\n"
    "                        _428 = 0u;\n"
    "                        _429 = false;\n"
    "                        break;\n"
    "                    }\n"
    "                    _428 = _417 & 4095u;\n"
    "                    _429 = true;\n"
    "                    break;\n"
    "                } while(false);\n"
    "                if (_429)\n"
    "                {\n"
    "                    _737 = _428;\n"
    "                    break;\n"
    "                }\n"
    "                uint _637;\n"
    "                bool _638;\n"
    "                do\n"
    "                {\n"
    "                    if ((tiledata._m0[6163u] & 32768u) != 0u)\n"
    "                    {\n"
    "                        _637 = 0u;\n"
    "                        _638 = false;\n"
    "                        break;\n"
    "                    }\n"
    "                    uint _445 = tiledata._m0[6163u] & 24576u;\n"
    "                    if (_445 != 0u)\n"
    "                    {\n"
    "                        uint _449 = _445 >> 13u;\n"
    "                        uint _452 = 0u - (tiledata._m0[6163u] & 65535u);\n"
    "                        int _454 = int(_452 & 511u);\n"
    "                        bool _456 = (_452 & 512u) != 0u;\n"
    "                        uint _457 = _456 ? 2u : 3u;\n"
    "                        int _532;\n"
    "                        uint _533;\n"
    "                        if ((tiledata._m0[6161u] & 32768u) != 0u)\n"
    "                        {\n"
    "                            uint _490 = uint(_86);\n"
    "                            uint _493 = 4112u + ((_490 + 1024u) >> 1u);\n"
    "                            uint _503;\n"
    "                            if ((_490 & 1u) != 0u)\n"
    "                            {\n"
    "                                _503 = tiledata._m0[_493] >> 16u;\n"
    "                            }\n"
    "                            else\n"
    "                            {\n"
    "                                _503 = tiledata._m0[_493] & 65535u;\n"
    "                            }\n"
    "                            int _505 = int(_503 & 511u);\n"
    "                            uint _531;\n"
    "                            if (_449 == 1u)\n"
    "                            {\n"
    "                                uint _530;\n"
    "                                if (_86 >= _454)\n"
    "                                {\n"
    "                                    uint _527 = 3u;\n"
    "                                    uint _528 = 2u;\n"
    "                                    _530 = _456 ? 3u : 2u;\n"
    "                                }\n"
    "                                else\n"
    "                                {\n"
    "                                    _530 = _457;\n"
    "                                }\n"
    "                                _531 = _530;\n"
    "                            }\n"
    "                            else\n"
    "                            {\n"
    "                                bool _512 = (_503 & 512u) != 0u;\n"
    "                                uint _522;\n"
    "                                if (_101 <= (_505 - 1))\n"
    "                                {\n"
    "                                    _522 = _512 ? 2u : 3u;\n"
    "                                }\n"
    "                                else\n"
    "                                {\n"
    "                                    uint _519 = 3u;\n"
    "                                    uint _520 = 2u;\n"
    "                                    _522 = _512 ? 3u : 2u;\n"
    "                                }\n"
    "                                _531 = _522;\n"
    "                            }\n"
    "                            _532 = -_505;\n"
    "                            _533 = _531;\n"
    "                        }\n"
    "                        else\n"
    "                        {\n"
    "                            int _464 = int(tiledata._m0[6161u] & 511u);\n"
    "                            uint _489;\n"
    "                            if (_449 == 1u)\n"
    "                            {\n"
    "                                uint _488;\n"
    "                                if (_86 < _454)\n"
    "                                {\n"
    "                                    _488 = _457;\n"
    "                                }\n"
    "                                else\n"
    "                                {\n"
    "                                    uint _485 = 3u;\n"
    "                                    uint _486 = 2u;\n"
    "                                    _488 = _456 ? 3u : 2u;\n"
    "                                }\n"
    "                                _489 = _488;\n"
    "                            }\n"
    "                            else\n"
    "                            {\n"
    "                                bool _471 = (tiledata._m0[6161u] & 512u) != 0u;\n"
    "                                uint _480;\n"
    "                                if (_101 < _464)\n"
    "                                {\n"
    "                                    _480 = _471 ? 2u : 3u;\n"
    "                                }\n"
    "                                else\n"
    "                                {\n"
    "                                    uint _477 = 3u;\n"
    "                                    uint _478 = 2u;\n"
    "                                    _480 = _471 ? 3u : 2u;\n"
    "                                }\n"
    "                                _489 = _480;\n"
    "                            }\n"
    "                            _532 = -_464;\n"
    "                            _533 = _489;\n"
    "                        }\n"
    "                        uint _543 = ((_533 * 262144u) + (uint((_86 + int(tiledata._m0[6163u] & 511u)) & 511) * 512u)) + uint((_101 + _532) & 511);\n"
    "                        uint _544 = _543 >> 1u;\n"
    "                        uint _554;\n"
    "                        if ((_543 & 1u) != 0u)\n"
    "                        {\n"
    "                            _554 = tilepix._m0[_544] >> 16u;\n"
    "                        }\n"
    "                        else\n"
    "                        {\n"
    "                            _554 = tilepix._m0[_544] & 65535u;\n"
    "                        }\n"
    "                        uint _555 = _554 >> 15u;\n"
    "                        if (_555 != 0u)\n"
    "                        {\n"
    "                            _637 = 0u;\n"
    "                            _638 = false;\n"
    "                            break;\n"
    "                        }\n"
    "                        _637 = _554 & 4095u;\n"
    "                        _638 = true;\n"
    "                        break;\n"
    "                    }\n"
    "                    uint _561 = uint(_86);\n"
    "                    uint _566 = (26624u + (_561 * 4u)) + uint(_101 >> 7);\n"
    "                    uint _569 = 4112u + ((_566 - 16384u) >> 1u);\n"
    "                    uint _579;\n"
    "                    if ((_566 & 1u) != 0u)\n"
    "                    {\n"
    "                        _579 = tiledata._m0[_569] >> 16u;\n"
    "                    }\n"
    "                    else\n"
    "                    {\n"
    "                        _579 = tiledata._m0[_569] & 65535u;\n"
    "                    }\n"
    "                    if ((_579 & (32768u >> (uint((_101 >> 3) & 15) & 31u))) != 0u)\n"
    "                    {\n"
    "                        _637 = 0u;\n"
    "                        _638 = false;\n"
    "                        break;\n"
    "                    }\n"
    "                    int _613;\n"
    "                    if ((tiledata._m0[6161u] & 32768u) != 0u)\n"
    "                    {\n"
    "                        uint _599 = 4112u + ((_561 + 1024u) >> 1u);\n"
    "                        uint _609;\n"
    "                        if ((_561 & 1u) != 0u)\n"
    "                        {\n"
    "                            _609 = tiledata._m0[_599] >> 16u;\n"
    "                        }\n"
    "                        else\n"
    "                        {\n"
    "                            _609 = tiledata._m0[_599] & 65535u;\n"
    "                        }\n"
    "                        _613 = int((0u - _609) & 511u);\n"
    "                    }\n"
    "                    else\n"
    "                    {\n"
    "                        _613 = int((0u - (tiledata._m0[6161u] & 65535u)) & 511u);\n"
    "                    }\n"
    "                    uint _624 = (524288u + (uint((int(tiledata._m0[6163u] & 511u) + _86) & 511) * 512u)) + uint((_101 + _613) & 511);\n"
    "                    uint _625 = _624 >> 1u;\n"
    "                    uint _635;\n"
    "                    if ((_624 & 1u) != 0u)\n"
    "                    {\n"
    "                        _635 = tilepix._m0[_625] >> 16u;\n"
    "                    }\n"
    "                    else\n"
    "                    {\n"
    "                        _635 = tilepix._m0[_625] & 65535u;\n"
    "                    }\n"
    "                    _637 = _635 & 4095u;\n"
    "                    _638 = true;\n"
    "                    break;\n"
    "                } while(false);\n"
    "                if (_638)\n"
    "                {\n"
    "                    _737 = _637;\n"
    "                    break;\n"
    "                }\n"
    "                uint _733;\n"
    "                bool _734;\n"
    "                do\n"
    "                {\n"
    "                    uint _644 = tiledata._m0[6161u] >> 16u;\n"
    "                    uint _646 = tiledata._m0[6163u] >> 16u;\n"
    "                    if ((_646 & 32768u) != 0u)\n"
    "                    {\n"
    "                        _733 = 0u;\n"
    "                        _734 = false;\n"
    "                        break;\n"
    "                    }\n"
    "                    if ((tiledata._m0[6163u] & 24576u) != 0u)\n"
    "                    {\n"
    "                        _733 = 0u;\n"
    "                        _734 = false;\n"
    "                        break;\n"
    "                    }\n"
    "                    uint _656 = uint(_86);\n"
    "                    uint _661 = (26624u + (_656 * 4u)) + uint(_101 >> 7);\n"
    "                    uint _664 = 4112u + ((_661 - 16384u) >> 1u);\n"
    "                    uint _674;\n"
    "                    if ((_661 & 1u) != 0u)\n"
    "                    {\n"
    "                        _674 = tiledata._m0[_664] >> 16u;\n"
    "                    }\n"
    "                    else\n"
    "                    {\n"
    "                        _674 = tiledata._m0[_664] & 65535u;\n"
    "                    }\n"
    "                    if (((~_674) & (32768u >> (uint((_101 >> 3) & 15) & 31u))) != 0u)\n"
    "                    {\n"
    "                        _733 = 0u;\n"
    "                        _734 = false;\n"
    "                        break;\n"
    "                    }\n"
    "                    int _709;\n"
    "                    if ((_644 & 32768u) != 0u)\n"
    "                    {\n"
    "                        uint _695 = 4112u + ((_656 + 1536u) >> 1u);\n"
    "                        uint _705;\n"
    "                        if ((_656 & 1u) != 0u)\n"
    "                        {\n"
    "                            _705 = tiledata._m0[_695] >> 16u;\n"
    "                        }\n"
    "                        else\n"
    "                        {\n"
    "                            _705 = tiledata._m0[_695] & 65535u;\n"
    "                        }\n"
    "                        _709 = int((0u - _705) & 511u);\n"
    "                    }\n"
    "                    else\n"
    "                    {\n"
    "                        _709 = int((0u - _644) & 511u);\n"
    "                    }\n"
    "                    uint _720 = (786432u + (uint((int(_646 & 511u) + _86) & 511) * 512u)) + uint((_101 + _709) & 511);\n"
    "                    uint _721 = _720 >> 1u;\n"
    "                    uint _731;\n"
    "                    if ((_720 & 1u) != 0u)\n"
    "                    {\n"
    "                        _731 = tilepix._m0[_721] >> 16u;\n"
    "                    }\n"
    "                    else\n"
    "                    {\n"
    "                        _731 = tilepix._m0[_721] & 65535u;\n"
    "                    }\n"
    "                    _733 = _731 & 4095u;\n"
    "                    _734 = true;\n"
    "                    break;\n"
    "                } while(false);\n"
    "                if (_734)\n"
    "                {\n"
    "                    _737 = _733;\n"
    "                    break;\n"
    "                }\n"
    "                _737 = 0u;\n"
    "                break;\n"
    "            } while(false);\n"
    "            uint _738 = 16u + _737;\n"
    "            uint _1370;\n"
    "            do\n"
    "            {\n"
    "                uint _956;\n"
    "                bool _957;\n"
    "                do\n"
    "                {\n"
    "                    if ((tiledata._m0[6162u] & 32768u) != 0u)\n"
    "                    {\n"
    "                        _956 = 0u;\n"
    "                        _957 = false;\n"
    "                        break;\n"
    "                    }\n"
    "                    uint _754 = tiledata._m0[6162u] & 24576u;\n"
    "                    if (_754 != 0u)\n"
    "                    {\n"
    "                        uint _758 = _754 >> 13u;\n"
    "                        uint _761 = 0u - (tiledata._m0[6162u] & 65535u);\n"
    "                        int _763 = int(_761 & 511u);\n"
    "                        bool _765 = (_761 & 512u) != 0u;\n"
    "                        uint _766 = _765 ? 0u : 1u;\n"
    "                        int _840;\n"
    "                        uint _841;\n"
    "                        if ((tiledata._m0[6160u] & 32768u) != 0u)\n"
    "                        {\n"
    "                            uint _799 = uint(_86);\n"
    "                            uint _801 = 4112u + (_799 >> 1u);\n"
    "                            uint _811;\n"
    "                            if ((_799 & 1u) != 0u)\n"
    "                            {\n"
    "                                _811 = tiledata._m0[_801] >> 16u;\n"
    "                            }\n"
    "                            else\n"
    "                            {\n"
    "                                _811 = tiledata._m0[_801] & 65535u;\n"
    "                            }\n"
    "                            int _813 = int(_811 & 511u);\n"
    "                            uint _839;\n"
    "                            if (_758 == 1u)\n"
    "                            {\n"
    "                                uint _838;\n"
    "                                if (_86 >= _763)\n"
    "                                {\n"
    "                                    uint _835 = 1u;\n"
    "                                    uint _836 = 0u;\n"
    "                                    _838 = uint(_765);\n"
    "                                }\n"
    "                                else\n"
    "                                {\n"
    "                                    _838 = _766;\n"
    "                                }\n"
    "                                _839 = _838;\n"
    "                            }\n"
    "                            else\n"
    "                            {\n"
    "                                bool _820 = (_811 & 512u) != 0u;\n"
    "                                uint _830;\n"
    "                                if (_103 <= (_813 - 1))\n"
    "                                {\n"
    "                                    _830 = _820 ? 0u : 1u;\n"
    "                                }\n"
    "                                else\n"
    "                                {\n"
    "                                    uint _827 = 1u;\n"
    "                                    uint _828 = 0u;\n"
    "                                    _830 = uint(_820);\n"
    "                                }\n"
    "                                _839 = _830;\n"
    "                            }\n"
    "                            _840 = -_813;\n"
    "                            _841 = _839;\n"
    "                        }\n"
    "                        else\n"
    "                        {\n"
    "                            int _773 = int(tiledata._m0[6160u] & 511u);\n"
    "                            uint _798;\n"
    "                            if (_758 == 1u)\n"
    "                            {\n"
    "                                uint _797;\n"
    "                                if (_86 < _763)\n"
    "                                {\n"
    "                                    _797 = _766;\n"
    "                                }\n"
    "                                else\n"
    "                                {\n"
    "                                    uint _794 = 1u;\n"
    "                                    uint _795 = 0u;\n"
    "                                    _797 = uint(_765);\n"
    "                                }\n"
    "                                _798 = _797;\n"
    "                            }\n"
    "                            else\n"
    "                            {\n"
    "                                bool _780 = (tiledata._m0[6160u] & 512u) != 0u;\n"
    "                                uint _789;\n"
    "                                if (_103 < _773)\n"
    "                                {\n"
    "                                    _789 = _780 ? 0u : 1u;\n"
    "                                }\n"
    "                                else\n"
    "                                {\n"
    "                                    uint _786 = 1u;\n"
    "                                    uint _787 = 0u;\n"
    "                                    _789 = uint(_780);\n"
    "                                }\n"
    "                                _798 = _789;\n"
    "                            }\n"
    "                            _840 = -_773;\n"
    "                            _841 = _798;\n"
    "                        }\n"
    "                        uint _851 = ((_841 * 262144u) + (uint((_86 + int(tiledata._m0[6162u] & 511u)) & 511) * 512u)) + uint((_103 + _840) & 511);\n"
    "                        uint _852 = _851 >> 1u;\n"
    "                        uint _862;\n"
    "                        if ((_851 & 1u) != 0u)\n"
    "                        {\n"
    "                            _862 = tilepix._m0[_852] >> 16u;\n"
    "                        }\n"
    "                        else\n"
    "                        {\n"
    "                            _862 = tilepix._m0[_852] & 65535u;\n"
    "                        }\n"
    "                        bool _869;\n"
    "                        if ((_862 >> 15u) == 0u)\n"
    "                        {\n"
    "                            _869 = (_862 & 15u) == 0u;\n"
    "                        }\n"
    "                        else\n"
    "                        {\n"
    "                            _869 = true;\n"
    "                        }\n"
    "                        if (_869)\n"
    "                        {\n"
    "                            _956 = 0u;\n"
    "                            _957 = false;\n"
    "                            break;\n"
    "                        }\n"
    "                        _956 = _862 & 4095u;\n"
    "                        _957 = true;\n"
    "                        break;\n"
    "                    }\n"
    "                    uint _873 = uint(_86);\n"
    "                    uint _878 = (24576u + (_873 * 4u)) + uint(_103 >> 7);\n"
    "                    uint _881 = 4112u + ((_878 - 16384u) >> 1u);\n"
    "                    uint _891;\n"
    "                    if ((_878 & 1u) != 0u)\n"
    "                    {\n"
    "                        _891 = tiledata._m0[_881] >> 16u;\n"
    "                    }\n"
    "                    else\n"
    "                    {\n"
    "                        _891 = tiledata._m0[_881] & 65535u;\n"
    "                    }\n"
    "                    if ((_891 & (32768u >> (uint((_103 >> 3) & 15) & 31u))) != 0u)\n"
    "                    {\n"
    "                        _956 = 0u;\n"
    "                        _957 = false;\n"
    "                        break;\n"
    "                    }\n"
    "                    int _924;\n"
    "                    if ((tiledata._m0[6160u] & 32768u) != 0u)\n"
    "                    {\n"
    "                        uint _910 = 4112u + (_873 >> 1u);\n"
    "                        uint _920;\n"
    "                        if ((_873 & 1u) != 0u)\n"
    "                        {\n"
    "                            _920 = tiledata._m0[_910] >> 16u;\n"
    "                        }\n"
    "                        else\n"
    "                        {\n"
    "                            _920 = tiledata._m0[_910] & 65535u;\n"
    "                        }\n"
    "                        _924 = int((0u - _920) & 511u);\n"
    "                    }\n"
    "                    else\n"
    "                    {\n"
    "                        _924 = int((0u - (tiledata._m0[6160u] & 65535u)) & 511u);\n"
    "                    }\n"
    "                    uint _934 = (uint((int(tiledata._m0[6162u] & 511u) + _86) & 511) * 512u) + uint((_103 + _924) & 511);\n"
    "                    uint _935 = _934 >> 1u;\n"
    "                    uint _945;\n"
    "                    if ((_934 & 1u) != 0u)\n"
    "                    {\n"
    "                        _945 = tilepix._m0[_935] >> 16u;\n"
    "                    }\n"
    "                    else\n"
    "                    {\n"
    "                        _945 = tilepix._m0[_935] & 65535u;\n"
    "                    }\n"
    "                    bool _952;\n"
    "                    if ((_945 >> 15u) == 0u)\n"
    "                    {\n"
    "                        _952 = (_945 & 15u) == 0u;\n"
    "                    }\n"
    "                    else\n"
    "                    {\n"
    "                        _952 = true;\n"
    "                    }\n"
    "                    if (_952)\n"
    "                    {\n"
    "                        _956 = 0u;\n"
    "                        _957 = false;\n"
    "                        break;\n"
    "                    }\n"
    "                    _956 = _945 & 4095u;\n"
    "                    _957 = true;\n"
    "                    break;\n"
    "                } while(false);\n"
    "                if (_957)\n"
    "                {\n"
    "                    _1370 = _956;\n"
    "                    break;\n"
    "                }\n"
    "                uint _1061;\n"
    "                bool _1062;\n"
    "                do\n"
    "                {\n"
    "                    uint _963 = tiledata._m0[6160u] >> 16u;\n"
    "                    uint _965 = tiledata._m0[6162u] >> 16u;\n"
    "                    if ((_965 & 32768u) != 0u)\n"
    "                    {\n"
    "                        _1061 = 0u;\n"
    "                        _1062 = false;\n"
    "                        break;\n"
    "                    }\n"
    "                    if ((tiledata._m0[6162u] & 24576u) != 0u)\n"
    "                    {\n"
    "                        _1061 = 0u;\n"
    "                        _1062 = false;\n"
    "                        break;\n"
    "                    }\n"
    "                    uint _975 = uint(_86);\n"
    "                    uint _980 = (24576u + (_975 * 4u)) + uint(_103 >> 7);\n"
    "                    uint _983 = 4112u + ((_980 - 16384u) >> 1u);\n"
    "                    uint _993;\n"
    "                    if ((_980 & 1u) != 0u)\n"
    "                    {\n"
    "                        _993 = tiledata._m0[_983] >> 16u;\n"
    "                    }\n"
    "                    else\n"
    "                    {\n"
    "                        _993 = tiledata._m0[_983] & 65535u;\n"
    "                    }\n"
    "                    if (((~_993) & (32768u >> (uint((_103 >> 3) & 15) & 31u))) != 0u)\n"
    "                    {\n"
    "                        _1061 = 0u;\n"
    "                        _1062 = false;\n"
    "                        break;\n"
    "                    }\n"
    "                    int _1028;\n"
    "                    if ((_963 & 32768u) != 0u)\n"
    "                    {\n"
    "                        uint _1014 = 4112u + ((_975 + 512u) >> 1u);\n"
    "                        uint _1024;\n"
    "                        if ((_975 & 1u) != 0u)\n"
    "                        {\n"
    "                            _1024 = tiledata._m0[_1014] >> 16u;\n"
    "                        }\n"
    "                        else\n"
    "                        {\n"
    "                            _1024 = tiledata._m0[_1014] & 65535u;\n"
    "                        }\n"
    "                        _1028 = int((0u - _1024) & 511u);\n"
    "                    }\n"
    "                    else\n"
    "                    {\n"
    "                        _1028 = int((0u - _963) & 511u);\n"
    "                    }\n"
    "                    uint _1039 = (262144u + (uint((int(_965 & 511u) + _86) & 511) * 512u)) + uint((_103 + _1028) & 511);\n"
    "                    uint _1040 = _1039 >> 1u;\n"
    "                    uint _1050;\n"
    "                    if ((_1039 & 1u) != 0u)\n"
    "                    {\n"
    "                        _1050 = tilepix._m0[_1040] >> 16u;\n"
    "                    }\n"
    "                    else\n"
    "                    {\n"
    "                        _1050 = tilepix._m0[_1040] & 65535u;\n"
    "                    }\n"
    "                    bool _1057;\n"
    "                    if ((_1050 >> 15u) == 0u)\n"
    "                    {\n"
    "                        _1057 = (_1050 & 15u) == 0u;\n"
    "                    }\n"
    "                    else\n"
    "                    {\n"
    "                        _1057 = true;\n"
    "                    }\n"
    "                    if (_1057)\n"
    "                    {\n"
    "                        _1061 = 0u;\n"
    "                        _1062 = false;\n"
    "                        break;\n"
    "                    }\n"
    "                    _1061 = _1050 & 4095u;\n"
    "                    _1062 = true;\n"
    "                    break;\n"
    "                } while(false);\n"
    "                if (_1062)\n"
    "                {\n"
    "                    _1370 = _1061;\n"
    "                    break;\n"
    "                }\n"
    "                uint _1270;\n"
    "                bool _1271;\n"
    "                do\n"
    "                {\n"
    "                    if ((tiledata._m0[6163u] & 32768u) != 0u)\n"
    "                    {\n"
    "                        _1270 = 0u;\n"
    "                        _1271 = false;\n"
    "                        break;\n"
    "                    }\n"
    "                    uint _1078 = tiledata._m0[6163u] & 24576u;\n"
    "                    if (_1078 != 0u)\n"
    "                    {\n"
    "                        uint _1082 = _1078 >> 13u;\n"
    "                        uint _1085 = 0u - (tiledata._m0[6163u] & 65535u);\n"
    "                        int _1087 = int(_1085 & 511u);\n"
    "                        bool _1089 = (_1085 & 512u) != 0u;\n"
    "                        uint _1090 = _1089 ? 2u : 3u;\n"
    "                        int _1165;\n"
    "                        uint _1166;\n"
    "                        if ((tiledata._m0[6161u] & 32768u) != 0u)\n"
    "                        {\n"
    "                            uint _1123 = uint(_86);\n"
    "                            uint _1126 = 4112u + ((_1123 + 1024u) >> 1u);\n"
    "                            uint _1136;\n"
    "                            if ((_1123 & 1u) != 0u)\n"
    "                            {\n"
    "                                _1136 = tiledata._m0[_1126] >> 16u;\n"
    "                            }\n"
    "                            else\n"
    "                            {\n"
    "                                _1136 = tiledata._m0[_1126] & 65535u;\n"
    "                            }\n"
    "                            int _1138 = int(_1136 & 511u);\n"
    "                            uint _1164;\n"
    "                            if (_1082 == 1u)\n"
    "                            {\n"
    "                                uint _1163;\n"
    "                                if (_86 >= _1087)\n"
    "                                {\n"
    "                                    uint _1160 = 3u;\n"
    "                                    uint _1161 = 2u;\n"
    "                                    _1163 = _1089 ? 3u : 2u;\n"
    "                                }\n"
    "                                else\n"
    "                                {\n"
    "                                    _1163 = _1090;\n"
    "                                }\n"
    "                                _1164 = _1163;\n"
    "                            }\n"
    "                            else\n"
    "                            {\n"
    "                                bool _1145 = (_1136 & 512u) != 0u;\n"
    "                                uint _1155;\n"
    "                                if (_103 <= (_1138 - 1))\n"
    "                                {\n"
    "                                    _1155 = _1145 ? 2u : 3u;\n"
    "                                }\n"
    "                                else\n"
    "                                {\n"
    "                                    uint _1152 = 3u;\n"
    "                                    uint _1153 = 2u;\n"
    "                                    _1155 = _1145 ? 3u : 2u;\n"
    "                                }\n"
    "                                _1164 = _1155;\n"
    "                            }\n"
    "                            _1165 = -_1138;\n"
    "                            _1166 = _1164;\n"
    "                        }\n"
    "                        else\n"
    "                        {\n"
    "                            int _1097 = int(tiledata._m0[6161u] & 511u);\n"
    "                            uint _1122;\n"
    "                            if (_1082 == 1u)\n"
    "                            {\n"
    "                                uint _1121;\n"
    "                                if (_86 < _1087)\n"
    "                                {\n"
    "                                    _1121 = _1090;\n"
    "                                }\n"
    "                                else\n"
    "                                {\n"
    "                                    uint _1118 = 3u;\n"
    "                                    uint _1119 = 2u;\n"
    "                                    _1121 = _1089 ? 3u : 2u;\n"
    "                                }\n"
    "                                _1122 = _1121;\n"
    "                            }\n"
    "                            else\n"
    "                            {\n"
    "                                bool _1104 = (tiledata._m0[6161u] & 512u) != 0u;\n"
    "                                uint _1113;\n"
    "                                if (_103 < _1097)\n"
    "                                {\n"
    "                                    _1113 = _1104 ? 2u : 3u;\n"
    "                                }\n"
    "                                else\n"
    "                                {\n"
    "                                    uint _1110 = 3u;\n"
    "                                    uint _1111 = 2u;\n"
    "                                    _1113 = _1104 ? 3u : 2u;\n"
    "                                }\n"
    "                                _1122 = _1113;\n"
    "                            }\n"
    "                            _1165 = -_1097;\n"
    "                            _1166 = _1122;\n"
    "                        }\n"
    "                        uint _1176 = ((_1166 * 262144u) + (uint((_86 + int(tiledata._m0[6163u] & 511u)) & 511) * 512u)) + uint((_103 + _1165) & 511);\n"
    "                        uint _1177 = _1176 >> 1u;\n"
    "                        uint _1187;\n"
    "                        if ((_1176 & 1u) != 0u)\n"
    "                        {\n"
    "                            _1187 = tilepix._m0[_1177] >> 16u;\n"
    "                        }\n"
    "                        else\n"
    "                        {\n"
    "                            _1187 = tilepix._m0[_1177] & 65535u;\n"
    "                        }\n"
    "                        uint _1188 = _1187 >> 15u;\n"
    "                        if (_1188 != 0u)\n"
    "                        {\n"
    "                            _1270 = 0u;\n"
    "                            _1271 = false;\n"
    "                            break;\n"
    "                        }\n"
    "                        _1270 = _1187 & 4095u;\n"
    "                        _1271 = true;\n"
    "                        break;\n"
    "                    }\n"
    "                    uint _1194 = uint(_86);\n"
    "                    uint _1199 = (26624u + (_1194 * 4u)) + uint(_103 >> 7);\n"
    "                    uint _1202 = 4112u + ((_1199 - 16384u) >> 1u);\n"
    "                    uint _1212;\n"
    "                    if ((_1199 & 1u) != 0u)\n"
    "                    {\n"
    "                        _1212 = tiledata._m0[_1202] >> 16u;\n"
    "                    }\n"
    "                    else\n"
    "                    {\n"
    "                        _1212 = tiledata._m0[_1202] & 65535u;\n"
    "                    }\n"
    "                    if ((_1212 & (32768u >> (uint((_103 >> 3) & 15) & 31u))) != 0u)\n"
    "                    {\n"
    "                        _1270 = 0u;\n"
    "                        _1271 = false;\n"
    "                        break;\n"
    "                    }\n"
    "                    int _1246;\n"
    "                    if ((tiledata._m0[6161u] & 32768u) != 0u)\n"
    "                    {\n"
    "                        uint _1232 = 4112u + ((_1194 + 1024u) >> 1u);\n"
    "                        uint _1242;\n"
    "                        if ((_1194 & 1u) != 0u)\n"
    "                        {\n"
    "                            _1242 = tiledata._m0[_1232] >> 16u;\n"
    "                        }\n"
    "                        else\n"
    "                        {\n"
    "                            _1242 = tiledata._m0[_1232] & 65535u;\n"
    "                        }\n"
    "                        _1246 = int((0u - _1242) & 511u);\n"
    "                    }\n"
    "                    else\n"
    "                    {\n"
    "                        _1246 = int((0u - (tiledata._m0[6161u] & 65535u)) & 511u);\n"
    "                    }\n"
    "                    uint _1257 = (524288u + (uint((int(tiledata._m0[6163u] & 511u) + _86) & 511) * 512u)) + uint((_103 + _1246) & 511);\n"
    "                    uint _1258 = _1257 >> 1u;\n"
    "                    uint _1268;\n"
    "                    if ((_1257 & 1u) != 0u)\n"
    "                    {\n"
    "                        _1268 = tilepix._m0[_1258] >> 16u;\n"
    "                    }\n"
    "                    else\n"
    "                    {\n"
    "                        _1268 = tilepix._m0[_1258] & 65535u;\n"
    "                    }\n"
    "                    _1270 = _1268 & 4095u;\n"
    "                    _1271 = true;\n"
    "                    break;\n"
    "                } while(false);\n"
    "                if (_1271)\n"
    "                {\n"
    "                    _1370 = _1270;\n"
    "                    break;\n"
    "                }\n"
    "                uint _1366;\n"
    "                bool _1367;\n"
    "                do\n"
    "                {\n"
    "                    uint _1277 = tiledata._m0[6161u] >> 16u;\n"
    "                    uint _1279 = tiledata._m0[6163u] >> 16u;\n"
    "                    if ((_1279 & 32768u) != 0u)\n"
    "                    {\n"
    "                        _1366 = 0u;\n"
    "                        _1367 = false;\n"
    "                        break;\n"
    "                    }\n"
    "                    if ((tiledata._m0[6163u] & 24576u) != 0u)\n"
    "                    {\n"
    "                        _1366 = 0u;\n"
    "                        _1367 = false;\n"
    "                        break;\n"
    "                    }\n"
    "                    uint _1289 = uint(_86);\n"
    "                    uint _1294 = (26624u + (_1289 * 4u)) + uint(_103 >> 7);\n"
    "                    uint _1297 = 4112u + ((_1294 - 16384u) >> 1u);\n"
    "                    uint _1307;\n"
    "                    if ((_1294 & 1u) != 0u)\n"
    "                    {\n"
    "                        _1307 = tiledata._m0[_1297] >> 16u;\n"
    "                    }\n"
    "                    else\n"
    "                    {\n"
    "                        _1307 = tiledata._m0[_1297] & 65535u;\n"
    "                    }\n"
    "                    if (((~_1307) & (32768u >> (uint((_103 >> 3) & 15) & 31u))) != 0u)\n"
    "                    {\n"
    "                        _1366 = 0u;\n"
    "                        _1367 = false;\n"
    "                        break;\n"
    "                    }\n"
    "                    int _1342;\n"
    "                    if ((_1277 & 32768u) != 0u)\n"
    "                    {\n"
    "                        uint _1328 = 4112u + ((_1289 + 1536u) >> 1u);\n"
    "                        uint _1338;\n"
    "                        if ((_1289 & 1u) != 0u)\n"
    "                        {\n"
    "                            _1338 = tiledata._m0[_1328] >> 16u;\n"
    "                        }\n"
    "                        else\n"
    "                        {\n"
    "                            _1338 = tiledata._m0[_1328] & 65535u;\n"
    "                        }\n"
    "                        _1342 = int((0u - _1338) & 511u);\n"
    "                    }\n"
    "                    else\n"
    "                    {\n"
    "                        _1342 = int((0u - _1277) & 511u);\n"
    "                    }\n"
    "                    uint _1353 = (786432u + (uint((int(_1279 & 511u) + _86) & 511) * 512u)) + uint((_103 + _1342) & 511);\n"
    "                    uint _1354 = _1353 >> 1u;\n"
    "                    uint _1364;\n"
    "                    if ((_1353 & 1u) != 0u)\n"
    "                    {\n"
    "                        _1364 = tilepix._m0[_1354] >> 16u;\n"
    "                    }\n"
    "                    else\n"
    "                    {\n"
    "                        _1364 = tilepix._m0[_1354] & 65535u;\n"
    "                    }\n"
    "                    _1366 = _1364 & 4095u;\n"
    "                    _1367 = true;\n"
    "                    break;\n"
    "                } while(false);\n"
    "                if (_1367)\n"
    "                {\n"
    "                    _1370 = _1366;\n"
    "                    break;\n"
    "                }\n"
    "                _1370 = 0u;\n"
    "                break;\n"
    "            } while(false);\n"
    "            uint _1371 = 16u + _1370;\n"
    "            uint _1375;\n"
    "            _1375 = 0u;\n"
    "            for (uint _1378 = 0u; _1378 < 24u; )\n"
    "            {\n"
    "                uint _1382 = _1378 & 31u;\n"
    "                _1375 |= (uint(((float((tiledata._m0[_738] >> _1382) & 255u) * (1.0 - _105)) + (float((tiledata._m0[_1371] >> _1382) & 255u) * _105)) + 0.5) << _1382);\n"
    "                _1378 += 8u;\n"
    "                continue;\n"
    "            }\n"
    "            _2068 = float4(float((_1375 >> 16u) & 255u), float((_1375 >> 8u) & 255u), float(_1375 & 255u), 255.0) * float4(0.0039215688593685626983642578125);\n"
    "            break;\n"
    "        }\n"
    "        bool _1410;\n"
    "        if (_83 >= 0)\n"
    "        {\n"
    "            _1410 = _83 >= 496;\n"
    "        }\n"
    "        else\n"
    "        {\n"
    "            _1410 = true;\n"
    "        }\n"
    "        int _1421;\n"
    "        int _1422;\n"
    "        if (_1410)\n"
    "        {\n"
    "            bool _1413 = tiledata._m0[1u] == 1u;\n"
    "            int _1419;\n"
    "            if (_1413)\n"
    "            {\n"
    "                _1419 = 0;\n"
    "            }\n"
    "            else\n"
    "            {\n"
    "                _1419 = (_83 < 0) ? 0 : 495;\n"
    "            }\n"
    "            _1421 = _1413 ? 0 : _86;\n"
    "            _1422 = _1419;\n"
    "        }\n"
    "        else\n"
    "        {\n"
    "            _1421 = _86;\n"
    "            _1422 = _83;\n"
    "        }\n"
    "        uint _2054;\n"
    "        do\n"
    "        {\n"
    "            uint _1640;\n"
    "            bool _1641;\n"
    "            do\n"
    "            {\n"
    "                if ((tiledata._m0[6162u] & 32768u) != 0u)\n"
    "                {\n"
    "                    _1640 = 0u;\n"
    "                    _1641 = false;\n"
    "                    break;\n"
    "                }\n"
    "                uint _1438 = tiledata._m0[6162u] & 24576u;\n"
    "                if (_1438 != 0u)\n"
    "                {\n"
    "                    uint _1442 = _1438 >> 13u;\n"
    "                    uint _1445 = 0u - (tiledata._m0[6162u] & 65535u);\n"
    "                    int _1447 = int(_1445 & 511u);\n"
    "                    bool _1449 = (_1445 & 512u) != 0u;\n"
    "                    uint _1450 = _1449 ? 0u : 1u;\n"
    "                    int _1524;\n"
    "                    uint _1525;\n"
    "                    if ((tiledata._m0[6160u] & 32768u) != 0u)\n"
    "                    {\n"
    "                        uint _1483 = uint(_1421);\n"
    "                        uint _1485 = 4112u + (_1483 >> 1u);\n"
    "                        uint _1495;\n"
    "                        if ((_1483 & 1u) != 0u)\n"
    "                        {\n"
    "                            _1495 = tiledata._m0[_1485] >> 16u;\n"
    "                        }\n"
    "                        else\n"
    "                        {\n"
    "                            _1495 = tiledata._m0[_1485] & 65535u;\n"
    "                        }\n"
    "                        int _1497 = int(_1495 & 511u);\n"
    "                        uint _1523;\n"
    "                        if (_1442 == 1u)\n"
    "                        {\n"
    "                            uint _1522;\n"
    "                            if (_1421 >= _1447)\n"
    "                            {\n"
    "                                uint _1519 = 1u;\n"
    "                                uint _1520 = 0u;\n"
    "                                _1522 = uint(_1449);\n"
    "                            }\n"
    "                            else\n"
    "                            {\n"
    "                                _1522 = _1450;\n"
    "                            }\n"
    "                            _1523 = _1522;\n"
    "                        }\n"
    "                        else\n"
    "                        {\n"
    "                            bool _1504 = (_1495 & 512u) != 0u;\n"
    "                            uint _1514;\n"
    "                            if (_1422 <= (_1497 - 1))\n"
    "                            {\n"
    "                                _1514 = _1504 ? 0u : 1u;\n"
    "                            }\n"
    "                            else\n"
    "                            {\n"
    "                                uint _1511 = 1u;\n"
    "                                uint _1512 = 0u;\n"
    "                                _1514 = uint(_1504);\n"
    "                            }\n"
    "                            _1523 = _1514;\n"
    "                        }\n"
    "                        _1524 = -_1497;\n"
    "                        _1525 = _1523;\n"
    "                    }\n"
    "                    else\n"
    "                    {\n"
    "                        int _1457 = int(tiledata._m0[6160u] & 511u);\n"
    "                        uint _1482;\n"
    "                        if (_1442 == 1u)\n"
    "                        {\n"
    "                            uint _1481;\n"
    "                            if (_1421 < _1447)\n"
    "                            {\n"
    "                                _1481 = _1450;\n"
    "                            }\n"
    "                            else\n"
    "                            {\n"
    "                                uint _1478 = 1u;\n"
    "                                uint _1479 = 0u;\n"
    "                                _1481 = uint(_1449);\n"
    "                            }\n"
    "                            _1482 = _1481;\n"
    "                        }\n"
    "                        else\n"
    "                        {\n"
    "                            bool _1464 = (tiledata._m0[6160u] & 512u) != 0u;\n"
    "                            uint _1473;\n"
    "                            if (_1422 < _1457)\n"
    "                            {\n"
    "                                _1473 = _1464 ? 0u : 1u;\n"
    "                            }\n"
    "                            else\n"
    "                            {\n"
    "                                uint _1470 = 1u;\n"
    "                                uint _1471 = 0u;\n"
    "                                _1473 = uint(_1464);\n"
    "                            }\n"
    "                            _1482 = _1473;\n"
    "                        }\n"
    "                        _1524 = -_1457;\n"
    "                        _1525 = _1482;\n"
    "                    }\n"
    "                    uint _1535 = ((_1525 * 262144u) + (uint((_1421 + int(tiledata._m0[6162u] & 511u)) & 511) * 512u)) + uint((_1422 + _1524) & 511);\n"
    "                    uint _1536 = _1535 >> 1u;\n"
    "                    uint _1546;\n"
    "                    if ((_1535 & 1u) != 0u)\n"
    "                    {\n"
    "                        _1546 = tilepix._m0[_1536] >> 16u;\n"
    "                    }\n"
    "                    else\n"
    "                    {\n"
    "                        _1546 = tilepix._m0[_1536] & 65535u;\n"
    "                    }\n"
    "                    bool _1553;\n"
    "                    if ((_1546 >> 15u) == 0u)\n"
    "                    {\n"
    "                        _1553 = (_1546 & 15u) == 0u;\n"
    "                    }\n"
    "                    else\n"
    "                    {\n"
    "                        _1553 = true;\n"
    "                    }\n"
    "                    if (_1553)\n"
    "                    {\n"
    "                        _1640 = 0u;\n"
    "                        _1641 = false;\n"
    "                        break;\n"
    "                    }\n"
    "                    _1640 = _1546 & 4095u;\n"
    "                    _1641 = true;\n"
    "                    break;\n"
    "                }\n"
    "                uint _1557 = uint(_1421);\n"
    "                uint _1562 = (24576u + (_1557 * 4u)) + uint(_1422 >> 7);\n"
    "                uint _1565 = 4112u + ((_1562 - 16384u) >> 1u);\n"
    "                uint _1575;\n"
    "                if ((_1562 & 1u) != 0u)\n"
    "                {\n"
    "                    _1575 = tiledata._m0[_1565] >> 16u;\n"
    "                }\n"
    "                else\n"
    "                {\n"
    "                    _1575 = tiledata._m0[_1565] & 65535u;\n"
    "                }\n"
    "                if ((_1575 & (32768u >> (uint((_1422 >> 3) & 15) & 31u))) != 0u)\n"
    "                {\n"
    "                    _1640 = 0u;\n"
    "                    _1641 = false;\n"
    "                    break;\n"
    "                }\n"
    "                int _1608;\n"
    "                if ((tiledata._m0[6160u] & 32768u) != 0u)\n"
    "                {\n"
    "                    uint _1594 = 4112u + (_1557 >> 1u);\n"
    "                    uint _1604;\n"
    "                    if ((_1557 & 1u) != 0u)\n"
    "                    {\n"
    "                        _1604 = tiledata._m0[_1594] >> 16u;\n"
    "                    }\n"
    "                    else\n"
    "                    {\n"
    "                        _1604 = tiledata._m0[_1594] & 65535u;\n"
    "                    }\n"
    "                    _1608 = int((0u - _1604) & 511u);\n"
    "                }\n"
    "                else\n"
    "                {\n"
    "                    _1608 = int((0u - (tiledata._m0[6160u] & 65535u)) & 511u);\n"
    "                }\n"
    "                uint _1618 = (uint((int(tiledata._m0[6162u] & 511u) + _1421) & 511) * 512u) + uint((_1422 + _1608) & 511);\n"
    "                uint _1619 = _1618 >> 1u;\n"
    "                uint _1629;\n"
    "                if ((_1618 & 1u) != 0u)\n"
    "                {\n"
    "                    _1629 = tilepix._m0[_1619] >> 16u;\n"
    "                }\n"
    "                else\n"
    "                {\n"
    "                    _1629 = tilepix._m0[_1619] & 65535u;\n"
    "                }\n"
    "                bool _1636;\n"
    "                if ((_1629 >> 15u) == 0u)\n"
    "                {\n"
    "                    _1636 = (_1629 & 15u) == 0u;\n"
    "                }\n"
    "                else\n"
    "                {\n"
    "                    _1636 = true;\n"
    "                }\n"
    "                if (_1636)\n"
    "                {\n"
    "                    _1640 = 0u;\n"
    "                    _1641 = false;\n"
    "                    break;\n"
    "                }\n"
    "                _1640 = _1629 & 4095u;\n"
    "                _1641 = true;\n"
    "                break;\n"
    "            } while(false);\n"
    "            if (_1641)\n"
    "            {\n"
    "                _2054 = _1640;\n"
    "                break;\n"
    "            }\n"
    "            uint _1745;\n"
    "            bool _1746;\n"
    "            do\n"
    "            {\n"
    "                uint _1647 = tiledata._m0[6160u] >> 16u;\n"
    "                uint _1649 = tiledata._m0[6162u] >> 16u;\n"
    "                if ((_1649 & 32768u) != 0u)\n"
    "                {\n"
    "                    _1745 = 0u;\n"
    "                    _1746 = false;\n"
    "                    break;\n"
    "                }\n"
    "                if ((tiledata._m0[6162u] & 24576u) != 0u)\n"
    "                {\n"
    "                    _1745 = 0u;\n"
    "                    _1746 = false;\n"
    "                    break;\n"
    "                }\n"
    "                uint _1659 = uint(_1421);\n"
    "                uint _1664 = (24576u + (_1659 * 4u)) + uint(_1422 >> 7);\n"
    "                uint _1667 = 4112u + ((_1664 - 16384u) >> 1u);\n"
    "                uint _1677;\n"
    "                if ((_1664 & 1u) != 0u)\n"
    "                {\n"
    "                    _1677 = tiledata._m0[_1667] >> 16u;\n"
    "                }\n"
    "                else\n"
    "                {\n"
    "                    _1677 = tiledata._m0[_1667] & 65535u;\n"
    "                }\n"
    "                if (((~_1677) & (32768u >> (uint((_1422 >> 3) & 15) & 31u))) != 0u)\n"
    "                {\n"
    "                    _1745 = 0u;\n"
    "                    _1746 = false;\n"
    "                    break;\n"
    "                }\n"
    "                int _1712;\n"
    "                if ((_1647 & 32768u) != 0u)\n"
    "                {\n"
    "                    uint _1698 = 4112u + ((_1659 + 512u) >> 1u);\n"
    "                    uint _1708;\n"
    "                    if ((_1659 & 1u) != 0u)\n"
    "                    {\n"
    "                        _1708 = tiledata._m0[_1698] >> 16u;\n"
    "                    }\n"
    "                    else\n"
    "                    {\n"
    "                        _1708 = tiledata._m0[_1698] & 65535u;\n"
    "                    }\n"
    "                    _1712 = int((0u - _1708) & 511u);\n"
    "                }\n"
    "                else\n"
    "                {\n"
    "                    _1712 = int((0u - _1647) & 511u);\n"
    "                }\n"
    "                uint _1723 = (262144u + (uint((int(_1649 & 511u) + _1421) & 511) * 512u)) + uint((_1422 + _1712) & 511);\n"
    "                uint _1724 = _1723 >> 1u;\n"
    "                uint _1734;\n"
    "                if ((_1723 & 1u) != 0u)\n"
    "                {\n"
    "                    _1734 = tilepix._m0[_1724] >> 16u;\n"
    "                }\n"
    "                else\n"
    "                {\n"
    "                    _1734 = tilepix._m0[_1724] & 65535u;\n"
    "                }\n"
    "                bool _1741;\n"
    "                if ((_1734 >> 15u) == 0u)\n"
    "                {\n"
    "                    _1741 = (_1734 & 15u) == 0u;\n"
    "                }\n"
    "                else\n"
    "                {\n"
    "                    _1741 = true;\n"
    "                }\n"
    "                if (_1741)\n"
    "                {\n"
    "                    _1745 = 0u;\n"
    "                    _1746 = false;\n"
    "                    break;\n"
    "                }\n"
    "                _1745 = _1734 & 4095u;\n"
    "                _1746 = true;\n"
    "                break;\n"
    "            } while(false);\n"
    "            if (_1746)\n"
    "            {\n"
    "                _2054 = _1745;\n"
    "                break;\n"
    "            }\n"
    "            uint _1954;\n"
    "            bool _1955;\n"
    "            do\n"
    "            {\n"
    "                if ((tiledata._m0[6163u] & 32768u) != 0u)\n"
    "                {\n"
    "                    _1954 = 0u;\n"
    "                    _1955 = false;\n"
    "                    break;\n"
    "                }\n"
    "                uint _1762 = tiledata._m0[6163u] & 24576u;\n"
    "                if (_1762 != 0u)\n"
    "                {\n"
    "                    uint _1766 = _1762 >> 13u;\n"
    "                    uint _1769 = 0u - (tiledata._m0[6163u] & 65535u);\n"
    "                    int _1771 = int(_1769 & 511u);\n"
    "                    bool _1773 = (_1769 & 512u) != 0u;\n"
    "                    uint _1774 = _1773 ? 2u : 3u;\n"
    "                    int _1849;\n"
    "                    uint _1850;\n"
    "                    if ((tiledata._m0[6161u] & 32768u) != 0u)\n"
    "                    {\n"
    "                        uint _1807 = uint(_1421);\n"
    "                        uint _1810 = 4112u + ((_1807 + 1024u) >> 1u);\n"
    "                        uint _1820;\n"
    "                        if ((_1807 & 1u) != 0u)\n"
    "                        {\n"
    "                            _1820 = tiledata._m0[_1810] >> 16u;\n"
    "                        }\n"
    "                        else\n"
    "                        {\n"
    "                            _1820 = tiledata._m0[_1810] & 65535u;\n"
    "                        }\n"
    "                        int _1822 = int(_1820 & 511u);\n"
    "                        uint _1848;\n"
    "                        if (_1766 == 1u)\n"
    "                        {\n"
    "                            uint _1847;\n"
    "                            if (_1421 >= _1771)\n"
    "                            {\n"
    "                                uint _1844 = 3u;\n"
    "                                uint _1845 = 2u;\n"
    "                                _1847 = _1773 ? 3u : 2u;\n"
    "                            }\n"
    "                            else\n"
    "                            {\n"
    "                                _1847 = _1774;\n"
    "                            }\n"
    "                            _1848 = _1847;\n"
    "                        }\n"
    "                        else\n"
    "                        {\n"
    "                            bool _1829 = (_1820 & 512u) != 0u;\n"
    "                            uint _1839;\n"
    "                            if (_1422 <= (_1822 - 1))\n"
    "                            {\n"
    "                                _1839 = _1829 ? 2u : 3u;\n"
    "                            }\n"
    "                            else\n"
    "                            {\n"
    "                                uint _1836 = 3u;\n"
    "                                uint _1837 = 2u;\n"
    "                                _1839 = _1829 ? 3u : 2u;\n"
    "                            }\n"
    "                            _1848 = _1839;\n"
    "                        }\n"
    "                        _1849 = -_1822;\n"
    "                        _1850 = _1848;\n"
    "                    }\n"
    "                    else\n"
    "                    {\n"
    "                        int _1781 = int(tiledata._m0[6161u] & 511u);\n"
    "                        uint _1806;\n"
    "                        if (_1766 == 1u)\n"
    "                        {\n"
    "                            uint _1805;\n"
    "                            if (_1421 < _1771)\n"
    "                            {\n"
    "                                _1805 = _1774;\n"
    "                            }\n"
    "                            else\n"
    "                            {\n"
    "                                uint _1802 = 3u;\n"
    "                                uint _1803 = 2u;\n"
    "                                _1805 = _1773 ? 3u : 2u;\n"
    "                            }\n"
    "                            _1806 = _1805;\n"
    "                        }\n"
    "                        else\n"
    "                        {\n"
    "                            bool _1788 = (tiledata._m0[6161u] & 512u) != 0u;\n"
    "                            uint _1797;\n"
    "                            if (_1422 < _1781)\n"
    "                            {\n"
    "                                _1797 = _1788 ? 2u : 3u;\n"
    "                            }\n"
    "                            else\n"
    "                            {\n"
    "                                uint _1794 = 3u;\n"
    "                                uint _1795 = 2u;\n"
    "                                _1797 = _1788 ? 3u : 2u;\n"
    "                            }\n"
    "                            _1806 = _1797;\n"
    "                        }\n"
    "                        _1849 = -_1781;\n"
    "                        _1850 = _1806;\n"
    "                    }\n"
    "                    uint _1860 = ((_1850 * 262144u) + (uint((_1421 + int(tiledata._m0[6163u] & 511u)) & 511) * 512u)) + uint((_1422 + _1849) & 511);\n"
    "                    uint _1861 = _1860 >> 1u;\n"
    "                    uint _1871;\n"
    "                    if ((_1860 & 1u) != 0u)\n"
    "                    {\n"
    "                        _1871 = tilepix._m0[_1861] >> 16u;\n"
    "                    }\n"
    "                    else\n"
    "                    {\n"
    "                        _1871 = tilepix._m0[_1861] & 65535u;\n"
    "                    }\n"
    "                    uint _1872 = _1871 >> 15u;\n"
    "                    if (_1872 != 0u)\n"
    "                    {\n"
    "                        _1954 = 0u;\n"
    "                        _1955 = false;\n"
    "                        break;\n"
    "                    }\n"
    "                    _1954 = _1871 & 4095u;\n"
    "                    _1955 = true;\n"
    "                    break;\n"
    "                }\n"
    "                uint _1878 = uint(_1421);\n"
    "                uint _1883 = (26624u + (_1878 * 4u)) + uint(_1422 >> 7);\n"
    "                uint _1886 = 4112u + ((_1883 - 16384u) >> 1u);\n"
    "                uint _1896;\n"
    "                if ((_1883 & 1u) != 0u)\n"
    "                {\n"
    "                    _1896 = tiledata._m0[_1886] >> 16u;\n"
    "                }\n"
    "                else\n"
    "                {\n"
    "                    _1896 = tiledata._m0[_1886] & 65535u;\n"
    "                }\n"
    "                if ((_1896 & (32768u >> (uint((_1422 >> 3) & 15) & 31u))) != 0u)\n"
    "                {\n"
    "                    _1954 = 0u;\n"
    "                    _1955 = false;\n"
    "                    break;\n"
    "                }\n"
    "                int _1930;\n"
    "                if ((tiledata._m0[6161u] & 32768u) != 0u)\n"
    "                {\n"
    "                    uint _1916 = 4112u + ((_1878 + 1024u) >> 1u);\n"
    "                    uint _1926;\n"
    "                    if ((_1878 & 1u) != 0u)\n"
    "                    {\n"
    "                        _1926 = tiledata._m0[_1916] >> 16u;\n"
    "                    }\n"
    "                    else\n"
    "                    {\n"
    "                        _1926 = tiledata._m0[_1916] & 65535u;\n"
    "                    }\n"
    "                    _1930 = int((0u - _1926) & 511u);\n"
    "                }\n"
    "                else\n"
    "                {\n"
    "                    _1930 = int((0u - (tiledata._m0[6161u] & 65535u)) & 511u);\n"
    "                }\n"
    "                uint _1941 = (524288u + (uint((int(tiledata._m0[6163u] & 511u) + _1421) & 511) * 512u)) + uint((_1422 + _1930) & 511);\n"
    "                uint _1942 = _1941 >> 1u;\n"
    "                uint _1952;\n"
    "                if ((_1941 & 1u) != 0u)\n"
    "                {\n"
    "                    _1952 = tilepix._m0[_1942] >> 16u;\n"
    "                }\n"
    "                else\n"
    "                {\n"
    "                    _1952 = tilepix._m0[_1942] & 65535u;\n"
    "                }\n"
    "                _1954 = _1952 & 4095u;\n"
    "                _1955 = true;\n"
    "                break;\n"
    "            } while(false);\n"
    "            if (_1955)\n"
    "            {\n"
    "                _2054 = _1954;\n"
    "                break;\n"
    "            }\n"
    "            uint _2050;\n"
    "            bool _2051;\n"
    "            do\n"
    "            {\n"
    "                uint _1961 = tiledata._m0[6161u] >> 16u;\n"
    "                uint _1963 = tiledata._m0[6163u] >> 16u;\n"
    "                if ((_1963 & 32768u) != 0u)\n"
    "                {\n"
    "                    _2050 = 0u;\n"
    "                    _2051 = false;\n"
    "                    break;\n"
    "                }\n"
    "                if ((tiledata._m0[6163u] & 24576u) != 0u)\n"
    "                {\n"
    "                    _2050 = 0u;\n"
    "                    _2051 = false;\n"
    "                    break;\n"
    "                }\n"
    "                uint _1973 = uint(_1421);\n"
    "                uint _1978 = (26624u + (_1973 * 4u)) + uint(_1422 >> 7);\n"
    "                uint _1981 = 4112u + ((_1978 - 16384u) >> 1u);\n"
    "                uint _1991;\n"
    "                if ((_1978 & 1u) != 0u)\n"
    "                {\n"
    "                    _1991 = tiledata._m0[_1981] >> 16u;\n"
    "                }\n"
    "                else\n"
    "                {\n"
    "                    _1991 = tiledata._m0[_1981] & 65535u;\n"
    "                }\n"
    "                if (((~_1991) & (32768u >> (uint((_1422 >> 3) & 15) & 31u))) != 0u)\n"
    "                {\n"
    "                    _2050 = 0u;\n"
    "                    _2051 = false;\n"
    "                    break;\n"
    "                }\n"
    "                int _2026;\n"
    "                if ((_1961 & 32768u) != 0u)\n"
    "                {\n"
    "                    uint _2012 = 4112u + ((_1973 + 1536u) >> 1u);\n"
    "                    uint _2022;\n"
    "                    if ((_1973 & 1u) != 0u)\n"
    "                    {\n"
    "                        _2022 = tiledata._m0[_2012] >> 16u;\n"
    "                    }\n"
    "                    else\n"
    "                    {\n"
    "                        _2022 = tiledata._m0[_2012] & 65535u;\n"
    "                    }\n"
    "                    _2026 = int((0u - _2022) & 511u);\n"
    "                }\n"
    "                else\n"
    "                {\n"
    "                    _2026 = int((0u - _1961) & 511u);\n"
    "                }\n"
    "                uint _2037 = (786432u + (uint((int(_1963 & 511u) + _1421) & 511) * 512u)) + uint((_1422 + _2026) & 511);\n"
    "                uint _2038 = _2037 >> 1u;\n"
    "                uint _2048;\n"
    "                if ((_2037 & 1u) != 0u)\n"
    "                {\n"
    "                    _2048 = tilepix._m0[_2038] >> 16u;\n"
    "                }\n"
    "                else\n"
    "                {\n"
    "                    _2048 = tilepix._m0[_2038] & 65535u;\n"
    "                }\n"
    "                _2050 = _2048 & 4095u;\n"
    "                _2051 = true;\n"
    "                break;\n"
    "            } while(false);\n"
    "            if (_2051)\n"
    "            {\n"
    "                _2054 = _2050;\n"
    "                break;\n"
    "            }\n"
    "            _2054 = 0u;\n"
    "            break;\n"
    "        } while(false);\n"
    "        uint _2055 = 16u + _2054;\n"
    "        _2068 = float4(float((tiledata._m0[_2055] >> 16u) & 255u), float((tiledata._m0[_2055] >> 8u) & 255u), float(tiledata._m0[_2055] & 255u), 255.0) * float4(0.0039215688593685626983642578125);\n"
    "        break;\n"
    "    } while(false);\n"
    "    out.out_var_SV_Target = _2068;\n"
    "    return out;\n"
    "}\n"
    "\n"
    "";

static const unsigned char k_ps_tiles_front_spv[] = {
    0x03, 0x02, 0x23, 0x07, 0x00, 0x00, 0x01, 0x00, 0x00, 0x00, 0x0e, 0x00, 0x6d, 0x01, 0x00, 0x00,
    0x00, 0x00, 0x00, 0x00, 0x11, 0x00, 0x02, 0x00, 0x01, 0x00, 0x00, 0x00, 0x0e, 0x00, 0x03, 0x00,
    0x00, 0x00, 0x00, 0x00, 0x01, 0x00, 0x00, 0x00, 0x0f, 0x00, 0x07, 0x00, 0x04, 0x00, 0x00, 0x00,
    0x01, 0x00, 0x00, 0x00, 0x6d, 0x61, 0x69, 0x6e, 0x00, 0x00, 0x00, 0x00, 0x02, 0x00, 0x00, 0x00,
    0x03, 0x00, 0x00, 0x00, 0x10, 0x00, 0x03, 0x00, 0x01, 0x00, 0x00, 0x00, 0x07, 0x00, 0x00, 0x00,
    0x03, 0x00, 0x03, 0x00, 0x05, 0x00, 0x00, 0x00, 0x58, 0x02, 0x00, 0x00, 0x05, 0x00, 0x09, 0x00,
    0x04, 0x00, 0x00, 0x00, 0x74, 0x79, 0x70, 0x65, 0x2e, 0x53, 0x74, 0x72, 0x75, 0x63, 0x74, 0x75,
    0x72, 0x65, 0x64, 0x42, 0x75, 0x66, 0x66, 0x65, 0x72, 0x2e, 0x75, 0x69, 0x6e, 0x74, 0x00, 0x00,
    0x05, 0x00, 0x04, 0x00, 0x05, 0x00, 0x00, 0x00, 0x74, 0x69, 0x6c, 0x65, 0x70, 0x69, 0x78, 0x00,
    0x05, 0x00, 0x05, 0x00, 0x06, 0x00, 0x00, 0x00, 0x74, 0x69, 0x6c, 0x65, 0x64, 0x61, 0x74, 0x61,
    0x00, 0x00, 0x00, 0x00, 0x05, 0x00, 0x07, 0x00, 0x03, 0x00, 0x00, 0x00, 0x6f, 0x75, 0x74, 0x2e,
    0x76, 0x61, 0x72, 0x2e, 0x53, 0x56, 0x5f, 0x54, 0x61, 0x72, 0x67, 0x65, 0x74, 0x00, 0x00, 0x00,
    0x05, 0x00, 0x06, 0x00, 0x01, 0x00, 0x00, 0x00, 0x70, 0x73, 0x5f, 0x74, 0x69, 0x6c, 0x65, 0x73,
    0x5f, 0x66, 0x72, 0x6f, 0x6e, 0x74, 0x00, 0x00, 0x47, 0x00, 0x04, 0x00, 0x02, 0x00, 0x00, 0x00,
    0x0b, 0x00, 0x00, 0x00, 0x0f, 0x00, 0x00, 0x00, 0x47, 0x00, 0x04, 0x00, 0x03, 0x00, 0x00, 0x00,
    0x1e, 0x00, 0x00, 0x00, 0x00, 0x00, 0x00, 0x00, 0x47, 0x00, 0x04, 0x00, 0x05, 0x00, 0x00, 0x00,
    0x22, 0x00, 0x00, 0x00, 0x02, 0x00, 0x00, 0x00, 0x47, 0x00, 0x04, 0x00, 0x05, 0x00, 0x00, 0x00,
    0x21, 0x00, 0x00, 0x00, 0x00, 0x00, 0x00, 0x00, 0x47, 0x00, 0x04, 0x00, 0x06, 0x00, 0x00, 0x00,
    0x22, 0x00, 0x00, 0x00, 0x02, 0x00, 0x00, 0x00, 0x47, 0x00, 0x04, 0x00, 0x06, 0x00, 0x00, 0x00,
    0x21, 0x00, 0x00, 0x00, 0x01, 0x00, 0x00, 0x00, 0x47, 0x00, 0x04, 0x00, 0x07, 0x00, 0x00, 0x00,
    0x06, 0x00, 0x00, 0x00, 0x04, 0x00, 0x00, 0x00, 0x48, 0x00, 0x05, 0x00, 0x04, 0x00, 0x00, 0x00,
    0x00, 0x00, 0x00, 0x00, 0x23, 0x00, 0x00, 0x00, 0x00, 0x00, 0x00, 0x00, 0x48, 0x00, 0x04, 0x00,
    0x04, 0x00, 0x00, 0x00, 0x00, 0x00, 0x00, 0x00, 0x18, 0x00, 0x00, 0x00, 0x47, 0x00, 0x03, 0x00,
    0x04, 0x00, 0x00, 0x00, 0x03, 0x00, 0x00, 0x00, 0x15, 0x00, 0x04, 0x00, 0x08, 0x00, 0x00, 0x00,
    0x20, 0x00, 0x00, 0x00, 0x00, 0x00, 0x00, 0x00, 0x2b, 0x00, 0x04, 0x00, 0x08, 0x00, 0x00, 0x00,
    0x09, 0x00, 0x00, 0x00, 0x10, 0x00, 0x00, 0x00, 0x2b, 0x00, 0x04, 0x00, 0x08, 0x00, 0x00, 0x00,
    0x0a, 0x00, 0x00, 0x00, 0x10, 0x10, 0x00, 0x00, 0x15, 0x00, 0x04, 0x00, 0x0b, 0x00, 0x00, 0x00,
    0x20, 0x00, 0x00, 0x00, 0x01, 0x00, 0x00, 0x00, 0x2b, 0x00, 0x04, 0x00, 0x0b, 0x00, 0x00, 0x00,
    0x0c, 0x00, 0x00, 0x00, 0xf0, 0x01, 0x00, 0x00, 0x2b, 0x00, 0x04, 0x00, 0x08, 0x00, 0x00, 0x00,
    0x0d, 0x00, 0x00, 0x00, 0x00, 0x00, 0x00, 0x00, 0x2b, 0x00, 0x04, 0x00, 0x08, 0x00, 0x00, 0x00,
    0x0e, 0x00, 0x00, 0x00, 0x02, 0x00, 0x00, 0x00, 0x2b, 0x00, 0x04, 0x00, 0x08, 0x00, 0x00, 0x00,
    0x0f, 0x00, 0x00, 0x00, 0x08, 0x00, 0x00, 0x00, 0x2b, 0x00, 0x04, 0x00, 0x0b, 0x00, 0x00, 0x00,
    0x10, 0x00, 0x00, 0x00, 0x00, 0x00, 0x00, 0x00, 0x2b, 0x00, 0x04, 0x00, 0x0b, 0x00, 0x00, 0x00,
    0x11, 0x00, 0x00, 0x00, 0x01, 0x00, 0x00, 0x00, 0x14, 0x00, 0x02, 0x00, 0x12, 0x00, 0x00, 0x00,
    0x29, 0x00, 0x03, 0x00, 0x12, 0x00, 0x00, 0x00, 0x13, 0x00, 0x00, 0x00, 0x2b, 0x00, 0x04, 0x00,
    0x08, 0x00, 0x00, 0x00, 0x14, 0x00, 0x00, 0x00, 0x01, 0x00, 0x00, 0x00, 0x2a, 0x00, 0x03, 0x00,
    0x12, 0x00, 0x00, 0x00, 0x15, 0x00, 0x00, 0x00, 0x16, 0x00, 0x03, 0x00, 0x16, 0x00, 0x00, 0x00,
    0x20, 0x00, 0x00, 0x00, 0x17, 0x00, 0x04, 0x00, 0x17, 0x00, 0x00, 0x00, 0x16, 0x00, 0x00, 0x00,
    0x04, 0x00, 0x00, 0x00, 0x2b, 0x00, 0x04, 0x00, 0x08, 0x00, 0x00, 0x00, 0x18, 0x00, 0x00, 0x00,
    0x1f, 0x00, 0x00, 0x00, 0x2b, 0x00, 0x04, 0x00, 0x08, 0x00, 0x00, 0x00, 0x19, 0x00, 0x00, 0x00,
    0x00, 0x80, 0x00, 0x00, 0x2b, 0x00, 0x04, 0x00, 0x08, 0x00, 0x00, 0x00, 0x1a, 0x00, 0x00, 0x00,
    0x00, 0x60, 0x00, 0x00, 0x2b, 0x00, 0x04, 0x00, 0x08, 0x00, 0x00, 0x00, 0x1b, 0x00, 0x00, 0x00,
    0x0d, 0x00, 0x00, 0x00, 0x2b, 0x00, 0x04, 0x00, 0x08, 0x00, 0x00, 0x00, 0x1c, 0x00, 0x00, 0x00,
    0xff, 0x01, 0x00, 0x00, 0x2b, 0x00, 0x04, 0x00, 0x08, 0x00, 0x00, 0x00, 0x1d, 0x00, 0x00, 0x00,
    0x00, 0x02, 0x00, 0x00, 0x2b, 0x00, 0x04, 0x00, 0x08, 0x00, 0x00, 0x00, 0x1e, 0x00, 0x00, 0x00,
    0x00, 0x40, 0x00, 0x00, 0x2b, 0x00, 0x04, 0x00, 0x08, 0x00, 0x00, 0x00, 0x1f, 0x00, 0x00, 0x00,
    0x0f, 0x00, 0x00, 0x00, 0x2b, 0x00, 0x04, 0x00, 0x08, 0x00, 0x00, 0x00, 0x20, 0x00, 0x00, 0x00,
    0xff, 0x0f, 0x00, 0x00, 0x2b, 0x00, 0x04, 0x00, 0x08, 0x00, 0x00, 0x00, 0x21, 0x00, 0x00, 0x00,
    0x04, 0x00, 0x00, 0x00, 0x2b, 0x00, 0x04, 0x00, 0x08, 0x00, 0x00, 0x00, 0x22, 0x00, 0x00, 0x00,
    0x00, 0x68, 0x00, 0x00, 0x2b, 0x00, 0x04, 0x00, 0x0b, 0x00, 0x00, 0x00, 0x23, 0x00, 0x00, 0x00,
    0x07, 0x00, 0x00, 0x00, 0x2b, 0x00, 0x04, 0x00, 0x0b, 0x00, 0x00, 0x00, 0x24, 0x00, 0x00, 0x00,
    0x03, 0x00, 0x00, 0x00, 0x2b, 0x00, 0x04, 0x00, 0x0b, 0x00, 0x00, 0x00, 0x25, 0x00, 0x00, 0x00,
    0x0f, 0x00, 0x00, 0x00, 0x2b, 0x00, 0x04, 0x00, 0x08, 0x00, 0x00, 0x00, 0x26, 0x00, 0x00, 0x00,
    0xff, 0x00, 0x00, 0x00, 0x2b, 0x00, 0x04, 0x00, 0x16, 0x00, 0x00, 0x00, 0x27, 0x00, 0x00, 0x00,
    0x00, 0x00, 0x7f, 0x43, 0x2b, 0x00, 0x04, 0x00, 0x08, 0x00, 0x00, 0x00, 0x28, 0x00, 0x00, 0x00,
    0xff, 0xff, 0x00, 0x00, 0x2b, 0x00, 0x04, 0x00, 0x08, 0x00, 0x00, 0x00, 0x29, 0x00, 0x00, 0x00,
    0x00, 0x00, 0x04, 0x00, 0x2b, 0x00, 0x04, 0x00, 0x0b, 0x00, 0x00, 0x00, 0x2a, 0x00, 0x00, 0x00,
    0xff, 0x01, 0x00, 0x00, 0x1d, 0x00, 0x03, 0x00, 0x07, 0x00, 0x00, 0x00, 0x08, 0x00, 0x00, 0x00,
    0x1e, 0x00, 0x03, 0x00, 0x04, 0x00, 0x00, 0x00, 0x07, 0x00, 0x00, 0x00, 0x20, 0x00, 0x04, 0x00,
    0x2b, 0x00, 0x00, 0x00, 0x02, 0x00, 0x00, 0x00, 0x04, 0x00, 0x00, 0x00, 0x20, 0x00, 0x04, 0x00,
    0x2c, 0x00, 0x00, 0x00, 0x01, 0x00, 0x00, 0x00, 0x17, 0x00, 0x00, 0x00, 0x20, 0x00, 0x04, 0x00,
    0x2d, 0x00, 0x00, 0x00, 0x03, 0x00, 0x00, 0x00, 0x17, 0x00, 0x00, 0x00, 0x13, 0x00, 0x02, 0x00,
    0x2e, 0x00, 0x00, 0x00, 0x21, 0x00, 0x03, 0x00, 0x2f, 0x00, 0x00, 0x00, 0x2e, 0x00, 0x00, 0x00,
    0x20, 0x00, 0x04, 0x00, 0x30, 0x00, 0x00, 0x00, 0x02, 0x00, 0x00, 0x00, 0x08, 0x00, 0x00, 0x00,
    0x3b, 0x00, 0x04, 0x00, 0x2b, 0x00, 0x00, 0x00, 0x05, 0x00, 0x00, 0x00, 0x02, 0x00, 0x00, 0x00,
    0x3b, 0x00, 0x04, 0x00, 0x2b, 0x00, 0x00, 0x00, 0x06, 0x00, 0x00, 0x00, 0x02, 0x00, 0x00, 0x00,
    0x3b, 0x00, 0x04, 0x00, 0x2c, 0x00, 0x00, 0x00, 0x02, 0x00, 0x00, 0x00, 0x01, 0x00, 0x00, 0x00,
    0x3b, 0x00, 0x04, 0x00, 0x2d, 0x00, 0x00, 0x00, 0x03, 0x00, 0x00, 0x00, 0x03, 0x00, 0x00, 0x00,
    0x01, 0x00, 0x03, 0x00, 0x17, 0x00, 0x00, 0x00, 0x31, 0x00, 0x00, 0x00, 0x2b, 0x00, 0x04, 0x00,
    0x08, 0x00, 0x00, 0x00, 0x32, 0x00, 0x00, 0x00, 0x00, 0x10, 0x00, 0x00, 0x2b, 0x00, 0x04, 0x00,
    0x08, 0x00, 0x00, 0x00, 0x33, 0x00, 0x00, 0x00, 0x04, 0x10, 0x00, 0x00, 0x2b, 0x00, 0x04, 0x00,
    0x16, 0x00, 0x00, 0x00, 0x34, 0x00, 0x00, 0x00, 0x81, 0x80, 0x80, 0x3b, 0x2c, 0x00, 0x07, 0x00,
    0x17, 0x00, 0x00, 0x00, 0x35, 0x00, 0x00, 0x00, 0x34, 0x00, 0x00, 0x00, 0x34, 0x00, 0x00, 0x00,
    0x34, 0x00, 0x00, 0x00, 0x34, 0x00, 0x00, 0x00, 0x20, 0x00, 0x04, 0x00, 0x36, 0x00, 0x00, 0x00,
    0x01, 0x00, 0x00, 0x00, 0x16, 0x00, 0x00, 0x00, 0x36, 0x00, 0x05, 0x00, 0x2e, 0x00, 0x00, 0x00,
    0x01, 0x00, 0x00, 0x00, 0x00, 0x00, 0x00, 0x00, 0x2f, 0x00, 0x00, 0x00, 0xf8, 0x00, 0x02, 0x00,
    0x37, 0x00, 0x00, 0x00, 0xf7, 0x00, 0x03, 0x00, 0x38, 0x00, 0x00, 0x00, 0x00, 0x00, 0x00, 0x00,
    0xfb, 0x00, 0x03, 0x00, 0x0d, 0x00, 0x00, 0x00, 0x39, 0x00, 0x00, 0x00, 0xf8, 0x00, 0x02, 0x00,
    0x39, 0x00, 0x00, 0x00, 0x41, 0x00, 0x05, 0x00, 0x36, 0x00, 0x00, 0x00, 0x3a, 0x00, 0x00, 0x00,
    0x02, 0x00, 0x00, 0x00, 0x10, 0x00, 0x00, 0x00, 0x3d, 0x00, 0x04, 0x00, 0x16, 0x00, 0x00, 0x00,
    0x3b, 0x00, 0x00, 0x00, 0x3a, 0x00, 0x00, 0x00, 0x6e, 0x00, 0x04, 0x00, 0x0b, 0x00, 0x00, 0x00,
    0x3c, 0x00, 0x00, 0x00, 0x3b, 0x00, 0x00, 0x00, 0x41, 0x00, 0x06, 0x00, 0x30, 0x00, 0x00, 0x00,
    0x3d, 0x00, 0x00, 0x00, 0x06, 0x00, 0x00, 0x00, 0x10, 0x00, 0x00, 0x00, 0x0d, 0x00, 0x00, 0x00,
    0x3d, 0x00, 0x04, 0x00, 0x08, 0x00, 0x00, 0x00, 0x3e, 0x00, 0x00, 0x00, 0x3d, 0x00, 0x00, 0x00,
    0x7c, 0x00, 0x04, 0x00, 0x0b, 0x00, 0x00, 0x00, 0x3f, 0x00, 0x00, 0x00, 0x3e, 0x00, 0x00, 0x00,
    0x82, 0x00, 0x05, 0x00, 0x0b, 0x00, 0x00, 0x00, 0x40, 0x00, 0x00, 0x00, 0x3c, 0x00, 0x00, 0x00,
    0x3f, 0x00, 0x00, 0x00, 0x41, 0x00, 0x05, 0x00, 0x36, 0x00, 0x00, 0x00, 0x41, 0x00, 0x00, 0x00,
    0x02, 0x00, 0x00, 0x00, 0x11, 0x00, 0x00, 0x00, 0x3d, 0x00, 0x04, 0x00, 0x16, 0x00, 0x00, 0x00,
    0x42, 0x00, 0x00, 0x00, 0x41, 0x00, 0x00, 0x00, 0x6e, 0x00, 0x04, 0x00, 0x0b, 0x00, 0x00, 0x00,
    0x43, 0x00, 0x00, 0x00, 0x42, 0x00, 0x00, 0x00, 0xaf, 0x00, 0x05, 0x00, 0x12, 0x00, 0x00, 0x00,
    0x44, 0x00, 0x00, 0x00, 0x40, 0x00, 0x00, 0x00, 0x10, 0x00, 0x00, 0x00, 0xf7, 0x00, 0x03, 0x00,
    0x45, 0x00, 0x00, 0x00, 0x00, 0x00, 0x00, 0x00, 0xfa, 0x00, 0x04, 0x00, 0x44, 0x00, 0x00, 0x00,
    0x46, 0x00, 0x00, 0x00, 0x45, 0x00, 0x00, 0x00, 0xf8, 0x00, 0x02, 0x00, 0x46, 0x00, 0x00, 0x00,
    0xaf, 0x00, 0x05, 0x00, 0x12, 0x00, 0x00, 0x00, 0x47, 0x00, 0x00, 0x00, 0x40, 0x00, 0x00, 0x00,
    0x0c, 0x00, 0x00, 0x00, 0xf9, 0x00, 0x02, 0x00, 0x45, 0x00, 0x00, 0x00, 0xf8, 0x00, 0x02, 0x00,
    0x45, 0x00, 0x00, 0x00, 0xf5, 0x00, 0x07, 0x00, 0x12, 0x00, 0x00, 0x00, 0x48, 0x00, 0x00, 0x00,
    0x13, 0x00, 0x00, 0x00, 0x39, 0x00, 0x00, 0x00, 0x47, 0x00, 0x00, 0x00, 0x46, 0x00, 0x00, 0x00,
    0xf7, 0x00, 0x03, 0x00, 0x49, 0x00, 0x00, 0x00, 0x00, 0x00, 0x00, 0x00, 0xfa, 0x00, 0x04, 0x00,
    0x48, 0x00, 0x00, 0x00, 0x4a, 0x00, 0x00, 0x00, 0x49, 0x00, 0x00, 0x00, 0xf8, 0x00, 0x02, 0x00,
    0x4a, 0x00, 0x00, 0x00, 0xfc, 0x00, 0x01, 0x00, 0xf8, 0x00, 0x02, 0x00, 0x49, 0x00, 0x00, 0x00,
    0xf9, 0x00, 0x02, 0x00, 0x4b, 0x00, 0x00, 0x00, 0xf8, 0x00, 0x02, 0x00, 0x4b, 0x00, 0x00, 0x00,
    0xf5, 0x00, 0x07, 0x00, 0x08, 0x00, 0x00, 0x00, 0x4c, 0x00, 0x00, 0x00, 0x14, 0x00, 0x00, 0x00,
    0x49, 0x00, 0x00, 0x00, 0x4d, 0x00, 0x00, 0x00, 0x4e, 0x00, 0x00, 0x00, 0xb0, 0x00, 0x05, 0x00,
    0x12, 0x00, 0x00, 0x00, 0x4f, 0x00, 0x00, 0x00, 0x4c, 0x00, 0x00, 0x00, 0x0f, 0x00, 0x00, 0x00,
    0xf6, 0x00, 0x04, 0x00, 0x50, 0x00, 0x00, 0x00, 0x4e, 0x00, 0x00, 0x00, 0x00, 0x00, 0x00, 0x00,
    0xfa, 0x00, 0x04, 0x00, 0x4f, 0x00, 0x00, 0x00, 0x51, 0x00, 0x00, 0x00, 0x50, 0x00, 0x00, 0x00,
    0xf8, 0x00, 0x02, 0x00, 0x51, 0x00, 0x00, 0x00, 0xf7, 0x00, 0x03, 0x00, 0x52, 0x00, 0x00, 0x00,
    0x00, 0x00, 0x00, 0x00, 0xfb, 0x00, 0x03, 0x00, 0x0d, 0x00, 0x00, 0x00, 0x53, 0x00, 0x00, 0x00,
    0xf8, 0x00, 0x02, 0x00, 0x53, 0x00, 0x00, 0x00, 0xc2, 0x00, 0x05, 0x00, 0x08, 0x00, 0x00, 0x00,
    0x54, 0x00, 0x00, 0x00, 0x4c, 0x00, 0x00, 0x00, 0x14, 0x00, 0x00, 0x00, 0xc7, 0x00, 0x05, 0x00,
    0x08, 0x00, 0x00, 0x00, 0x55, 0x00, 0x00, 0x00, 0x4c, 0x00, 0x00, 0x00, 0x14, 0x00, 0x00, 0x00,
    0x80, 0x00, 0x05, 0x00, 0x08, 0x00, 0x00, 0x00, 0x56, 0x00, 0x00, 0x00, 0x54, 0x00, 0x00, 0x00,
    0x32, 0x00, 0x00, 0x00, 0xc2, 0x00, 0x05, 0x00, 0x08, 0x00, 0x00, 0x00, 0x57, 0x00, 0x00, 0x00,
    0x56, 0x00, 0x00, 0x00, 0x14, 0x00, 0x00, 0x00, 0x80, 0x00, 0x05, 0x00, 0x08, 0x00, 0x00, 0x00,
    0x58, 0x00, 0x00, 0x00, 0x0a, 0x00, 0x00, 0x00, 0x57, 0x00, 0x00, 0x00, 0x41, 0x00, 0x06, 0x00,
    0x30, 0x00, 0x00, 0x00, 0x59, 0x00, 0x00, 0x00, 0x06, 0x00, 0x00, 0x00, 0x10, 0x00, 0x00, 0x00,
    0x58, 0x00, 0x00, 0x00, 0x3d, 0x00, 0x04, 0x00, 0x08, 0x00, 0x00, 0x00, 0x5a, 0x00, 0x00, 0x00,
    0x59, 0x00, 0x00, 0x00, 0xc7, 0x00, 0x05, 0x00, 0x08, 0x00, 0x00, 0x00, 0x5b, 0x00, 0x00, 0x00,
    0x54, 0x00, 0x00, 0x00, 0x14, 0x00, 0x00, 0x00, 0xab, 0x00, 0x05, 0x00, 0x12, 0x00, 0x00, 0x00,
    0x5c, 0x00, 0x00, 0x00, 0x5b, 0x00, 0x00, 0x00, 0x0d, 0x00, 0x00, 0x00, 0xf7, 0x00, 0x03, 0x00,
    0x5d, 0x00, 0x00, 0x00, 0x00, 0x00, 0x00, 0x00, 0xfa, 0x00, 0x04, 0x00, 0x5c, 0x00, 0x00, 0x00,
    0x5e, 0x00, 0x00, 0x00, 0x5f, 0x00, 0x00, 0x00, 0xf8, 0x00, 0x02, 0x00, 0x5f, 0x00, 0x00, 0x00,
    0xc7, 0x00, 0x05, 0x00, 0x08, 0x00, 0x00, 0x00, 0x60, 0x00, 0x00, 0x00, 0x5a, 0x00, 0x00, 0x00,
    0x28, 0x00, 0x00, 0x00, 0xf9, 0x00, 0x02, 0x00, 0x5d, 0x00, 0x00, 0x00, 0xf8, 0x00, 0x02, 0x00,
    0x5e, 0x00, 0x00, 0x00, 0xc2, 0x00, 0x05, 0x00, 0x08, 0x00, 0x00, 0x00, 0x61, 0x00, 0x00, 0x00,
    0x5a, 0x00, 0x00, 0x00, 0x09, 0x00, 0x00, 0x00, 0xf9, 0x00, 0x02, 0x00, 0x5d, 0x00, 0x00, 0x00,
    0xf8, 0x00, 0x02, 0x00, 0x5d, 0x00, 0x00, 0x00, 0xf5, 0x00, 0x07, 0x00, 0x08, 0x00, 0x00, 0x00,
    0x62, 0x00, 0x00, 0x00, 0x61, 0x00, 0x00, 0x00, 0x5e, 0x00, 0x00, 0x00, 0x60, 0x00, 0x00, 0x00,
    0x5f, 0x00, 0x00, 0x00, 0x80, 0x00, 0x05, 0x00, 0x08, 0x00, 0x00, 0x00, 0x63, 0x00, 0x00, 0x00,
    0x54, 0x00, 0x00, 0x00, 0x33, 0x00, 0x00, 0x00, 0xc2, 0x00, 0x05, 0x00, 0x08, 0x00, 0x00, 0x00,
    0x64, 0x00, 0x00, 0x00, 0x63, 0x00, 0x00, 0x00, 0x14, 0x00, 0x00, 0x00, 0x80, 0x00, 0x05, 0x00,
    0x08, 0x00, 0x00, 0x00, 0x65, 0x00, 0x00, 0x00, 0x0a, 0x00, 0x00, 0x00, 0x64, 0x00, 0x00, 0x00,
    0x41, 0x00, 0x06, 0x00, 0x30, 0x00, 0x00, 0x00, 0x66, 0x00, 0x00, 0x00, 0x06, 0x00, 0x00, 0x00,
    0x10, 0x00, 0x00, 0x00, 0x65, 0x00, 0x00, 0x00, 0x3d, 0x00, 0x04, 0x00, 0x08, 0x00, 0x00, 0x00,
    0x67, 0x00, 0x00, 0x00, 0x66, 0x00, 0x00, 0x00, 0xf7, 0x00, 0x03, 0x00, 0x68, 0x00, 0x00, 0x00,
    0x00, 0x00, 0x00, 0x00, 0xfa, 0x00, 0x04, 0x00, 0x5c, 0x00, 0x00, 0x00, 0x69, 0x00, 0x00, 0x00,
    0x6a, 0x00, 0x00, 0x00, 0xf8, 0x00, 0x02, 0x00, 0x6a, 0x00, 0x00, 0x00, 0xc7, 0x00, 0x05, 0x00,
    0x08, 0x00, 0x00, 0x00, 0x6b, 0x00, 0x00, 0x00, 0x67, 0x00, 0x00, 0x00, 0x28, 0x00, 0x00, 0x00,
    0xf9, 0x00, 0x02, 0x00, 0x68, 0x00, 0x00, 0x00, 0xf8, 0x00, 0x02, 0x00, 0x69, 0x00, 0x00, 0x00,
    0xc2, 0x00, 0x05, 0x00, 0x08, 0x00, 0x00, 0x00, 0x6c, 0x00, 0x00, 0x00, 0x67, 0x00, 0x00, 0x00,
    0x09, 0x00, 0x00, 0x00, 0xf9, 0x00, 0x02, 0x00, 0x68, 0x00, 0x00, 0x00, 0xf8, 0x00, 0x02, 0x00,
    0x68, 0x00, 0x00, 0x00, 0xf5, 0x00, 0x07, 0x00, 0x08, 0x00, 0x00, 0x00, 0x6d, 0x00, 0x00, 0x00,
    0x6c, 0x00, 0x00, 0x00, 0x69, 0x00, 0x00, 0x00, 0x6b, 0x00, 0x00, 0x00, 0x6a, 0x00, 0x00, 0x00,
    0xc7, 0x00, 0x05, 0x00, 0x08, 0x00, 0x00, 0x00, 0x6e, 0x00, 0x00, 0x00, 0x54, 0x00, 0x00, 0x00,
    0x0e, 0x00, 0x00, 0x00, 0x80, 0x00, 0x05, 0x00, 0x08, 0x00, 0x00, 0x00, 0x6f, 0x00, 0x00, 0x00,
    0x6e, 0x00, 0x00, 0x00, 0x33, 0x00, 0x00, 0x00, 0xc2, 0x00, 0x05, 0x00, 0x08, 0x00, 0x00, 0x00,
    0x70, 0x00, 0x00, 0x00, 0x6f, 0x00, 0x00, 0x00, 0x14, 0x00, 0x00, 0x00, 0x80, 0x00, 0x05, 0x00,
    0x08, 0x00, 0x00, 0x00, 0x71, 0x00, 0x00, 0x00, 0x0a, 0x00, 0x00, 0x00, 0x70, 0x00, 0x00, 0x00,
    0x41, 0x00, 0x06, 0x00, 0x30, 0x00, 0x00, 0x00, 0x72, 0x00, 0x00, 0x00, 0x06, 0x00, 0x00, 0x00,
    0x10, 0x00, 0x00, 0x00, 0x71, 0x00, 0x00, 0x00, 0x3d, 0x00, 0x04, 0x00, 0x08, 0x00, 0x00, 0x00,
    0x73, 0x00, 0x00, 0x00, 0x72, 0x00, 0x00, 0x00, 0xc7, 0x00, 0x05, 0x00, 0x08, 0x00, 0x00, 0x00,
    0x74, 0x00, 0x00, 0x00, 0x6d, 0x00, 0x00, 0x00, 0x19, 0x00, 0x00, 0x00, 0xab, 0x00, 0x05, 0x00,
    0x12, 0x00, 0x00, 0x00, 0x75, 0x00, 0x00, 0x00, 0x74, 0x00, 0x00, 0x00, 0x0d, 0x00, 0x00, 0x00,
    0xf7, 0x00, 0x03, 0x00, 0x76, 0x00, 0x00, 0x00, 0x00, 0x00, 0x00, 0x00, 0xfa, 0x00, 0x04, 0x00,
    0x75, 0x00, 0x00, 0x00, 0x77, 0x00, 0x00, 0x00, 0x76, 0x00, 0x00, 0x00, 0xf8, 0x00, 0x02, 0x00,
    0x77, 0x00, 0x00, 0x00, 0xf9, 0x00, 0x02, 0x00, 0x52, 0x00, 0x00, 0x00, 0xf8, 0x00, 0x02, 0x00,
    0x76, 0x00, 0x00, 0x00, 0xc7, 0x00, 0x05, 0x00, 0x08, 0x00, 0x00, 0x00, 0x78, 0x00, 0x00, 0x00,
    0x73, 0x00, 0x00, 0x00, 0x1a, 0x00, 0x00, 0x00, 0xab, 0x00, 0x05, 0x00, 0x12, 0x00, 0x00, 0x00,
    0x79, 0x00, 0x00, 0x00, 0x78, 0x00, 0x00, 0x00, 0x0d, 0x00, 0x00, 0x00, 0xf7, 0x00, 0x03, 0x00,
    0x7a, 0x00, 0x00, 0x00, 0x00, 0x00, 0x00, 0x00, 0xfa, 0x00, 0x04, 0x00, 0x79, 0x00, 0x00, 0x00,
    0x7b, 0x00, 0x00, 0x00, 0x7a, 0x00, 0x00, 0x00, 0xf8, 0x00, 0x02, 0x00, 0x7b, 0x00, 0x00, 0x00,
    0xf7, 0x00, 0x03, 0x00, 0x7c, 0x00, 0x00, 0x00, 0x00, 0x00, 0x00, 0x00, 0xfa, 0x00, 0x04, 0x00,
    0x5c, 0x00, 0x00, 0x00, 0x7d, 0x00, 0x00, 0x00, 0x7c, 0x00, 0x00, 0x00, 0xf8, 0x00, 0x02, 0x00,
    0x7d, 0x00, 0x00, 0x00, 0xf9, 0x00, 0x02, 0x00, 0x52, 0x00, 0x00, 0x00, 0xf8, 0x00, 0x02, 0x00,
    0x7c, 0x00, 0x00, 0x00, 0xc2, 0x00, 0x05, 0x00, 0x08, 0x00, 0x00, 0x00, 0x7e, 0x00, 0x00, 0x00,
    0x78, 0x00, 0x00, 0x00, 0x1b, 0x00, 0x00, 0x00, 0xc7, 0x00, 0x05, 0x00, 0x08, 0x00, 0x00, 0x00,
    0x7f, 0x00, 0x00, 0x00, 0x6d, 0x00, 0x00, 0x00, 0x1c, 0x00, 0x00, 0x00, 0x7c, 0x00, 0x04, 0x00,
    0x0b, 0x00, 0x00, 0x00, 0x80, 0x00, 0x00, 0x00, 0x7f, 0x00, 0x00, 0x00, 0x82, 0x00, 0x05, 0x00,
    0x08, 0x00, 0x00, 0x00, 0x81, 0x00, 0x00, 0x00, 0x0d, 0x00, 0x00, 0x00, 0x6d, 0x00, 0x00, 0x00,
    0xc7, 0x00, 0x05, 0x00, 0x08, 0x00, 0x00, 0x00, 0x82, 0x00, 0x00, 0x00, 0x81, 0x00, 0x00, 0x00,
    0x1c, 0x00, 0x00, 0x00, 0x7c, 0x00, 0x04, 0x00, 0x0b, 0x00, 0x00, 0x00, 0x83, 0x00, 0x00, 0x00,
    0x82, 0x00, 0x00, 0x00, 0xc7, 0x00, 0x05, 0x00, 0x08, 0x00, 0x00, 0x00, 0x84, 0x00, 0x00, 0x00,
    0x81, 0x00, 0x00, 0x00, 0x1d, 0x00, 0x00, 0x00, 0xab, 0x00, 0x05, 0x00, 0x12, 0x00, 0x00, 0x00,
    0x85, 0x00, 0x00, 0x00, 0x84, 0x00, 0x00, 0x00, 0x0d, 0x00, 0x00, 0x00, 0xf7, 0x00, 0x03, 0x00,
    0x86, 0x00, 0x00, 0x00, 0x00, 0x00, 0x00, 0x00, 0xfa, 0x00, 0x04, 0x00, 0x85, 0x00, 0x00, 0x00,
    0x87, 0x00, 0x00, 0x00, 0x88, 0x00, 0x00, 0x00, 0xf8, 0x00, 0x02, 0x00, 0x88, 0x00, 0x00, 0x00,
    0xc6, 0x00, 0x05, 0x00, 0x08, 0x00, 0x00, 0x00, 0x89, 0x00, 0x00, 0x00, 0x54, 0x00, 0x00, 0x00,
    0x14, 0x00, 0x00, 0x00, 0xf9, 0x00, 0x02, 0x00, 0x86, 0x00, 0x00, 0x00, 0xf8, 0x00, 0x02, 0x00,
    0x87, 0x00, 0x00, 0x00, 0xf9, 0x00, 0x02, 0x00, 0x86, 0x00, 0x00, 0x00, 0xf8, 0x00, 0x02, 0x00,
    0x86, 0x00, 0x00, 0x00, 0xf5, 0x00, 0x07, 0x00, 0x08, 0x00, 0x00, 0x00, 0x8a, 0x00, 0x00, 0x00,
    0x54, 0x00, 0x00, 0x00, 0x87, 0x00, 0x00, 0x00, 0x89, 0x00, 0x00, 0x00, 0x88, 0x00, 0x00, 0x00,
    0xc7, 0x00, 0x05, 0x00, 0x08, 0x00, 0x00, 0x00, 0x8b, 0x00, 0x00, 0x00, 0x62, 0x00, 0x00, 0x00,
    0x19, 0x00, 0x00, 0x00, 0xab, 0x00, 0x05, 0x00, 0x12, 0x00, 0x00, 0x00, 0x8c, 0x00, 0x00, 0x00,
    0x8b, 0x00, 0x00, 0x00, 0x0d, 0x00, 0x00, 0x00, 0xf7, 0x00, 0x03, 0x00, 0x8d, 0x00, 0x00, 0x00,
    0x00, 0x00, 0x00, 0x00, 0xfa, 0x00, 0x04, 0x00, 0x8c, 0x00, 0x00, 0x00, 0x8e, 0x00, 0x00, 0x00,
    0x8f, 0x00, 0x00, 0x00, 0xf8, 0x00, 0x02, 0x00, 0x8f, 0x00, 0x00, 0x00, 0xc7, 0x00, 0x05, 0x00,
    0x08, 0x00, 0x00, 0x00, 0x90, 0x00, 0x00, 0x00, 0x62, 0x00, 0x00, 0x00, 0x1c, 0x00, 0x00, 0x00,
    0x7c, 0x00, 0x04, 0x00, 0x0b, 0x00, 0x00, 0x00, 0x91, 0x00, 0x00, 0x00, 0x90, 0x00, 0x00, 0x00,
    0x7e, 0x00, 0x04, 0x00, 0x0b, 0x00, 0x00, 0x00, 0x92, 0x00, 0x00, 0x00, 0x91, 0x00, 0x00, 0x00,
    0xaa, 0x00, 0x05, 0x00, 0x12, 0x00, 0x00, 0x00, 0x93, 0x00, 0x00, 0x00, 0x7e, 0x00, 0x00, 0x00,
    0x14, 0x00, 0x00, 0x00, 0xf7, 0x00, 0x03, 0x00, 0x94, 0x00, 0x00, 0x00, 0x00, 0x00, 0x00, 0x00,
    0xfa, 0x00, 0x04, 0x00, 0x93, 0x00, 0x00, 0x00, 0x95, 0x00, 0x00, 0x00, 0x96, 0x00, 0x00, 0x00,
    0xf8, 0x00, 0x02, 0x00, 0x96, 0x00, 0x00, 0x00, 0xc7, 0x00, 0x05, 0x00, 0x08, 0x00, 0x00, 0x00,
    0x97, 0x00, 0x00, 0x00, 0x62, 0x00, 0x00, 0x00, 0x1d, 0x00, 0x00, 0x00, 0xab, 0x00, 0x05, 0x00,
    0x12, 0x00, 0x00, 0x00, 0x98, 0x00, 0x00, 0x00, 0x97, 0x00, 0x00, 0x00, 0x0d, 0x00, 0x00, 0x00,
    0xf7, 0x00, 0x03, 0x00, 0x99, 0x00, 0x00, 0x00, 0x00, 0x00, 0x00, 0x00, 0xfa, 0x00, 0x04, 0x00,
    0x98, 0x00, 0x00, 0x00, 0x9a, 0x00, 0x00, 0x00, 0x9b, 0x00, 0x00, 0x00, 0xf8, 0x00, 0x02, 0x00,
    0x9b, 0x00, 0x00, 0x00, 0xc6, 0x00, 0x05, 0x00, 0x08, 0x00, 0x00, 0x00, 0x9c, 0x00, 0x00, 0x00,
    0x54, 0x00, 0x00, 0x00, 0x14, 0x00, 0x00, 0x00, 0xf9, 0x00, 0x02, 0x00, 0x99, 0x00, 0x00, 0x00,
    0xf8, 0x00, 0x02, 0x00, 0x9a, 0x00, 0x00, 0x00, 0xf9, 0x00, 0x02, 0x00, 0x99, 0x00, 0x00, 0x00,
    0xf8, 0x00, 0x02, 0x00, 0x99, 0x00, 0x00, 0x00, 0xf5, 0x00, 0x07, 0x00, 0x08, 0x00, 0x00, 0x00,
    0x9d, 0x00, 0x00, 0x00, 0x54, 0x00, 0x00, 0x00, 0x9a, 0x00, 0x00, 0x00, 0x9c, 0x00, 0x00, 0x00,
    0x9b, 0x00, 0x00, 0x00, 0xb1, 0x00, 0x05, 0x00, 0x12, 0x00, 0x00, 0x00, 0x9e, 0x00, 0x00, 0x00,
    0x40, 0x00, 0x00, 0x00, 0x91, 0x00, 0x00, 0x00, 0xf7, 0x00, 0x03, 0x00, 0x9f, 0x00, 0x00, 0x00,
    0x00, 0x00, 0x00, 0x00, 0xfa, 0x00, 0x04, 0x00, 0x9e, 0x00, 0x00, 0x00, 0xa0, 0x00, 0x00, 0x00,
    0xa1, 0x00, 0x00, 0x00, 0xf8, 0x00, 0x02, 0x00, 0xa1, 0x00, 0x00, 0x00, 0xc6, 0x00, 0x05, 0x00,
    0x08, 0x00, 0x00, 0x00, 0xa2, 0x00, 0x00, 0x00, 0x9d, 0x00, 0x00, 0x00, 0x14, 0x00, 0x00, 0x00,
    0xf9, 0x00, 0x02, 0x00, 0x9f, 0x00, 0x00, 0x00, 0xf8, 0x00, 0x02, 0x00, 0xa0, 0x00, 0x00, 0x00,
    0xf9, 0x00, 0x02, 0x00, 0x9f, 0x00, 0x00, 0x00, 0xf8, 0x00, 0x02, 0x00, 0x9f, 0x00, 0x00, 0x00,
    0xf5, 0x00, 0x07, 0x00, 0x08, 0x00, 0x00, 0x00, 0xa3, 0x00, 0x00, 0x00, 0x9d, 0x00, 0x00, 0x00,
    0xa0, 0x00, 0x00, 0x00, 0xa2, 0x00, 0x00, 0x00, 0xa1, 0x00, 0x00, 0x00, 0xf9, 0x00, 0x02, 0x00,
    0x94, 0x00, 0x00, 0x00, 0xf8, 0x00, 0x02, 0x00, 0x95, 0x00, 0x00, 0x00, 0xb1, 0x00, 0x05, 0x00,
    0x12, 0x00, 0x00, 0x00, 0xa4, 0x00, 0x00, 0x00, 0x43, 0x00, 0x00, 0x00, 0x83, 0x00, 0x00, 0x00,
    0xf7, 0x00, 0x03, 0x00, 0xa5, 0x00, 0x00, 0x00, 0x00, 0x00, 0x00, 0x00, 0xfa, 0x00, 0x04, 0x00,
    0xa4, 0x00, 0x00, 0x00, 0xa6, 0x00, 0x00, 0x00, 0xa7, 0x00, 0x00, 0x00, 0xf8, 0x00, 0x02, 0x00,
    0xa7, 0x00, 0x00, 0x00, 0xc6, 0x00, 0x05, 0x00, 0x08, 0x00, 0x00, 0x00, 0xa8, 0x00, 0x00, 0x00,
    0x8a, 0x00, 0x00, 0x00, 0x14, 0x00, 0x00, 0x00, 0xf9, 0x00, 0x02, 0x00, 0xa5, 0x00, 0x00, 0x00,
    0xf8, 0x00, 0x02, 0x00, 0xa6, 0x00, 0x00, 0x00, 0xf9, 0x00, 0x02, 0x00, 0xa5, 0x00, 0x00, 0x00,
    0xf8, 0x00, 0x02, 0x00, 0xa5, 0x00, 0x00, 0x00, 0xf5, 0x00, 0x07, 0x00, 0x08, 0x00, 0x00, 0x00,
    0xa9, 0x00, 0x00, 0x00, 0x8a, 0x00, 0x00, 0x00, 0xa6, 0x00, 0x00, 0x00, 0xa8, 0x00, 0x00, 0x00,
    0xa7, 0x00, 0x00, 0x00, 0xf9, 0x00, 0x02, 0x00, 0x94, 0x00, 0x00, 0x00, 0xf8, 0x00, 0x02, 0x00,
    0x94, 0x00, 0x00, 0x00, 0xf5, 0x00, 0x07, 0x00, 0x08, 0x00, 0x00, 0x00, 0xaa, 0x00, 0x00, 0x00,
    0xa9, 0x00, 0x00, 0x00, 0xa5, 0x00, 0x00, 0x00, 0xa3, 0x00, 0x00, 0x00, 0x9f, 0x00, 0x00, 0x00,
    0xf9, 0x00, 0x02, 0x00, 0x8d, 0x00, 0x00, 0x00, 0xf8, 0x00, 0x02, 0x00, 0x8e, 0x00, 0x00, 0x00,
    0x84, 0x00, 0x05, 0x00, 0x08, 0x00, 0x00, 0x00, 0xab, 0x00, 0x00, 0x00, 0x1d, 0x00, 0x00, 0x00,
    0x54, 0x00, 0x00, 0x00, 0x80, 0x00, 0x05, 0x00, 0x08, 0x00, 0x00, 0x00, 0xac, 0x00, 0x00, 0x00,
    0x1e, 0x00, 0x00, 0x00, 0xab, 0x00, 0x00, 0x00, 0x7c, 0x00, 0x04, 0x00, 0x08, 0x00, 0x00, 0x00,
    0xad, 0x00, 0x00, 0x00, 0x43, 0x00, 0x00, 0x00, 0x80, 0x00, 0x05, 0x00, 0x08, 0x00, 0x00, 0x00,
    0xae, 0x00, 0x00, 0x00, 0xac, 0x00, 0x00, 0x00, 0xad, 0x00, 0x00, 0x00, 0x82, 0x00, 0x05, 0x00,
    0x08, 0x00, 0x00, 0x00, 0xaf, 0x00, 0x00, 0x00, 0xae, 0x00, 0x00, 0x00, 0x1e, 0x00, 0x00, 0x00,
    0xc2, 0x00, 0x05, 0x00, 0x08, 0x00, 0x00, 0x00, 0xb0, 0x00, 0x00, 0x00, 0xaf, 0x00, 0x00, 0x00,
    0x14, 0x00, 0x00, 0x00, 0x80, 0x00, 0x05, 0x00, 0x08, 0x00, 0x00, 0x00, 0xb1, 0x00, 0x00, 0x00,
    0x0a, 0x00, 0x00, 0x00, 0xb0, 0x00, 0x00, 0x00, 0x41, 0x00, 0x06, 0x00, 0x30, 0x00, 0x00, 0x00,
    0xb2, 0x00, 0x00, 0x00, 0x06, 0x00, 0x00, 0x00, 0x10, 0x00, 0x00, 0x00, 0xb1, 0x00, 0x00, 0x00,
    0x3d, 0x00, 0x04, 0x00, 0x08, 0x00, 0x00, 0x00, 0xb3, 0x00, 0x00, 0x00, 0xb2, 0x00, 0x00, 0x00,
    0xc7, 0x00, 0x05, 0x00, 0x08, 0x00, 0x00, 0x00, 0xb4, 0x00, 0x00, 0x00, 0xae, 0x00, 0x00, 0x00,
    0x14, 0x00, 0x00, 0x00, 0xab, 0x00, 0x05, 0x00, 0x12, 0x00, 0x00, 0x00, 0xb5, 0x00, 0x00, 0x00,
    0xb4, 0x00, 0x00, 0x00, 0x0d, 0x00, 0x00, 0x00, 0xf7, 0x00, 0x03, 0x00, 0xb6, 0x00, 0x00, 0x00,
    0x00, 0x00, 0x00, 0x00, 0xfa, 0x00, 0x04, 0x00, 0xb5, 0x00, 0x00, 0x00, 0xb7, 0x00, 0x00, 0x00,
    0xb8, 0x00, 0x00, 0x00, 0xf8, 0x00, 0x02, 0x00, 0xb8, 0x00, 0x00, 0x00, 0xc7, 0x00, 0x05, 0x00,
    0x08, 0x00, 0x00, 0x00, 0xb9, 0x00, 0x00, 0x00, 0xb3, 0x00, 0x00, 0x00, 0x28, 0x00, 0x00, 0x00,
    0xf9, 0x00, 0x02, 0x00, 0xb6, 0x00, 0x00, 0x00, 0xf8, 0x00, 0x02, 0x00, 0xb7, 0x00, 0x00, 0x00,
    0xc2, 0x00, 0x05, 0x00, 0x08, 0x00, 0x00, 0x00, 0xba, 0x00, 0x00, 0x00, 0xb3, 0x00, 0x00, 0x00,
    0x09, 0x00, 0x00, 0x00, 0xf9, 0x00, 0x02, 0x00, 0xb6, 0x00, 0x00, 0x00, 0xf8, 0x00, 0x02, 0x00,
    0xb6, 0x00, 0x00, 0x00, 0xf5, 0x00, 0x07, 0x00, 0x08, 0x00, 0x00, 0x00, 0xbb, 0x00, 0x00, 0x00,
    0xba, 0x00, 0x00, 0x00, 0xb7, 0x00, 0x00, 0x00, 0xb9, 0x00, 0x00, 0x00, 0xb8, 0x00, 0x00, 0x00,
    0xc7, 0x00, 0x05, 0x00, 0x08, 0x00, 0x00, 0x00, 0xbc, 0x00, 0x00, 0x00, 0xbb, 0x00, 0x00, 0x00,
    0x1c, 0x00, 0x00, 0x00, 0x7c, 0x00, 0x04, 0x00, 0x0b, 0x00, 0x00, 0x00, 0xbd, 0x00, 0x00, 0x00,
    0xbc, 0x00, 0x00, 0x00, 0x7e, 0x00, 0x04, 0x00, 0x0b, 0x00, 0x00, 0x00, 0xbe, 0x00, 0x00, 0x00,
    0xbd, 0x00, 0x00, 0x00, 0xaa, 0x00, 0x05, 0x00, 0x12, 0x00, 0x00, 0x00, 0xbf, 0x00, 0x00, 0x00,
    0x7e, 0x00, 0x00, 0x00, 0x14, 0x00, 0x00, 0x00, 0xf7, 0x00, 0x03, 0x00, 0xc0, 0x00, 0x00, 0x00,
    0x00, 0x00, 0x00, 0x00, 0xfa, 0x00, 0x04, 0x00, 0xbf, 0x00, 0x00, 0x00, 0xc1, 0x00, 0x00, 0x00,
    0xc2, 0x00, 0x00, 0x00, 0xf8, 0x00, 0x02, 0x00, 0xc2, 0x00, 0x00, 0x00, 0xc7, 0x00, 0x05, 0x00,
    0x08, 0x00, 0x00, 0x00, 0xc3, 0x00, 0x00, 0x00, 0xbb, 0x00, 0x00, 0x00, 0x1d, 0x00, 0x00, 0x00,
    0xab, 0x00, 0x05, 0x00, 0x12, 0x00, 0x00, 0x00, 0xc4, 0x00, 0x00, 0x00, 0xc3, 0x00, 0x00, 0x00,
    0x0d, 0x00, 0x00, 0x00, 0xf7, 0x00, 0x03, 0x00, 0xc5, 0x00, 0x00, 0x00, 0x00, 0x00, 0x00, 0x00,
    0xfa, 0x00, 0x04, 0x00, 0xc4, 0x00, 0x00, 0x00, 0xc6, 0x00, 0x00, 0x00, 0xc7, 0x00, 0x00, 0x00,
    0xf8, 0x00, 0x02, 0x00, 0xc7, 0x00, 0x00, 0x00, 0xc6, 0x00, 0x05, 0x00, 0x08, 0x00, 0x00, 0x00,
    0xc8, 0x00, 0x00, 0x00, 0x54, 0x00, 0x00, 0x00, 0x14, 0x00, 0x00, 0x00, 0xf9, 0x00, 0x02, 0x00,
    0xc5, 0x00, 0x00, 0x00, 0xf8, 0x00, 0x02, 0x00, 0xc6, 0x00, 0x00, 0x00, 0xf9, 0x00, 0x02, 0x00,
    0xc5, 0x00, 0x00, 0x00, 0xf8, 0x00, 0x02, 0x00, 0xc5, 0x00, 0x00, 0x00, 0xf5, 0x00, 0x07, 0x00,
    0x08, 0x00, 0x00, 0x00, 0xc9, 0x00, 0x00, 0x00, 0x54, 0x00, 0x00, 0x00, 0xc6, 0x00, 0x00, 0x00,
    0xc8, 0x00, 0x00, 0x00, 0xc7, 0x00, 0x00, 0x00, 0x82, 0x00, 0x05, 0x00, 0x0b, 0x00, 0x00, 0x00,
    0xca, 0x00, 0x00, 0x00, 0xbd, 0x00, 0x00, 0x00, 0x11, 0x00, 0x00, 0x00, 0xb3, 0x00, 0x05, 0x00,
    0x12, 0x00, 0x00, 0x00, 0xcb, 0x00, 0x00, 0x00, 0x40, 0x00, 0x00, 0x00, 0xca, 0x00, 0x00, 0x00,
    0xf7, 0x00, 0x03, 0x00, 0xcc, 0x00, 0x00, 0x00, 0x00, 0x00, 0x00, 0x00, 0xfa, 0x00, 0x04, 0x00,
    0xcb, 0x00, 0x00, 0x00, 0xcd, 0x00, 0x00, 0x00, 0xce, 0x00, 0x00, 0x00, 0xf8, 0x00, 0x02, 0x00,
    0xce, 0x00, 0x00, 0x00, 0xc6, 0x00, 0x05, 0x00, 0x08, 0x00, 0x00, 0x00, 0xcf, 0x00, 0x00, 0x00,
    0xc9, 0x00, 0x00, 0x00, 0x14, 0x00, 0x00, 0x00, 0xf9, 0x00, 0x02, 0x00, 0xcc, 0x00, 0x00, 0x00,
    0xf8, 0x00, 0x02, 0x00, 0xcd, 0x00, 0x00, 0x00, 0xf9, 0x00, 0x02, 0x00, 0xcc, 0x00, 0x00, 0x00,
    0xf8, 0x00, 0x02, 0x00, 0xcc, 0x00, 0x00, 0x00, 0xf5, 0x00, 0x07, 0x00, 0x08, 0x00, 0x00, 0x00,
    0xd0, 0x00, 0x00, 0x00, 0xc9, 0x00, 0x00, 0x00, 0xcd, 0x00, 0x00, 0x00, 0xcf, 0x00, 0x00, 0x00,
    0xce, 0x00, 0x00, 0x00, 0xf9, 0x00, 0x02, 0x00, 0xc0, 0x00, 0x00, 0x00, 0xf8, 0x00, 0x02, 0x00,
    0xc1, 0x00, 0x00, 0x00, 0xaf, 0x00, 0x05, 0x00, 0x12, 0x00, 0x00, 0x00, 0xd1, 0x00, 0x00, 0x00,
    0x43, 0x00, 0x00, 0x00, 0x83, 0x00, 0x00, 0x00, 0xf7, 0x00, 0x03, 0x00, 0xd2, 0x00, 0x00, 0x00,
    0x00, 0x00, 0x00, 0x00, 0xfa, 0x00, 0x04, 0x00, 0xd1, 0x00, 0x00, 0x00, 0xd3, 0x00, 0x00, 0x00,
    0xd4, 0x00, 0x00, 0x00, 0xf8, 0x00, 0x02, 0x00, 0xd4, 0x00, 0x00, 0x00, 0xf9, 0x00, 0x02, 0x00,
    0xd2, 0x00, 0x00, 0x00, 0xf8, 0x00, 0x02, 0x00, 0xd3, 0x00, 0x00, 0x00, 0xc6, 0x00, 0x05, 0x00,
    0x08, 0x00, 0x00, 0x00, 0xd5, 0x00, 0x00, 0x00, 0x8a, 0x00, 0x00, 0x00, 0x14, 0x00, 0x00, 0x00,
    0xf9, 0x00, 0x02, 0x00, 0xd2, 0x00, 0x00, 0x00, 0xf8, 0x00, 0x02, 0x00, 0xd2, 0x00, 0x00, 0x00,
    0xf5, 0x00, 0x07, 0x00, 0x08, 0x00, 0x00, 0x00, 0xd6, 0x00, 0x00, 0x00, 0xd5, 0x00, 0x00, 0x00,
    0xd3, 0x00, 0x00, 0x00, 0x8a, 0x00, 0x00, 0x00, 0xd4, 0x00, 0x00, 0x00, 0xf9, 0x00, 0x02, 0x00,
    0xc0, 0x00, 0x00, 0x00, 0xf8, 0x00, 0x02, 0x00, 0xc0, 0x00, 0x00, 0x00, 0xf5, 0x00, 0x07, 0x00,
    0x08, 0x00, 0x00, 0x00, 0xd7, 0x00, 0x00, 0x00, 0xd6, 0x00, 0x00, 0x00, 0xd2, 0x00, 0x00, 0x00,
    0xd0, 0x00, 0x00, 0x00, 0xcc, 0x00, 0x00, 0x00, 0xf9, 0x00, 0x02, 0x00, 0x8d, 0x00, 0x00, 0x00,
    0xf8, 0x00, 0x02, 0x00, 0x8d, 0x00, 0x00, 0x00, 0xf5, 0x00, 0x07, 0x00, 0x0b, 0x00, 0x00, 0x00,
    0xd8, 0x00, 0x00, 0x00, 0xbe, 0x00, 0x00, 0x00, 0xc0, 0x00, 0x00, 0x00, 0x92, 0x00, 0x00, 0x00,
    0x94, 0x00, 0x00, 0x00, 0xf5, 0x00, 0x07, 0x00, 0x08, 0x00, 0x00, 0x00, 0xd9, 0x00, 0x00, 0x00,
    0xd7, 0x00, 0x00, 0x00, 0xc0, 0x00, 0x00, 0x00, 0xaa, 0x00, 0x00, 0x00, 0x94, 0x00, 0x00, 0x00,
    0x80, 0x00, 0x05, 0x00, 0x0b, 0x00, 0x00, 0x00, 0xda, 0x00, 0x00, 0x00, 0x40, 0x00, 0x00, 0x00,
    0xd8, 0x00, 0x00, 0x00, 0x80, 0x00, 0x05, 0x00, 0x0b, 0x00, 0x00, 0x00, 0xdb, 0x00, 0x00, 0x00,
    0x43, 0x00, 0x00, 0x00, 0x80, 0x00, 0x00, 0x00, 0x84, 0x00, 0x05, 0x00, 0x08, 0x00, 0x00, 0x00,
    0xdc, 0x00, 0x00, 0x00, 0xd9, 0x00, 0x00, 0x00, 0x29, 0x00, 0x00, 0x00, 0xc7, 0x00, 0x05, 0x00,
    0x0b, 0x00, 0x00, 0x00, 0xdd, 0x00, 0x00, 0x00, 0xdb, 0x00, 0x00, 0x00, 0x2a, 0x00, 0x00, 0x00,
    0x7c, 0x00, 0x04, 0x00, 0x08, 0x00, 0x00, 0x00, 0xde, 0x00, 0x00, 0x00, 0xdd, 0x00, 0x00, 0x00,
    0x84, 0x00, 0x05, 0x00, 0x08, 0x00, 0x00, 0x00, 0xdf, 0x00, 0x00, 0x00, 0xde, 0x00, 0x00, 0x00,
    0x1d, 0x00, 0x00, 0x00, 0x80, 0x00, 0x05, 0x00, 0x08, 0x00, 0x00, 0x00, 0xe0, 0x00, 0x00, 0x00,
    0xdc, 0x00, 0x00, 0x00, 0xdf, 0x00, 0x00, 0x00, 0xc7, 0x00, 0x05, 0x00, 0x0b, 0x00, 0x00, 0x00,
    0xe1, 0x00, 0x00, 0x00, 0xda, 0x00, 0x00, 0x00, 0x2a, 0x00, 0x00, 0x00, 0x7c, 0x00, 0x04, 0x00,
    0x08, 0x00, 0x00, 0x00, 0xe2, 0x00, 0x00, 0x00, 0xe1, 0x00, 0x00, 0x00, 0x80, 0x00, 0x05, 0x00,
    0x08, 0x00, 0x00, 0x00, 0xe3, 0x00, 0x00, 0x00, 0xe0, 0x00, 0x00, 0x00, 0xe2, 0x00, 0x00, 0x00,
    0xc2, 0x00, 0x05, 0x00, 0x08, 0x00, 0x00, 0x00, 0xe4, 0x00, 0x00, 0x00, 0xe3, 0x00, 0x00, 0x00,
    0x14, 0x00, 0x00, 0x00, 0x41, 0x00, 0x06, 0x00, 0x30, 0x00, 0x00, 0x00, 0xe5, 0x00, 0x00, 0x00,
    0x05, 0x00, 0x00, 0x00, 0x10, 0x00, 0x00, 0x00, 0xe4, 0x00, 0x00, 0x00, 0x3d, 0x00, 0x04, 0x00,
    0x08, 0x00, 0x00, 0x00, 0xe6, 0x00, 0x00, 0x00, 0xe5, 0x00, 0x00, 0x00, 0xc7, 0x00, 0x05, 0x00,
    0x08, 0x00, 0x00, 0x00, 0xe7, 0x00, 0x00, 0x00, 0xe3, 0x00, 0x00, 0x00, 0x14, 0x00, 0x00, 0x00,
    0xab, 0x00, 0x05, 0x00, 0x12, 0x00, 0x00, 0x00, 0xe8, 0x00, 0x00, 0x00, 0xe7, 0x00, 0x00, 0x00,
    0x0d, 0x00, 0x00, 0x00, 0xf7, 0x00, 0x03, 0x00, 0xe9, 0x00, 0x00, 0x00, 0x00, 0x00, 0x00, 0x00,
    0xfa, 0x00, 0x04, 0x00, 0xe8, 0x00, 0x00, 0x00, 0xea, 0x00, 0x00, 0x00, 0xeb, 0x00, 0x00, 0x00,
    0xf8, 0x00, 0x02, 0x00, 0xeb, 0x00, 0x00, 0x00, 0xc7, 0x00, 0x05, 0x00, 0x08, 0x00, 0x00, 0x00,
    0xec, 0x00, 0x00, 0x00, 0xe6, 0x00, 0x00, 0x00, 0x28, 0x00, 0x00, 0x00, 0xf9, 0x00, 0x02, 0x00,
    0xe9, 0x00, 0x00, 0x00, 0xf8, 0x00, 0x02, 0x00, 0xea, 0x00, 0x00, 0x00, 0xc2, 0x00, 0x05, 0x00,
    0x08, 0x00, 0x00, 0x00, 0xed, 0x00, 0x00, 0x00, 0xe6, 0x00, 0x00, 0x00, 0x09, 0x00, 0x00, 0x00,
    0xf9, 0x00, 0x02, 0x00, 0xe9, 0x00, 0x00, 0x00, 0xf8, 0x00, 0x02, 0x00, 0xe9, 0x00, 0x00, 0x00,
    0xf5, 0x00, 0x07, 0x00, 0x08, 0x00, 0x00, 0x00, 0xee, 0x00, 0x00, 0x00, 0xed, 0x00, 0x00, 0x00,
    0xea, 0x00, 0x00, 0x00, 0xec, 0x00, 0x00, 0x00, 0xeb, 0x00, 0x00, 0x00, 0xc2, 0x00, 0x05, 0x00,
    0x08, 0x00, 0x00, 0x00, 0xef, 0x00, 0x00, 0x00, 0xee, 0x00, 0x00, 0x00, 0x1f, 0x00, 0x00, 0x00,
    0xaa, 0x00, 0x05, 0x00, 0x12, 0x00, 0x00, 0x00, 0xf0, 0x00, 0x00, 0x00, 0xef, 0x00, 0x00, 0x00,
    0x55, 0x00, 0x00, 0x00, 0xf7, 0x00, 0x03, 0x00, 0xf1, 0x00, 0x00, 0x00, 0x00, 0x00, 0x00, 0x00,
    0xfa, 0x00, 0x04, 0x00, 0xf0, 0x00, 0x00, 0x00, 0xf2, 0x00, 0x00, 0x00, 0xf1, 0x00, 0x00, 0x00,
    0xf8, 0x00, 0x02, 0x00, 0xf2, 0x00, 0x00, 0x00, 0xc7, 0x00, 0x05, 0x00, 0x08, 0x00, 0x00, 0x00,
    0xf3, 0x00, 0x00, 0x00, 0xee, 0x00, 0x00, 0x00, 0x1f, 0x00, 0x00, 0x00, 0xaa, 0x00, 0x05, 0x00,
    0x12, 0x00, 0x00, 0x00, 0xf4, 0x00, 0x00, 0x00, 0xf3, 0x00, 0x00, 0x00, 0x0d, 0x00, 0x00, 0x00,
    0xf9, 0x00, 0x02, 0x00, 0xf1, 0x00, 0x00, 0x00, 0xf8, 0x00, 0x02, 0x00, 0xf1, 0x00, 0x00, 0x00,
    0xf5, 0x00, 0x07, 0x00, 0x12, 0x00, 0x00, 0x00, 0xf5, 0x00, 0x00, 0x00, 0x13, 0x00, 0x00, 0x00,
    0xe9, 0x00, 0x00, 0x00, 0xf4, 0x00, 0x00, 0x00, 0xf2, 0x00, 0x00, 0x00, 0xf7, 0x00, 0x03, 0x00,
    0xf6, 0x00, 0x00, 0x00, 0x00, 0x00, 0x00, 0x00, 0xfa, 0x00, 0x04, 0x00, 0xf5, 0x00, 0x00, 0x00,
    0xf7, 0x00, 0x00, 0x00, 0xf6, 0x00, 0x00, 0x00, 0xf8, 0x00, 0x02, 0x00, 0xf7, 0x00, 0x00, 0x00,
    0xf9, 0x00, 0x02, 0x00, 0x52, 0x00, 0x00, 0x00, 0xf8, 0x00, 0x02, 0x00, 0xf6, 0x00, 0x00, 0x00,
    0xc7, 0x00, 0x05, 0x00, 0x08, 0x00, 0x00, 0x00, 0xf8, 0x00, 0x00, 0x00, 0xee, 0x00, 0x00, 0x00,
    0x20, 0x00, 0x00, 0x00, 0xf9, 0x00, 0x02, 0x00, 0x52, 0x00, 0x00, 0x00, 0xf8, 0x00, 0x02, 0x00,
    0x7a, 0x00, 0x00, 0x00, 0xc7, 0x00, 0x05, 0x00, 0x08, 0x00, 0x00, 0x00, 0xf9, 0x00, 0x00, 0x00,
    0x4c, 0x00, 0x00, 0x00, 0x21, 0x00, 0x00, 0x00, 0xab, 0x00, 0x05, 0x00, 0x12, 0x00, 0x00, 0x00,
    0xfa, 0x00, 0x00, 0x00, 0xf9, 0x00, 0x00, 0x00, 0x0d, 0x00, 0x00, 0x00, 0xa9, 0x00, 0x06, 0x00,
    0x08, 0x00, 0x00, 0x00, 0xfb, 0x00, 0x00, 0x00, 0xfa, 0x00, 0x00, 0x00, 0x22, 0x00, 0x00, 0x00,
    0x1a, 0x00, 0x00, 0x00, 0x7c, 0x00, 0x04, 0x00, 0x08, 0x00, 0x00, 0x00, 0xfc, 0x00, 0x00, 0x00,
    0x43, 0x00, 0x00, 0x00, 0x84, 0x00, 0x05, 0x00, 0x08, 0x00, 0x00, 0x00, 0xfd, 0x00, 0x00, 0x00,
    0xfc, 0x00, 0x00, 0x00, 0x21, 0x00, 0x00, 0x00, 0x80, 0x00, 0x05, 0x00, 0x08, 0x00, 0x00, 0x00,
    0xfe, 0x00, 0x00, 0x00, 0xfb, 0x00, 0x00, 0x00, 0xfd, 0x00, 0x00, 0x00, 0xc3, 0x00, 0x05, 0x00,
    0x0b, 0x00, 0x00, 0x00, 0xff, 0x00, 0x00, 0x00, 0x40, 0x00, 0x00, 0x00, 0x23, 0x00, 0x00, 0x00,
    0x7c, 0x00, 0x04, 0x00, 0x08, 0x00, 0x00, 0x00, 0x00, 0x01, 0x00, 0x00, 0xff, 0x00, 0x00, 0x00,
    0x80, 0x00, 0x05, 0x00, 0x08, 0x00, 0x00, 0x00, 0x01, 0x01, 0x00, 0x00, 0xfe, 0x00, 0x00, 0x00,
    0x00, 0x01, 0x00, 0x00, 0x82, 0x00, 0x05, 0x00, 0x08, 0x00, 0x00, 0x00, 0x02, 0x01, 0x00, 0x00,
    0x01, 0x01, 0x00, 0x00, 0x1e, 0x00, 0x00, 0x00, 0xc2, 0x00, 0x05, 0x00, 0x08, 0x00, 0x00, 0x00,
    0x03, 0x01, 0x00, 0x00, 0x02, 0x01, 0x00, 0x00, 0x14, 0x00, 0x00, 0x00, 0x80, 0x00, 0x05, 0x00,
    0x08, 0x00, 0x00, 0x00, 0x04, 0x01, 0x00, 0x00, 0x0a, 0x00, 0x00, 0x00, 0x03, 0x01, 0x00, 0x00,
    0x41, 0x00, 0x06, 0x00, 0x30, 0x00, 0x00, 0x00, 0x05, 0x01, 0x00, 0x00, 0x06, 0x00, 0x00, 0x00,
    0x10, 0x00, 0x00, 0x00, 0x04, 0x01, 0x00, 0x00, 0x3d, 0x00, 0x04, 0x00, 0x08, 0x00, 0x00, 0x00,
    0x06, 0x01, 0x00, 0x00, 0x05, 0x01, 0x00, 0x00, 0xc7, 0x00, 0x05, 0x00, 0x08, 0x00, 0x00, 0x00,
    0x07, 0x01, 0x00, 0x00, 0x01, 0x01, 0x00, 0x00, 0x14, 0x00, 0x00, 0x00, 0xab, 0x00, 0x05, 0x00,
    0x12, 0x00, 0x00, 0x00, 0x08, 0x01, 0x00, 0x00, 0x07, 0x01, 0x00, 0x00, 0x0d, 0x00, 0x00, 0x00,
    0xf7, 0x00, 0x03, 0x00, 0x09, 0x01, 0x00, 0x00, 0x00, 0x00, 0x00, 0x00, 0xfa, 0x00, 0x04, 0x00,
    0x08, 0x01, 0x00, 0x00, 0x0a, 0x01, 0x00, 0x00, 0x0b, 0x01, 0x00, 0x00, 0xf8, 0x00, 0x02, 0x00,
    0x0b, 0x01, 0x00, 0x00, 0xc7, 0x00, 0x05, 0x00, 0x08, 0x00, 0x00, 0x00, 0x0c, 0x01, 0x00, 0x00,
    0x06, 0x01, 0x00, 0x00, 0x28, 0x00, 0x00, 0x00, 0xf9, 0x00, 0x02, 0x00, 0x09, 0x01, 0x00, 0x00,
    0xf8, 0x00, 0x02, 0x00, 0x0a, 0x01, 0x00, 0x00, 0xc2, 0x00, 0x05, 0x00, 0x08, 0x00, 0x00, 0x00,
    0x0d, 0x01, 0x00, 0x00, 0x06, 0x01, 0x00, 0x00, 0x09, 0x00, 0x00, 0x00, 0xf9, 0x00, 0x02, 0x00,
    0x09, 0x01, 0x00, 0x00, 0xf8, 0x00, 0x02, 0x00, 0x09, 0x01, 0x00, 0x00, 0xf5, 0x00, 0x07, 0x00,
    0x08, 0x00, 0x00, 0x00, 0x0e, 0x01, 0x00, 0x00, 0x0d, 0x01, 0x00, 0x00, 0x0a, 0x01, 0x00, 0x00,
    0x0c, 0x01, 0x00, 0x00, 0x0b, 0x01, 0x00, 0x00, 0xf7, 0x00, 0x03, 0x00, 0x0f, 0x01, 0x00, 0x00,
    0x00, 0x00, 0x00, 0x00, 0xfa, 0x00, 0x04, 0x00, 0x5c, 0x00, 0x00, 0x00, 0x10, 0x01, 0x00, 0x00,
    0x0f, 0x01, 0x00, 0x00, 0xf8, 0x00, 0x02, 0x00, 0x10, 0x01, 0x00, 0x00, 0xc8, 0x00, 0x04, 0x00,
    0x08, 0x00, 0x00, 0x00, 0x11, 0x01, 0x00, 0x00, 0x0e, 0x01, 0x00, 0x00, 0xf9, 0x00, 0x02, 0x00,
    0x0f, 0x01, 0x00, 0x00, 0xf8, 0x00, 0x02, 0x00, 0x0f, 0x01, 0x00, 0x00, 0xf5, 0x00, 0x07, 0x00,
    0x08, 0x00, 0x00, 0x00, 0x12, 0x01, 0x00, 0x00, 0x0e, 0x01, 0x00, 0x00, 0x09, 0x01, 0x00, 0x00,
    0x11, 0x01, 0x00, 0x00, 0x10, 0x01, 0x00, 0x00, 0xc3, 0x00, 0x05, 0x00, 0x0b, 0x00, 0x00, 0x00,
    0x13, 0x01, 0x00, 0x00, 0x40, 0x00, 0x00, 0x00, 0x24, 0x00, 0x00, 0x00, 0xc7, 0x00, 0x05, 0x00,
    0x0b, 0x00, 0x00, 0x00, 0x14, 0x01, 0x00, 0x00, 0x13, 0x01, 0x00, 0x00, 0x25, 0x00, 0x00, 0x00,
    0x7c, 0x00, 0x04, 0x00, 0x08, 0x00, 0x00, 0x00, 0x15, 0x01, 0x00, 0x00, 0x14, 0x01, 0x00, 0x00,
    0xc7, 0x00, 0x05, 0x00, 0x08, 0x00, 0x00, 0x00, 0x16, 0x01, 0x00, 0x00, 0x15, 0x01, 0x00, 0x00,
    0x18, 0x00, 0x00, 0x00, 0xc2, 0x00, 0x05, 0x00, 0x08, 0x00, 0x00, 0x00, 0x17, 0x01, 0x00, 0x00,
    0x19, 0x00, 0x00, 0x00, 0x16, 0x01, 0x00, 0x00, 0xc7, 0x00, 0x05, 0x00, 0x08, 0x00, 0x00, 0x00,
    0x18, 0x01, 0x00, 0x00, 0x12, 0x01, 0x00, 0x00, 0x17, 0x01, 0x00, 0x00, 0xab, 0x00, 0x05, 0x00,
    0x12, 0x00, 0x00, 0x00, 0x19, 0x01, 0x00, 0x00, 0x18, 0x01, 0x00, 0x00, 0x0d, 0x00, 0x00, 0x00,
    0xf7, 0x00, 0x03, 0x00, 0x1a, 0x01, 0x00, 0x00, 0x00, 0x00, 0x00, 0x00, 0xfa, 0x00, 0x04, 0x00,
    0x19, 0x01, 0x00, 0x00, 0x1b, 0x01, 0x00, 0x00, 0x1a, 0x01, 0x00, 0x00, 0xf8, 0x00, 0x02, 0x00,
    0x1b, 0x01, 0x00, 0x00, 0xf9, 0x00, 0x02, 0x00, 0x52, 0x00, 0x00, 0x00, 0xf8, 0x00, 0x02, 0x00,
    0x1a, 0x01, 0x00, 0x00, 0xc7, 0x00, 0x05, 0x00, 0x08, 0x00, 0x00, 0x00, 0x1c, 0x01, 0x00, 0x00,
    0x62, 0x00, 0x00, 0x00, 0x19, 0x00, 0x00, 0x00, 0xab, 0x00, 0x05, 0x00, 0x12, 0x00, 0x00, 0x00,
    0x1d, 0x01, 0x00, 0x00, 0x1c, 0x01, 0x00, 0x00, 0x0d, 0x00, 0x00, 0x00, 0xf7, 0x00, 0x03, 0x00,
    0x1e, 0x01, 0x00, 0x00, 0x00, 0x00, 0x00, 0x00, 0xfa, 0x00, 0x04, 0x00, 0x1d, 0x01, 0x00, 0x00,
    0x1f, 0x01, 0x00, 0x00, 0x20, 0x01, 0x00, 0x00, 0xf8, 0x00, 0x02, 0x00, 0x20, 0x01, 0x00, 0x00,
    0x82, 0x00, 0x05, 0x00, 0x08, 0x00, 0x00, 0x00, 0x21, 0x01, 0x00, 0x00, 0x0d, 0x00, 0x00, 0x00,
    0x62, 0x00, 0x00, 0x00, 0xc7, 0x00, 0x05, 0x00, 0x08, 0x00, 0x00, 0x00, 0x22, 0x01, 0x00, 0x00,
    0x21, 0x01, 0x00, 0x00, 0x1c, 0x00, 0x00, 0x00, 0x7c, 0x00, 0x04, 0x00, 0x0b, 0x00, 0x00, 0x00,
    0x23, 0x01, 0x00, 0x00, 0x22, 0x01, 0x00, 0x00, 0xf9, 0x00, 0x02, 0x00, 0x1e, 0x01, 0x00, 0x00,
    0xf8, 0x00, 0x02, 0x00, 0x1f, 0x01, 0x00, 0x00, 0x84, 0x00, 0x05, 0x00, 0x08, 0x00, 0x00, 0x00,
    0x24, 0x01, 0x00, 0x00, 0x1d, 0x00, 0x00, 0x00, 0x54, 0x00, 0x00, 0x00, 0x80, 0x00, 0x05, 0x00,
    0x08, 0x00, 0x00, 0x00, 0x25, 0x01, 0x00, 0x00, 0x1e, 0x00, 0x00, 0x00, 0x24, 0x01, 0x00, 0x00,
    0x80, 0x00, 0x05, 0x00, 0x08, 0x00, 0x00, 0x00, 0x26, 0x01, 0x00, 0x00, 0x25, 0x01, 0x00, 0x00,
    0xfc, 0x00, 0x00, 0x00, 0x82, 0x00, 0x05, 0x00, 0x08, 0x00, 0x00, 0x00, 0x27, 0x01, 0x00, 0x00,
    0x26, 0x01, 0x00, 0x00, 0x1e, 0x00, 0x00, 0x00, 0xc2, 0x00, 0x05, 0x00, 0x08, 0x00, 0x00, 0x00,
    0x28, 0x01, 0x00, 0x00, 0x27, 0x01, 0x00, 0x00, 0x14, 0x00, 0x00, 0x00, 0x80, 0x00, 0x05, 0x00,
    0x08, 0x00, 0x00, 0x00, 0x29, 0x01, 0x00, 0x00, 0x0a, 0x00, 0x00, 0x00, 0x28, 0x01, 0x00, 0x00,
    0x41, 0x00, 0x06, 0x00, 0x30, 0x00, 0x00, 0x00, 0x2a, 0x01, 0x00, 0x00, 0x06, 0x00, 0x00, 0x00,
    0x10, 0x00, 0x00, 0x00, 0x29, 0x01, 0x00, 0x00, 0x3d, 0x00, 0x04, 0x00, 0x08, 0x00, 0x00, 0x00,
    0x2b, 0x01, 0x00, 0x00, 0x2a, 0x01, 0x00, 0x00, 0xc7, 0x00, 0x05, 0x00, 0x08, 0x00, 0x00, 0x00,
    0x2c, 0x01, 0x00, 0x00, 0x26, 0x01, 0x00, 0x00, 0x14, 0x00, 0x00, 0x00, 0xab, 0x00, 0x05, 0x00,
    0x12, 0x00, 0x00, 0x00, 0x2d, 0x01, 0x00, 0x00, 0x2c, 0x01, 0x00, 0x00, 0x0d, 0x00, 0x00, 0x00,
    0xf7, 0x00, 0x03, 0x00, 0x2e, 0x01, 0x00, 0x00, 0x00, 0x00, 0x00, 0x00, 0xfa, 0x00, 0x04, 0x00,
    0x2d, 0x01, 0x00, 0x00, 0x2f, 0x01, 0x00, 0x00, 0x30, 0x01, 0x00, 0x00, 0xf8, 0x00, 0x02, 0x00,
    0x30, 0x01, 0x00, 0x00, 0xc7, 0x00, 0x05, 0x00, 0x08, 0x00, 0x00, 0x00, 0x31, 0x01, 0x00, 0x00,
    0x2b, 0x01, 0x00, 0x00, 0x28, 0x00, 0x00, 0x00, 0xf9, 0x00, 0x02, 0x00, 0x2e, 0x01, 0x00, 0x00,
    0xf8, 0x00, 0x02, 0x00, 0x2f, 0x01, 0x00, 0x00, 0xc2, 0x00, 0x05, 0x00, 0x08, 0x00, 0x00, 0x00,
    0x32, 0x01, 0x00, 0x00, 0x2b, 0x01, 0x00, 0x00, 0x09, 0x00, 0x00, 0x00, 0xf9, 0x00, 0x02, 0x00,
    0x2e, 0x01, 0x00, 0x00, 0xf8, 0x00, 0x02, 0x00, 0x2e, 0x01, 0x00, 0x00, 0xf5, 0x00, 0x07, 0x00,
    0x08, 0x00, 0x00, 0x00, 0x33, 0x01, 0x00, 0x00, 0x32, 0x01, 0x00, 0x00, 0x2f, 0x01, 0x00, 0x00,
    0x31, 0x01, 0x00, 0x00, 0x30, 0x01, 0x00, 0x00, 0x82, 0x00, 0x05, 0x00, 0x08, 0x00, 0x00, 0x00,
    0x34, 0x01, 0x00, 0x00, 0x0d, 0x00, 0x00, 0x00, 0x33, 0x01, 0x00, 0x00, 0xc7, 0x00, 0x05, 0x00,
    0x08, 0x00, 0x00, 0x00, 0x35, 0x01, 0x00, 0x00, 0x34, 0x01, 0x00, 0x00, 0x1c, 0x00, 0x00, 0x00,
    0x7c, 0x00, 0x04, 0x00, 0x0b, 0x00, 0x00, 0x00, 0x36, 0x01, 0x00, 0x00, 0x35, 0x01, 0x00, 0x00,
    0xf9, 0x00, 0x02, 0x00, 0x1e, 0x01, 0x00, 0x00, 0xf8, 0x00, 0x02, 0x00, 0x1e, 0x01, 0x00, 0x00,
    0xf5, 0x00, 0x07, 0x00, 0x0b, 0x00, 0x00, 0x00, 0x37, 0x01, 0x00, 0x00, 0x36, 0x01, 0x00, 0x00,
    0x2e, 0x01, 0x00, 0x00, 0x23, 0x01, 0x00, 0x00, 0x20, 0x01, 0x00, 0x00, 0x80, 0x00, 0x05, 0x00,
    0x0b, 0x00, 0x00, 0x00, 0x38, 0x01, 0x00, 0x00, 0x40, 0x00, 0x00, 0x00, 0x37, 0x01, 0x00, 0x00,
    0xc7, 0x00, 0x05, 0x00, 0x08, 0x00, 0x00, 0x00, 0x39, 0x01, 0x00, 0x00, 0x6d, 0x00, 0x00, 0x00,
    0x1c, 0x00, 0x00, 0x00, 0x7c, 0x00, 0x04, 0x00, 0x0b, 0x00, 0x00, 0x00, 0x3a, 0x01, 0x00, 0x00,
    0x39, 0x01, 0x00, 0x00, 0x80, 0x00, 0x05, 0x00, 0x0b, 0x00, 0x00, 0x00, 0x3b, 0x01, 0x00, 0x00,
    0x3a, 0x01, 0x00, 0x00, 0x43, 0x00, 0x00, 0x00, 0x84, 0x00, 0x05, 0x00, 0x08, 0x00, 0x00, 0x00,
    0x3c, 0x01, 0x00, 0x00, 0x54, 0x00, 0x00, 0x00, 0x29, 0x00, 0x00, 0x00, 0xc7, 0x00, 0x05, 0x00,
    0x0b, 0x00, 0x00, 0x00, 0x3d, 0x01, 0x00, 0x00, 0x3b, 0x01, 0x00, 0x00, 0x2a, 0x00, 0x00, 0x00,
    0x7c, 0x00, 0x04, 0x00, 0x08, 0x00, 0x00, 0x00, 0x3e, 0x01, 0x00, 0x00, 0x3d, 0x01, 0x00, 0x00,
    0x84, 0x00, 0x05, 0x00, 0x08, 0x00, 0x00, 0x00, 0x3f, 0x01, 0x00, 0x00, 0x3e, 0x01, 0x00, 0x00,
    0x1d, 0x00, 0x00, 0x00, 0x80, 0x00, 0x05, 0x00, 0x08, 0x00, 0x00, 0x00, 0x40, 0x01, 0x00, 0x00,
    0x3c, 0x01, 0x00, 0x00, 0x3f, 0x01, 0x00, 0x00, 0xc7, 0x00, 0x05, 0x00, 0x0b, 0x00, 0x00, 0x00,
    0x41, 0x01, 0x00, 0x00, 0x38, 0x01, 0x00, 0x00, 0x2a, 0x00, 0x00, 0x00, 0x7c, 0x00, 0x04, 0x00,
    0x08, 0x00, 0x00, 0x00, 0x42, 0x01, 0x00, 0x00, 0x41, 0x01, 0x00, 0x00, 0x80, 0x00, 0x05, 0x00,
    0x08, 0x00, 0x00, 0x00, 0x43, 0x01, 0x00, 0x00, 0x40, 0x01, 0x00, 0x00, 0x42, 0x01, 0x00, 0x00,
    0xc2, 0x00, 0x05, 0x00, 0x08, 0x00, 0x00, 0x00, 0x44, 0x01, 0x00, 0x00, 0x43, 0x01, 0x00, 0x00,
    0x14, 0x00, 0x00, 0x00, 0x41, 0x00, 0x06, 0x00, 0x30, 0x00, 0x00, 0x00, 0x45, 0x01, 0x00, 0x00,
    0x05, 0x00, 0x00, 0x00, 0x10, 0x00, 0x00, 0x00, 0x44, 0x01, 0x00, 0x00, 0x3d, 0x00, 0x04, 0x00,
    0x08, 0x00, 0x00, 0x00, 0x46, 0x01, 0x00, 0x00, 0x45, 0x01, 0x00, 0x00, 0xc7, 0x00, 0x05, 0x00,
    0x08, 0x00, 0x00, 0x00, 0x47, 0x01, 0x00, 0x00, 0x43, 0x01, 0x00, 0x00, 0x14, 0x00, 0x00, 0x00,
    0xab, 0x00, 0x05, 0x00, 0x12, 0x00, 0x00, 0x00, 0x48, 0x01, 0x00, 0x00, 0x47, 0x01, 0x00, 0x00,
    0x0d, 0x00, 0x00, 0x00, 0xf7, 0x00, 0x03, 0x00, 0x49, 0x01, 0x00, 0x00, 0x00, 0x00, 0x00, 0x00,
    0xfa, 0x00, 0x04, 0x00, 0x48, 0x01, 0x00, 0x00, 0x4a, 0x01, 0x00, 0x00, 0x4b, 0x01, 0x00, 0x00,
    0xf8, 0x00, 0x02, 0x00, 0x4b, 0x01, 0x00, 0x00, 0xc7, 0x00, 0x05, 0x00, 0x08, 0x00, 0x00, 0x00,
    0x4c, 0x01, 0x00, 0x00, 0x46, 0x01, 0x00, 0x00, 0x28, 0x00, 0x00, 0x00, 0xf9, 0x00, 0x02, 0x00,
    0x49, 0x01, 0x00, 0x00, 0xf8, 0x00, 0x02, 0x00, 0x4a, 0x01, 0x00, 0x00, 0xc2, 0x00, 0x05, 0x00,
    0x08, 0x00, 0x00, 0x00, 0x4d, 0x01, 0x00, 0x00, 0x46, 0x01, 0x00, 0x00, 0x09, 0x00, 0x00, 0x00,
    0xf9, 0x00, 0x02, 0x00, 0x49, 0x01, 0x00, 0x00, 0xf8, 0x00, 0x02, 0x00, 0x49, 0x01, 0x00, 0x00,
    0xf5, 0x00, 0x07, 0x00, 0x08, 0x00, 0x00, 0x00, 0x4e, 0x01, 0x00, 0x00, 0x4d, 0x01, 0x00, 0x00,
    0x4a, 0x01, 0x00, 0x00, 0x4c, 0x01, 0x00, 0x00, 0x4b, 0x01, 0x00, 0x00, 0xc2, 0x00, 0x05, 0x00,
    0x08, 0x00, 0x00, 0x00, 0x4f, 0x01, 0x00, 0x00, 0x4e, 0x01, 0x00, 0x00, 0x1f, 0x00, 0x00, 0x00,
    0xaa, 0x00, 0x05, 0x00, 0x12, 0x00, 0x00, 0x00, 0x50, 0x01, 0x00, 0x00, 0x4f, 0x01, 0x00, 0x00,
    0x55, 0x00, 0x00, 0x00, 0xf7, 0x00, 0x03, 0x00, 0x51, 0x01, 0x00, 0x00, 0x00, 0x00, 0x00, 0x00,
    0xfa, 0x00, 0x04, 0x00, 0x50, 0x01, 0x00, 0x00, 0x52, 0x01, 0x00, 0x00, 0x51, 0x01, 0x00, 0x00,
    0xf8, 0x00, 0x02, 0x00, 0x52, 0x01, 0x00, 0x00, 0xc7, 0x00, 0x05, 0x00, 0x08, 0x00, 0x00, 0x00,
    0x53, 0x01, 0x00, 0x00, 0x4e, 0x01, 0x00, 0x00, 0x1f, 0x00, 0x00, 0x00, 0xaa, 0x00, 0x05, 0x00,
    0x12, 0x00, 0x00, 0x00, 0x54, 0x01, 0x00, 0x00, 0x53, 0x01, 0x00, 0x00, 0x0d, 0x00, 0x00, 0x00,
    0xf9, 0x00, 0x02, 0x00, 0x51, 0x01, 0x00, 0x00, 0xf8, 0x00, 0x02, 0x00, 0x51, 0x01, 0x00, 0x00,
    0xf5, 0x00, 0x07, 0x00, 0x12, 0x00, 0x00, 0x00, 0x55, 0x01, 0x00, 0x00, 0x13, 0x00, 0x00, 0x00,
    0x49, 0x01, 0x00, 0x00, 0x54, 0x01, 0x00, 0x00, 0x52, 0x01, 0x00, 0x00, 0xf7, 0x00, 0x03, 0x00,
    0x56, 0x01, 0x00, 0x00, 0x00, 0x00, 0x00, 0x00, 0xfa, 0x00, 0x04, 0x00, 0x55, 0x01, 0x00, 0x00,
    0x57, 0x01, 0x00, 0x00, 0x56, 0x01, 0x00, 0x00, 0xf8, 0x00, 0x02, 0x00, 0x57, 0x01, 0x00, 0x00,
    0xf9, 0x00, 0x02, 0x00, 0x52, 0x00, 0x00, 0x00, 0xf8, 0x00, 0x02, 0x00, 0x56, 0x01, 0x00, 0x00,
    0xc7, 0x00, 0x05, 0x00, 0x08, 0x00, 0x00, 0x00, 0x58, 0x01, 0x00, 0x00, 0x4e, 0x01, 0x00, 0x00,
    0x20, 0x00, 0x00, 0x00, 0xf9, 0x00, 0x02, 0x00, 0x52, 0x00, 0x00, 0x00, 0xf8, 0x00, 0x02, 0x00,
    0x52, 0x00, 0x00, 0x00, 0xf5, 0x00, 0x11, 0x00, 0x08, 0x00, 0x00, 0x00, 0x59, 0x01, 0x00, 0x00,
    0x0d, 0x00, 0x00, 0x00, 0x77, 0x00, 0x00, 0x00, 0x0d, 0x00, 0x00, 0x00, 0x7d, 0x00, 0x00, 0x00,
    0x0d, 0x00, 0x00, 0x00, 0xf7, 0x00, 0x00, 0x00, 0xf8, 0x00, 0x00, 0x00, 0xf6, 0x00, 0x00, 0x00,
    0x0d, 0x00, 0x00, 0x00, 0x1b, 0x01, 0x00, 0x00, 0x0d, 0x00, 0x00, 0x00, 0x57, 0x01, 0x00, 0x00,
    0x58, 0x01, 0x00, 0x00, 0x56, 0x01, 0x00, 0x00, 0xf5, 0x00, 0x11, 0x00, 0x12, 0x00, 0x00, 0x00,
    0x5a, 0x01, 0x00, 0x00, 0x15, 0x00, 0x00, 0x00, 0x77, 0x00, 0x00, 0x00, 0x15, 0x00, 0x00, 0x00,
    0x7d, 0x00, 0x00, 0x00, 0x15, 0x00, 0x00, 0x00, 0xf7, 0x00, 0x00, 0x00, 0x13, 0x00, 0x00, 0x00,
    0xf6, 0x00, 0x00, 0x00, 0x15, 0x00, 0x00, 0x00, 0x1b, 0x01, 0x00, 0x00, 0x15, 0x00, 0x00, 0x00,
    0x57, 0x01, 0x00, 0x00, 0x13, 0x00, 0x00, 0x00, 0x56, 0x01, 0x00, 0x00, 0xf7, 0x00, 0x03, 0x00,
    0x5b, 0x01, 0x00, 0x00, 0x00, 0x00, 0x00, 0x00, 0xfa, 0x00, 0x04, 0x00, 0x5a, 0x01, 0x00, 0x00,
    0x5c, 0x01, 0x00, 0x00, 0x5b, 0x01, 0x00, 0x00, 0xf8, 0x00, 0x02, 0x00, 0x5c, 0x01, 0x00, 0x00,
    0x80, 0x00, 0x05, 0x00, 0x08, 0x00, 0x00, 0x00, 0x5d, 0x01, 0x00, 0x00, 0x09, 0x00, 0x00, 0x00,
    0x59, 0x01, 0x00, 0x00, 0x41, 0x00, 0x06, 0x00, 0x30, 0x00, 0x00, 0x00, 0x5e, 0x01, 0x00, 0x00,
    0x06, 0x00, 0x00, 0x00, 0x10, 0x00, 0x00, 0x00, 0x5d, 0x01, 0x00, 0x00, 0x3d, 0x00, 0x04, 0x00,
    0x08, 0x00, 0x00, 0x00, 0x5f, 0x01, 0x00, 0x00, 0x5e, 0x01, 0x00, 0x00, 0xc2, 0x00, 0x05, 0x00,
    0x08, 0x00, 0x00, 0x00, 0x60, 0x01, 0x00, 0x00, 0x5f, 0x01, 0x00, 0x00, 0x09, 0x00, 0x00, 0x00,
    0xc7, 0x00, 0x05, 0x00, 0x08, 0x00, 0x00, 0x00, 0x61, 0x01, 0x00, 0x00, 0x60, 0x01, 0x00, 0x00,
    0x26, 0x00, 0x00, 0x00, 0x70, 0x00, 0x04, 0x00, 0x16, 0x00, 0x00, 0x00, 0x62, 0x01, 0x00, 0x00,
    0x61, 0x01, 0x00, 0x00, 0xc2, 0x00, 0x05, 0x00, 0x08, 0x00, 0x00, 0x00, 0x63, 0x01, 0x00, 0x00,
    0x5f, 0x01, 0x00, 0x00, 0x0f, 0x00, 0x00, 0x00, 0xc7, 0x00, 0x05, 0x00, 0x08, 0x00, 0x00, 0x00,
    0x64, 0x01, 0x00, 0x00, 0x63, 0x01, 0x00, 0x00, 0x26, 0x00, 0x00, 0x00, 0x70, 0x00, 0x04, 0x00,
    0x16, 0x00, 0x00, 0x00, 0x65, 0x01, 0x00, 0x00, 0x64, 0x01, 0x00, 0x00, 0xc7, 0x00, 0x05, 0x00,
    0x08, 0x00, 0x00, 0x00, 0x66, 0x01, 0x00, 0x00, 0x5f, 0x01, 0x00, 0x00, 0x26, 0x00, 0x00, 0x00,
    0x70, 0x00, 0x04, 0x00, 0x16, 0x00, 0x00, 0x00, 0x67, 0x01, 0x00, 0x00, 0x66, 0x01, 0x00, 0x00,
    0x50, 0x00, 0x07, 0x00, 0x17, 0x00, 0x00, 0x00, 0x68, 0x01, 0x00, 0x00, 0x62, 0x01, 0x00, 0x00,
    0x65, 0x01, 0x00, 0x00, 0x67, 0x01, 0x00, 0x00, 0x27, 0x00, 0x00, 0x00, 0x85, 0x00, 0x05, 0x00,
    0x17, 0x00, 0x00, 0x00, 0x69, 0x01, 0x00, 0x00, 0x68, 0x01, 0x00, 0x00, 0x35, 0x00, 0x00, 0x00,
    0xf9, 0x00, 0x02, 0x00, 0x50, 0x00, 0x00, 0x00, 0xf8, 0x00, 0x02, 0x00, 0x5b, 0x01, 0x00, 0x00,
    0xf9, 0x00, 0x02, 0x00, 0x4e, 0x00, 0x00, 0x00, 0xf8, 0x00, 0x02, 0x00, 0x4e, 0x00, 0x00, 0x00,
    0x80, 0x00, 0x05, 0x00, 0x08, 0x00, 0x00, 0x00, 0x4d, 0x00, 0x00, 0x00, 0x4c, 0x00, 0x00, 0x00,
    0x0e, 0x00, 0x00, 0x00, 0xf9, 0x00, 0x02, 0x00, 0x4b, 0x00, 0x00, 0x00, 0xf8, 0x00, 0x02, 0x00,
    0x50, 0x00, 0x00, 0x00, 0xf5, 0x00, 0x07, 0x00, 0x17, 0x00, 0x00, 0x00, 0x6a, 0x01, 0x00, 0x00,
    0x31, 0x00, 0x00, 0x00, 0x4b, 0x00, 0x00, 0x00, 0x69, 0x01, 0x00, 0x00, 0x5c, 0x01, 0x00, 0x00,
    0xf5, 0x00, 0x07, 0x00, 0x12, 0x00, 0x00, 0x00, 0x6b, 0x01, 0x00, 0x00, 0x15, 0x00, 0x00, 0x00,
    0x4b, 0x00, 0x00, 0x00, 0x13, 0x00, 0x00, 0x00, 0x5c, 0x01, 0x00, 0x00, 0xf7, 0x00, 0x03, 0x00,
    0x6c, 0x01, 0x00, 0x00, 0x00, 0x00, 0x00, 0x00, 0xfa, 0x00, 0x04, 0x00, 0x6b, 0x01, 0x00, 0x00,
    0x38, 0x00, 0x00, 0x00, 0x6c, 0x01, 0x00, 0x00, 0xf8, 0x00, 0x02, 0x00, 0x6c, 0x01, 0x00, 0x00,
    0xfc, 0x00, 0x01, 0x00, 0xf8, 0x00, 0x02, 0x00, 0x38, 0x00, 0x00, 0x00, 0x3e, 0x00, 0x03, 0x00,
    0x03, 0x00, 0x00, 0x00, 0x6a, 0x01, 0x00, 0x00, 0xfd, 0x00, 0x01, 0x00, 0x38, 0x00, 0x01, 0x00
};

static const unsigned char k_ps_tiles_front_dxil[] = {
    0x44, 0x58, 0x42, 0x43, 0xc9, 0x7c, 0x8b, 0x2f, 0xf1, 0xc7, 0x21, 0x5c, 0xc2, 0x42, 0x35, 0x35,
    0xdd, 0x01, 0x90, 0xa5, 0x01, 0x00, 0x00, 0x00, 0x64, 0x13, 0x00, 0x00, 0x07, 0x00, 0x00, 0x00,
    0x3c, 0x00, 0x00, 0x00, 0x4c, 0x00, 0x00, 0x00, 0xb4, 0x00, 0x00, 0x00, 0xf0, 0x00, 0x00, 0x00,
    0xe4, 0x01, 0x00, 0x00, 0xa8, 0x08, 0x00, 0x00, 0xc4, 0x08, 0x00, 0x00, 0x53, 0x46, 0x49, 0x30,
    0x08, 0x00, 0x00, 0x00, 0x00, 0x00, 0x00, 0x00, 0x00, 0x00, 0x00, 0x00, 0x49, 0x53, 0x47, 0x31,
    0x60, 0x00, 0x00, 0x00, 0x02, 0x00, 0x00, 0x00, 0x08, 0x00, 0x00, 0x00, 0x00, 0x00, 0x00, 0x00,
    0x48, 0x00, 0x00, 0x00, 0x00, 0x00, 0x00, 0x00, 0x01, 0x00, 0x00, 0x00, 0x03, 0x00, 0x00, 0x00,
    0x00, 0x00, 0x00, 0x00, 0x0f, 0x03, 0x00, 0x00, 0x00, 0x00, 0x00, 0x00, 0x00, 0x00, 0x00, 0x00,
    0x54, 0x00, 0x00, 0x00, 0x00, 0x00, 0x00, 0x00, 0x00, 0x00, 0x00, 0x00, 0x03, 0x00, 0x00, 0x00,
    0x01, 0x00, 0x00, 0x00, 0x03, 0x00, 0x00, 0x00, 0x00, 0x00, 0x00, 0x00, 0x53, 0x56, 0x5f, 0x50,
    0x6f, 0x73, 0x69, 0x74, 0x69, 0x6f, 0x6e, 0x00, 0x54, 0x45, 0x58, 0x43, 0x4f, 0x4f, 0x52, 0x44,
    0x00, 0x00, 0x00, 0x00, 0x4f, 0x53, 0x47, 0x31, 0x34, 0x00, 0x00, 0x00, 0x01, 0x00, 0x00, 0x00,
    0x08, 0x00, 0x00, 0x00, 0x00, 0x00, 0x00, 0x00, 0x28, 0x00, 0x00, 0x00, 0x00, 0x00, 0x00, 0x00,
    0x40, 0x00, 0x00, 0x00, 0x03, 0x00, 0x00, 0x00, 0x00, 0x00, 0x00, 0x00, 0x0f, 0x00, 0x00, 0x00,
    0x00, 0x00, 0x00, 0x00, 0x53, 0x56, 0x5f, 0x54, 0x61, 0x72, 0x67, 0x65, 0x74, 0x00, 0x00, 0x00,
    0x50, 0x53, 0x56, 0x30, 0xec, 0x00, 0x00, 0x00, 0x34, 0x00, 0x00, 0x00, 0x00, 0x00, 0x00, 0x00,
    0x00, 0x00, 0x00, 0x00, 0x00, 0x00, 0x00, 0x00, 0x00, 0x00, 0x00, 0x00, 0x00, 0x00, 0x00, 0x00,
    0xff, 0xff, 0xff, 0xff, 0x00, 0x00, 0x00, 0x00, 0x02, 0x01, 0x00, 0x02, 0x01, 0x00, 0x00, 0x00,
    0x00, 0x00, 0x00, 0x00, 0x00, 0x00, 0x00, 0x00, 0x00, 0x00, 0x00, 0x00, 0x0a, 0x00, 0x00, 0x00,
    0x02, 0x00, 0x00, 0x00, 0x18, 0x00, 0x00, 0x00, 0x05, 0x00, 0x00, 0x00, 0x02, 0x00, 0x00, 0x00,
    0x00, 0x00, 0x00, 0x00, 0x00, 0x00, 0x00, 0x00, 0x0c, 0x00, 0x00, 0x00, 0x00, 0x00, 0x00, 0x00,
    0x05, 0x00, 0x00, 0x00, 0x02, 0x00, 0x00, 0x00, 0x01, 0x00, 0x00, 0x00, 0x01, 0x00, 0x00, 0x00,
    0x0c, 0x00, 0x00, 0x00, 0x00, 0x00, 0x00, 0x00, 0x1c, 0x00, 0x00, 0x00, 0x00, 0x54, 0x45, 0x58,
    0x43, 0x4f, 0x4f, 0x52, 0x44, 0x00, 0x70, 0x73, 0x5f, 0x74, 0x69, 0x6c, 0x65, 0x73, 0x5f, 0x66,
    0x72, 0x6f, 0x6e, 0x74, 0x00, 0x00, 0x00, 0x00, 0x01, 0x00, 0x00, 0x00, 0x00, 0x00, 0x00, 0x00,
    0x10, 0x00, 0x00, 0x00, 0x00, 0x00, 0x00, 0x00, 0x00, 0x00, 0x00, 0x00, 0x01, 0x00, 0x44, 0x03,
    0x03, 0x04, 0x00, 0x00, 0x01, 0x00, 0x00, 0x00, 0x00, 0x00, 0x00, 0x00, 0x01, 0x01, 0x42, 0x00,
    0x03, 0x02, 0x00, 0x00, 0x00, 0x00, 0x00, 0x00, 0x00, 0x00, 0x00, 0x00, 0x01, 0x00, 0x44, 0x10,
    0x03, 0x00, 0x00, 0x00, 0x0f, 0x00, 0x00, 0x00, 0x0f, 0x00, 0x00, 0x00, 0x00, 0x00, 0x00, 0x00,
    0x00, 0x00, 0x00, 0x00, 0x00, 0x00, 0x00, 0x00, 0x00, 0x00, 0x00, 0x00, 0x00, 0x00, 0x00, 0x00,
    0x00, 0x00, 0x00, 0x00, 0x53, 0x54, 0x41, 0x54, 0xbc, 0x06, 0x00, 0x00, 0x60, 0x00, 0x00, 0x00,
    0xaf, 0x01, 0x00, 0x00, 0x44, 0x58, 0x49, 0x4c, 0x00, 0x01, 0x00, 0x00, 0x10, 0x00, 0x00, 0x00,
    0xa4, 0x06, 0x00, 0x00, 0x42, 0x43, 0xc0, 0xde, 0x21, 0x0c, 0x00, 0x00, 0xa6, 0x01, 0x00, 0x00,
    0x0b, 0x82, 0x20, 0x00, 0x02, 0x00, 0x00, 0x00, 0x13, 0x00, 0x00, 0x00, 0x07, 0x81, 0x23, 0x91,
    0x41, 0xc8, 0x04, 0x49, 0x06, 0x10, 0x32, 0x39, 0x92, 0x01, 0x84, 0x0c, 0x25, 0x05, 0x08, 0x19,
    0x1e, 0x04, 0x8b, 0x62, 0x80, 0x14, 0x45, 0x02, 0x42, 0x92, 0x0b, 0x42, 0xa4, 0x10, 0x32, 0x14,
    0x38, 0x08, 0x18, 0x4b, 0x0a, 0x32, 0x52, 0x88, 0x48, 0x90, 0x14, 0x20, 0x43, 0x46, 0x88, 0xa5,
    0x00, 0x19, 0x32, 0x42, 0xe4, 0x48, 0x0e, 0x90, 0x91, 0x22, 0xc4, 0x50, 0x41, 0x51, 0x81, 0x8c,
    0xe1, 0x83, 0xe5, 0x8a, 0x04, 0x29, 0x46, 0x06, 0x51, 0x18, 0x00, 0x00, 0x08, 0x00, 0x00, 0x00,
    0x1b, 0x8c, 0xe0, 0xff, 0xff, 0xff, 0xff, 0x07, 0x40, 0x02, 0xa8, 0x0d, 0x84, 0xf0, 0xff, 0xff,
    0xff, 0xff, 0x03, 0x20, 0x6d, 0x30, 0x86, 0xff, 0xff, 0xff, 0xff, 0x1f, 0x00, 0x09, 0xa8, 0x00,
    0x49, 0x18, 0x00, 0x00, 0x03, 0x00, 0x00, 0x00, 0x13, 0x82, 0x60, 0x42, 0x20, 0x4c, 0x08, 0x06,
    0x00, 0x00, 0x00, 0x00, 0x89, 0x20, 0x00, 0x00, 0x2d, 0x00, 0x00, 0x00, 0x32, 0x22, 0x48, 0x09,
    0x20, 0x64, 0x85, 0x04, 0x93, 0x22, 0xa4, 0x84, 0x04, 0x93, 0x22, 0xe3, 0x84, 0xa1, 0x90, 0x14,
    0x12, 0x4c, 0x8a, 0x8c, 0x0b, 0x84, 0xa4, 0x4c, 0x10, 0x64, 0x23, 0x00, 0x25, 0x00, 0x14, 0x66,
    0x00, 0xe6, 0x08, 0xc0, 0x60, 0x8e, 0x00, 0x29, 0xc6, 0x20, 0x84, 0x14, 0x42, 0xa6, 0x18, 0x80,
    0x10, 0x52, 0x06, 0xa1, 0x39, 0x82, 0xa0, 0x0c, 0x80, 0x28, 0x5a, 0x54, 0xee, 0x19, 0x2e, 0x7f,
    0xc2, 0x1e, 0x42, 0xf2, 0x43, 0xa0, 0x19, 0x16, 0x02, 0x05, 0xad, 0x18, 0x8e, 0x14, 0x42, 0x14,
    0xbd, 0x9b, 0x86, 0xcb, 0x9f, 0xb0, 0x87, 0x90, 0xfc, 0x95, 0x90, 0x56, 0x62, 0xf2, 0x91, 0xdb,
    0x46, 0x05, 0x21, 0x84, 0x90, 0x52, 0x44, 0xe2, 0x08, 0x21, 0x39, 0x10, 0x30, 0x13, 0x19, 0x8c,
    0x03, 0x3b, 0x84, 0xc3, 0x3c, 0xcc, 0x83, 0x1b, 0xcc, 0x02, 0x3d, 0xc8, 0x43, 0x3d, 0x8c, 0x03,
    0x3d, 0xd4, 0x83, 0x3c, 0x94, 0x03, 0x39, 0x88, 0x42, 0x3d, 0x98, 0x83, 0x39, 0x94, 0x83, 0x3c,
    0xf0, 0x41, 0x3d, 0xb8, 0xc3, 0x3c, 0xa4, 0xc3, 0x39, 0xb8, 0x43, 0x39, 0x90, 0x03, 0x18, 0xa4,
    0x83, 0x3b, 0xd0, 0x83, 0x1f, 0xa0, 0x80, 0x50, 0x4d, 0x04, 0x32, 0x47, 0x00, 0x0a, 0x00, 0x00,
    0x13, 0x14, 0x72, 0xc0, 0x87, 0x74, 0x60, 0x87, 0x36, 0x68, 0x87, 0x79, 0x68, 0x03, 0x72, 0xc0,
    0x87, 0x0d, 0xaf, 0x50, 0x0e, 0x6d, 0xd0, 0x0e, 0x7a, 0x50, 0x0e, 0x6d, 0x00, 0x0f, 0x7a, 0x30,
    0x07, 0x72, 0xa0, 0x07, 0x73, 0x20, 0x07, 0x6d, 0x90, 0x0e, 0x71, 0xa0, 0x07, 0x73, 0x20, 0x07,
    0x6d, 0x90, 0x0e, 0x78, 0xa0, 0x07, 0x73, 0x20, 0x07, 0x6d, 0x90, 0x0e, 0x71, 0x60, 0x07, 0x7a,
    0x30, 0x07, 0x72, 0xd0, 0x06, 0xe9, 0x30, 0x07, 0x72, 0xa0, 0x07, 0x73, 0x20, 0x07, 0x6d, 0x90,
    0x0e, 0x76, 0x40, 0x07, 0x7a, 0x60, 0x07, 0x74, 0xd0, 0x06, 0xe6, 0x10, 0x07, 0x76, 0xa0, 0x07,
    0x73, 0x20, 0x07, 0x6d, 0x60, 0x0e, 0x73, 0x20, 0x07, 0x7a, 0x30, 0x07, 0x72, 0xd0, 0x06, 0xe6,
    0x60, 0x07, 0x74, 0xa0, 0x07, 0x76, 0x40, 0x07, 0x6d, 0xe0, 0x0e, 0x78, 0xa0, 0x07, 0x71, 0x60,
    0x07, 0x7a, 0x30, 0x07, 0x72, 0xa0, 0x07, 0x76, 0x40, 0x07, 0x43, 0x9e, 0x00, 0x08, 0x00, 0x00,
    0x00, 0x00, 0x00, 0x00, 0x00, 0x00, 0x00, 0x86, 0x3c, 0x06, 0x10, 0x00, 0x01, 0x00, 0x00, 0x00,
    0x00, 0x00, 0x00, 0x00, 0x0c, 0x79, 0x10, 0x20, 0x00, 0x04, 0x00, 0x00, 0x00, 0x00, 0x00, 0x00,
    0x00, 0x18, 0xf2, 0x2c, 0x40, 0x00, 0x08, 0x00, 0x00, 0x00, 0x00, 0x00, 0x00, 0x00, 0x30, 0xe4,
    0x79, 0x80, 0x00, 0x18, 0x00, 0x00, 0x00, 0x00, 0x00, 0x00, 0x00, 0x60, 0xc8, 0x23, 0x01, 0x01,
    0x30, 0x00, 0x00, 0x00, 0x00, 0x00, 0x00, 0x00, 0x40, 0x16, 0x08, 0x00, 0x13, 0x00, 0x00, 0x00,
    0x32, 0x1e, 0x98, 0x18, 0x19, 0x11, 0x4c, 0x90, 0x8c, 0x09, 0x26, 0x47, 0xc6, 0x04, 0x43, 0x22,
    0x25, 0x30, 0x02, 0x50, 0x0c, 0x45, 0x50, 0x18, 0x85, 0x50, 0x06, 0xe5, 0x50, 0x0a, 0x33, 0x00,
    0xe5, 0x51, 0x16, 0x05, 0x51, 0xce, 0x03, 0x65, 0x56, 0x14, 0x45, 0x1c, 0x40, 0xa5, 0x24, 0xca,
    0xa0, 0x10, 0x46, 0x00, 0x8a, 0xa0, 0x40, 0x08, 0x17, 0x08, 0xd9, 0x19, 0x00, 0xba, 0x63, 0x21,
    0x06, 0xf1, 0x3c, 0x00, 0x00, 0x00, 0x54, 0x67, 0x00, 0x00, 0x00, 0x00, 0x79, 0x18, 0x00, 0x00,
    0x97, 0x00, 0x00, 0x00, 0x1a, 0x03, 0x4c, 0x90, 0x46, 0x02, 0x13, 0xc4, 0x8e, 0x0c, 0x6f, 0xec,
    0xed, 0x4d, 0x0c, 0x24, 0xc6, 0x25, 0xc7, 0x45, 0xc6, 0x06, 0x26, 0xc7, 0xa5, 0x06, 0x04, 0x05,
    0x26, 0x46, 0xcc, 0x46, 0x26, 0x8c, 0x8c, 0xe6, 0x26, 0x65, 0x43, 0x10, 0x4c, 0x10, 0x08, 0x63,
    0x82, 0x40, 0x1c, 0x1b, 0x84, 0x81, 0xd8, 0x20, 0x10, 0x04, 0x05, 0xb8, 0xb9, 0x09, 0x02, 0x81,
    0x6c, 0x18, 0x0e, 0x84, 0x98, 0x20, 0x58, 0x1e, 0x0f, 0xba, 0x34, 0xb6, 0x32, 0xb8, 0x34, 0xbc,
    0x09, 0x02, 0x91, 0x4c, 0x10, 0x08, 0x65, 0x82, 0x40, 0x2c, 0x1b, 0x84, 0xc1, 0xd9, 0x90, 0x10,
    0xca, 0xc2, 0x10, 0x43, 0x43, 0x3c, 0x44, 0xe8, 0xd2, 0xd8, 0xca, 0xc8, 0xc2, 0xe8, 0xc2, 0x36,
    0x24, 0x83, 0x12, 0x31, 0xc3, 0xd0, 0x10, 0xcf, 0x06, 0x01, 0x92, 0x36, 0x10, 0x13, 0x00, 0x00,
    0x13, 0x84, 0x0a, 0x0c, 0x18, 0xa0, 0x4d, 0x10, 0x08, 0x66, 0x82, 0x40, 0x34, 0x13, 0x04, 0xc2,
    0xd9, 0x60, 0x20, 0xd6, 0x45, 0x60, 0xd9, 0x04, 0x81, 0x78, 0x36, 0x08, 0xc4, 0xb6, 0x21, 0xe0,
    0x36, 0x08, 0x44, 0xb7, 0x61, 0x70, 0x34, 0x6f, 0xc3, 0x40, 0x54, 0xdf, 0x04, 0x41, 0x00, 0x36,
    0x00, 0x1b, 0x06, 0x42, 0x0c, 0xc4, 0x60, 0x43, 0x30, 0x06, 0x1b, 0x86, 0x21, 0x0c, 0xc8, 0x60,
    0x82, 0x70, 0x7d, 0x1b, 0x02, 0x33, 0xa0, 0x03, 0x37, 0xf7, 0x45, 0x97, 0xc6, 0x56, 0x36, 0xf7,
    0x65, 0x26, 0xf7, 0xe6, 0x46, 0xc7, 0x65, 0xca, 0xea, 0x0b, 0xea, 0x6d, 0x2e, 0x8d, 0x2e, 0xed,
    0xcd, 0x6d, 0x82, 0x50, 0x5c, 0x13, 0x84, 0x02, 0xdb, 0x10, 0x10, 0x13, 0x84, 0x22, 0x9b, 0x20,
    0x14, 0xda, 0x06, 0xe1, 0xba, 0x36, 0x2c, 0x44, 0x1a, 0xa8, 0xc1, 0x1a, 0xb0, 0x41, 0x1b, 0x0c,
    0x6d, 0x40, 0xb8, 0xc1, 0x1b, 0x10, 0xa1, 0x2a, 0xc2, 0x1a, 0x7a, 0x7a, 0x92, 0x22, 0x9a, 0x20,
    0x14, 0xdb, 0x86, 0x65, 0x88, 0x03, 0x35, 0x70, 0x03, 0x36, 0x90, 0x83, 0x41, 0x0e, 0x06, 0x37,
    0x00, 0x36, 0x08, 0x70, 0x30, 0x07, 0x4c, 0xa6, 0xac, 0xbe, 0xa8, 0xc2, 0xe4, 0xce, 0xca, 0xe8,
    0x26, 0x08, 0x05, 0x37, 0x41, 0x20, 0xa0, 0x0d, 0xc2, 0x75, 0x07, 0x1b, 0x16, 0xa2, 0x0e, 0xd4,
    0xc0, 0x0e, 0xd8, 0xc0, 0x0d, 0x86, 0x36, 0x20, 0xdc, 0x00, 0x0f, 0x36, 0x04, 0x79, 0xb0, 0x61,
    0xa0, 0x03, 0x3d, 0x00, 0x26, 0x08, 0x58, 0xb7, 0x41, 0x20, 0xf8, 0x60, 0x43, 0x11, 0x06, 0x68,
    0xb0, 0x07, 0x54, 0x1f, 0x10, 0x11, 0x93, 0x0b, 0x73, 0x1b, 0x43, 0x2b, 0x9b, 0x9b, 0x20, 0x10,
    0x11, 0x0d, 0x33, 0xb6, 0xb7, 0x30, 0xba, 0xb9, 0x09, 0x02, 0x21, 0xb1, 0x48, 0x73, 0x9b, 0xa3,
    0x9b, 0x9b, 0x20, 0x10, 0x13, 0x89, 0x34, 0x37, 0xba, 0xb9, 0x09, 0x02, 0x41, 0xd1, 0x98, 0x4b,
    0x3b, 0xfb, 0x62, 0x23, 0xa3, 0x31, 0x97, 0x76, 0xf6, 0x35, 0x47, 0x47, 0x84, 0xae, 0x0c, 0xef,
    0x8b, 0xed, 0x2d, 0x8c, 0x6c, 0x82, 0x40, 0x54, 0x2c, 0xea, 0xd2, 0xdc, 0xe8, 0xe6, 0x26, 0x08,
    0x84, 0xb5, 0x01, 0xfa, 0x03, 0x50, 0x08, 0x05, 0x51, 0x18, 0x05, 0x52, 0x28, 0x05, 0x53, 0x38,
    0x05, 0x06, 0x15, 0x9c, 0x54, 0x50, 0x85, 0x55, 0x60, 0x85, 0x2a, 0x6c, 0x6c, 0x76, 0x6d, 0x2e,
    0x69, 0x64, 0x65, 0x6e, 0x74, 0x53, 0x82, 0xa0, 0x0a, 0x19, 0x9e, 0x8b, 0x5d, 0x99, 0xdc, 0x5c,
    0xda, 0x9b, 0xdb, 0x94, 0x80, 0x68, 0x42, 0x86, 0xe7, 0x62, 0x17, 0xc6, 0x66, 0x57, 0x26, 0x37,
    0x25, 0x28, 0xea, 0x90, 0xe1, 0xb9, 0xcc, 0xa1, 0x85, 0x91, 0x95, 0xc9, 0x35, 0xbd, 0x91, 0x95,
    0xb1, 0x4d, 0x09, 0x90, 0x32, 0x64, 0x78, 0x2e, 0x72, 0x65, 0x73, 0x6f, 0x75, 0x72, 0x63, 0x65,
    0x73, 0x53, 0x82, 0xa9, 0x12, 0x19, 0x9e, 0x0b, 0x5d, 0x1e, 0x5c, 0x59, 0x90, 0x9b, 0xdb, 0x1b,
    0x5d, 0x18, 0x5d, 0xda, 0x9b, 0xdb, 0xdc, 0x14, 0xe1, 0x23, 0x83, 0x3a, 0x64, 0x78, 0x2e, 0x76,
    0x69, 0x65, 0x77, 0x49, 0x64, 0x53, 0x74, 0x61, 0x74, 0x65, 0x53, 0x02, 0x33, 0xa8, 0x43, 0x86,
    0xe7, 0x52, 0xe6, 0x46, 0x27, 0x97, 0x07, 0xf5, 0x96, 0xe6, 0x46, 0x37, 0x37, 0x25, 0xe8, 0x83,
    0x2e, 0x64, 0x78, 0x2e, 0x63, 0x6f, 0x75, 0x6e, 0x74, 0x65, 0x72, 0x73, 0x53, 0x02, 0x56, 0x00,
    0x79, 0x18, 0x00, 0x00, 0x51, 0x00, 0x00, 0x00, 0x33, 0x08, 0x80, 0x1c, 0xc4, 0xe1, 0x1c, 0x66,
    0x14, 0x01, 0x3d, 0x88, 0x43, 0x38, 0x84, 0xc3, 0x8c, 0x42, 0x80, 0x07, 0x79, 0x78, 0x07, 0x73,
    0x98, 0x71, 0x0c, 0xe6, 0x00, 0x0f, 0xed, 0x10, 0x0e, 0xf4, 0x80, 0x0e, 0x33, 0x0c, 0x42, 0x1e,
    0xc2, 0xc1, 0x1d, 0xce, 0xa1, 0x1c, 0x66, 0x30, 0x05, 0x3d, 0x88, 0x43, 0x38, 0x84, 0x83, 0x1b,
    0xcc, 0x03, 0x3d, 0xc8, 0x43, 0x3d, 0x8c, 0x03, 0x3d, 0xcc, 0x78, 0x8c, 0x74, 0x70, 0x07, 0x7b,
    0x08, 0x07, 0x79, 0x48, 0x87, 0x70, 0x70, 0x07, 0x7a, 0x70, 0x03, 0x76, 0x78, 0x87, 0x70, 0x20,
    0x87, 0x19, 0xcc, 0x11, 0x0e, 0xec, 0x90, 0x0e, 0xe1, 0x30, 0x0f, 0x6e, 0x30, 0x0f, 0xe3, 0xf0,
    0x0e, 0xf0, 0x50, 0x0e, 0x33, 0x10, 0xc4, 0x1d, 0xde, 0x21, 0x1c, 0xd8, 0x21, 0x1d, 0xc2, 0x61,
    0x1e, 0x66, 0x30, 0x89, 0x3b, 0xbc, 0x83, 0x3b, 0xd0, 0x43, 0x39, 0xb4, 0x03, 0x3c, 0xbc, 0x83,
    0x3c, 0x84, 0x03, 0x3b, 0xcc, 0xf0, 0x14, 0x76, 0x60, 0x07, 0x7b, 0x68, 0x07, 0x37, 0x68, 0x87,
    0x72, 0x68, 0x07, 0x37, 0x80, 0x87, 0x70, 0x90, 0x87, 0x70, 0x60, 0x07, 0x76, 0x28, 0x07, 0x76,
    0xf8, 0x05, 0x76, 0x78, 0x87, 0x77, 0x80, 0x87, 0x5f, 0x08, 0x87, 0x71, 0x18, 0x87, 0x72, 0x98,
    0x87, 0x79, 0x98, 0x81, 0x2c, 0xee, 0xf0, 0x0e, 0xee, 0xe0, 0x0e, 0xf5, 0xc0, 0x0e, 0xec, 0x30,
    0x03, 0x62, 0xc8, 0xa1, 0x1c, 0xe4, 0xa1, 0x1c, 0xcc, 0xa1, 0x1c, 0xe4, 0xa1, 0x1c, 0xdc, 0x61,
    0x1c, 0xca, 0x21, 0x1c, 0xc4, 0x81, 0x1d, 0xca, 0x61, 0x06, 0xd6, 0x90, 0x43, 0x39, 0xc8, 0x43,
    0x39, 0x98, 0x43, 0x39, 0xc8, 0x43, 0x39, 0xb8, 0xc3, 0x38, 0x94, 0x43, 0x38, 0x88, 0x03, 0x3b,
    0x94, 0xc3, 0x2f, 0xbc, 0x83, 0x3c, 0xfc, 0x82, 0x3b, 0xd4, 0x03, 0x3b, 0xb0, 0xc3, 0x0c, 0xc4,
    0x21, 0x07, 0x7c, 0x70, 0x03, 0x7a, 0x28, 0x87, 0x76, 0x80, 0x87, 0x19, 0xd1, 0x43, 0x0e, 0xf8,
    0xe0, 0x06, 0xe4, 0x20, 0x0e, 0xe7, 0xe0, 0x06, 0xf6, 0x10, 0x0e, 0xf2, 0xc0, 0x0e, 0xe1, 0x90,
    0x0f, 0xef, 0x50, 0x0f, 0xf4, 0x30, 0x83, 0x81, 0xc8, 0x01, 0x1f, 0xdc, 0x40, 0x1c, 0xe4, 0xa1,
    0x1c, 0xc2, 0x61, 0x1d, 0xdc, 0x40, 0x1c, 0xe4, 0x01, 0x00, 0x00, 0x00, 0x71, 0x20, 0x00, 0x00,
    0x18, 0x00, 0x00, 0x00, 0x56, 0x40, 0x0d, 0x97, 0xef, 0x3c, 0x7e, 0x40, 0x15, 0x05, 0x11, 0x95,
    0x0e, 0x30, 0xf8, 0xc8, 0x6d, 0x1b, 0x81, 0x34, 0x5c, 0xbe, 0xf3, 0xf8, 0x42, 0x44, 0x00, 0x13,
    0x11, 0x02, 0xcd, 0xb0, 0x10, 0x36, 0xd0, 0x0c, 0x97, 0xef, 0x3c, 0xfe, 0x80, 0x48, 0x02, 0x10,
    0x0d, 0x16, 0x30, 0x0d, 0x97, 0xef, 0x3c, 0xfe, 0xe2, 0x00, 0x83, 0xd8, 0x3c, 0xd4, 0xe4, 0x17,
    0xb7, 0x6d, 0x02, 0xd5, 0x70, 0xf9, 0xce, 0xe3, 0x4b, 0x93, 0x13, 0x11, 0x28, 0x35, 0x3d, 0xd4,
    0xe4, 0x17, 0xb7, 0x6d, 0x00, 0xce, 0x23, 0xfd, 0x13, 0xb2, 0x10, 0xd2, 0x5f, 0x44, 0x4e, 0x33,
    0x01, 0x00, 0x00, 0x00, 0x00, 0x00, 0x00, 0x00, 0x48, 0x41, 0x53, 0x48, 0x14, 0x00, 0x00, 0x00,
    0x00, 0x00, 0x00, 0x00, 0xbf, 0x3b, 0xc0, 0xbc, 0xed, 0xfd, 0xb5, 0xd2, 0x73, 0xfd, 0xac, 0x18,
    0x4b, 0x9f, 0x1d, 0xbd, 0x44, 0x58, 0x49, 0x4c, 0x98, 0x0a, 0x00, 0x00, 0x60, 0x00, 0x00, 0x00,
    0xa6, 0x02, 0x00, 0x00, 0x44, 0x58, 0x49, 0x4c, 0x00, 0x01, 0x00, 0x00, 0x10, 0x00, 0x00, 0x00,
    0x80, 0x0a, 0x00, 0x00, 0x42, 0x43, 0xc0, 0xde, 0x21, 0x0c, 0x00, 0x00, 0x9d, 0x02, 0x00, 0x00,
    0x0b, 0x82, 0x20, 0x00, 0x02, 0x00, 0x00, 0x00, 0x13, 0x00, 0x00, 0x00, 0x07, 0x81, 0x23, 0x91,
    0x41, 0xc8, 0x04, 0x49, 0x06, 0x10, 0x32, 0x39, 0x92, 0x01, 0x84, 0x0c, 0x25, 0x05, 0x08, 0x19,
    0x1e, 0x04, 0x8b, 0x62, 0x80, 0x14, 0x45, 0x02, 0x42, 0x92, 0x0b, 0x42, 0xa4, 0x10, 0x32, 0x14,
    0x38, 0x08, 0x18, 0x4b, 0x0a, 0x32, 0x52, 0x88, 0x48, 0x90, 0x14, 0x20, 0x43, 0x46, 0x88, 0xa5,
    0x00, 0x19, 0x32, 0x42, 0xe4, 0x48, 0x0e, 0x90, 0x91, 0x22, 0xc4, 0x50, 0x41, 0x51, 0x81, 0x8c,
    0xe1, 0x83, 0xe5, 0x8a, 0x04, 0x29, 0x46, 0x06, 0x51, 0x18, 0x00, 0x00, 0x08, 0x00, 0x00, 0x00,
    0x1b, 0x8c, 0xe0, 0xff, 0xff, 0xff, 0xff, 0x07, 0x40, 0x02, 0xa8, 0x0d, 0x84, 0xf0, 0xff, 0xff,
    0xff, 0xff, 0x03, 0x20, 0x6d, 0x30, 0x86, 0xff, 0xff, 0xff, 0xff, 0x1f, 0x00, 0x09, 0xa8, 0x00,
    0x49, 0x18, 0x00, 0x00, 0x03, 0x00, 0x00, 0x00, 0x13, 0x82, 0x60, 0x42, 0x20, 0x4c, 0x08, 0x06,
    0x00, 0x00, 0x00, 0x00, 0x89, 0x20, 0x00, 0x00, 0x2e, 0x00, 0x00, 0x00, 0x32, 0x22, 0x48, 0x09,
    0x20, 0x64, 0x85, 0x04, 0x93, 0x22, 0xa4, 0x84, 0x04, 0x93, 0x22, 0xe3, 0x84, 0xa1, 0x90, 0x14,
    0x12, 0x4c, 0x8a, 0x8c, 0x0b, 0x84, 0xa4, 0x4c, 0x10, 0x68, 0x23, 0x00, 0x25, 0x00, 0x14, 0x66,
    0x00, 0xe6, 0x08, 0xc0, 0x60, 0x8e, 0x00, 0x29, 0xc6, 0x20, 0x84, 0x14, 0x42, 0xa6, 0x18, 0x80,
    0x10, 0x52, 0x06, 0xa1, 0x39, 0x82, 0xa0, 0x0c, 0x80, 0x28, 0x5a, 0x54, 0xee, 0x19, 0x2e, 0x7f,
    0xc2, 0x1e, 0x42, 0xf2, 0x43, 0xa0, 0x19, 0x16, 0x02, 0x05, 0xad, 0x18, 0x8e, 0x14, 0x42, 0x14,
    0xbd, 0x9b, 0x86, 0xcb, 0x9f, 0xb0, 0x87, 0x90, 0xfc, 0x95, 0x90, 0x56, 0x62, 0xf2, 0x91, 0xdb,
    0x46, 0x05, 0x21, 0x84, 0x90, 0x52, 0x44, 0xe2, 0x08, 0x21, 0x39, 0x10, 0x30, 0x13, 0x19, 0x8c,
    0x03, 0x3b, 0x84, 0xc3, 0x3c, 0xcc, 0x83, 0x1b, 0xcc, 0x02, 0x3d, 0xc8, 0x43, 0x3d, 0x8c, 0x03,
    0x3d, 0xd4, 0x83, 0x3c, 0x94, 0x03, 0x39, 0x88, 0x42, 0x3d, 0x98, 0x83, 0x39, 0x94, 0x83, 0x3c,
    0xf0, 0x41, 0x3d, 0xb8, 0xc3, 0x3c, 0xa4, 0xc3, 0x39, 0xb8, 0x43, 0x39, 0x90, 0x03, 0x18, 0xa4,
    0x83, 0x3b, 0xd0, 0x83, 0x1f, 0xa0, 0x80, 0x50, 0x4d, 0x04, 0x32, 0x47, 0x00, 0x0a, 0x53, 0x00,
    0x00, 0x00, 0x00, 0x00, 0x13, 0x14, 0x72, 0xc0, 0x87, 0x74, 0x60, 0x87, 0x36, 0x68, 0x87, 0x79,
    0x68, 0x03, 0x72, 0xc0, 0x87, 0x0d, 0xaf, 0x50, 0x0e, 0x6d, 0xd0, 0x0e, 0x7a, 0x50, 0x0e, 0x6d,
    0x00, 0x0f, 0x7a, 0x30, 0x07, 0x72, 0xa0, 0x07, 0x73, 0x20, 0x07, 0x6d, 0x90, 0x0e, 0x71, 0xa0,
    0x07, 0x73, 0x20, 0x07, 0x6d, 0x90, 0x0e, 0x78, 0xa0, 0x07, 0x73, 0x20, 0x07, 0x6d, 0x90, 0x0e,
    0x71, 0x60, 0x07, 0x7a, 0x30, 0x07, 0x72, 0xd0, 0x06, 0xe9, 0x30, 0x07, 0x72, 0xa0, 0x07, 0x73,
    0x20, 0x07, 0x6d, 0x90, 0x0e, 0x76, 0x40, 0x07, 0x7a, 0x60, 0x07, 0x74, 0xd0, 0x06, 0xe6, 0x10,
    0x07, 0x76, 0xa0, 0x07, 0x73, 0x20, 0x07, 0x6d, 0x60, 0x0e, 0x73, 0x20, 0x07, 0x7a, 0x30, 0x07,
    0x72, 0xd0, 0x06, 0xe6, 0x60, 0x07, 0x74, 0xa0, 0x07, 0x76, 0x40, 0x07, 0x6d, 0xe0, 0x0e, 0x78,
    0xa0, 0x07, 0x71, 0x60, 0x07, 0x7a, 0x30, 0x07, 0x72, 0xa0, 0x07, 0x76, 0x40, 0x07, 0x43, 0x9e,
    0x00, 0x00, 0x00, 0x00, 0x00, 0x00, 0x00, 0x00, 0x00, 0x00, 0x00, 0x86, 0x3c, 0x06, 0x10, 0x00,
    0x01, 0x00, 0x00, 0x00, 0x00, 0x00, 0x00, 0x00, 0x0c, 0x79, 0x10, 0x20, 0x00, 0x04, 0x00, 0x00,
    0x00, 0x00, 0x00, 0x00, 0x00, 0x18, 0xf2, 0x2c, 0x40, 0x00, 0x08, 0x00, 0x00, 0x00, 0x00, 0x00,
    0x00, 0x00, 0x30, 0xe4, 0x79, 0x80, 0x00, 0x18, 0x00, 0x00, 0x00, 0x00, 0x00, 0x00, 0x00, 0x60,
    0xc8, 0x23, 0x01, 0x01, 0x30, 0x00, 0x00, 0x00, 0x00, 0x00, 0x00, 0x00, 0x40, 0x16, 0x08, 0x00,
    0x0e, 0x00, 0x00, 0x00, 0x32, 0x1e, 0x98, 0x14, 0x19, 0x11, 0x4c, 0x90, 0x8c, 0x09, 0x26, 0x47,
    0xc6, 0x04, 0x43, 0x22, 0x25, 0x30, 0x02, 0x50, 0x12, 0xc5, 0x50, 0x04, 0x85, 0x51, 0x08, 0x65,
    0x50, 0x1e, 0x54, 0x4a, 0xa2, 0x0c, 0x0a, 0x61, 0x04, 0xa0, 0x08, 0x0a, 0x84, 0x70, 0x81, 0xd0,
    0x1d, 0x0b, 0x31, 0x88, 0xe7, 0x01, 0x00, 0x00, 0x20, 0x3b, 0x03, 0x00, 0x79, 0x18, 0x00, 0x00,
    0x5f, 0x00, 0x00, 0x00, 0x1a, 0x03, 0x4c, 0x90, 0x46, 0x02, 0x13, 0xc4, 0x8e, 0x0c, 0x6f, 0xec,
    0xed, 0x4d, 0x0c, 0x24, 0xc6, 0x25, 0xc7, 0x45, 0xc6, 0x06, 0x26, 0xc7, 0xa5, 0x06, 0x04, 0x05,
    0x26, 0x46, 0xcc, 0x46, 0x26, 0x8c, 0x8c, 0xe6, 0x26, 0x65, 0x43, 0x10, 0x4c, 0x10, 0x08, 0x63,
    0x82, 0x40, 0x1c, 0x1b, 0x84, 0x81, 0x98, 0x20, 0x10, 0xc8, 0x06, 0x61, 0x30, 0x28, 0xc0, 0xcd,
    0x4d, 0x10, 0x88, 0x64, 0xc3, 0x80, 0x24, 0xc4, 0x04, 0xc1, 0xba, 0x08, 0x4c, 0x10, 0x08, 0x65,
    0x82, 0x40, 0x2c, 0x13, 0x04, 0x82, 0xd9, 0x20, 0x0c, 0xcf, 0x86, 0x84, 0x58, 0x98, 0x86, 0x18,
    0x1c, 0x02, 0xda, 0x90, 0x0c, 0x0b, 0xd3, 0x0c, 0x83, 0x43, 0x40, 0x1b, 0x84, 0x48, 0xda, 0x40,
    0x4c, 0x00, 0x00, 0x4c, 0x10, 0x2e, 0x6b, 0x43, 0x50, 0x4d, 0x10, 0x04, 0x80, 0x0e, 0xdc, 0xdc,
    0x17, 0x5d, 0x1a, 0x5b, 0xd9, 0xdc, 0x97, 0x99, 0xdc, 0x9b, 0x1b, 0x1d, 0x97, 0x29, 0xab, 0x2f,
    0xa8, 0xb7, 0xb9, 0x34, 0xba, 0xb4, 0x37, 0xb7, 0x09, 0x42, 0xf1, 0x4c, 0x10, 0x0a, 0x68, 0x43,
    0x40, 0x4c, 0x10, 0x8a, 0x68, 0x82, 0x50, 0x48, 0x13, 0x04, 0xa2, 0xd9, 0x20, 0x7c, 0xdf, 0x86,
    0x85, 0xc8, 0xb4, 0x8d, 0xeb, 0x86, 0x8e, 0xf0, 0xc0, 0x80, 0x08, 0x55, 0x11, 0xd6, 0xd0, 0xd3,
    0x93, 0x14, 0xd1, 0x04, 0xa1, 0x98, 0x36, 0x2c, 0x83, 0x18, 0x68, 0x1e, 0x37, 0x06, 0xc3, 0x18,
    0x0c, 0x1e, 0xb0, 0x41, 0x08, 0x03, 0x32, 0x60, 0x32, 0x65, 0xf5, 0x45, 0x15, 0x26, 0x77, 0x56,
    0x46, 0x37, 0x41, 0x28, 0xa8, 0x09, 0x02, 0xe1, 0x6c, 0x10, 0x3e, 0x34, 0xd8, 0xb0, 0x10, 0x66,
    0xa0, 0x9d, 0x01, 0xe7, 0x0d, 0x1d, 0xe1, 0xa5, 0xc1, 0x86, 0x40, 0x0d, 0x36, 0x0c, 0x65, 0xb0,
    0x06, 0xc0, 0x04, 0x01, 0xab, 0x36, 0x08, 0x44, 0x1b, 0x6c, 0x28, 0x2e, 0x8c, 0x0d, 0x28, 0x37,
    0xa8, 0xc2, 0xc6, 0x66, 0xd7, 0xe6, 0x92, 0x46, 0x56, 0xe6, 0x46, 0x37, 0x25, 0x08, 0xaa, 0x90,
    0xe1, 0xb9, 0xd8, 0x95, 0xc9, 0xcd, 0xa5, 0xbd, 0xb9, 0x4d, 0x09, 0x88, 0x26, 0x64, 0x78, 0x2e,
    0x76, 0x61, 0x6c, 0x76, 0x65, 0x72, 0x53, 0x02, 0xa3, 0x0e, 0x19, 0x9e, 0xcb, 0x1c, 0x5a, 0x18,
    0x59, 0x99, 0x5c, 0xd3, 0x1b, 0x59, 0x19, 0xdb, 0x94, 0x20, 0x29, 0x43, 0x86, 0xe7, 0x22, 0x57,
    0x36, 0xf7, 0x56, 0x27, 0x37, 0x56, 0x36, 0x37, 0x25, 0x98, 0xea, 0x90, 0xe1, 0xb9, 0xd8, 0xa5,
    0x95, 0xdd, 0x25, 0x91, 0x4d, 0xd1, 0x85, 0xd1, 0x95, 0x4d, 0x09, 0xaa, 0x3a, 0x64, 0x78, 0x2e,
    0x65, 0x6e, 0x74, 0x72, 0x79, 0x50, 0x6f, 0x69, 0x6e, 0x74, 0x73, 0x53, 0x02, 0x37, 0x00, 0x00,
    0x79, 0x18, 0x00, 0x00, 0x51, 0x00, 0x00, 0x00, 0x33, 0x08, 0x80, 0x1c, 0xc4, 0xe1, 0x1c, 0x66,
    0x14, 0x01, 0x3d, 0x88, 0x43, 0x38, 0x84, 0xc3, 0x8c, 0x42, 0x80, 0x07, 0x79, 0x78, 0x07, 0x73,
    0x98, 0x71, 0x0c, 0xe6, 0x00, 0x0f, 0xed, 0x10, 0x0e, 0xf4, 0x80, 0x0e, 0x33, 0x0c, 0x42, 0x1e,
    0xc2, 0xc1, 0x1d, 0xce, 0xa1, 0x1c, 0x66, 0x30, 0x05, 0x3d, 0x88, 0x43, 0x38, 0x84, 0x83, 0x1b,
    0xcc, 0x03, 0x3d, 0xc8, 0x43, 0x3d, 0x8c, 0x03, 0x3d, 0xcc, 0x78, 0x8c, 0x74, 0x70, 0x07, 0x7b,
    0x08, 0x07, 0x79, 0x48, 0x87, 0x70, 0x70, 0x07, 0x7a, 0x70, 0x03, 0x76, 0x78, 0x87, 0x70, 0x20,
    0x87, 0x19, 0xcc, 0x11, 0x0e, 0xec, 0x90, 0x0e, 0xe1, 0x30, 0x0f, 0x6e, 0x30, 0x0f, 0xe3, 0xf0,
    0x0e, 0xf0, 0x50, 0x0e, 0x33, 0x10, 0xc4, 0x1d, 0xde, 0x21, 0x1c, 0xd8, 0x21, 0x1d, 0xc2, 0x61,
    0x1e, 0x66, 0x30, 0x89, 0x3b, 0xbc, 0x83, 0x3b, 0xd0, 0x43, 0x39, 0xb4, 0x03, 0x3c, 0xbc, 0x83,
    0x3c, 0x84, 0x03, 0x3b, 0xcc, 0xf0, 0x14, 0x76, 0x60, 0x07, 0x7b, 0x68, 0x07, 0x37, 0x68, 0x87,
    0x72, 0x68, 0x07, 0x37, 0x80, 0x87, 0x70, 0x90, 0x87, 0x70, 0x60, 0x07, 0x76, 0x28, 0x07, 0x76,
    0xf8, 0x05, 0x76, 0x78, 0x87, 0x77, 0x80, 0x87, 0x5f, 0x08, 0x87, 0x71, 0x18, 0x87, 0x72, 0x98,
    0x87, 0x79, 0x98, 0x81, 0x2c, 0xee, 0xf0, 0x0e, 0xee, 0xe0, 0x0e, 0xf5, 0xc0, 0x0e, 0xec, 0x30,
    0x03, 0x62, 0xc8, 0xa1, 0x1c, 0xe4, 0xa1, 0x1c, 0xcc, 0xa1, 0x1c, 0xe4, 0xa1, 0x1c, 0xdc, 0x61,
    0x1c, 0xca, 0x21, 0x1c, 0xc4, 0x81, 0x1d, 0xca, 0x61, 0x06, 0xd6, 0x90, 0x43, 0x39, 0xc8, 0x43,
    0x39, 0x98, 0x43, 0x39, 0xc8, 0x43, 0x39, 0xb8, 0xc3, 0x38, 0x94, 0x43, 0x38, 0x88, 0x03, 0x3b,
    0x94, 0xc3, 0x2f, 0xbc, 0x83, 0x3c, 0xfc, 0x82, 0x3b, 0xd4, 0x03, 0x3b, 0xb0, 0xc3, 0x0c, 0xc4,
    0x21, 0x07, 0x7c, 0x70, 0x03, 0x7a, 0x28, 0x87, 0x76, 0x80, 0x87, 0x19, 0xd1, 0x43, 0x0e, 0xf8,
    0xe0, 0x06, 0xe4, 0x20, 0x0e, 0xe7, 0xe0, 0x06, 0xf6, 0x10, 0x0e, 0xf2, 0xc0, 0x0e, 0xe1, 0x90,
    0x0f, 0xef, 0x50, 0x0f, 0xf4, 0x30, 0x83, 0x81, 0xc8, 0x01, 0x1f, 0xdc, 0x40, 0x1c, 0xe4, 0xa1,
    0x1c, 0xc2, 0x61, 0x1d, 0xdc, 0x40, 0x1c, 0xe4, 0x01, 0x00, 0x00, 0x00, 0x71, 0x20, 0x00, 0x00,
    0x18, 0x00, 0x00, 0x00, 0x56, 0x40, 0x0d, 0x97, 0xef, 0x3c, 0x7e, 0x40, 0x15, 0x05, 0x11, 0x95,
    0x0e, 0x30, 0xf8, 0xc8, 0x6d, 0x1b, 0x81, 0x34, 0x5c, 0xbe, 0xf3, 0xf8, 0x42, 0x44, 0x00, 0x13,
    0x11, 0x02, 0xcd, 0xb0, 0x10, 0x36, 0xd0, 0x0c, 0x97, 0xef, 0x3c, 0xfe, 0x80, 0x48, 0x02, 0x10,
    0x0d, 0x16, 0x30, 0x0d, 0x97, 0xef, 0x3c, 0xfe, 0xe2, 0x00, 0x83, 0xd8, 0x3c, 0xd4, 0xe4, 0x17,
    0xb7, 0x6d, 0x02, 0xd5, 0x70, 0xf9, 0xce, 0xe3, 0x4b, 0x93, 0x13, 0x11, 0x28, 0x35, 0x3d, 0xd4,
    0xe4, 0x17, 0xb7, 0x6d, 0x00, 0xce, 0x23, 0xfd, 0x13, 0xb2, 0x10, 0xd2, 0x5f, 0x44, 0x4e, 0x33,
    0x01, 0x00, 0x00, 0x00, 0x61, 0x20, 0x00, 0x00, 0x31, 0x01, 0x00, 0x00, 0x13, 0x04, 0x57, 0x2c,
    0x10, 0x00, 0x00, 0x00, 0x17, 0x00, 0x00, 0x00, 0xa4, 0x6a, 0x60, 0x04, 0x80, 0x4a, 0x09, 0x10,
    0x29, 0xc4, 0x80, 0x02, 0x29, 0xff, 0xff, 0x83, 0x02, 0x05, 0x2a, 0x40, 0x40, 0x82, 0x52, 0x28,
    0x40, 0xc0, 0x81, 0xf2, 0x3f, 0x28, 0xff, 0x81, 0x92, 0x9b, 0x01, 0x28, 0xd2, 0x80, 0x0a, 0x04,
    0x14, 0x28, 0x92, 0x02, 0xc4, 0xff, 0x28, 0xfe, 0x83, 0xf2, 0xff, 0x29, 0x9f, 0x82, 0x28, 0xef,
    0x83, 0x02, 0x04, 0x2a, 0x44, 0xa0, 0x42, 0x04, 0x16, 0x28, 0x40, 0xc0, 0x80, 0x1a, 0x28, 0x40,
    0x90, 0x72, 0xa0, 0x31, 0x46, 0x00, 0x82, 0x20, 0x88, 0x7f, 0x63, 0x04, 0x21, 0x09, 0x86, 0x78,
    0x37, 0x02, 0x00, 0x00, 0x23, 0x06, 0x09, 0x00, 0x82, 0x60, 0xf0, 0xd4, 0x41, 0x75, 0x06, 0x73,
    0x30, 0x07, 0x60, 0x30, 0x62, 0x90, 0x00, 0x20, 0x08, 0x06, 0x8f, 0x1d, 0x58, 0x68, 0x30, 0x07,
    0x73, 0x10, 0x06, 0x23, 0x06, 0x09, 0x00, 0x82, 0x60, 0x60, 0xe8, 0xc1, 0x1b, 0xd0, 0x01, 0x1d,
    0xa4, 0x81, 0x35, 0x62, 0x90, 0x00, 0x20, 0x08, 0x06, 0xc6, 0x1e, 0xc0, 0x41, 0x1d, 0xd4, 0x81,
    0x18, 0x5c, 0x27, 0x10, 0x1a, 0x31, 0x40, 0x00, 0x10, 0x04, 0x03, 0x29, 0x0f, 0xc6, 0xa0, 0xb8,
    0x83, 0x3b, 0x18, 0x4d, 0x08, 0x00, 0x1b, 0x82, 0x10, 0x5c, 0x41, 0x68, 0xb8, 0x41, 0xa0, 0xc4,
    0x60, 0x96, 0x21, 0x10, 0x82, 0x11, 0x03, 0x03, 0x00, 0x41, 0x30, 0x58, 0x40, 0xa1, 0x5b, 0x83,
    0x59, 0x02, 0x61, 0x96, 0x60, 0x18, 0xa8, 0x20, 0xea, 0x85, 0xd2, 0x07, 0xa1, 0x02, 0x3f, 0xc0,
    0x12, 0xfe, 0x40, 0x4d, 0xb8, 0x60, 0x50, 0x41, 0x28, 0xa0, 0x05, 0x6a, 0x00, 0x83, 0x11, 0x03,
    0x04, 0x00, 0x41, 0x30, 0x90, 0x48, 0xc1, 0x0d, 0xa0, 0x40, 0x14, 0x46, 0x13, 0x02, 0xa0, 0x8a,
    0x52, 0xd0, 0xe1, 0x86, 0xa0, 0x14, 0xc2, 0xa0, 0x86, 0x38, 0xc0, 0x22, 0xe2, 0x40, 0xa7, 0x1b,
    0x84, 0x60, 0x30, 0x06, 0x0c, 0x60, 0x50, 0xc1, 0x2a, 0xa0, 0x05, 0x74, 0x00, 0x83, 0x11, 0x03,
    0x04, 0x00, 0x41, 0x30, 0x90, 0x5c, 0x01, 0x0f, 0xb4, 0x80, 0x15, 0x46, 0x13, 0x02, 0xa0, 0x8a,
    0x57, 0xd0, 0xe1, 0x86, 0xe0, 0x15, 0xc2, 0xa0, 0x86, 0x3d, 0xc0, 0x22, 0xf6, 0x40, 0xa7, 0x1b,
    0x84, 0x60, 0x28, 0x0b, 0x16, 0xb4, 0x02, 0x35, 0x58, 0x0b, 0xea, 0x00, 0x04, 0x16, 0xdc, 0x02,
    0x06, 0x2a, 0x00, 0x85, 0x1d, 0x31, 0x40, 0x00, 0x10, 0x04, 0x03, 0x49, 0x17, 0x48, 0xc1, 0x0c,
    0x02, 0x5c, 0x18, 0x4d, 0x08, 0x80, 0x42, 0x44, 0x41, 0x87, 0x1b, 0x82, 0x5d, 0x00, 0x83, 0x59,
    0x06, 0x42, 0x0a, 0x6a, 0x10, 0x05, 0x1d, 0x6e, 0x08, 0x7a, 0x01, 0x0c, 0x66, 0x19, 0x9c, 0x22,
    0xa8, 0x30, 0xf8, 0x05, 0x1d, 0x6e, 0x08, 0x7e, 0x01, 0x0c, 0x66, 0x19, 0x0c, 0x29, 0xa8, 0xc3,
    0x14, 0xd4, 0xc2, 0xe1, 0x09, 0x41, 0x05, 0xa7, 0xa0, 0x25, 0x88, 0x03, 0x56, 0x50, 0x0e, 0x5a,
    0x01, 0x1a, 0x70, 0x05, 0xe7, 0xc0, 0xf5, 0xbd, 0x82, 0x0e, 0x37, 0x04, 0xe8, 0x00, 0x06, 0xc3,
    0x0d, 0x89, 0x1f, 0x80, 0xc1, 0x2c, 0x83, 0x72, 0x08, 0xd5, 0x06, 0xe9, 0x70, 0x15, 0xc4, 0x01,
    0x54, 0xd0, 0x0e, 0x68, 0x81, 0x2d, 0x40, 0x60, 0xc4, 0x00, 0x01, 0x40, 0x10, 0x0c, 0x24, 0x78,
    0xd0, 0x05, 0x3e, 0x08, 0xdc, 0x61, 0x34, 0x21, 0x00, 0xaa, 0x88, 0x07, 0x1d, 0x6e, 0x08, 0xe2,
    0x21, 0x0c, 0x6a, 0xe8, 0x05, 0x2c, 0xa2, 0x17, 0x74, 0xba, 0x41, 0x08, 0x86, 0x0a, 0x74, 0x41,
    0xcd, 0x1e, 0x82, 0x10, 0xcc, 0x32, 0x20, 0x89, 0x33, 0xdc, 0xd0, 0x07, 0xd5, 0x19, 0x4c, 0x37,
    0x4c, 0x52, 0x30, 0x4b, 0xd0, 0x54, 0x81, 0x0f, 0x58, 0xc1, 0x3e, 0xa8, 0x19, 0xaf, 0x00, 0x82,
    0xe1, 0x86, 0x51, 0x08, 0xd2, 0xe0, 0x02, 0x12, 0x45, 0x84, 0x02, 0x57, 0x20, 0xf0, 0x2c, 0x41,
    0x53, 0x78, 0x50, 0x0e, 0x6a, 0x21, 0x11, 0x84, 0x60, 0x96, 0x61, 0x61, 0xb2, 0xe1, 0x06, 0x54,
    0x00, 0x03, 0x34, 0x98, 0x6e, 0xe8, 0xbc, 0x60, 0x96, 0xa0, 0x29, 0x3e, 0x18, 0x09, 0xac, 0xc0,
    0x24, 0x74, 0xb8, 0xa1, 0x15, 0x0c, 0x34, 0xb8, 0x80, 0x44, 0x0d, 0xab, 0xc0, 0x15, 0x08, 0x3c,
    0x4b, 0xd0, 0x0c, 0x94, 0x10, 0x64, 0x80, 0x58, 0x89, 0xb3, 0x08, 0xcc, 0x40, 0x09, 0xa1, 0x06,
    0x88, 0x1a, 0x24, 0xd4, 0x42, 0x31, 0xa5, 0x07, 0xb2, 0x00, 0x26, 0xd0, 0x02, 0x08, 0x8a, 0x68,
    0x87, 0xab, 0xc1, 0x25, 0xae, 0x02, 0x77, 0xd0, 0x1a, 0x82, 0xad, 0xe2, 0x1d, 0xb4, 0x84, 0x60,
    0x2d, 0xa8, 0x09, 0x0c, 0x8c, 0x18, 0x20, 0x00, 0x08, 0x82, 0x81, 0x74, 0x13, 0x21, 0x21, 0x0e,
    0x41, 0x4d, 0x8c, 0x26, 0x04, 0x40, 0x29, 0x38, 0xa1, 0xc3, 0x0d, 0x01, 0x4e, 0x84, 0x41, 0x0d,
    0x24, 0x81, 0x45, 0x90, 0x84, 0x4e, 0x37, 0x08, 0xc1, 0x50, 0x41, 0x4d, 0xe0, 0x70, 0x43, 0xf0,
    0x0b, 0x61, 0x50, 0xc3, 0x4d, 0xe8, 0x70, 0x43, 0xf0, 0x13, 0x60, 0x50, 0x43, 0xb0, 0x65, 0xf4,
    0x83, 0x56, 0x31, 0x6c, 0x05, 0x32, 0xc1, 0xd3, 0x0d, 0x64, 0x31, 0x10, 0xb3, 0x04, 0x52, 0xa5,
    0x03, 0x59, 0x5c, 0x05, 0xf9, 0xa0, 0x15, 0xb4, 0xc4, 0x96, 0x3b, 0x94, 0xc5, 0x15, 0x3c, 0xec,
    0x43, 0x96, 0xa0, 0x12, 0x50, 0x81, 0x00, 0x55, 0x04, 0x50, 0x81, 0x5b, 0xa0, 0x05, 0x37, 0x01,
    0x81, 0x11, 0x03, 0x04, 0x00, 0x41, 0x30, 0x90, 0xe2, 0x62, 0x27, 0xfa, 0x21, 0x78, 0x8b, 0xd1,
    0x84, 0x00, 0x28, 0xc6, 0x80, 0x0a, 0xe6, 0x42, 0x87, 0x1b, 0x82, 0xb9, 0x08, 0x83, 0x22, 0x7e,
    0x02, 0xab, 0xf8, 0x09, 0x9d, 0x6e, 0x10, 0x82, 0xa1, 0xf4, 0x41, 0x26, 0xce, 0x82, 0x99, 0xc8,
    0x40, 0x0d, 0x01, 0x57, 0x48, 0xd0, 0x05, 0x56, 0x40, 0x17, 0x5a, 0x64, 0x11, 0x60, 0x11, 0x81,
    0x0e, 0x37, 0x04, 0x7e, 0x01, 0x06, 0xb3, 0x0c, 0x8f, 0x14, 0xd4, 0x3d, 0x9c, 0x85, 0x0e, 0x37,
    0x04, 0xa0, 0x01, 0x06, 0xb3, 0x0c, 0x11, 0x14, 0x14, 0x49, 0x80, 0xc6, 0x55, 0x80, 0x12, 0x50,
    0x01, 0x69, 0xa0, 0x05, 0x6d, 0x01, 0x81, 0x11, 0x03, 0x04, 0x00, 0x41, 0x30, 0x90, 0x4e, 0x23,
    0x2e, 0x66, 0x22, 0x28, 0x8d, 0xd1, 0x84, 0x00, 0xa8, 0x02, 0x35, 0x74, 0xb8, 0x21, 0x40, 0x8d,
    0x30, 0xa8, 0x81, 0x2e, 0xb0, 0x08, 0xba, 0xd0, 0xe9, 0x06, 0x21, 0x18, 0x66, 0x09, 0xa2, 0x81,
    0x0a, 0x42, 0x80, 0x50, 0xe4, 0xa9, 0x7d, 0x98, 0x09, 0xa8, 0x9a, 0x10, 0xa2, 0x64, 0xc2, 0x2d,
    0xae, 0x86, 0xd7, 0xb8, 0x0a, 0xde, 0x42, 0x2b, 0x18, 0xb6, 0x0a, 0xb8, 0xd0, 0x12, 0x82, 0xb5,
    0xc0, 0x36, 0x30, 0x30, 0x62, 0x80, 0x00, 0x20, 0x08, 0x06, 0x12, 0x6e, 0x88, 0xc6, 0x58, 0x04,
    0xb6, 0x31, 0x9a, 0x10, 0x00, 0xa5, 0xe4, 0x86, 0x0e, 0x37, 0x04, 0xb9, 0x11, 0x06, 0x35, 0x94,
    0x06, 0x16, 0x51, 0x1a, 0x3a, 0xdd, 0x20, 0x04, 0x43, 0x05, 0xb6, 0x81, 0xc3, 0x0d, 0x01, 0x58,
    0x84, 0x41, 0x0d, 0xb8, 0xa1, 0xc3, 0x0d, 0x01, 0x78, 0x80, 0x41, 0x0d, 0xc1, 0x96, 0xe1, 0x17,
    0x5a, 0xc5, 0xb0, 0x15, 0xcc, 0x06, 0x4f, 0x37, 0x94, 0xc7, 0x40, 0xcc, 0x12, 0x48, 0x03, 0x2d,
    0x0a, 0xda, 0x0c, 0x68, 0x53, 0xa0, 0x8d, 0x63, 0x12, 0x0d, 0x11, 0x0d, 0xb4, 0x10, 0xae, 0x33,
    0xb8, 0x4e, 0xe1, 0x3a, 0x8e, 0x49, 0x34, 0x44, 0x34, 0xcb, 0x30, 0x51, 0x42, 0x05, 0xb3, 0x01,
    0x23, 0x06, 0x08, 0x00, 0x82, 0x60, 0x20, 0xad, 0x47, 0x6d, 0xdc, 0x45, 0x90, 0x1e, 0xa3, 0x09,
    0x01, 0x50, 0x81, 0x6d, 0x60, 0x05, 0xb0, 0xa1, 0x17, 0x8c, 0x2a, 0x02, 0x35, 0xb0, 0x82, 0xd9,
    0xd0, 0x0b, 0x46, 0xd5, 0x51, 0x1b, 0x7a, 0xc1, 0x28, 0x33, 0x46, 0x43, 0x3e, 0x46, 0x90, 0x86,
    0x7c, 0x6c, 0x28, 0x0d, 0xf9, 0xcc, 0x12, 0x58, 0xa6, 0x17, 0xf3, 0x01, 0x83, 0xe1, 0x86, 0x20,
    0x36, 0xc8, 0x60, 0x96, 0x61, 0xa8, 0x82, 0x11, 0x03, 0x03, 0x00, 0x41, 0x30, 0x58, 0xf8, 0x23,
    0x37, 0xce, 0x63, 0x96, 0xc0, 0x1a, 0xa8, 0x18, 0x94, 0xc9, 0x65, 0xaa, 0x81, 0x8a, 0x41, 0x99,
    0x60, 0xa6, 0x1a, 0xa8, 0x18, 0x94, 0x49, 0x66, 0xaa, 0x81, 0x8a, 0x01, 0x67, 0x26, 0x9a, 0xa9,
    0x46, 0x0c, 0x12, 0x00, 0x04, 0xc1, 0x00, 0x09, 0x91, 0xf1, 0xe0, 0x0f, 0xfe, 0x88, 0x0f, 0x62,
    0xc4, 0x20, 0x01, 0x40, 0x10, 0x0c, 0x90, 0x10, 0x19, 0x0f, 0xfe, 0xe0, 0x8f, 0xf4, 0x18, 0x46,
    0x0c, 0x12, 0x00, 0x04, 0xc1, 0x00, 0x09, 0x91, 0xf1, 0xe0, 0x0f, 0xfe, 0x80, 0x0f, 0x61, 0xc4,
    0x20, 0x01, 0x40, 0x10, 0x0c, 0x90, 0x10, 0x19, 0x0f, 0xfe, 0xe0, 0x8f, 0xf9, 0x08, 0x10, 0x00,
    0x00, 0x00, 0x00, 0x00
};

static const char k_ps_tiles_front_msl[] =
    "#include <metal_stdlib>\n"
    "#include <simd/simd.h>\n"
    "\n"
    "using namespace metal;\n"
    "\n"
    "struct type_StructuredBuffer_uint\n"
    "{\n"
    "    uint _m0[1];\n"
    "};\n"
    "\n"
    "constant float4 _49 = {};\n"
    "\n"
    "struct main0_out\n"
    "{\n"
    "    float4 out_var_SV_Target [[color(0)]];\n"
    "};\n"
    "\n"
    "fragment main0_out main0(const device type_StructuredBuffer_uint& tilepix [[buffer(0)]], const device type_StructuredBuffer_uint& tiledata [[buffer(1)]], float4 gl_FragCoord [[position]])\n"
    "{\n"
    "    main0_out out = {};\n"
    "    float4 _362;\n"
    "    do\n"
    "    {\n"
    "        int _64 = int(gl_FragCoord.x) - int(tiledata._m0[0u]);\n"
    "        int _67 = int(gl_FragCoord.y);\n"
    "        bool _72;\n"
    "        if (_64 >= 0)\n"
    "        {\n"
    "            _72 = _64 >= 496;\n"
    "        }\n"
    "        else\n"
    "        {\n"
    "            _72 = true;\n"
    "        }\n"
    "        if (_72)\n"
    "        {\n"
    "            discard_fragment();\n"
    "        }\n"
    "        bool _363;\n"
    "        uint _76 = 1u;\n"
    "        for (;;)\n"
    "        {\n"
    "            if (_76 < 8u)\n"
    "            {\n"
    "                uint _345;\n"
    "                bool _346;\n"
    "                do\n"
    "                {\n"
    "                    uint _84 = _76 >> 1u;\n"
    "                    uint _85 = _76 & 1u;\n"
    "                    uint _88 = 4112u + ((_84 + 4096u) >> 1u);\n"
    "                    bool _92 = (_84 & 1u) != 0u;\n"
    "                    uint _98;\n"
    "                    if (_92)\n"
    "                    {\n"
    "                        _98 = tiledata._m0[_88] >> 16u;\n"
    "                    }\n"
    "                    else\n"
    "                    {\n"
    "                        _98 = tiledata._m0[_88] & 65535u;\n"
    "                    }\n"
    "                    uint _101 = 4112u + ((_84 + 4100u) >> 1u);\n"
    "                    uint _109;\n"
    "                    if (_92)\n"
    "                    {\n"
    "                        _109 = tiledata._m0[_101] >> 16u;\n"
    "                    }\n"
    "                    else\n"
    "                    {\n"
    "                        _109 = tiledata._m0[_101] & 65535u;\n"
    "                    }\n"
    "                    if ((_109 & 32768u) != 0u)\n"
    "                    {\n"
    "                        _345 = 0u;\n"
    "                        _346 = false;\n"
    "                        break;\n"
    "                    }\n"
    "                    uint _120 = tiledata._m0[4112u + (((_84 & 2u) + 4100u) >> 1u)] & 24576u;\n"
    "                    if (_120 != 0u)\n"
    "                    {\n"
    "                        if (_92)\n"
    "                        {\n"
    "                            _345 = 0u;\n"
    "                            _346 = false;\n"
    "                            break;\n"
    "                        }\n"
    "                        uint _126 = _120 >> 13u;\n"
    "                        uint _129 = 0u - _109;\n"
    "                        int _131 = int(_129 & 511u);\n"
    "                        uint _138;\n"
    "                        if ((_129 & 512u) != 0u)\n"
    "                        {\n"
    "                            _138 = _84;\n"
    "                        }\n"
    "                        else\n"
    "                        {\n"
    "                            _138 = _84 ^ 1u;\n"
    "                        }\n"
    "                        int _216;\n"
    "                        uint _217;\n"
    "                        if ((_98 & 32768u) != 0u)\n"
    "                        {\n"
    "                            uint _174 = (16384u + (512u * _84)) + uint(_67);\n"
    "                            uint _177 = 4112u + ((_174 - 16384u) >> 1u);\n"
    "                            uint _187;\n"
    "                            if ((_174 & 1u) != 0u)\n"
    "                            {\n"
    "                                _187 = tiledata._m0[_177] >> 16u;\n"
    "                            }\n"
    "                            else\n"
    "                            {\n"
    "                                _187 = tiledata._m0[_177] & 65535u;\n"
    "                            }\n"
    "                            int _189 = int(_187 & 511u);\n"
    "                            uint _215;\n"
    "                            if (_126 == 1u)\n"
    "                            {\n"
    "                                uint _214;\n"
    "                                if (_67 >= _131)\n"
    "                                {\n"
    "                                    _214 = _138 ^ 1u;\n"
    "                                }\n"
    "                                else\n"
    "                                {\n"
    "                                    _214 = _138;\n"
    "                                }\n"
    "                                _215 = _214;\n"
    "                            }\n"
    "                            else\n"
    "                            {\n"
    "                                uint _201;\n"
    "                                if ((_187 & 512u) != 0u)\n"
    "                                {\n"
    "                                    _201 = _84;\n"
    "                                }\n"
    "                                else\n"
    "                                {\n"
    "                                    _201 = _84 ^ 1u;\n"
    "                                }\n"
    "                                uint _208;\n"
    "                                if (_64 <= (_189 - 1))\n"
    "                                {\n"
    "                                    _208 = _201;\n"
    "                                }\n"
    "                                else\n"
    "                                {\n"
    "                                    _208 = _201 ^ 1u;\n"
    "                                }\n"
    "                                _215 = _208;\n"
    "                            }\n"
    "                            _216 = -_189;\n"
    "                            _217 = _215;\n"
    "                        }\n"
    "                        else\n"
    "                        {\n"
    "                            int _145 = int(_98 & 511u);\n"
    "                            uint _170;\n"
    "                            if (_126 == 1u)\n"
    "                            {\n"
    "                                uint _169;\n"
    "                                if (_67 < _131)\n"
    "                                {\n"
    "                                    _169 = _138;\n"
    "                                }\n"
    "                                else\n"
    "                                {\n"
    "                                    _169 = _138 ^ 1u;\n"
    "                                }\n"
    "                                _170 = _169;\n"
    "                            }\n"
    "                            else\n"
    "                            {\n"
    "                                uint _157;\n"
    "                                if ((_98 & 512u) != 0u)\n"
    "                                {\n"
    "                                    _157 = _84;\n"
    "                                }\n"
    "                                else\n"
    "                                {\n"
    "                                    _157 = _84 ^ 1u;\n"
    "                                }\n"
    "                                uint _163;\n"
    "                                if (_64 < _145)\n"
    "                                {\n"
    "                                    _163 = _157;\n"
    "                                }\n"
    "                                else\n"
    "                                {\n"
    "                                    _163 = _157 ^ 1u;\n"
    "                                }\n"
    "                                _170 = _163;\n"
    "                            }\n"
    "                            _216 = -_145;\n"
    "                            _217 = _170;\n"
    "                        }\n"
    "                        uint _227 = ((_217 * 262144u) + (uint((_67 + int(_109 & 511u)) & 511) * 512u)) + uint((_64 + _216) & 511);\n"
    "                        uint _228 = _227 >> 1u;\n"
    "                        uint _238;\n"
    "                        if ((_227 & 1u) != 0u)\n"
    "                        {\n"
    "                            _238 = tilepix._m0[_228] >> 16u;\n"
    "                        }\n"
    "                        else\n"
    "                        {\n"
    "                            _238 = tilepix._m0[_228] & 65535u;\n"
    "                        }\n"
    "                        bool _245;\n"
    "                        if ((_238 >> 15u) == _85)\n"
    "                        {\n"
    "                            _245 = (_238 & 15u) == 0u;\n"
    "                        }\n"
    "                        else\n"
    "                        {\n"
    "                            _245 = true;\n"
    "                        }\n"
    "                        if (_245)\n"
    "                        {\n"
    "                            _345 = 0u;\n"
    "                            _346 = false;\n"
    "                            break;\n"
    "                        }\n"
    "                        _345 = _238 & 4095u;\n"
    "                        _346 = true;\n"
    "                        break;\n"
    "                    }\n"
    "                    uint _252 = uint(_67);\n"
    "                    uint _257 = ((((_76 & 4u) != 0u) ? 26624u : 24576u) + (_252 * 4u)) + uint(_64 >> 7);\n"
    "                    uint _260 = 4112u + ((_257 - 16384u) >> 1u);\n"
    "                    uint _270;\n"
    "                    if ((_257 & 1u) != 0u)\n"
    "                    {\n"
    "                        _270 = tiledata._m0[_260] >> 16u;\n"
    "                    }\n"
    "                    else\n"
    "                    {\n"
    "                        _270 = tiledata._m0[_260] & 65535u;\n"
    "                    }\n"
    "                    uint _274;\n"
    "                    if (_92)\n"
    "                    {\n"
    "                        _274 = ~_270;\n"
    "                    }\n"
    "                    else\n"
    "                    {\n"
    "                        _274 = _270;\n"
    "                    }\n"
    "                    if ((_274 & (32768u >> (uint((_64 >> 3) & 15) & 31u))) != 0u)\n"
    "                    {\n"
    "                        _345 = 0u;\n"
    "                        _346 = false;\n"
    "                        break;\n"
    "                    }\n"
    "                    int _311;\n"
    "                    if ((_98 & 32768u) != 0u)\n"
    "                    {\n"
    "                        uint _294 = (16384u + (512u * _84)) + _252;\n"
    "                        uint _297 = 4112u + ((_294 - 16384u) >> 1u);\n"
    "                        uint _307;\n"
    "                        if ((_294 & 1u) != 0u)\n"
    "                        {\n"
    "                            _307 = tiledata._m0[_297] >> 16u;\n"
    "                        }\n"
    "                        else\n"
    "                        {\n"
    "                            _307 = tiledata._m0[_297] & 65535u;\n"
    "                        }\n"
    "                        _311 = int((0u - _307) & 511u);\n"
    "                    }\n"
    "                    else\n"
    "                    {\n"
    "                        _311 = int((0u - _98) & 511u);\n"
    "                    }\n"
    "                    uint _323 = ((_84 * 262144u) + (uint((int(_109 & 511u) + _67) & 511) * 512u)) + uint((_64 + _311) & 511);\n"
    "                    uint _324 = _323 >> 1u;\n"
    "                    uint _334;\n"
    "                    if ((_323 & 1u) != 0u)\n"
    "                    {\n"
    "                        _334 = tilepix._m0[_324] >> 16u;\n"
    "                    }\n"
    "                    else\n"
    "                    {\n"
    "                        _334 = tilepix._m0[_324] & 65535u;\n"
    "                    }\n"
    "                    bool _341;\n"
    "                    if ((_334 >> 15u) == _85)\n"
    "                    {\n"
    "                        _341 = (_334 & 15u) == 0u;\n"
    "                    }\n"
    "                    else\n"
    "                    {\n"
    "                        _341 = true;\n"
    "                    }\n"
    "                    if (_341)\n"
    "                    {\n"
    "                        _345 = 0u;\n"
    "                        _346 = false;\n"
    "                        break;\n"
    "                    }\n"
    "                    _345 = _334 & 4095u;\n"
    "                    _346 = true;\n"
    "                    break;\n"
    "                } while(false);\n"
    "                if (_346)\n"
    "                {\n"
    "                    uint _349 = 16u + _345;\n"
    "                    _362 = float4(float((tiledata._m0[_349] >> 16u) & 255u), float((tiledata._m0[_349] >> 8u) & 255u), float(tiledata._m0[_349] & 255u), 255.0) * float4(0.0039215688593685626983642578125);\n"
    "                    _363 = true;\n"
    "                    break;\n"
    "                }\n"
    "                _76 += 2u;\n"
    "                continue;\n"
    "            }\n"
    "            else\n"
    "            {\n"
    "                _362 = _49;\n"
    "                _363 = false;\n"
    "                break;\n"
    "            }\n"
    "        }\n"
    "        if (_363)\n"
    "        {\n"
    "            break;\n"
    "        }\n"
    "        discard_fragment();\n"
    "    } while(false);\n"
    "    out.out_var_SV_Target = _362;\n"
    "    return out;\n"
    "}\n"
    "\n"
    "";
